analysis_mode,target_mode,repeat,seed,pair_id,direction,r1_session,r2_session,r1_date,r2_date,n_trials_each,random_corr
dropout_clean_fixed31,relative_position,0,20260817,1,R1->R2,TSAL20260609_0830_forgetAndForgetFree001,TSAL20260626_0830_forgetAndForgetFree001,20260609,20260626,31,0.57031512813739
dropout_clean_fixed31,relative_position,0,20260817,1,R2->R1,TSAL20260609_0830_forgetAndForgetFree001,TSAL20260626_0830_forgetAndForgetFree001,20260609,20260626,31,0.47727594499648146
dropout_clean_fixed31,relative_position,0,20260817,2,R1->R2,TSAL20260609_0830_forgetAndForgetFree001,TSAL20260627_0830_forgetAndForgetFree001,20260609,20260627,31,0.4076340276601781
dropout_clean_fixed31,relative_position,0,20260817,2,R2->R1,TSAL20260609_0830_forgetAndForgetFree001,TSAL20260627_0830_forgetAndForgetFree001,20260609,20260627,31,0.36526545774624625
dropout_clean_fixed31,relative_position,0,20260817,3,R1->R2,TSAL20260609_0830_forgetAndForgetFree001,TSAL20260628_0830_forgetAndForgetFree001,20260609,20260628,31,0.4392008198861697
dropout_clean_fixed31,relative_position,0,20260817,3,R2->R1,TSAL20260609_0830_forgetAndForgetFree001,TSAL20260628_0830_forgetAndForgetFree001,20260609,20260628,31,0.6714864298536929
dropout_clean_fixed31,relative_position,0,20260817,4,R1->R2,TSAL20260610_0830_forgetAndForgetFree001,TSAL20260626_0830_forgetAndForgetFree001,20260610,20260626,31,0.5229476641989106
dropout_clean_fixed31,relative_position,0,20260817,4,R2->R1,TSAL20260610_0830_forgetAndForgetFree001,TSAL20260626_0830_forgetAndForgetFree001,20260610,20260626,31,0.4171151626691399
dropout_clean_fixed31,relative_position,0,20260817,5,R1->R2,TSAL20260610_0830_forgetAndForgetFree001,TSAL20260627_0830_forgetAndForgetFree001,20260610,20260627,31,0.4703573929696102
dropout_clean_fixed31,relative_position,0,20260817,5,R2->R1,TSAL20260610_0830_forgetAndForgetFree001,TSAL20260627_0830_forgetAndForgetFree001,20260610,20260627,31,0.47378889593281576
dropout_clean_fixed31,relative_position,0,20260817,6,R1->R2,TSAL20260610_0830_forgetAndForgetFree001,TSAL20260628_0830_forgetAndForgetFree001,20260610,20260628,31,0.515323379608145
dropout_clean_fixed31,relative_position,0,20260817,6,R2->R1,TSAL20260610_0830_forgetAndForgetFree001,TSAL20260628_0830_forgetAndForgetFree001,20260610,20260628,31,0.5969039898021941
dropout_clean_fixed31,relative_position,0,20260817,7,R1->R2,TSAL20260611_0830_forgetAndForgetFree001,TSAL20260626_0830_forgetAndForgetFree001,20260611,20260626,31,0.4220174220629857
dropout_clean_fixed31,relative_position,0,20260817,7,R2->R1,TSAL20260611_0830_forgetAndForgetFree001,TSAL20260626_0830_forgetAndForgetFree001,20260611,20260626,31,0.2600747124195036
dropout_clean_fixed31,relative_position,0,20260817,8,R1->R2,TSAL20260611_0830_forgetAndForgetFree001,TSAL20260627_0830_forgetAndForgetFree001,20260611,20260627,31,0.5744746561927844
dropout_clean_fixed31,relative_position,0,20260817,8,R2->R1,TSAL20260611_0830_forgetAndForgetFree001,TSAL20260627_0830_forgetAndForgetFree001,20260611,20260627,31,0.4025051773991068
dropout_clean_fixed31,relative_position,0,20260817,9,R1->R2,TSAL20260611_0830_forgetAndForgetFree001,TSAL20260628_0830_forgetAndForgetFree001,20260611,20260628,31,0.5795867751658688
dropout_clean_fixed31,relative_position,0,20260817,9,R2->R1,TSAL20260611_0830_forgetAndForgetFree001,TSAL20260628_0830_forgetAndForgetFree001,20260611,20260628,31,0.3877446075154793
dropout_clean_fixed31,relative_position,1,20260817,1,R1->R2,TSAL20260609_0830_forgetAndForgetFree001,TSAL20260626_0830_forgetAndForgetFree001,20260609,20260626,31,0.5700877278391235
dropout_clean_fixed31,relative_position,1,20260817,1,R2->R1,TSAL20260609_0830_forgetAndForgetFree001,TSAL20260626_0830_forgetAndForgetFree001,20260609,20260626,31,0.4176591993555473
dropout_clean_fixed31,relative_position,1,20260817,2,R1->R2,TSAL20260609_0830_forgetAndForgetFree001,TSAL20260627_0830_forgetAndForgetFree001,20260609,20260627,31,0.2923939927026703
dropout_clean_fixed31,relative_position,1,20260817,2,R2->R1,TSAL20260609_0830_forgetAndForgetFree001,TSAL20260627_0830_forgetAndForgetFree001,20260609,20260627,31,0.4217794317335696
dropout_clean_fixed31,relative_position,1,20260817,3,R1->R2,TSAL20260609_0830_forgetAndForgetFree001,TSAL20260628_0830_forgetAndForgetFree001,20260609,20260628,31,0.5014798165714015
dropout_clean_fixed31,relative_position,1,20260817,3,R2->R1,TSAL20260609_0830_forgetAndForgetFree001,TSAL20260628_0830_forgetAndForgetFree001,20260609,20260628,31,0.6433879165614577
dropout_clean_fixed31,relative_position,1,20260817,4,R1->R2,TSAL20260610_0830_forgetAndForgetFree001,TSAL20260626_0830_forgetAndForgetFree001,20260610,20260626,31,0.368319529264513
dropout_clean_fixed31,relative_position,1,20260817,4,R2->R1,TSAL20260610_0830_forgetAndForgetFree001,TSAL20260626_0830_forgetAndForgetFree001,20260610,20260626,31,0.34889532311677673
dropout_clean_fixed31,relative_position,1,20260817,5,R1->R2,TSAL20260610_0830_forgetAndForgetFree001,TSAL20260627_0830_forgetAndForgetFree001,20260610,20260627,31,0.5509718450076506
dropout_clean_fixed31,relative_position,1,20260817,5,R2->R1,TSAL20260610_0830_forgetAndForgetFree001,TSAL20260627_0830_forgetAndForgetFree001,20260610,20260627,31,0.5069875141866653
dropout_clean_fixed31,relative_position,1,20260817,6,R1->R2,TSAL20260610_0830_forgetAndForgetFree001,TSAL20260628_0830_forgetAndForgetFree001,20260610,20260628,31,0.37248913488474505
dropout_clean_fixed31,relative_position,1,20260817,6,R2->R1,TSAL20260610_0830_forgetAndForgetFree001,TSAL20260628_0830_forgetAndForgetFree001,20260610,20260628,31,0.6095361611805901
dropout_clean_fixed31,relative_position,1,20260817,7,R1->R2,TSAL20260611_0830_forgetAndForgetFree001,TSAL20260626_0830_forgetAndForgetFree001,20260611,20260626,31,0.5348525956443488
dropout_clean_fixed31,relative_position,1,20260817,7,R2->R1,TSAL20260611_0830_forgetAndForgetFree001,TSAL20260626_0830_forgetAndForgetFree001,20260611,20260626,31,0.4112658459944131
dropout_clean_fixed31,relative_position,1,20260817,8,R1->R2,TSAL20260611_0830_forgetAndForgetFree001,TSAL20260627_0830_forgetAndForgetFree001,20260611,20260627,31,0.4989363323731333
dropout_clean_fixed31,relative_position,1,20260817,8,R2->R1,TSAL20260611_0830_forgetAndForgetFree001,TSAL20260627_0830_forgetAndForgetFree001,20260611,20260627,31,0.49076794176984356
dropout_clean_fixed31,relative_position,1,20260817,9,R1->R2,TSAL20260611_0830_forgetAndForgetFree001,TSAL20260628_0830_forgetAndForgetFree001,20260611,20260628,31,0.5987903133558284
dropout_clean_fixed31,relative_position,1,20260817,9,R2->R1,TSAL20260611_0830_forgetAndForgetFree001,TSAL20260628_0830_forgetAndForgetFree001,20260611,20260628,31,0.6728701978823111
dropout_clean_fixed31,relative_position,2,20260817,1,R1->R2,TSAL20260609_0830_forgetAndForgetFree001,TSAL20260626_0830_forgetAndForgetFree001,20260609,20260626,31,0.49699926949292333
dropout_clean_fixed31,relative_position,2,20260817,1,R2->R1,TSAL20260609_0830_forgetAndForgetFree001,TSAL20260626_0830_forgetAndForgetFree001,20260609,20260626,31,0.5074124562701924
dropout_clean_fixed31,relative_position,2,20260817,2,R1->R2,TSAL20260609_0830_forgetAndForgetFree001,TSAL20260627_0830_forgetAndForgetFree001,20260609,20260627,31,0.32844553073272803
dropout_clean_fixed31,relative_position,2,20260817,2,R2->R1,TSAL20260609_0830_forgetAndForgetFree001,TSAL20260627_0830_forgetAndForgetFree001,20260609,20260627,31,0.37634612703531156
dropout_clean_fixed31,relative_position,2,20260817,3,R1->R2,TSAL20260609_0830_forgetAndForgetFree001,TSAL20260628_0830_forgetAndForgetFree001,20260609,20260628,31,0.6882926842381811
dropout_clean_fixed31,relative_position,2,20260817,3,R2->R1,TSAL20260609_0830_forgetAndForgetFree001,TSAL20260628_0830_forgetAndForgetFree001,20260609,20260628,31,0.5384340555243454
dropout_clean_fixed31,relative_position,2,20260817,4,R1->R2,TSAL20260610_0830_forgetAndForgetFree001,TSAL20260626_0830_forgetAndForgetFree001,20260610,20260626,31,0.38754060696241116
dropout_clean_fixed31,relative_position,2,20260817,4,R2->R1,TSAL20260610_0830_forgetAndForgetFree001,TSAL20260626_0830_forgetAndForgetFree001,20260610,20260626,31,0.4768646418720668
dropout_clean_fixed31,relative_position,2,20260817,5,R1->R2,TSAL20260610_0830_forgetAndForgetFree001,TSAL20260627_0830_forgetAndForgetFree001,20260610,20260627,31,0.5559282918751475
dropout_clean_fixed31,relative_position,2,20260817,5,R2->R1,TSAL20260610_0830_forgetAndForgetFree001,TSAL20260627_0830_forgetAndForgetFree001,20260610,20260627,31,0.5597290366094436
dropout_clean_fixed31,relative_position,2,20260817,6,R1->R2,TSAL20260610_0830_forgetAndForgetFree001,TSAL20260628_0830_forgetAndForgetFree001,20260610,20260628,31,0.5434121795225882
dropout_clean_fixed31,relative_position,2,20260817,6,R2->R1,TSAL20260610_0830_forgetAndForgetFree001,TSAL20260628_0830_forgetAndForgetFree001,20260610,20260628,31,0.6011191820872012
dropout_clean_fixed31,relative_position,2,20260817,7,R1->R2,TSAL20260611_0830_forgetAndForgetFree001,TSAL20260626_0830_forgetAndForgetFree001,20260611,20260626,31,0.5191405015687274
dropout_clean_fixed31,relative_position,2,20260817,7,R2->R1,TSAL20260611_0830_forgetAndForgetFree001,TSAL20260626_0830_forgetAndForgetFree001,20260611,20260626,31,0.42169794113606224
dropout_clean_fixed31,relative_position,2,20260817,8,R1->R2,TSAL20260611_0830_forgetAndForgetFree001,TSAL20260627_0830_forgetAndForgetFree001,20260611,20260627,31,0.48559316840047284
dropout_clean_fixed31,relative_position,2,20260817,8,R2->R1,TSAL20260611_0830_forgetAndForgetFree001,TSAL20260627_0830_forgetAndForgetFree001,20260611,20260627,31,0.662208138452097
dropout_clean_fixed31,relative_position,2,20260817,9,R1->R2,TSAL20260611_0830_forgetAndForgetFree001,TSAL20260628_0830_forgetAndForgetFree001,20260611,20260628,31,0.5067816749744702
dropout_clean_fixed31,relative_position,2,20260817,9,R2->R1,TSAL20260611_0830_forgetAndForgetFree001,TSAL20260628_0830_forgetAndForgetFree001,20260611,20260628,31,0.556005023260363
dropout_clean_fixed31,relative_position,3,20260817,1,R1->R2,TSAL20260609_0830_forgetAndForgetFree001,TSAL20260626_0830_forgetAndForgetFree001,20260609,20260626,31,0.5485128624742562
dropout_clean_fixed31,relative_position,3,20260817,1,R2->R1,TSAL20260609_0830_forgetAndForgetFree001,TSAL20260626_0830_forgetAndForgetFree001,20260609,20260626,31,0.47351943241566835
dropout_clean_fixed31,relative_position,3,20260817,2,R1->R2,TSAL20260609_0830_forgetAndForgetFree001,TSAL20260627_0830_forgetAndForgetFree001,20260609,20260627,31,0.39864099284776877
dropout_clean_fixed31,relative_position,3,20260817,2,R2->R1,TSAL20260609_0830_forgetAndForgetFree001,TSAL20260627_0830_forgetAndForgetFree001,20260609,20260627,31,0.5577249295506722
dropout_clean_fixed31,relative_position,3,20260817,3,R1->R2,TSAL20260609_0830_forgetAndForgetFree001,TSAL20260628_0830_forgetAndForgetFree001,20260609,20260628,31,0.4353792965746087
dropout_clean_fixed31,relative_position,3,20260817,3,R2->R1,TSAL20260609_0830_forgetAndForgetFree001,TSAL20260628_0830_forgetAndForgetFree001,20260609,20260628,31,0.6771212074445433
dropout_clean_fixed31,relative_position,3,20260817,4,R1->R2,TSAL20260610_0830_forgetAndForgetFree001,TSAL20260626_0830_forgetAndForgetFree001,20260610,20260626,31,0.4137943521932153
dropout_clean_fixed31,relative_position,3,20260817,4,R2->R1,TSAL20260610_0830_forgetAndForgetFree001,TSAL20260626_0830_forgetAndForgetFree001,20260610,20260626,31,0.30410200595342357
dropout_clean_fixed31,relative_position,3,20260817,5,R1->R2,TSAL20260610_0830_forgetAndForgetFree001,TSAL20260627_0830_forgetAndForgetFree001,20260610,20260627,31,0.44608195287641383
dropout_clean_fixed31,relative_position,3,20260817,5,R2->R1,TSAL20260610_0830_forgetAndForgetFree001,TSAL20260627_0830_forgetAndForgetFree001,20260610,20260627,31,0.3788025844814163
dropout_clean_fixed31,relative_position,3,20260817,6,R1->R2,TSAL20260610_0830_forgetAndForgetFree001,TSAL20260628_0830_forgetAndForgetFree001,20260610,20260628,31,0.4522271240283029
dropout_clean_fixed31,relative_position,3,20260817,6,R2->R1,TSAL20260610_0830_forgetAndForgetFree001,TSAL20260628_0830_forgetAndForgetFree001,20260610,20260628,31,0.6105558737432862
dropout_clean_fixed31,relative_position,3,20260817,7,R1->R2,TSAL20260611_0830_forgetAndForgetFree001,TSAL20260626_0830_forgetAndForgetFree001,20260611,20260626,31,0.450990553944418
dropout_clean_fixed31,relative_position,3,20260817,7,R2->R1,TSAL20260611_0830_forgetAndForgetFree001,TSAL20260626_0830_forgetAndForgetFree001,20260611,20260626,31,0.3564827323571745
dropout_clean_fixed31,relative_position,3,20260817,8,R1->R2,TSAL20260611_0830_forgetAndForgetFree001,TSAL20260627_0830_forgetAndForgetFree001,20260611,20260627,31,0.5127946773088062
dropout_clean_fixed31,relative_position,3,20260817,8,R2->R1,TSAL20260611_0830_forgetAndForgetFree001,TSAL20260627_0830_forgetAndForgetFree001,20260611,20260627,31,0.6056079998158016
dropout_clean_fixed31,relative_position,3,20260817,9,R1->R2,TSAL20260611_0830_forgetAndForgetFree001,TSAL20260628_0830_forgetAndForgetFree001,20260611,20260628,31,0.7430889736809726
dropout_clean_fixed31,relative_position,3,20260817,9,R2->R1,TSAL20260611_0830_forgetAndForgetFree001,TSAL20260628_0830_forgetAndForgetFree001,20260611,20260628,31,0.6525592735417526
dropout_clean_fixed31,relative_position,4,20260817,1,R1->R2,TSAL20260609_0830_forgetAndForgetFree001,TSAL20260626_0830_forgetAndForgetFree001,20260609,20260626,31,0.5794068324316567
dropout_clean_fixed31,relative_position,4,20260817,1,R2->R1,TSAL20260609_0830_forgetAndForgetFree001,TSAL20260626_0830_forgetAndForgetFree001,20260609,20260626,31,0.46942640955974807
dropout_clean_fixed31,relative_position,4,20260817,2,R1->R2,TSAL20260609_0830_forgetAndForgetFree001,TSAL20260627_0830_forgetAndForgetFree001,20260609,20260627,31,0.5486192971710581
dropout_clean_fixed31,relative_position,4,20260817,2,R2->R1,TSAL20260609_0830_forgetAndForgetFree001,TSAL20260627_0830_forgetAndForgetFree001,20260609,20260627,31,0.39996345693297025
dropout_clean_fixed31,relative_position,4,20260817,3,R1->R2,TSAL20260609_0830_forgetAndForgetFree001,TSAL20260628_0830_forgetAndForgetFree001,20260609,20260628,31,0.6157229003591888
dropout_clean_fixed31,relative_position,4,20260817,3,R2->R1,TSAL20260609_0830_forgetAndForgetFree001,TSAL20260628_0830_forgetAndForgetFree001,20260609,20260628,31,0.5706801076535188
dropout_clean_fixed31,relative_position,4,20260817,4,R1->R2,TSAL20260610_0830_forgetAndForgetFree001,TSAL20260626_0830_forgetAndForgetFree001,20260610,20260626,31,0.33920666768294894
dropout_clean_fixed31,relative_position,4,20260817,4,R2->R1,TSAL20260610_0830_forgetAndForgetFree001,TSAL20260626_0830_forgetAndForgetFree001,20260610,20260626,31,0.4602318276510218
dropout_clean_fixed31,relative_position,4,20260817,5,R1->R2,TSAL20260610_0830_forgetAndForgetFree001,TSAL20260627_0830_forgetAndForgetFree001,20260610,20260627,31,0.5460601032200941
dropout_clean_fixed31,relative_position,4,20260817,5,R2->R1,TSAL20260610_0830_forgetAndForgetFree001,TSAL20260627_0830_forgetAndForgetFree001,20260610,20260627,31,0.5247039397319588
dropout_clean_fixed31,relative_position,4,20260817,6,R1->R2,TSAL20260610_0830_forgetAndForgetFree001,TSAL20260628_0830_forgetAndForgetFree001,20260610,20260628,31,0.31292967947583233
dropout_clean_fixed31,relative_position,4,20260817,6,R2->R1,TSAL20260610_0830_forgetAndForgetFree001,TSAL20260628_0830_forgetAndForgetFree001,20260610,20260628,31,0.605519038986142
dropout_clean_fixed31,relative_position,4,20260817,7,R1->R2,TSAL20260611_0830_forgetAndForgetFree001,TSAL20260626_0830_forgetAndForgetFree001,20260611,20260626,31,0.30394396323967804
dropout_clean_fixed31,relative_position,4,20260817,7,R2->R1,TSAL20260611_0830_forgetAndForgetFree001,TSAL20260626_0830_forgetAndForgetFree001,20260611,20260626,31,0.31491922484077084
dropout_clean_fixed31,relative_position,4,20260817,8,R1->R2,TSAL20260611_0830_forgetAndForgetFree001,TSAL20260627_0830_forgetAndForgetFree001,20260611,20260627,31,0.5123399561384675
dropout_clean_fixed31,relative_position,4,20260817,8,R2->R1,TSAL20260611_0830_forgetAndForgetFree001,TSAL20260627_0830_forgetAndForgetFree001,20260611,20260627,31,0.4899921408474443
dropout_clean_fixed31,relative_position,4,20260817,9,R1->R2,TSAL20260611_0830_forgetAndForgetFree001,TSAL20260628_0830_forgetAndForgetFree001,20260611,20260628,31,0.5150789580501518
dropout_clean_fixed31,relative_position,4,20260817,9,R2->R1,TSAL20260611_0830_forgetAndForgetFree001,TSAL20260628_0830_forgetAndForgetFree001,20260611,20260628,31,0.6324269493181972
dropout_clean_fixed31,relative_position,5,20260817,1,R1->R2,TSAL20260609_0830_forgetAndForgetFree001,TSAL20260626_0830_forgetAndForgetFree001,20260609,20260626,31,0.46390252601651005
dropout_clean_fixed31,relative_position,5,20260817,1,R2->R1,TSAL20260609_0830_forgetAndForgetFree001,TSAL20260626_0830_forgetAndForgetFree001,20260609,20260626,31,0.6044940790886929
dropout_clean_fixed31,relative_position,5,20260817,2,R1->R2,TSAL20260609_0830_forgetAndForgetFree001,TSAL20260627_0830_forgetAndForgetFree001,20260609,20260627,31,0.43187482115746684
dropout_clean_fixed31,relative_position,5,20260817,2,R2->R1,TSAL20260609_0830_forgetAndForgetFree001,TSAL20260627_0830_forgetAndForgetFree001,20260609,20260627,31,0.5201770837002486
dropout_clean_fixed31,relative_position,5,20260817,3,R1->R2,TSAL20260609_0830_forgetAndForgetFree001,TSAL20260628_0830_forgetAndForgetFree001,20260609,20260628,31,0.3586596230810884
dropout_clean_fixed31,relative_position,5,20260817,3,R2->R1,TSAL20260609_0830_forgetAndForgetFree001,TSAL20260628_0830_forgetAndForgetFree001,20260609,20260628,31,0.5878410900836554
dropout_clean_fixed31,relative_position,5,20260817,4,R1->R2,TSAL20260610_0830_forgetAndForgetFree001,TSAL20260626_0830_forgetAndForgetFree001,20260610,20260626,31,0.4121690283842499
dropout_clean_fixed31,relative_position,5,20260817,4,R2->R1,TSAL20260610_0830_forgetAndForgetFree001,TSAL20260626_0830_forgetAndForgetFree001,20260610,20260626,31,0.3555489176174069
dropout_clean_fixed31,relative_position,5,20260817,5,R1->R2,TSAL20260610_0830_forgetAndForgetFree001,TSAL20260627_0830_forgetAndForgetFree001,20260610,20260627,31,0.43053052463760544
dropout_clean_fixed31,relative_position,5,20260817,5,R2->R1,TSAL20260610_0830_forgetAndForgetFree001,TSAL20260627_0830_forgetAndForgetFree001,20260610,20260627,31,0.3169953563356637
dropout_clean_fixed31,relative_position,5,20260817,6,R1->R2,TSAL20260610_0830_forgetAndForgetFree001,TSAL20260628_0830_forgetAndForgetFree001,20260610,20260628,31,0.4731831693369157
dropout_clean_fixed31,relative_position,5,20260817,6,R2->R1,TSAL20260610_0830_forgetAndForgetFree001,TSAL20260628_0830_forgetAndForgetFree001,20260610,20260628,31,0.6047058367448678
dropout_clean_fixed31,relative_position,5,20260817,7,R1->R2,TSAL20260611_0830_forgetAndForgetFree001,TSAL20260626_0830_forgetAndForgetFree001,20260611,20260626,31,0.410918259927019
dropout_clean_fixed31,relative_position,5,20260817,7,R2->R1,TSAL20260611_0830_forgetAndForgetFree001,TSAL20260626_0830_forgetAndForgetFree001,20260611,20260626,31,0.2787361203866924
dropout_clean_fixed31,relative_position,5,20260817,8,R1->R2,TSAL20260611_0830_forgetAndForgetFree001,TSAL20260627_0830_forgetAndForgetFree001,20260611,20260627,31,0.47817554142067786
dropout_clean_fixed31,relative_position,5,20260817,8,R2->R1,TSAL20260611_0830_forgetAndForgetFree001,TSAL20260627_0830_forgetAndForgetFree001,20260611,20260627,31,0.28809949055873935
dropout_clean_fixed31,relative_position,5,20260817,9,R1->R2,TSAL20260611_0830_forgetAndForgetFree001,TSAL20260628_0830_forgetAndForgetFree001,20260611,20260628,31,0.464785899649892
dropout_clean_fixed31,relative_position,5,20260817,9,R2->R1,TSAL20260611_0830_forgetAndForgetFree001,TSAL20260628_0830_forgetAndForgetFree001,20260611,20260628,31,0.5910751369391998
dropout_clean_fixed31,relative_position,6,20260817,1,R1->R2,TSAL20260609_0830_forgetAndForgetFree001,TSAL20260626_0830_forgetAndForgetFree001,20260609,20260626,31,0.5229868235314055
dropout_clean_fixed31,relative_position,6,20260817,1,R2->R1,TSAL20260609_0830_forgetAndForgetFree001,TSAL20260626_0830_forgetAndForgetFree001,20260609,20260626,31,0.498762680866156
dropout_clean_fixed31,relative_position,6,20260817,2,R1->R2,TSAL20260609_0830_forgetAndForgetFree001,TSAL20260627_0830_forgetAndForgetFree001,20260609,20260627,31,0.5443051029751473
dropout_clean_fixed31,relative_position,6,20260817,2,R2->R1,TSAL20260609_0830_forgetAndForgetFree001,TSAL20260627_0830_forgetAndForgetFree001,20260609,20260627,31,0.4133800169921283
dropout_clean_fixed31,relative_position,6,20260817,3,R1->R2,TSAL20260609_0830_forgetAndForgetFree001,TSAL20260628_0830_forgetAndForgetFree001,20260609,20260628,31,0.445879319971535
dropout_clean_fixed31,relative_position,6,20260817,3,R2->R1,TSAL20260609_0830_forgetAndForgetFree001,TSAL20260628_0830_forgetAndForgetFree001,20260609,20260628,31,0.581567594183127
dropout_clean_fixed31,relative_position,6,20260817,4,R1->R2,TSAL20260610_0830_forgetAndForgetFree001,TSAL20260626_0830_forgetAndForgetFree001,20260610,20260626,31,0.4365358799684565
dropout_clean_fixed31,relative_position,6,20260817,4,R2->R1,TSAL20260610_0830_forgetAndForgetFree001,TSAL20260626_0830_forgetAndForgetFree001,20260610,20260626,31,0.3710531517215581
dropout_clean_fixed31,relative_position,6,20260817,5,R1->R2,TSAL20260610_0830_forgetAndForgetFree001,TSAL20260627_0830_forgetAndForgetFree001,20260610,20260627,31,0.5246140714102194
dropout_clean_fixed31,relative_position,6,20260817,5,R2->R1,TSAL20260610_0830_forgetAndForgetFree001,TSAL20260627_0830_forgetAndForgetFree001,20260610,20260627,31,0.5572299262327619
dropout_clean_fixed31,relative_position,6,20260817,6,R1->R2,TSAL20260610_0830_forgetAndForgetFree001,TSAL20260628_0830_forgetAndForgetFree001,20260610,20260628,31,0.3229619399660092
dropout_clean_fixed31,relative_position,6,20260817,6,R2->R1,TSAL20260610_0830_forgetAndForgetFree001,TSAL20260628_0830_forgetAndForgetFree001,20260610,20260628,31,0.46134987375458214
dropout_clean_fixed31,relative_position,6,20260817,7,R1->R2,TSAL20260611_0830_forgetAndForgetFree001,TSAL20260626_0830_forgetAndForgetFree001,20260611,20260626,31,0.45753712997355445
dropout_clean_fixed31,relative_position,6,20260817,7,R2->R1,TSAL20260611_0830_forgetAndForgetFree001,TSAL20260626_0830_forgetAndForgetFree001,20260611,20260626,31,0.17283755939731055
dropout_clean_fixed31,relative_position,6,20260817,8,R1->R2,TSAL20260611_0830_forgetAndForgetFree001,TSAL20260627_0830_forgetAndForgetFree001,20260611,20260627,31,0.4881169589959356
dropout_clean_fixed31,relative_position,6,20260817,8,R2->R1,TSAL20260611_0830_forgetAndForgetFree001,TSAL20260627_0830_forgetAndForgetFree001,20260611,20260627,31,0.5146210171316967
dropout_clean_fixed31,relative_position,6,20260817,9,R1->R2,TSAL20260611_0830_forgetAndForgetFree001,TSAL20260628_0830_forgetAndForgetFree001,20260611,20260628,31,0.6073997798473104
dropout_clean_fixed31,relative_position,6,20260817,9,R2->R1,TSAL20260611_0830_forgetAndForgetFree001,TSAL20260628_0830_forgetAndForgetFree001,20260611,20260628,31,0.45590860153394014
dropout_clean_fixed31,relative_position,7,20260817,1,R1->R2,TSAL20260609_0830_forgetAndForgetFree001,TSAL20260626_0830_forgetAndForgetFree001,20260609,20260626,31,0.5253643455574604
dropout_clean_fixed31,relative_position,7,20260817,1,R2->R1,TSAL20260609_0830_forgetAndForgetFree001,TSAL20260626_0830_forgetAndForgetFree001,20260609,20260626,31,0.3470342407896839
dropout_clean_fixed31,relative_position,7,20260817,2,R1->R2,TSAL20260609_0830_forgetAndForgetFree001,TSAL20260627_0830_forgetAndForgetFree001,20260609,20260627,31,0.5114988513577644
dropout_clean_fixed31,relative_position,7,20260817,2,R2->R1,TSAL20260609_0830_forgetAndForgetFree001,TSAL20260627_0830_forgetAndForgetFree001,20260609,20260627,31,0.2440022530793593
dropout_clean_fixed31,relative_position,7,20260817,3,R1->R2,TSAL20260609_0830_forgetAndForgetFree001,TSAL20260628_0830_forgetAndForgetFree001,20260609,20260628,31,0.39689660229685975
dropout_clean_fixed31,relative_position,7,20260817,3,R2->R1,TSAL20260609_0830_forgetAndForgetFree001,TSAL20260628_0830_forgetAndForgetFree001,20260609,20260628,31,0.6188087265979982
dropout_clean_fixed31,relative_position,7,20260817,4,R1->R2,TSAL20260610_0830_forgetAndForgetFree001,TSAL20260626_0830_forgetAndForgetFree001,20260610,20260626,31,0.4451007732794372
dropout_clean_fixed31,relative_position,7,20260817,4,R2->R1,TSAL20260610_0830_forgetAndForgetFree001,TSAL20260626_0830_forgetAndForgetFree001,20260610,20260626,31,0.34046039556528795
dropout_clean_fixed31,relative_position,7,20260817,5,R1->R2,TSAL20260610_0830_forgetAndForgetFree001,TSAL20260627_0830_forgetAndForgetFree001,20260610,20260627,31,0.4697790269534756
dropout_clean_fixed31,relative_position,7,20260817,5,R2->R1,TSAL20260610_0830_forgetAndForgetFree001,TSAL20260627_0830_forgetAndForgetFree001,20260610,20260627,31,0.4491870471643768
dropout_clean_fixed31,relative_position,7,20260817,6,R1->R2,TSAL20260610_0830_forgetAndForgetFree001,TSAL20260628_0830_forgetAndForgetFree001,20260610,20260628,31,0.3994676839696235
dropout_clean_fixed31,relative_position,7,20260817,6,R2->R1,TSAL20260610_0830_forgetAndForgetFree001,TSAL20260628_0830_forgetAndForgetFree001,20260610,20260628,31,0.624240124867415
dropout_clean_fixed31,relative_position,7,20260817,7,R1->R2,TSAL20260611_0830_forgetAndForgetFree001,TSAL20260626_0830_forgetAndForgetFree001,20260611,20260626,31,0.5022555422477877
dropout_clean_fixed31,relative_position,7,20260817,7,R2->R1,TSAL20260611_0830_forgetAndForgetFree001,TSAL20260626_0830_forgetAndForgetFree001,20260611,20260626,31,0.5093203970160768
dropout_clean_fixed31,relative_position,7,20260817,8,R1->R2,TSAL20260611_0830_forgetAndForgetFree001,TSAL20260627_0830_forgetAndForgetFree001,20260611,20260627,31,0.5118781864574299
dropout_clean_fixed31,relative_position,7,20260817,8,R2->R1,TSAL20260611_0830_forgetAndForgetFree001,TSAL20260627_0830_forgetAndForgetFree001,20260611,20260627,31,0.16924847633888937
dropout_clean_fixed31,relative_position,7,20260817,9,R1->R2,TSAL20260611_0830_forgetAndForgetFree001,TSAL20260628_0830_forgetAndForgetFree001,20260611,20260628,31,0.6181653890424994
dropout_clean_fixed31,relative_position,7,20260817,9,R2->R1,TSAL20260611_0830_forgetAndForgetFree001,TSAL20260628_0830_forgetAndForgetFree001,20260611,20260628,31,0.6232638566383645
dropout_clean_fixed31,relative_position,8,20260817,1,R1->R2,TSAL20260609_0830_forgetAndForgetFree001,TSAL20260626_0830_forgetAndForgetFree001,20260609,20260626,31,0.46689207640662883
dropout_clean_fixed31,relative_position,8,20260817,1,R2->R1,TSAL20260609_0830_forgetAndForgetFree001,TSAL20260626_0830_forgetAndForgetFree001,20260609,20260626,31,0.37897759874733256
dropout_clean_fixed31,relative_position,8,20260817,2,R1->R2,TSAL20260609_0830_forgetAndForgetFree001,TSAL20260627_0830_forgetAndForgetFree001,20260609,20260627,31,0.4136904790963708
dropout_clean_fixed31,relative_position,8,20260817,2,R2->R1,TSAL20260609_0830_forgetAndForgetFree001,TSAL20260627_0830_forgetAndForgetFree001,20260609,20260627,31,0.4783149398362696
dropout_clean_fixed31,relative_position,8,20260817,3,R1->R2,TSAL20260609_0830_forgetAndForgetFree001,TSAL20260628_0830_forgetAndForgetFree001,20260609,20260628,31,0.4698813504145806
dropout_clean_fixed31,relative_position,8,20260817,3,R2->R1,TSAL20260609_0830_forgetAndForgetFree001,TSAL20260628_0830_forgetAndForgetFree001,20260609,20260628,31,0.6694232789831791
dropout_clean_fixed31,relative_position,8,20260817,4,R1->R2,TSAL20260610_0830_forgetAndForgetFree001,TSAL20260626_0830_forgetAndForgetFree001,20260610,20260626,31,0.43586837247174354
dropout_clean_fixed31,relative_position,8,20260817,4,R2->R1,TSAL20260610_0830_forgetAndForgetFree001,TSAL20260626_0830_forgetAndForgetFree001,20260610,20260626,31,0.3978095315510122
dropout_clean_fixed31,relative_position,8,20260817,5,R1->R2,TSAL20260610_0830_forgetAndForgetFree001,TSAL20260627_0830_forgetAndForgetFree001,20260610,20260627,31,0.42748456125694784
dropout_clean_fixed31,relative_position,8,20260817,5,R2->R1,TSAL20260610_0830_forgetAndForgetFree001,TSAL20260627_0830_forgetAndForgetFree001,20260610,20260627,31,0.4510297485854141
dropout_clean_fixed31,relative_position,8,20260817,6,R1->R2,TSAL20260610_0830_forgetAndForgetFree001,TSAL20260628_0830_forgetAndForgetFree001,20260610,20260628,31,0.30678100406945874
dropout_clean_fixed31,relative_position,8,20260817,6,R2->R1,TSAL20260610_0830_forgetAndForgetFree001,TSAL20260628_0830_forgetAndForgetFree001,20260610,20260628,31,0.5728316423870637
dropout_clean_fixed31,relative_position,8,20260817,7,R1->R2,TSAL20260611_0830_forgetAndForgetFree001,TSAL20260626_0830_forgetAndForgetFree001,20260611,20260626,31,0.4842248410703366
dropout_clean_fixed31,relative_position,8,20260817,7,R2->R1,TSAL20260611_0830_forgetAndForgetFree001,TSAL20260626_0830_forgetAndForgetFree001,20260611,20260626,31,0.4211565287547278
dropout_clean_fixed31,relative_position,8,20260817,8,R1->R2,TSAL20260611_0830_forgetAndForgetFree001,TSAL20260627_0830_forgetAndForgetFree001,20260611,20260627,31,0.5415773898268774
dropout_clean_fixed31,relative_position,8,20260817,8,R2->R1,TSAL20260611_0830_forgetAndForgetFree001,TSAL20260627_0830_forgetAndForgetFree001,20260611,20260627,31,0.45897663566649877
dropout_clean_fixed31,relative_position,8,20260817,9,R1->R2,TSAL20260611_0830_forgetAndForgetFree001,TSAL20260628_0830_forgetAndForgetFree001,20260611,20260628,31,0.6839149978217701
dropout_clean_fixed31,relative_position,8,20260817,9,R2->R1,TSAL20260611_0830_forgetAndForgetFree001,TSAL20260628_0830_forgetAndForgetFree001,20260611,20260628,31,0.6756453936974571
dropout_clean_fixed31,relative_position,9,20260817,1,R1->R2,TSAL20260609_0830_forgetAndForgetFree001,TSAL20260626_0830_forgetAndForgetFree001,20260609,20260626,31,0.32054720791073454
dropout_clean_fixed31,relative_position,9,20260817,1,R2->R1,TSAL20260609_0830_forgetAndForgetFree001,TSAL20260626_0830_forgetAndForgetFree001,20260609,20260626,31,0.521706252023833
dropout_clean_fixed31,relative_position,9,20260817,2,R1->R2,TSAL20260609_0830_forgetAndForgetFree001,TSAL20260627_0830_forgetAndForgetFree001,20260609,20260627,31,0.3842729414519089
dropout_clean_fixed31,relative_position,9,20260817,2,R2->R1,TSAL20260609_0830_forgetAndForgetFree001,TSAL20260627_0830_forgetAndForgetFree001,20260609,20260627,31,0.575345082006316
dropout_clean_fixed31,relative_position,9,20260817,3,R1->R2,TSAL20260609_0830_forgetAndForgetFree001,TSAL20260628_0830_forgetAndForgetFree001,20260609,20260628,31,0.5900439151738335
dropout_clean_fixed31,relative_position,9,20260817,3,R2->R1,TSAL20260609_0830_forgetAndForgetFree001,TSAL20260628_0830_forgetAndForgetFree001,20260609,20260628,31,0.7089576738308949
dropout_clean_fixed31,relative_position,9,20260817,4,R1->R2,TSAL20260610_0830_forgetAndForgetFree001,TSAL20260626_0830_forgetAndForgetFree001,20260610,20260626,31,0.5760417906542052
dropout_clean_fixed31,relative_position,9,20260817,4,R2->R1,TSAL20260610_0830_forgetAndForgetFree001,TSAL20260626_0830_forgetAndForgetFree001,20260610,20260626,31,0.3962470426489769
dropout_clean_fixed31,relative_position,9,20260817,5,R1->R2,TSAL20260610_0830_forgetAndForgetFree001,TSAL20260627_0830_forgetAndForgetFree001,20260610,20260627,31,0.5360766902478233
dropout_clean_fixed31,relative_position,9,20260817,5,R2->R1,TSAL20260610_0830_forgetAndForgetFree001,TSAL20260627_0830_forgetAndForgetFree001,20260610,20260627,31,0.4529750709541247
dropout_clean_fixed31,relative_position,9,20260817,6,R1->R2,TSAL20260610_0830_forgetAndForgetFree001,TSAL20260628_0830_forgetAndForgetFree001,20260610,20260628,31,0.48174374293156585
dropout_clean_fixed31,relative_position,9,20260817,6,R2->R1,TSAL20260610_0830_forgetAndForgetFree001,TSAL20260628_0830_forgetAndForgetFree001,20260610,20260628,31,0.4624486974149077
dropout_clean_fixed31,relative_position,9,20260817,7,R1->R2,TSAL20260611_0830_forgetAndForgetFree001,TSAL20260626_0830_forgetAndForgetFree001,20260611,20260626,31,0.4169969474410865
dropout_clean_fixed31,relative_position,9,20260817,7,R2->R1,TSAL20260611_0830_forgetAndForgetFree001,TSAL20260626_0830_forgetAndForgetFree001,20260611,20260626,31,0.39979792345290704
dropout_clean_fixed31,relative_position,9,20260817,8,R1->R2,TSAL20260611_0830_forgetAndForgetFree001,TSAL20260627_0830_forgetAndForgetFree001,20260611,20260627,31,0.505161220296537
dropout_clean_fixed31,relative_position,9,20260817,8,R2->R1,TSAL20260611_0830_forgetAndForgetFree001,TSAL20260627_0830_forgetAndForgetFree001,20260611,20260627,31,0.5718010463724731
dropout_clean_fixed31,relative_position,9,20260817,9,R1->R2,TSAL20260611_0830_forgetAndForgetFree001,TSAL20260628_0830_forgetAndForgetFree001,20260611,20260628,31,0.5994036322617085
dropout_clean_fixed31,relative_position,9,20260817,9,R2->R1,TSAL20260611_0830_forgetAndForgetFree001,TSAL20260628_0830_forgetAndForgetFree001,20260611,20260628,31,0.5751205046257801
dropout_clean_fixed31,relative_position,10,20260817,1,R1->R2,TSAL20260609_0830_forgetAndForgetFree001,TSAL20260626_0830_forgetAndForgetFree001,20260609,20260626,31,0.4462011095506304
dropout_clean_fixed31,relative_position,10,20260817,1,R2->R1,TSAL20260609_0830_forgetAndForgetFree001,TSAL20260626_0830_forgetAndForgetFree001,20260609,20260626,31,0.45231583063074265
dropout_clean_fixed31,relative_position,10,20260817,2,R1->R2,TSAL20260609_0830_forgetAndForgetFree001,TSAL20260627_0830_forgetAndForgetFree001,20260609,20260627,31,0.3870347083744312
dropout_clean_fixed31,relative_position,10,20260817,2,R2->R1,TSAL20260609_0830_forgetAndForgetFree001,TSAL20260627_0830_forgetAndForgetFree001,20260609,20260627,31,0.4868758334232832
dropout_clean_fixed31,relative_position,10,20260817,3,R1->R2,TSAL20260609_0830_forgetAndForgetFree001,TSAL20260628_0830_forgetAndForgetFree001,20260609,20260628,31,0.5389527986807087
dropout_clean_fixed31,relative_position,10,20260817,3,R2->R1,TSAL20260609_0830_forgetAndForgetFree001,TSAL20260628_0830_forgetAndForgetFree001,20260609,20260628,31,0.5590133793548206
dropout_clean_fixed31,relative_position,10,20260817,4,R1->R2,TSAL20260610_0830_forgetAndForgetFree001,TSAL20260626_0830_forgetAndForgetFree001,20260610,20260626,31,0.3826669051453524
dropout_clean_fixed31,relative_position,10,20260817,4,R2->R1,TSAL20260610_0830_forgetAndForgetFree001,TSAL20260626_0830_forgetAndForgetFree001,20260610,20260626,31,0.39304717164889247
dropout_clean_fixed31,relative_position,10,20260817,5,R1->R2,TSAL20260610_0830_forgetAndForgetFree001,TSAL20260627_0830_forgetAndForgetFree001,20260610,20260627,31,0.4158810407863137
dropout_clean_fixed31,relative_position,10,20260817,5,R2->R1,TSAL20260610_0830_forgetAndForgetFree001,TSAL20260627_0830_forgetAndForgetFree001,20260610,20260627,31,0.4735965458794471
dropout_clean_fixed31,relative_position,10,20260817,6,R1->R2,TSAL20260610_0830_forgetAndForgetFree001,TSAL20260628_0830_forgetAndForgetFree001,20260610,20260628,31,0.4260697744607054
dropout_clean_fixed31,relative_position,10,20260817,6,R2->R1,TSAL20260610_0830_forgetAndForgetFree001,TSAL20260628_0830_forgetAndForgetFree001,20260610,20260628,31,0.6466771074233286
dropout_clean_fixed31,relative_position,10,20260817,7,R1->R2,TSAL20260611_0830_forgetAndForgetFree001,TSAL20260626_0830_forgetAndForgetFree001,20260611,20260626,31,0.4892321053153791
dropout_clean_fixed31,relative_position,10,20260817,7,R2->R1,TSAL20260611_0830_forgetAndForgetFree001,TSAL20260626_0830_forgetAndForgetFree001,20260611,20260626,31,0.4426309840488137
dropout_clean_fixed31,relative_position,10,20260817,8,R1->R2,TSAL20260611_0830_forgetAndForgetFree001,TSAL20260627_0830_forgetAndForgetFree001,20260611,20260627,31,0.5444880078476378
dropout_clean_fixed31,relative_position,10,20260817,8,R2->R1,TSAL20260611_0830_forgetAndForgetFree001,TSAL20260627_0830_forgetAndForgetFree001,20260611,20260627,31,0.5690270352113431
dropout_clean_fixed31,relative_position,10,20260817,9,R1->R2,TSAL20260611_0830_forgetAndForgetFree001,TSAL20260628_0830_forgetAndForgetFree001,20260611,20260628,31,0.4548533795084007
dropout_clean_fixed31,relative_position,10,20260817,9,R2->R1,TSAL20260611_0830_forgetAndForgetFree001,TSAL20260628_0830_forgetAndForgetFree001,20260611,20260628,31,0.717255738954596
dropout_clean_fixed31,relative_position,11,20260817,1,R1->R2,TSAL20260609_0830_forgetAndForgetFree001,TSAL20260626_0830_forgetAndForgetFree001,20260609,20260626,31,0.5053346978509402
dropout_clean_fixed31,relative_position,11,20260817,1,R2->R1,TSAL20260609_0830_forgetAndForgetFree001,TSAL20260626_0830_forgetAndForgetFree001,20260609,20260626,31,0.40423913312826193
dropout_clean_fixed31,relative_position,11,20260817,2,R1->R2,TSAL20260609_0830_forgetAndForgetFree001,TSAL20260627_0830_forgetAndForgetFree001,20260609,20260627,31,0.3935576525313985
dropout_clean_fixed31,relative_position,11,20260817,2,R2->R1,TSAL20260609_0830_forgetAndForgetFree001,TSAL20260627_0830_forgetAndForgetFree001,20260609,20260627,31,0.5543169196903821
dropout_clean_fixed31,relative_position,11,20260817,3,R1->R2,TSAL20260609_0830_forgetAndForgetFree001,TSAL20260628_0830_forgetAndForgetFree001,20260609,20260628,31,0.41004702701241924
dropout_clean_fixed31,relative_position,11,20260817,3,R2->R1,TSAL20260609_0830_forgetAndForgetFree001,TSAL20260628_0830_forgetAndForgetFree001,20260609,20260628,31,0.46937760884851254
dropout_clean_fixed31,relative_position,11,20260817,4,R1->R2,TSAL20260610_0830_forgetAndForgetFree001,TSAL20260626_0830_forgetAndForgetFree001,20260610,20260626,31,0.4623314411136362
dropout_clean_fixed31,relative_position,11,20260817,4,R2->R1,TSAL20260610_0830_forgetAndForgetFree001,TSAL20260626_0830_forgetAndForgetFree001,20260610,20260626,31,0.4217759947039552
dropout_clean_fixed31,relative_position,11,20260817,5,R1->R2,TSAL20260610_0830_forgetAndForgetFree001,TSAL20260627_0830_forgetAndForgetFree001,20260610,20260627,31,0.5146142892018304
dropout_clean_fixed31,relative_position,11,20260817,5,R2->R1,TSAL20260610_0830_forgetAndForgetFree001,TSAL20260627_0830_forgetAndForgetFree001,20260610,20260627,31,0.4698392970330982
dropout_clean_fixed31,relative_position,11,20260817,6,R1->R2,TSAL20260610_0830_forgetAndForgetFree001,TSAL20260628_0830_forgetAndForgetFree001,20260610,20260628,31,0.472131814992914
dropout_clean_fixed31,relative_position,11,20260817,6,R2->R1,TSAL20260610_0830_forgetAndForgetFree001,TSAL20260628_0830_forgetAndForgetFree001,20260610,20260628,31,0.5277418713555793
dropout_clean_fixed31,relative_position,11,20260817,7,R1->R2,TSAL20260611_0830_forgetAndForgetFree001,TSAL20260626_0830_forgetAndForgetFree001,20260611,20260626,31,0.3909033360171604
dropout_clean_fixed31,relative_position,11,20260817,7,R2->R1,TSAL20260611_0830_forgetAndForgetFree001,TSAL20260626_0830_forgetAndForgetFree001,20260611,20260626,31,0.39996531045703204
dropout_clean_fixed31,relative_position,11,20260817,8,R1->R2,TSAL20260611_0830_forgetAndForgetFree001,TSAL20260627_0830_forgetAndForgetFree001,20260611,20260627,31,0.5458299153194808
dropout_clean_fixed31,relative_position,11,20260817,8,R2->R1,TSAL20260611_0830_forgetAndForgetFree001,TSAL20260627_0830_forgetAndForgetFree001,20260611,20260627,31,0.2711619993304076
dropout_clean_fixed31,relative_position,11,20260817,9,R1->R2,TSAL20260611_0830_forgetAndForgetFree001,TSAL20260628_0830_forgetAndForgetFree001,20260611,20260628,31,0.6060901740525123
dropout_clean_fixed31,relative_position,11,20260817,9,R2->R1,TSAL20260611_0830_forgetAndForgetFree001,TSAL20260628_0830_forgetAndForgetFree001,20260611,20260628,31,0.5458018385913805
dropout_clean_fixed31,relative_position,12,20260817,1,R1->R2,TSAL20260609_0830_forgetAndForgetFree001,TSAL20260626_0830_forgetAndForgetFree001,20260609,20260626,31,0.389559255620399
dropout_clean_fixed31,relative_position,12,20260817,1,R2->R1,TSAL20260609_0830_forgetAndForgetFree001,TSAL20260626_0830_forgetAndForgetFree001,20260609,20260626,31,0.5870417536170661
dropout_clean_fixed31,relative_position,12,20260817,2,R1->R2,TSAL20260609_0830_forgetAndForgetFree001,TSAL20260627_0830_forgetAndForgetFree001,20260609,20260627,31,0.418783229318385
dropout_clean_fixed31,relative_position,12,20260817,2,R2->R1,TSAL20260609_0830_forgetAndForgetFree001,TSAL20260627_0830_forgetAndForgetFree001,20260609,20260627,31,0.3401025203046136
dropout_clean_fixed31,relative_position,12,20260817,3,R1->R2,TSAL20260609_0830_forgetAndForgetFree001,TSAL20260628_0830_forgetAndForgetFree001,20260609,20260628,31,0.571985314121817
dropout_clean_fixed31,relative_position,12,20260817,3,R2->R1,TSAL20260609_0830_forgetAndForgetFree001,TSAL20260628_0830_forgetAndForgetFree001,20260609,20260628,31,0.594761805710718
dropout_clean_fixed31,relative_position,12,20260817,4,R1->R2,TSAL20260610_0830_forgetAndForgetFree001,TSAL20260626_0830_forgetAndForgetFree001,20260610,20260626,31,0.4414234299741447
dropout_clean_fixed31,relative_position,12,20260817,4,R2->R1,TSAL20260610_0830_forgetAndForgetFree001,TSAL20260626_0830_forgetAndForgetFree001,20260610,20260626,31,0.3094882138466072
dropout_clean_fixed31,relative_position,12,20260817,5,R1->R2,TSAL20260610_0830_forgetAndForgetFree001,TSAL20260627_0830_forgetAndForgetFree001,20260610,20260627,31,0.3372825087281647
dropout_clean_fixed31,relative_position,12,20260817,5,R2->R1,TSAL20260610_0830_forgetAndForgetFree001,TSAL20260627_0830_forgetAndForgetFree001,20260610,20260627,31,0.5501713704194766
dropout_clean_fixed31,relative_position,12,20260817,6,R1->R2,TSAL20260610_0830_forgetAndForgetFree001,TSAL20260628_0830_forgetAndForgetFree001,20260610,20260628,31,0.3641767010234387
dropout_clean_fixed31,relative_position,12,20260817,6,R2->R1,TSAL20260610_0830_forgetAndForgetFree001,TSAL20260628_0830_forgetAndForgetFree001,20260610,20260628,31,0.553429196364705
dropout_clean_fixed31,relative_position,12,20260817,7,R1->R2,TSAL20260611_0830_forgetAndForgetFree001,TSAL20260626_0830_forgetAndForgetFree001,20260611,20260626,31,0.48991733089248163
dropout_clean_fixed31,relative_position,12,20260817,7,R2->R1,TSAL20260611_0830_forgetAndForgetFree001,TSAL20260626_0830_forgetAndForgetFree001,20260611,20260626,31,0.3487976245994184
dropout_clean_fixed31,relative_position,12,20260817,8,R1->R2,TSAL20260611_0830_forgetAndForgetFree001,TSAL20260627_0830_forgetAndForgetFree001,20260611,20260627,31,0.3778749683589129
dropout_clean_fixed31,relative_position,12,20260817,8,R2->R1,TSAL20260611_0830_forgetAndForgetFree001,TSAL20260627_0830_forgetAndForgetFree001,20260611,20260627,31,0.6073691410343627
dropout_clean_fixed31,relative_position,12,20260817,9,R1->R2,TSAL20260611_0830_forgetAndForgetFree001,TSAL20260628_0830_forgetAndForgetFree001,20260611,20260628,31,0.3327346534789616
dropout_clean_fixed31,relative_position,12,20260817,9,R2->R1,TSAL20260611_0830_forgetAndForgetFree001,TSAL20260628_0830_forgetAndForgetFree001,20260611,20260628,31,0.525714021621544
dropout_clean_fixed31,relative_position,13,20260817,1,R1->R2,TSAL20260609_0830_forgetAndForgetFree001,TSAL20260626_0830_forgetAndForgetFree001,20260609,20260626,31,0.5974372073003467
dropout_clean_fixed31,relative_position,13,20260817,1,R2->R1,TSAL20260609_0830_forgetAndForgetFree001,TSAL20260626_0830_forgetAndForgetFree001,20260609,20260626,31,0.5453937791544397
dropout_clean_fixed31,relative_position,13,20260817,2,R1->R2,TSAL20260609_0830_forgetAndForgetFree001,TSAL20260627_0830_forgetAndForgetFree001,20260609,20260627,31,0.4370892603778444
dropout_clean_fixed31,relative_position,13,20260817,2,R2->R1,TSAL20260609_0830_forgetAndForgetFree001,TSAL20260627_0830_forgetAndForgetFree001,20260609,20260627,31,0.6220718575258387
dropout_clean_fixed31,relative_position,13,20260817,3,R1->R2,TSAL20260609_0830_forgetAndForgetFree001,TSAL20260628_0830_forgetAndForgetFree001,20260609,20260628,31,0.5720640438645868
dropout_clean_fixed31,relative_position,13,20260817,3,R2->R1,TSAL20260609_0830_forgetAndForgetFree001,TSAL20260628_0830_forgetAndForgetFree001,20260609,20260628,31,0.6163855291774009
dropout_clean_fixed31,relative_position,13,20260817,4,R1->R2,TSAL20260610_0830_forgetAndForgetFree001,TSAL20260626_0830_forgetAndForgetFree001,20260610,20260626,31,0.46236495296179453
dropout_clean_fixed31,relative_position,13,20260817,4,R2->R1,TSAL20260610_0830_forgetAndForgetFree001,TSAL20260626_0830_forgetAndForgetFree001,20260610,20260626,31,0.3381636841390102
dropout_clean_fixed31,relative_position,13,20260817,5,R1->R2,TSAL20260610_0830_forgetAndForgetFree001,TSAL20260627_0830_forgetAndForgetFree001,20260610,20260627,31,0.48819543817520183
dropout_clean_fixed31,relative_position,13,20260817,5,R2->R1,TSAL20260610_0830_forgetAndForgetFree001,TSAL20260627_0830_forgetAndForgetFree001,20260610,20260627,31,0.4766387607373156
dropout_clean_fixed31,relative_position,13,20260817,6,R1->R2,TSAL20260610_0830_forgetAndForgetFree001,TSAL20260628_0830_forgetAndForgetFree001,20260610,20260628,31,0.43701929583402627
dropout_clean_fixed31,relative_position,13,20260817,6,R2->R1,TSAL20260610_0830_forgetAndForgetFree001,TSAL20260628_0830_forgetAndForgetFree001,20260610,20260628,31,0.6789446437638068
dropout_clean_fixed31,relative_position,13,20260817,7,R1->R2,TSAL20260611_0830_forgetAndForgetFree001,TSAL20260626_0830_forgetAndForgetFree001,20260611,20260626,31,0.4757206942277999
dropout_clean_fixed31,relative_position,13,20260817,7,R2->R1,TSAL20260611_0830_forgetAndForgetFree001,TSAL20260626_0830_forgetAndForgetFree001,20260611,20260626,31,0.36052285981237553
dropout_clean_fixed31,relative_position,13,20260817,8,R1->R2,TSAL20260611_0830_forgetAndForgetFree001,TSAL20260627_0830_forgetAndForgetFree001,20260611,20260627,31,0.4013228700458386
dropout_clean_fixed31,relative_position,13,20260817,8,R2->R1,TSAL20260611_0830_forgetAndForgetFree001,TSAL20260627_0830_forgetAndForgetFree001,20260611,20260627,31,0.49247705087682847
dropout_clean_fixed31,relative_position,13,20260817,9,R1->R2,TSAL20260611_0830_forgetAndForgetFree001,TSAL20260628_0830_forgetAndForgetFree001,20260611,20260628,31,0.5249533720965469
dropout_clean_fixed31,relative_position,13,20260817,9,R2->R1,TSAL20260611_0830_forgetAndForgetFree001,TSAL20260628_0830_forgetAndForgetFree001,20260611,20260628,31,0.5401118821212795
dropout_clean_fixed31,relative_position,14,20260817,1,R1->R2,TSAL20260609_0830_forgetAndForgetFree001,TSAL20260626_0830_forgetAndForgetFree001,20260609,20260626,31,0.361945920883903
dropout_clean_fixed31,relative_position,14,20260817,1,R2->R1,TSAL20260609_0830_forgetAndForgetFree001,TSAL20260626_0830_forgetAndForgetFree001,20260609,20260626,31,0.33894117414537006
dropout_clean_fixed31,relative_position,14,20260817,2,R1->R2,TSAL20260609_0830_forgetAndForgetFree001,TSAL20260627_0830_forgetAndForgetFree001,20260609,20260627,31,0.47670943523607034
dropout_clean_fixed31,relative_position,14,20260817,2,R2->R1,TSAL20260609_0830_forgetAndForgetFree001,TSAL20260627_0830_forgetAndForgetFree001,20260609,20260627,31,0.2384767371409525
dropout_clean_fixed31,relative_position,14,20260817,3,R1->R2,TSAL20260609_0830_forgetAndForgetFree001,TSAL20260628_0830_forgetAndForgetFree001,20260609,20260628,31,0.5611412814648705
dropout_clean_fixed31,relative_position,14,20260817,3,R2->R1,TSAL20260609_0830_forgetAndForgetFree001,TSAL20260628_0830_forgetAndForgetFree001,20260609,20260628,31,0.6532915411156482
dropout_clean_fixed31,relative_position,14,20260817,4,R1->R2,TSAL20260610_0830_forgetAndForgetFree001,TSAL20260626_0830_forgetAndForgetFree001,20260610,20260626,31,0.5430106682244965
dropout_clean_fixed31,relative_position,14,20260817,4,R2->R1,TSAL20260610_0830_forgetAndForgetFree001,TSAL20260626_0830_forgetAndForgetFree001,20260610,20260626,31,0.4671753986680386
dropout_clean_fixed31,relative_position,14,20260817,5,R1->R2,TSAL20260610_0830_forgetAndForgetFree001,TSAL20260627_0830_forgetAndForgetFree001,20260610,20260627,31,0.491827297459295
dropout_clean_fixed31,relative_position,14,20260817,5,R2->R1,TSAL20260610_0830_forgetAndForgetFree001,TSAL20260627_0830_forgetAndForgetFree001,20260610,20260627,31,0.5837915513629822
dropout_clean_fixed31,relative_position,14,20260817,6,R1->R2,TSAL20260610_0830_forgetAndForgetFree001,TSAL20260628_0830_forgetAndForgetFree001,20260610,20260628,31,0.46228689678501195
dropout_clean_fixed31,relative_position,14,20260817,6,R2->R1,TSAL20260610_0830_forgetAndForgetFree001,TSAL20260628_0830_forgetAndForgetFree001,20260610,20260628,31,0.5719481723934048
dropout_clean_fixed31,relative_position,14,20260817,7,R1->R2,TSAL20260611_0830_forgetAndForgetFree001,TSAL20260626_0830_forgetAndForgetFree001,20260611,20260626,31,0.4279353943888735
dropout_clean_fixed31,relative_position,14,20260817,7,R2->R1,TSAL20260611_0830_forgetAndForgetFree001,TSAL20260626_0830_forgetAndForgetFree001,20260611,20260626,31,0.4371128261916518
dropout_clean_fixed31,relative_position,14,20260817,8,R1->R2,TSAL20260611_0830_forgetAndForgetFree001,TSAL20260627_0830_forgetAndForgetFree001,20260611,20260627,31,0.3432606419961452
dropout_clean_fixed31,relative_position,14,20260817,8,R2->R1,TSAL20260611_0830_forgetAndForgetFree001,TSAL20260627_0830_forgetAndForgetFree001,20260611,20260627,31,0.5062079922119592
dropout_clean_fixed31,relative_position,14,20260817,9,R1->R2,TSAL20260611_0830_forgetAndForgetFree001,TSAL20260628_0830_forgetAndForgetFree001,20260611,20260628,31,0.4343335634265247
dropout_clean_fixed31,relative_position,14,20260817,9,R2->R1,TSAL20260611_0830_forgetAndForgetFree001,TSAL20260628_0830_forgetAndForgetFree001,20260611,20260628,31,0.6576472164455983
dropout_clean_fixed31,relative_position,15,20260817,1,R1->R2,TSAL20260609_0830_forgetAndForgetFree001,TSAL20260626_0830_forgetAndForgetFree001,20260609,20260626,31,0.4581105663392039
dropout_clean_fixed31,relative_position,15,20260817,1,R2->R1,TSAL20260609_0830_forgetAndForgetFree001,TSAL20260626_0830_forgetAndForgetFree001,20260609,20260626,31,0.4313931089475612
dropout_clean_fixed31,relative_position,15,20260817,2,R1->R2,TSAL20260609_0830_forgetAndForgetFree001,TSAL20260627_0830_forgetAndForgetFree001,20260609,20260627,31,0.5486288534872248
dropout_clean_fixed31,relative_position,15,20260817,2,R2->R1,TSAL20260609_0830_forgetAndForgetFree001,TSAL20260627_0830_forgetAndForgetFree001,20260609,20260627,31,0.5908684958652067
dropout_clean_fixed31,relative_position,15,20260817,3,R1->R2,TSAL20260609_0830_forgetAndForgetFree001,TSAL20260628_0830_forgetAndForgetFree001,20260609,20260628,31,0.6563894889857808
dropout_clean_fixed31,relative_position,15,20260817,3,R2->R1,TSAL20260609_0830_forgetAndForgetFree001,TSAL20260628_0830_forgetAndForgetFree001,20260609,20260628,31,0.7377470314823281
dropout_clean_fixed31,relative_position,15,20260817,4,R1->R2,TSAL20260610_0830_forgetAndForgetFree001,TSAL20260626_0830_forgetAndForgetFree001,20260610,20260626,31,0.515778955317983
dropout_clean_fixed31,relative_position,15,20260817,4,R2->R1,TSAL20260610_0830_forgetAndForgetFree001,TSAL20260626_0830_forgetAndForgetFree001,20260610,20260626,31,0.3255716664563361
dropout_clean_fixed31,relative_position,15,20260817,5,R1->R2,TSAL20260610_0830_forgetAndForgetFree001,TSAL20260627_0830_forgetAndForgetFree001,20260610,20260627,31,0.4688136021921303
dropout_clean_fixed31,relative_position,15,20260817,5,R2->R1,TSAL20260610_0830_forgetAndForgetFree001,TSAL20260627_0830_forgetAndForgetFree001,20260610,20260627,31,0.5964567528043272
dropout_clean_fixed31,relative_position,15,20260817,6,R1->R2,TSAL20260610_0830_forgetAndForgetFree001,TSAL20260628_0830_forgetAndForgetFree001,20260610,20260628,31,0.4787299986416398
dropout_clean_fixed31,relative_position,15,20260817,6,R2->R1,TSAL20260610_0830_forgetAndForgetFree001,TSAL20260628_0830_forgetAndForgetFree001,20260610,20260628,31,0.6476579003657892
dropout_clean_fixed31,relative_position,15,20260817,7,R1->R2,TSAL20260611_0830_forgetAndForgetFree001,TSAL20260626_0830_forgetAndForgetFree001,20260611,20260626,31,0.4563718603830699
dropout_clean_fixed31,relative_position,15,20260817,7,R2->R1,TSAL20260611_0830_forgetAndForgetFree001,TSAL20260626_0830_forgetAndForgetFree001,20260611,20260626,31,0.34136911128067005
dropout_clean_fixed31,relative_position,15,20260817,8,R1->R2,TSAL20260611_0830_forgetAndForgetFree001,TSAL20260627_0830_forgetAndForgetFree001,20260611,20260627,31,0.621578321838887
dropout_clean_fixed31,relative_position,15,20260817,8,R2->R1,TSAL20260611_0830_forgetAndForgetFree001,TSAL20260627_0830_forgetAndForgetFree001,20260611,20260627,31,0.4512662467849599
dropout_clean_fixed31,relative_position,15,20260817,9,R1->R2,TSAL20260611_0830_forgetAndForgetFree001,TSAL20260628_0830_forgetAndForgetFree001,20260611,20260628,31,0.7188603145454237
dropout_clean_fixed31,relative_position,15,20260817,9,R2->R1,TSAL20260611_0830_forgetAndForgetFree001,TSAL20260628_0830_forgetAndForgetFree001,20260611,20260628,31,0.47940625918751867
dropout_clean_fixed31,relative_position,16,20260817,1,R1->R2,TSAL20260609_0830_forgetAndForgetFree001,TSAL20260626_0830_forgetAndForgetFree001,20260609,20260626,31,0.541306005283778
dropout_clean_fixed31,relative_position,16,20260817,1,R2->R1,TSAL20260609_0830_forgetAndForgetFree001,TSAL20260626_0830_forgetAndForgetFree001,20260609,20260626,31,0.4412426040424229
dropout_clean_fixed31,relative_position,16,20260817,2,R1->R2,TSAL20260609_0830_forgetAndForgetFree001,TSAL20260627_0830_forgetAndForgetFree001,20260609,20260627,31,0.44140104988038353
dropout_clean_fixed31,relative_position,16,20260817,2,R2->R1,TSAL20260609_0830_forgetAndForgetFree001,TSAL20260627_0830_forgetAndForgetFree001,20260609,20260627,31,0.47439931226033855
dropout_clean_fixed31,relative_position,16,20260817,3,R1->R2,TSAL20260609_0830_forgetAndForgetFree001,TSAL20260628_0830_forgetAndForgetFree001,20260609,20260628,31,0.40678748644668367
dropout_clean_fixed31,relative_position,16,20260817,3,R2->R1,TSAL20260609_0830_forgetAndForgetFree001,TSAL20260628_0830_forgetAndForgetFree001,20260609,20260628,31,0.5717679215746354
dropout_clean_fixed31,relative_position,16,20260817,4,R1->R2,TSAL20260610_0830_forgetAndForgetFree001,TSAL20260626_0830_forgetAndForgetFree001,20260610,20260626,31,0.5171986357514922
dropout_clean_fixed31,relative_position,16,20260817,4,R2->R1,TSAL20260610_0830_forgetAndForgetFree001,TSAL20260626_0830_forgetAndForgetFree001,20260610,20260626,31,0.4708002193207934
dropout_clean_fixed31,relative_position,16,20260817,5,R1->R2,TSAL20260610_0830_forgetAndForgetFree001,TSAL20260627_0830_forgetAndForgetFree001,20260610,20260627,31,0.483482777633125
dropout_clean_fixed31,relative_position,16,20260817,5,R2->R1,TSAL20260610_0830_forgetAndForgetFree001,TSAL20260627_0830_forgetAndForgetFree001,20260610,20260627,31,0.3538209517191192
dropout_clean_fixed31,relative_position,16,20260817,6,R1->R2,TSAL20260610_0830_forgetAndForgetFree001,TSAL20260628_0830_forgetAndForgetFree001,20260610,20260628,31,0.5046264334391964
dropout_clean_fixed31,relative_position,16,20260817,6,R2->R1,TSAL20260610_0830_forgetAndForgetFree001,TSAL20260628_0830_forgetAndForgetFree001,20260610,20260628,31,0.5960334227734091
dropout_clean_fixed31,relative_position,16,20260817,7,R1->R2,TSAL20260611_0830_forgetAndForgetFree001,TSAL20260626_0830_forgetAndForgetFree001,20260611,20260626,31,0.4612469954603771
dropout_clean_fixed31,relative_position,16,20260817,7,R2->R1,TSAL20260611_0830_forgetAndForgetFree001,TSAL20260626_0830_forgetAndForgetFree001,20260611,20260626,31,0.2337519401936458
dropout_clean_fixed31,relative_position,16,20260817,8,R1->R2,TSAL20260611_0830_forgetAndForgetFree001,TSAL20260627_0830_forgetAndForgetFree001,20260611,20260627,31,0.4424489064720256
dropout_clean_fixed31,relative_position,16,20260817,8,R2->R1,TSAL20260611_0830_forgetAndForgetFree001,TSAL20260627_0830_forgetAndForgetFree001,20260611,20260627,31,0.4546850729973286
dropout_clean_fixed31,relative_position,16,20260817,9,R1->R2,TSAL20260611_0830_forgetAndForgetFree001,TSAL20260628_0830_forgetAndForgetFree001,20260611,20260628,31,0.5799456566306932
dropout_clean_fixed31,relative_position,16,20260817,9,R2->R1,TSAL20260611_0830_forgetAndForgetFree001,TSAL20260628_0830_forgetAndForgetFree001,20260611,20260628,31,0.5804115062381147
dropout_clean_fixed31,relative_position,17,20260817,1,R1->R2,TSAL20260609_0830_forgetAndForgetFree001,TSAL20260626_0830_forgetAndForgetFree001,20260609,20260626,31,0.6046573841453913
dropout_clean_fixed31,relative_position,17,20260817,1,R2->R1,TSAL20260609_0830_forgetAndForgetFree001,TSAL20260626_0830_forgetAndForgetFree001,20260609,20260626,31,0.44975470774799076
dropout_clean_fixed31,relative_position,17,20260817,2,R1->R2,TSAL20260609_0830_forgetAndForgetFree001,TSAL20260627_0830_forgetAndForgetFree001,20260609,20260627,31,0.4155780387934501
dropout_clean_fixed31,relative_position,17,20260817,2,R2->R1,TSAL20260609_0830_forgetAndForgetFree001,TSAL20260627_0830_forgetAndForgetFree001,20260609,20260627,31,0.3559674623426035
dropout_clean_fixed31,relative_position,17,20260817,3,R1->R2,TSAL20260609_0830_forgetAndForgetFree001,TSAL20260628_0830_forgetAndForgetFree001,20260609,20260628,31,0.6298809498765962
dropout_clean_fixed31,relative_position,17,20260817,3,R2->R1,TSAL20260609_0830_forgetAndForgetFree001,TSAL20260628_0830_forgetAndForgetFree001,20260609,20260628,31,0.6467839496476849
dropout_clean_fixed31,relative_position,17,20260817,4,R1->R2,TSAL20260610_0830_forgetAndForgetFree001,TSAL20260626_0830_forgetAndForgetFree001,20260610,20260626,31,0.5179137561724135
dropout_clean_fixed31,relative_position,17,20260817,4,R2->R1,TSAL20260610_0830_forgetAndForgetFree001,TSAL20260626_0830_forgetAndForgetFree001,20260610,20260626,31,0.3338721104974669
dropout_clean_fixed31,relative_position,17,20260817,5,R1->R2,TSAL20260610_0830_forgetAndForgetFree001,TSAL20260627_0830_forgetAndForgetFree001,20260610,20260627,31,0.4930509687636874
dropout_clean_fixed31,relative_position,17,20260817,5,R2->R1,TSAL20260610_0830_forgetAndForgetFree001,TSAL20260627_0830_forgetAndForgetFree001,20260610,20260627,31,0.42971313233850905
dropout_clean_fixed31,relative_position,17,20260817,6,R1->R2,TSAL20260610_0830_forgetAndForgetFree001,TSAL20260628_0830_forgetAndForgetFree001,20260610,20260628,31,0.43229440771853306
dropout_clean_fixed31,relative_position,17,20260817,6,R2->R1,TSAL20260610_0830_forgetAndForgetFree001,TSAL20260628_0830_forgetAndForgetFree001,20260610,20260628,31,0.5543810379505959
dropout_clean_fixed31,relative_position,17,20260817,7,R1->R2,TSAL20260611_0830_forgetAndForgetFree001,TSAL20260626_0830_forgetAndForgetFree001,20260611,20260626,31,0.4705308094854766
dropout_clean_fixed31,relative_position,17,20260817,7,R2->R1,TSAL20260611_0830_forgetAndForgetFree001,TSAL20260626_0830_forgetAndForgetFree001,20260611,20260626,31,0.3022868986470598
dropout_clean_fixed31,relative_position,17,20260817,8,R1->R2,TSAL20260611_0830_forgetAndForgetFree001,TSAL20260627_0830_forgetAndForgetFree001,20260611,20260627,31,0.40788325066546716
dropout_clean_fixed31,relative_position,17,20260817,8,R2->R1,TSAL20260611_0830_forgetAndForgetFree001,TSAL20260627_0830_forgetAndForgetFree001,20260611,20260627,31,0.3219072202684576
dropout_clean_fixed31,relative_position,17,20260817,9,R1->R2,TSAL20260611_0830_forgetAndForgetFree001,TSAL20260628_0830_forgetAndForgetFree001,20260611,20260628,31,0.5221301483333357
dropout_clean_fixed31,relative_position,17,20260817,9,R2->R1,TSAL20260611_0830_forgetAndForgetFree001,TSAL20260628_0830_forgetAndForgetFree001,20260611,20260628,31,0.5679639713052758
dropout_clean_fixed31,relative_position,18,20260817,1,R1->R2,TSAL20260609_0830_forgetAndForgetFree001,TSAL20260626_0830_forgetAndForgetFree001,20260609,20260626,31,0.47898710184536275
dropout_clean_fixed31,relative_position,18,20260817,1,R2->R1,TSAL20260609_0830_forgetAndForgetFree001,TSAL20260626_0830_forgetAndForgetFree001,20260609,20260626,31,0.5550703722338999
dropout_clean_fixed31,relative_position,18,20260817,2,R1->R2,TSAL20260609_0830_forgetAndForgetFree001,TSAL20260627_0830_forgetAndForgetFree001,20260609,20260627,31,0.42163123927269036
dropout_clean_fixed31,relative_position,18,20260817,2,R2->R1,TSAL20260609_0830_forgetAndForgetFree001,TSAL20260627_0830_forgetAndForgetFree001,20260609,20260627,31,0.6004287897327717
dropout_clean_fixed31,relative_position,18,20260817,3,R1->R2,TSAL20260609_0830_forgetAndForgetFree001,TSAL20260628_0830_forgetAndForgetFree001,20260609,20260628,31,0.3937980797666383
dropout_clean_fixed31,relative_position,18,20260817,3,R2->R1,TSAL20260609_0830_forgetAndForgetFree001,TSAL20260628_0830_forgetAndForgetFree001,20260609,20260628,31,0.6369620260583508
dropout_clean_fixed31,relative_position,18,20260817,4,R1->R2,TSAL20260610_0830_forgetAndForgetFree001,TSAL20260626_0830_forgetAndForgetFree001,20260610,20260626,31,0.47722154323182986
dropout_clean_fixed31,relative_position,18,20260817,4,R2->R1,TSAL20260610_0830_forgetAndForgetFree001,TSAL20260626_0830_forgetAndForgetFree001,20260610,20260626,31,0.4513660972103114
dropout_clean_fixed31,relative_position,18,20260817,5,R1->R2,TSAL20260610_0830_forgetAndForgetFree001,TSAL20260627_0830_forgetAndForgetFree001,20260610,20260627,31,0.4718977825137497
dropout_clean_fixed31,relative_position,18,20260817,5,R2->R1,TSAL20260610_0830_forgetAndForgetFree001,TSAL20260627_0830_forgetAndForgetFree001,20260610,20260627,31,0.48695281865219675
dropout_clean_fixed31,relative_position,18,20260817,6,R1->R2,TSAL20260610_0830_forgetAndForgetFree001,TSAL20260628_0830_forgetAndForgetFree001,20260610,20260628,31,0.5084535077305963
dropout_clean_fixed31,relative_position,18,20260817,6,R2->R1,TSAL20260610_0830_forgetAndForgetFree001,TSAL20260628_0830_forgetAndForgetFree001,20260610,20260628,31,0.6680921941004269
dropout_clean_fixed31,relative_position,18,20260817,7,R1->R2,TSAL20260611_0830_forgetAndForgetFree001,TSAL20260626_0830_forgetAndForgetFree001,20260611,20260626,31,0.3472391170157461
dropout_clean_fixed31,relative_position,18,20260817,7,R2->R1,TSAL20260611_0830_forgetAndForgetFree001,TSAL20260626_0830_forgetAndForgetFree001,20260611,20260626,31,0.1940311637952412
dropout_clean_fixed31,relative_position,18,20260817,8,R1->R2,TSAL20260611_0830_forgetAndForgetFree001,TSAL20260627_0830_forgetAndForgetFree001,20260611,20260627,31,0.42020810279082943
dropout_clean_fixed31,relative_position,18,20260817,8,R2->R1,TSAL20260611_0830_forgetAndForgetFree001,TSAL20260627_0830_forgetAndForgetFree001,20260611,20260627,31,0.19619262290977618
dropout_clean_fixed31,relative_position,18,20260817,9,R1->R2,TSAL20260611_0830_forgetAndForgetFree001,TSAL20260628_0830_forgetAndForgetFree001,20260611,20260628,31,0.6298233189594231
dropout_clean_fixed31,relative_position,18,20260817,9,R2->R1,TSAL20260611_0830_forgetAndForgetFree001,TSAL20260628_0830_forgetAndForgetFree001,20260611,20260628,31,0.6269942246905065
dropout_clean_fixed31,relative_position,19,20260817,1,R1->R2,TSAL20260609_0830_forgetAndForgetFree001,TSAL20260626_0830_forgetAndForgetFree001,20260609,20260626,31,0.5147616897018085
dropout_clean_fixed31,relative_position,19,20260817,1,R2->R1,TSAL20260609_0830_forgetAndForgetFree001,TSAL20260626_0830_forgetAndForgetFree001,20260609,20260626,31,0.5230493830090005
dropout_clean_fixed31,relative_position,19,20260817,2,R1->R2,TSAL20260609_0830_forgetAndForgetFree001,TSAL20260627_0830_forgetAndForgetFree001,20260609,20260627,31,0.4102364102795824
dropout_clean_fixed31,relative_position,19,20260817,2,R2->R1,TSAL20260609_0830_forgetAndForgetFree001,TSAL20260627_0830_forgetAndForgetFree001,20260609,20260627,31,0.38293716992371285
dropout_clean_fixed31,relative_position,19,20260817,3,R1->R2,TSAL20260609_0830_forgetAndForgetFree001,TSAL20260628_0830_forgetAndForgetFree001,20260609,20260628,31,0.5377418142814436
dropout_clean_fixed31,relative_position,19,20260817,3,R2->R1,TSAL20260609_0830_forgetAndForgetFree001,TSAL20260628_0830_forgetAndForgetFree001,20260609,20260628,31,0.6963868043659655
dropout_clean_fixed31,relative_position,19,20260817,4,R1->R2,TSAL20260610_0830_forgetAndForgetFree001,TSAL20260626_0830_forgetAndForgetFree001,20260610,20260626,31,0.492657035199234
dropout_clean_fixed31,relative_position,19,20260817,4,R2->R1,TSAL20260610_0830_forgetAndForgetFree001,TSAL20260626_0830_forgetAndForgetFree001,20260610,20260626,31,0.38429822625393756
dropout_clean_fixed31,relative_position,19,20260817,5,R1->R2,TSAL20260610_0830_forgetAndForgetFree001,TSAL20260627_0830_forgetAndForgetFree001,20260610,20260627,31,0.4212254167802748
dropout_clean_fixed31,relative_position,19,20260817,5,R2->R1,TSAL20260610_0830_forgetAndForgetFree001,TSAL20260627_0830_forgetAndForgetFree001,20260610,20260627,31,0.6079537604224515
dropout_clean_fixed31,relative_position,19,20260817,6,R1->R2,TSAL20260610_0830_forgetAndForgetFree001,TSAL20260628_0830_forgetAndForgetFree001,20260610,20260628,31,0.5396142348515967
dropout_clean_fixed31,relative_position,19,20260817,6,R2->R1,TSAL20260610_0830_forgetAndForgetFree001,TSAL20260628_0830_forgetAndForgetFree001,20260610,20260628,31,0.4130005134951346
dropout_clean_fixed31,relative_position,19,20260817,7,R1->R2,TSAL20260611_0830_forgetAndForgetFree001,TSAL20260626_0830_forgetAndForgetFree001,20260611,20260626,31,0.46325463924849153
dropout_clean_fixed31,relative_position,19,20260817,7,R2->R1,TSAL20260611_0830_forgetAndForgetFree001,TSAL20260626_0830_forgetAndForgetFree001,20260611,20260626,31,0.44629292065583576
dropout_clean_fixed31,relative_position,19,20260817,8,R1->R2,TSAL20260611_0830_forgetAndForgetFree001,TSAL20260627_0830_forgetAndForgetFree001,20260611,20260627,31,0.4521097305090097
dropout_clean_fixed31,relative_position,19,20260817,8,R2->R1,TSAL20260611_0830_forgetAndForgetFree001,TSAL20260627_0830_forgetAndForgetFree001,20260611,20260627,31,0.3683757910704571
dropout_clean_fixed31,relative_position,19,20260817,9,R1->R2,TSAL20260611_0830_forgetAndForgetFree001,TSAL20260628_0830_forgetAndForgetFree001,20260611,20260628,31,0.5613558287560618
dropout_clean_fixed31,relative_position,19,20260817,9,R2->R1,TSAL20260611_0830_forgetAndForgetFree001,TSAL20260628_0830_forgetAndForgetFree001,20260611,20260628,31,0.5121422889320809
dropout_clean_fixed31,relative_position,20,20260817,1,R1->R2,TSAL20260609_0830_forgetAndForgetFree001,TSAL20260626_0830_forgetAndForgetFree001,20260609,20260626,31,0.4232176354970517
dropout_clean_fixed31,relative_position,20,20260817,1,R2->R1,TSAL20260609_0830_forgetAndForgetFree001,TSAL20260626_0830_forgetAndForgetFree001,20260609,20260626,31,0.5022196340726135
dropout_clean_fixed31,relative_position,20,20260817,2,R1->R2,TSAL20260609_0830_forgetAndForgetFree001,TSAL20260627_0830_forgetAndForgetFree001,20260609,20260627,31,0.3560571268186423
dropout_clean_fixed31,relative_position,20,20260817,2,R2->R1,TSAL20260609_0830_forgetAndForgetFree001,TSAL20260627_0830_forgetAndForgetFree001,20260609,20260627,31,0.5165165283889017
dropout_clean_fixed31,relative_position,20,20260817,3,R1->R2,TSAL20260609_0830_forgetAndForgetFree001,TSAL20260628_0830_forgetAndForgetFree001,20260609,20260628,31,0.606870935214576
dropout_clean_fixed31,relative_position,20,20260817,3,R2->R1,TSAL20260609_0830_forgetAndForgetFree001,TSAL20260628_0830_forgetAndForgetFree001,20260609,20260628,31,0.49454262652296743
dropout_clean_fixed31,relative_position,20,20260817,4,R1->R2,TSAL20260610_0830_forgetAndForgetFree001,TSAL20260626_0830_forgetAndForgetFree001,20260610,20260626,31,0.42773113413081726
dropout_clean_fixed31,relative_position,20,20260817,4,R2->R1,TSAL20260610_0830_forgetAndForgetFree001,TSAL20260626_0830_forgetAndForgetFree001,20260610,20260626,31,0.40314401708663955
dropout_clean_fixed31,relative_position,20,20260817,5,R1->R2,TSAL20260610_0830_forgetAndForgetFree001,TSAL20260627_0830_forgetAndForgetFree001,20260610,20260627,31,0.3978491487236799
dropout_clean_fixed31,relative_position,20,20260817,5,R2->R1,TSAL20260610_0830_forgetAndForgetFree001,TSAL20260627_0830_forgetAndForgetFree001,20260610,20260627,31,0.5141457481588982
dropout_clean_fixed31,relative_position,20,20260817,6,R1->R2,TSAL20260610_0830_forgetAndForgetFree001,TSAL20260628_0830_forgetAndForgetFree001,20260610,20260628,31,0.5133422641429681
dropout_clean_fixed31,relative_position,20,20260817,6,R2->R1,TSAL20260610_0830_forgetAndForgetFree001,TSAL20260628_0830_forgetAndForgetFree001,20260610,20260628,31,0.526066306878581
dropout_clean_fixed31,relative_position,20,20260817,7,R1->R2,TSAL20260611_0830_forgetAndForgetFree001,TSAL20260626_0830_forgetAndForgetFree001,20260611,20260626,31,0.33723562751441355
dropout_clean_fixed31,relative_position,20,20260817,7,R2->R1,TSAL20260611_0830_forgetAndForgetFree001,TSAL20260626_0830_forgetAndForgetFree001,20260611,20260626,31,0.42964554944735445
dropout_clean_fixed31,relative_position,20,20260817,8,R1->R2,TSAL20260611_0830_forgetAndForgetFree001,TSAL20260627_0830_forgetAndForgetFree001,20260611,20260627,31,0.3654031763541355
dropout_clean_fixed31,relative_position,20,20260817,8,R2->R1,TSAL20260611_0830_forgetAndForgetFree001,TSAL20260627_0830_forgetAndForgetFree001,20260611,20260627,31,0.5249335510753224
dropout_clean_fixed31,relative_position,20,20260817,9,R1->R2,TSAL20260611_0830_forgetAndForgetFree001,TSAL20260628_0830_forgetAndForgetFree001,20260611,20260628,31,0.64460478635818
dropout_clean_fixed31,relative_position,20,20260817,9,R2->R1,TSAL20260611_0830_forgetAndForgetFree001,TSAL20260628_0830_forgetAndForgetFree001,20260611,20260628,31,0.5298268603564626
dropout_clean_fixed31,relative_position,21,20260817,1,R1->R2,TSAL20260609_0830_forgetAndForgetFree001,TSAL20260626_0830_forgetAndForgetFree001,20260609,20260626,31,0.4872822443236667
dropout_clean_fixed31,relative_position,21,20260817,1,R2->R1,TSAL20260609_0830_forgetAndForgetFree001,TSAL20260626_0830_forgetAndForgetFree001,20260609,20260626,31,0.5507805062807631
dropout_clean_fixed31,relative_position,21,20260817,2,R1->R2,TSAL20260609_0830_forgetAndForgetFree001,TSAL20260627_0830_forgetAndForgetFree001,20260609,20260627,31,0.5599778803521317
dropout_clean_fixed31,relative_position,21,20260817,2,R2->R1,TSAL20260609_0830_forgetAndForgetFree001,TSAL20260627_0830_forgetAndForgetFree001,20260609,20260627,31,0.49042603027855636
dropout_clean_fixed31,relative_position,21,20260817,3,R1->R2,TSAL20260609_0830_forgetAndForgetFree001,TSAL20260628_0830_forgetAndForgetFree001,20260609,20260628,31,0.36644794105276235
dropout_clean_fixed31,relative_position,21,20260817,3,R2->R1,TSAL20260609_0830_forgetAndForgetFree001,TSAL20260628_0830_forgetAndForgetFree001,20260609,20260628,31,0.6156977108488516
dropout_clean_fixed31,relative_position,21,20260817,4,R1->R2,TSAL20260610_0830_forgetAndForgetFree001,TSAL20260626_0830_forgetAndForgetFree001,20260610,20260626,31,0.4291943393796122
dropout_clean_fixed31,relative_position,21,20260817,4,R2->R1,TSAL20260610_0830_forgetAndForgetFree001,TSAL20260626_0830_forgetAndForgetFree001,20260610,20260626,31,0.40737230502354227
dropout_clean_fixed31,relative_position,21,20260817,5,R1->R2,TSAL20260610_0830_forgetAndForgetFree001,TSAL20260627_0830_forgetAndForgetFree001,20260610,20260627,31,0.5215175162323782
dropout_clean_fixed31,relative_position,21,20260817,5,R2->R1,TSAL20260610_0830_forgetAndForgetFree001,TSAL20260627_0830_forgetAndForgetFree001,20260610,20260627,31,0.3862742115082903
dropout_clean_fixed31,relative_position,21,20260817,6,R1->R2,TSAL20260610_0830_forgetAndForgetFree001,TSAL20260628_0830_forgetAndForgetFree001,20260610,20260628,31,0.21809888025496257
dropout_clean_fixed31,relative_position,21,20260817,6,R2->R1,TSAL20260610_0830_forgetAndForgetFree001,TSAL20260628_0830_forgetAndForgetFree001,20260610,20260628,31,0.531177461814525
dropout_clean_fixed31,relative_position,21,20260817,7,R1->R2,TSAL20260611_0830_forgetAndForgetFree001,TSAL20260626_0830_forgetAndForgetFree001,20260611,20260626,31,0.4728745598260701
dropout_clean_fixed31,relative_position,21,20260817,7,R2->R1,TSAL20260611_0830_forgetAndForgetFree001,TSAL20260626_0830_forgetAndForgetFree001,20260611,20260626,31,0.2949707310801251
dropout_clean_fixed31,relative_position,21,20260817,8,R1->R2,TSAL20260611_0830_forgetAndForgetFree001,TSAL20260627_0830_forgetAndForgetFree001,20260611,20260627,31,0.5034133757489365
dropout_clean_fixed31,relative_position,21,20260817,8,R2->R1,TSAL20260611_0830_forgetAndForgetFree001,TSAL20260627_0830_forgetAndForgetFree001,20260611,20260627,31,0.3700154271156957
dropout_clean_fixed31,relative_position,21,20260817,9,R1->R2,TSAL20260611_0830_forgetAndForgetFree001,TSAL20260628_0830_forgetAndForgetFree001,20260611,20260628,31,0.6132123409762645
dropout_clean_fixed31,relative_position,21,20260817,9,R2->R1,TSAL20260611_0830_forgetAndForgetFree001,TSAL20260628_0830_forgetAndForgetFree001,20260611,20260628,31,0.7201783217760716
dropout_clean_fixed31,relative_position,22,20260817,1,R1->R2,TSAL20260609_0830_forgetAndForgetFree001,TSAL20260626_0830_forgetAndForgetFree001,20260609,20260626,31,0.5615379358796094
dropout_clean_fixed31,relative_position,22,20260817,1,R2->R1,TSAL20260609_0830_forgetAndForgetFree001,TSAL20260626_0830_forgetAndForgetFree001,20260609,20260626,31,0.5596457948636581
dropout_clean_fixed31,relative_position,22,20260817,2,R1->R2,TSAL20260609_0830_forgetAndForgetFree001,TSAL20260627_0830_forgetAndForgetFree001,20260609,20260627,31,0.5678776801481538
dropout_clean_fixed31,relative_position,22,20260817,2,R2->R1,TSAL20260609_0830_forgetAndForgetFree001,TSAL20260627_0830_forgetAndForgetFree001,20260609,20260627,31,0.5902962385591957
dropout_clean_fixed31,relative_position,22,20260817,3,R1->R2,TSAL20260609_0830_forgetAndForgetFree001,TSAL20260628_0830_forgetAndForgetFree001,20260609,20260628,31,0.6097201364889212
dropout_clean_fixed31,relative_position,22,20260817,3,R2->R1,TSAL20260609_0830_forgetAndForgetFree001,TSAL20260628_0830_forgetAndForgetFree001,20260609,20260628,31,0.6673187986188047
dropout_clean_fixed31,relative_position,22,20260817,4,R1->R2,TSAL20260610_0830_forgetAndForgetFree001,TSAL20260626_0830_forgetAndForgetFree001,20260610,20260626,31,0.3820346075996769
dropout_clean_fixed31,relative_position,22,20260817,4,R2->R1,TSAL20260610_0830_forgetAndForgetFree001,TSAL20260626_0830_forgetAndForgetFree001,20260610,20260626,31,0.2328018789492197
dropout_clean_fixed31,relative_position,22,20260817,5,R1->R2,TSAL20260610_0830_forgetAndForgetFree001,TSAL20260627_0830_forgetAndForgetFree001,20260610,20260627,31,0.4318679414312283
dropout_clean_fixed31,relative_position,22,20260817,5,R2->R1,TSAL20260610_0830_forgetAndForgetFree001,TSAL20260627_0830_forgetAndForgetFree001,20260610,20260627,31,0.5787085542482492
dropout_clean_fixed31,relative_position,22,20260817,6,R1->R2,TSAL20260610_0830_forgetAndForgetFree001,TSAL20260628_0830_forgetAndForgetFree001,20260610,20260628,31,0.49259300655122756
dropout_clean_fixed31,relative_position,22,20260817,6,R2->R1,TSAL20260610_0830_forgetAndForgetFree001,TSAL20260628_0830_forgetAndForgetFree001,20260610,20260628,31,0.4603315673983303
dropout_clean_fixed31,relative_position,22,20260817,7,R1->R2,TSAL20260611_0830_forgetAndForgetFree001,TSAL20260626_0830_forgetAndForgetFree001,20260611,20260626,31,0.4501876742703065
dropout_clean_fixed31,relative_position,22,20260817,7,R2->R1,TSAL20260611_0830_forgetAndForgetFree001,TSAL20260626_0830_forgetAndForgetFree001,20260611,20260626,31,0.3558148553567217
dropout_clean_fixed31,relative_position,22,20260817,8,R1->R2,TSAL20260611_0830_forgetAndForgetFree001,TSAL20260627_0830_forgetAndForgetFree001,20260611,20260627,31,0.6233354795103005
dropout_clean_fixed31,relative_position,22,20260817,8,R2->R1,TSAL20260611_0830_forgetAndForgetFree001,TSAL20260627_0830_forgetAndForgetFree001,20260611,20260627,31,0.39741843156779344
dropout_clean_fixed31,relative_position,22,20260817,9,R1->R2,TSAL20260611_0830_forgetAndForgetFree001,TSAL20260628_0830_forgetAndForgetFree001,20260611,20260628,31,0.5475533017318484
dropout_clean_fixed31,relative_position,22,20260817,9,R2->R1,TSAL20260611_0830_forgetAndForgetFree001,TSAL20260628_0830_forgetAndForgetFree001,20260611,20260628,31,0.5111384557249966
dropout_clean_fixed31,relative_position,23,20260817,1,R1->R2,TSAL20260609_0830_forgetAndForgetFree001,TSAL20260626_0830_forgetAndForgetFree001,20260609,20260626,31,0.5695776222888491
dropout_clean_fixed31,relative_position,23,20260817,1,R2->R1,TSAL20260609_0830_forgetAndForgetFree001,TSAL20260626_0830_forgetAndForgetFree001,20260609,20260626,31,0.4558943798679806
dropout_clean_fixed31,relative_position,23,20260817,2,R1->R2,TSAL20260609_0830_forgetAndForgetFree001,TSAL20260627_0830_forgetAndForgetFree001,20260609,20260627,31,0.40885132428432974
dropout_clean_fixed31,relative_position,23,20260817,2,R2->R1,TSAL20260609_0830_forgetAndForgetFree001,TSAL20260627_0830_forgetAndForgetFree001,20260609,20260627,31,0.36763124005346676
dropout_clean_fixed31,relative_position,23,20260817,3,R1->R2,TSAL20260609_0830_forgetAndForgetFree001,TSAL20260628_0830_forgetAndForgetFree001,20260609,20260628,31,0.6110012230220401
dropout_clean_fixed31,relative_position,23,20260817,3,R2->R1,TSAL20260609_0830_forgetAndForgetFree001,TSAL20260628_0830_forgetAndForgetFree001,20260609,20260628,31,0.565473813286963
dropout_clean_fixed31,relative_position,23,20260817,4,R1->R2,TSAL20260610_0830_forgetAndForgetFree001,TSAL20260626_0830_forgetAndForgetFree001,20260610,20260626,31,0.47957371929118114
dropout_clean_fixed31,relative_position,23,20260817,4,R2->R1,TSAL20260610_0830_forgetAndForgetFree001,TSAL20260626_0830_forgetAndForgetFree001,20260610,20260626,31,0.3946674032240066
dropout_clean_fixed31,relative_position,23,20260817,5,R1->R2,TSAL20260610_0830_forgetAndForgetFree001,TSAL20260627_0830_forgetAndForgetFree001,20260610,20260627,31,0.5268294051758983
dropout_clean_fixed31,relative_position,23,20260817,5,R2->R1,TSAL20260610_0830_forgetAndForgetFree001,TSAL20260627_0830_forgetAndForgetFree001,20260610,20260627,31,0.4035067439784127
dropout_clean_fixed31,relative_position,23,20260817,6,R1->R2,TSAL20260610_0830_forgetAndForgetFree001,TSAL20260628_0830_forgetAndForgetFree001,20260610,20260628,31,0.4753030569226023
dropout_clean_fixed31,relative_position,23,20260817,6,R2->R1,TSAL20260610_0830_forgetAndForgetFree001,TSAL20260628_0830_forgetAndForgetFree001,20260610,20260628,31,0.5513026505325054
dropout_clean_fixed31,relative_position,23,20260817,7,R1->R2,TSAL20260611_0830_forgetAndForgetFree001,TSAL20260626_0830_forgetAndForgetFree001,20260611,20260626,31,0.39610920140789324
dropout_clean_fixed31,relative_position,23,20260817,7,R2->R1,TSAL20260611_0830_forgetAndForgetFree001,TSAL20260626_0830_forgetAndForgetFree001,20260611,20260626,31,0.32087079645318795
dropout_clean_fixed31,relative_position,23,20260817,8,R1->R2,TSAL20260611_0830_forgetAndForgetFree001,TSAL20260627_0830_forgetAndForgetFree001,20260611,20260627,31,0.44543231886959117
dropout_clean_fixed31,relative_position,23,20260817,8,R2->R1,TSAL20260611_0830_forgetAndForgetFree001,TSAL20260627_0830_forgetAndForgetFree001,20260611,20260627,31,0.4131458660778908
dropout_clean_fixed31,relative_position,23,20260817,9,R1->R2,TSAL20260611_0830_forgetAndForgetFree001,TSAL20260628_0830_forgetAndForgetFree001,20260611,20260628,31,0.48967226536725067
dropout_clean_fixed31,relative_position,23,20260817,9,R2->R1,TSAL20260611_0830_forgetAndForgetFree001,TSAL20260628_0830_forgetAndForgetFree001,20260611,20260628,31,0.6349816653942741
dropout_clean_fixed31,relative_position,24,20260817,1,R1->R2,TSAL20260609_0830_forgetAndForgetFree001,TSAL20260626_0830_forgetAndForgetFree001,20260609,20260626,31,0.5300514831077809
dropout_clean_fixed31,relative_position,24,20260817,1,R2->R1,TSAL20260609_0830_forgetAndForgetFree001,TSAL20260626_0830_forgetAndForgetFree001,20260609,20260626,31,0.5627942282412125
dropout_clean_fixed31,relative_position,24,20260817,2,R1->R2,TSAL20260609_0830_forgetAndForgetFree001,TSAL20260627_0830_forgetAndForgetFree001,20260609,20260627,31,0.5617626021025227
dropout_clean_fixed31,relative_position,24,20260817,2,R2->R1,TSAL20260609_0830_forgetAndForgetFree001,TSAL20260627_0830_forgetAndForgetFree001,20260609,20260627,31,0.3267889661322759
dropout_clean_fixed31,relative_position,24,20260817,3,R1->R2,TSAL20260609_0830_forgetAndForgetFree001,TSAL20260628_0830_forgetAndForgetFree001,20260609,20260628,31,0.3834278652596712
dropout_clean_fixed31,relative_position,24,20260817,3,R2->R1,TSAL20260609_0830_forgetAndForgetFree001,TSAL20260628_0830_forgetAndForgetFree001,20260609,20260628,31,0.569463179499365
dropout_clean_fixed31,relative_position,24,20260817,4,R1->R2,TSAL20260610_0830_forgetAndForgetFree001,TSAL20260626_0830_forgetAndForgetFree001,20260610,20260626,31,0.46263011059393316
dropout_clean_fixed31,relative_position,24,20260817,4,R2->R1,TSAL20260610_0830_forgetAndForgetFree001,TSAL20260626_0830_forgetAndForgetFree001,20260610,20260626,31,0.3158028366750155
dropout_clean_fixed31,relative_position,24,20260817,5,R1->R2,TSAL20260610_0830_forgetAndForgetFree001,TSAL20260627_0830_forgetAndForgetFree001,20260610,20260627,31,0.48390764996132357
dropout_clean_fixed31,relative_position,24,20260817,5,R2->R1,TSAL20260610_0830_forgetAndForgetFree001,TSAL20260627_0830_forgetAndForgetFree001,20260610,20260627,31,0.5648663015421801
dropout_clean_fixed31,relative_position,24,20260817,6,R1->R2,TSAL20260610_0830_forgetAndForgetFree001,TSAL20260628_0830_forgetAndForgetFree001,20260610,20260628,31,0.5030563210105229
dropout_clean_fixed31,relative_position,24,20260817,6,R2->R1,TSAL20260610_0830_forgetAndForgetFree001,TSAL20260628_0830_forgetAndForgetFree001,20260610,20260628,31,0.6155826112153192
dropout_clean_fixed31,relative_position,24,20260817,7,R1->R2,TSAL20260611_0830_forgetAndForgetFree001,TSAL20260626_0830_forgetAndForgetFree001,20260611,20260626,31,0.4371250963073941
dropout_clean_fixed31,relative_position,24,20260817,7,R2->R1,TSAL20260611_0830_forgetAndForgetFree001,TSAL20260626_0830_forgetAndForgetFree001,20260611,20260626,31,0.4072065793665597
dropout_clean_fixed31,relative_position,24,20260817,8,R1->R2,TSAL20260611_0830_forgetAndForgetFree001,TSAL20260627_0830_forgetAndForgetFree001,20260611,20260627,31,0.591515316017641
dropout_clean_fixed31,relative_position,24,20260817,8,R2->R1,TSAL20260611_0830_forgetAndForgetFree001,TSAL20260627_0830_forgetAndForgetFree001,20260611,20260627,31,0.5195181930439522
dropout_clean_fixed31,relative_position,24,20260817,9,R1->R2,TSAL20260611_0830_forgetAndForgetFree001,TSAL20260628_0830_forgetAndForgetFree001,20260611,20260628,31,0.380905731338284
dropout_clean_fixed31,relative_position,24,20260817,9,R2->R1,TSAL20260611_0830_forgetAndForgetFree001,TSAL20260628_0830_forgetAndForgetFree001,20260611,20260628,31,0.5502916881043118
dropout_clean_fixed31,relative_position,25,20260817,1,R1->R2,TSAL20260609_0830_forgetAndForgetFree001,TSAL20260626_0830_forgetAndForgetFree001,20260609,20260626,31,0.5408453852204778
dropout_clean_fixed31,relative_position,25,20260817,1,R2->R1,TSAL20260609_0830_forgetAndForgetFree001,TSAL20260626_0830_forgetAndForgetFree001,20260609,20260626,31,0.5353241556691942
dropout_clean_fixed31,relative_position,25,20260817,2,R1->R2,TSAL20260609_0830_forgetAndForgetFree001,TSAL20260627_0830_forgetAndForgetFree001,20260609,20260627,31,0.5375738536270572
dropout_clean_fixed31,relative_position,25,20260817,2,R2->R1,TSAL20260609_0830_forgetAndForgetFree001,TSAL20260627_0830_forgetAndForgetFree001,20260609,20260627,31,0.4194067259424999
dropout_clean_fixed31,relative_position,25,20260817,3,R1->R2,TSAL20260609_0830_forgetAndForgetFree001,TSAL20260628_0830_forgetAndForgetFree001,20260609,20260628,31,0.506354409848655
dropout_clean_fixed31,relative_position,25,20260817,3,R2->R1,TSAL20260609_0830_forgetAndForgetFree001,TSAL20260628_0830_forgetAndForgetFree001,20260609,20260628,31,0.6301451826607966
dropout_clean_fixed31,relative_position,25,20260817,4,R1->R2,TSAL20260610_0830_forgetAndForgetFree001,TSAL20260626_0830_forgetAndForgetFree001,20260610,20260626,31,0.47817498562983773
dropout_clean_fixed31,relative_position,25,20260817,4,R2->R1,TSAL20260610_0830_forgetAndForgetFree001,TSAL20260626_0830_forgetAndForgetFree001,20260610,20260626,31,0.36922902849497646
dropout_clean_fixed31,relative_position,25,20260817,5,R1->R2,TSAL20260610_0830_forgetAndForgetFree001,TSAL20260627_0830_forgetAndForgetFree001,20260610,20260627,31,0.48909263458065927
dropout_clean_fixed31,relative_position,25,20260817,5,R2->R1,TSAL20260610_0830_forgetAndForgetFree001,TSAL20260627_0830_forgetAndForgetFree001,20260610,20260627,31,0.4867018267911957
dropout_clean_fixed31,relative_position,25,20260817,6,R1->R2,TSAL20260610_0830_forgetAndForgetFree001,TSAL20260628_0830_forgetAndForgetFree001,20260610,20260628,31,0.5247407622628477
dropout_clean_fixed31,relative_position,25,20260817,6,R2->R1,TSAL20260610_0830_forgetAndForgetFree001,TSAL20260628_0830_forgetAndForgetFree001,20260610,20260628,31,0.5730236856106601
dropout_clean_fixed31,relative_position,25,20260817,7,R1->R2,TSAL20260611_0830_forgetAndForgetFree001,TSAL20260626_0830_forgetAndForgetFree001,20260611,20260626,31,0.46991246262678726
dropout_clean_fixed31,relative_position,25,20260817,7,R2->R1,TSAL20260611_0830_forgetAndForgetFree001,TSAL20260626_0830_forgetAndForgetFree001,20260611,20260626,31,0.27271690459655945
dropout_clean_fixed31,relative_position,25,20260817,8,R1->R2,TSAL20260611_0830_forgetAndForgetFree001,TSAL20260627_0830_forgetAndForgetFree001,20260611,20260627,31,0.5744679757763279
dropout_clean_fixed31,relative_position,25,20260817,8,R2->R1,TSAL20260611_0830_forgetAndForgetFree001,TSAL20260627_0830_forgetAndForgetFree001,20260611,20260627,31,0.23172978578995548
dropout_clean_fixed31,relative_position,25,20260817,9,R1->R2,TSAL20260611_0830_forgetAndForgetFree001,TSAL20260628_0830_forgetAndForgetFree001,20260611,20260628,31,0.6099432797877922
dropout_clean_fixed31,relative_position,25,20260817,9,R2->R1,TSAL20260611_0830_forgetAndForgetFree001,TSAL20260628_0830_forgetAndForgetFree001,20260611,20260628,31,0.34501718651446855
dropout_clean_fixed31,relative_position,26,20260817,1,R1->R2,TSAL20260609_0830_forgetAndForgetFree001,TSAL20260626_0830_forgetAndForgetFree001,20260609,20260626,31,0.4436313326718767
dropout_clean_fixed31,relative_position,26,20260817,1,R2->R1,TSAL20260609_0830_forgetAndForgetFree001,TSAL20260626_0830_forgetAndForgetFree001,20260609,20260626,31,0.6031180169497596
dropout_clean_fixed31,relative_position,26,20260817,2,R1->R2,TSAL20260609_0830_forgetAndForgetFree001,TSAL20260627_0830_forgetAndForgetFree001,20260609,20260627,31,0.2276728856960859
dropout_clean_fixed31,relative_position,26,20260817,2,R2->R1,TSAL20260609_0830_forgetAndForgetFree001,TSAL20260627_0830_forgetAndForgetFree001,20260609,20260627,31,0.4558899613595391
dropout_clean_fixed31,relative_position,26,20260817,3,R1->R2,TSAL20260609_0830_forgetAndForgetFree001,TSAL20260628_0830_forgetAndForgetFree001,20260609,20260628,31,0.5807884182109853
dropout_clean_fixed31,relative_position,26,20260817,3,R2->R1,TSAL20260609_0830_forgetAndForgetFree001,TSAL20260628_0830_forgetAndForgetFree001,20260609,20260628,31,0.6876817435700311
dropout_clean_fixed31,relative_position,26,20260817,4,R1->R2,TSAL20260610_0830_forgetAndForgetFree001,TSAL20260626_0830_forgetAndForgetFree001,20260610,20260626,31,0.4153892793039382
dropout_clean_fixed31,relative_position,26,20260817,4,R2->R1,TSAL20260610_0830_forgetAndForgetFree001,TSAL20260626_0830_forgetAndForgetFree001,20260610,20260626,31,0.4373631740667116
dropout_clean_fixed31,relative_position,26,20260817,5,R1->R2,TSAL20260610_0830_forgetAndForgetFree001,TSAL20260627_0830_forgetAndForgetFree001,20260610,20260627,31,0.5127977537463322
dropout_clean_fixed31,relative_position,26,20260817,5,R2->R1,TSAL20260610_0830_forgetAndForgetFree001,TSAL20260627_0830_forgetAndForgetFree001,20260610,20260627,31,0.5142432747446228
dropout_clean_fixed31,relative_position,26,20260817,6,R1->R2,TSAL20260610_0830_forgetAndForgetFree001,TSAL20260628_0830_forgetAndForgetFree001,20260610,20260628,31,0.5122706328090795
dropout_clean_fixed31,relative_position,26,20260817,6,R2->R1,TSAL20260610_0830_forgetAndForgetFree001,TSAL20260628_0830_forgetAndForgetFree001,20260610,20260628,31,0.6221754378919665
dropout_clean_fixed31,relative_position,26,20260817,7,R1->R2,TSAL20260611_0830_forgetAndForgetFree001,TSAL20260626_0830_forgetAndForgetFree001,20260611,20260626,31,0.4935962248039947
dropout_clean_fixed31,relative_position,26,20260817,7,R2->R1,TSAL20260611_0830_forgetAndForgetFree001,TSAL20260626_0830_forgetAndForgetFree001,20260611,20260626,31,0.3855318581144721
dropout_clean_fixed31,relative_position,26,20260817,8,R1->R2,TSAL20260611_0830_forgetAndForgetFree001,TSAL20260627_0830_forgetAndForgetFree001,20260611,20260627,31,0.46045736214932886
dropout_clean_fixed31,relative_position,26,20260817,8,R2->R1,TSAL20260611_0830_forgetAndForgetFree001,TSAL20260627_0830_forgetAndForgetFree001,20260611,20260627,31,0.5763754509956152
dropout_clean_fixed31,relative_position,26,20260817,9,R1->R2,TSAL20260611_0830_forgetAndForgetFree001,TSAL20260628_0830_forgetAndForgetFree001,20260611,20260628,31,0.5455906417126274
dropout_clean_fixed31,relative_position,26,20260817,9,R2->R1,TSAL20260611_0830_forgetAndForgetFree001,TSAL20260628_0830_forgetAndForgetFree001,20260611,20260628,31,0.6109528351836903
dropout_clean_fixed31,relative_position,27,20260817,1,R1->R2,TSAL20260609_0830_forgetAndForgetFree001,TSAL20260626_0830_forgetAndForgetFree001,20260609,20260626,31,0.5852013599443727
dropout_clean_fixed31,relative_position,27,20260817,1,R2->R1,TSAL20260609_0830_forgetAndForgetFree001,TSAL20260626_0830_forgetAndForgetFree001,20260609,20260626,31,0.4937461173003082
dropout_clean_fixed31,relative_position,27,20260817,2,R1->R2,TSAL20260609_0830_forgetAndForgetFree001,TSAL20260627_0830_forgetAndForgetFree001,20260609,20260627,31,0.3638793025814906
dropout_clean_fixed31,relative_position,27,20260817,2,R2->R1,TSAL20260609_0830_forgetAndForgetFree001,TSAL20260627_0830_forgetAndForgetFree001,20260609,20260627,31,0.38607613986189504
dropout_clean_fixed31,relative_position,27,20260817,3,R1->R2,TSAL20260609_0830_forgetAndForgetFree001,TSAL20260628_0830_forgetAndForgetFree001,20260609,20260628,31,0.43751415410667893
dropout_clean_fixed31,relative_position,27,20260817,3,R2->R1,TSAL20260609_0830_forgetAndForgetFree001,TSAL20260628_0830_forgetAndForgetFree001,20260609,20260628,31,0.5362960530673643
dropout_clean_fixed31,relative_position,27,20260817,4,R1->R2,TSAL20260610_0830_forgetAndForgetFree001,TSAL20260626_0830_forgetAndForgetFree001,20260610,20260626,31,0.4346599790277982
dropout_clean_fixed31,relative_position,27,20260817,4,R2->R1,TSAL20260610_0830_forgetAndForgetFree001,TSAL20260626_0830_forgetAndForgetFree001,20260610,20260626,31,0.4281609800567345
dropout_clean_fixed31,relative_position,27,20260817,5,R1->R2,TSAL20260610_0830_forgetAndForgetFree001,TSAL20260627_0830_forgetAndForgetFree001,20260610,20260627,31,0.42820452716107044
dropout_clean_fixed31,relative_position,27,20260817,5,R2->R1,TSAL20260610_0830_forgetAndForgetFree001,TSAL20260627_0830_forgetAndForgetFree001,20260610,20260627,31,0.5238827904516377
dropout_clean_fixed31,relative_position,27,20260817,6,R1->R2,TSAL20260610_0830_forgetAndForgetFree001,TSAL20260628_0830_forgetAndForgetFree001,20260610,20260628,31,0.48273556582740623
dropout_clean_fixed31,relative_position,27,20260817,6,R2->R1,TSAL20260610_0830_forgetAndForgetFree001,TSAL20260628_0830_forgetAndForgetFree001,20260610,20260628,31,0.6676502827137524
dropout_clean_fixed31,relative_position,27,20260817,7,R1->R2,TSAL20260611_0830_forgetAndForgetFree001,TSAL20260626_0830_forgetAndForgetFree001,20260611,20260626,31,0.47840234595643644
dropout_clean_fixed31,relative_position,27,20260817,7,R2->R1,TSAL20260611_0830_forgetAndForgetFree001,TSAL20260626_0830_forgetAndForgetFree001,20260611,20260626,31,0.32069843043840535
dropout_clean_fixed31,relative_position,27,20260817,8,R1->R2,TSAL20260611_0830_forgetAndForgetFree001,TSAL20260627_0830_forgetAndForgetFree001,20260611,20260627,31,0.3745138046719155
dropout_clean_fixed31,relative_position,27,20260817,8,R2->R1,TSAL20260611_0830_forgetAndForgetFree001,TSAL20260627_0830_forgetAndForgetFree001,20260611,20260627,31,0.2853486365186722
dropout_clean_fixed31,relative_position,27,20260817,9,R1->R2,TSAL20260611_0830_forgetAndForgetFree001,TSAL20260628_0830_forgetAndForgetFree001,20260611,20260628,31,0.6285345924507
dropout_clean_fixed31,relative_position,27,20260817,9,R2->R1,TSAL20260611_0830_forgetAndForgetFree001,TSAL20260628_0830_forgetAndForgetFree001,20260611,20260628,31,0.5374910623593707
dropout_clean_fixed31,relative_position,28,20260817,1,R1->R2,TSAL20260609_0830_forgetAndForgetFree001,TSAL20260626_0830_forgetAndForgetFree001,20260609,20260626,31,0.475334408303236
dropout_clean_fixed31,relative_position,28,20260817,1,R2->R1,TSAL20260609_0830_forgetAndForgetFree001,TSAL20260626_0830_forgetAndForgetFree001,20260609,20260626,31,0.5308142195365696
dropout_clean_fixed31,relative_position,28,20260817,2,R1->R2,TSAL20260609_0830_forgetAndForgetFree001,TSAL20260627_0830_forgetAndForgetFree001,20260609,20260627,31,0.4570602038356268
dropout_clean_fixed31,relative_position,28,20260817,2,R2->R1,TSAL20260609_0830_forgetAndForgetFree001,TSAL20260627_0830_forgetAndForgetFree001,20260609,20260627,31,0.5494897484484796
dropout_clean_fixed31,relative_position,28,20260817,3,R1->R2,TSAL20260609_0830_forgetAndForgetFree001,TSAL20260628_0830_forgetAndForgetFree001,20260609,20260628,31,0.5737250492996973
dropout_clean_fixed31,relative_position,28,20260817,3,R2->R1,TSAL20260609_0830_forgetAndForgetFree001,TSAL20260628_0830_forgetAndForgetFree001,20260609,20260628,31,0.7514808252331442
dropout_clean_fixed31,relative_position,28,20260817,4,R1->R2,TSAL20260610_0830_forgetAndForgetFree001,TSAL20260626_0830_forgetAndForgetFree001,20260610,20260626,31,0.4006889358478008
dropout_clean_fixed31,relative_position,28,20260817,4,R2->R1,TSAL20260610_0830_forgetAndForgetFree001,TSAL20260626_0830_forgetAndForgetFree001,20260610,20260626,31,0.47505216410976125
dropout_clean_fixed31,relative_position,28,20260817,5,R1->R2,TSAL20260610_0830_forgetAndForgetFree001,TSAL20260627_0830_forgetAndForgetFree001,20260610,20260627,31,0.4486995228908691
dropout_clean_fixed31,relative_position,28,20260817,5,R2->R1,TSAL20260610_0830_forgetAndForgetFree001,TSAL20260627_0830_forgetAndForgetFree001,20260610,20260627,31,0.5708641505787313
dropout_clean_fixed31,relative_position,28,20260817,6,R1->R2,TSAL20260610_0830_forgetAndForgetFree001,TSAL20260628_0830_forgetAndForgetFree001,20260610,20260628,31,0.5022396341696489
dropout_clean_fixed31,relative_position,28,20260817,6,R2->R1,TSAL20260610_0830_forgetAndForgetFree001,TSAL20260628_0830_forgetAndForgetFree001,20260610,20260628,31,0.5208326521106416
dropout_clean_fixed31,relative_position,28,20260817,7,R1->R2,TSAL20260611_0830_forgetAndForgetFree001,TSAL20260626_0830_forgetAndForgetFree001,20260611,20260626,31,0.5326271089636152
dropout_clean_fixed31,relative_position,28,20260817,7,R2->R1,TSAL20260611_0830_forgetAndForgetFree001,TSAL20260626_0830_forgetAndForgetFree001,20260611,20260626,31,0.42145326265893807
dropout_clean_fixed31,relative_position,28,20260817,8,R1->R2,TSAL20260611_0830_forgetAndForgetFree001,TSAL20260627_0830_forgetAndForgetFree001,20260611,20260627,31,0.47962073179630804
dropout_clean_fixed31,relative_position,28,20260817,8,R2->R1,TSAL20260611_0830_forgetAndForgetFree001,TSAL20260627_0830_forgetAndForgetFree001,20260611,20260627,31,0.29293948308030726
dropout_clean_fixed31,relative_position,28,20260817,9,R1->R2,TSAL20260611_0830_forgetAndForgetFree001,TSAL20260628_0830_forgetAndForgetFree001,20260611,20260628,31,0.6866111732796695
dropout_clean_fixed31,relative_position,28,20260817,9,R2->R1,TSAL20260611_0830_forgetAndForgetFree001,TSAL20260628_0830_forgetAndForgetFree001,20260611,20260628,31,0.6482341608178289
dropout_clean_fixed31,relative_position,29,20260817,1,R1->R2,TSAL20260609_0830_forgetAndForgetFree001,TSAL20260626_0830_forgetAndForgetFree001,20260609,20260626,31,0.48841939614241164
dropout_clean_fixed31,relative_position,29,20260817,1,R2->R1,TSAL20260609_0830_forgetAndForgetFree001,TSAL20260626_0830_forgetAndForgetFree001,20260609,20260626,31,0.3815591972957762
dropout_clean_fixed31,relative_position,29,20260817,2,R1->R2,TSAL20260609_0830_forgetAndForgetFree001,TSAL20260627_0830_forgetAndForgetFree001,20260609,20260627,31,0.5406339036835213
dropout_clean_fixed31,relative_position,29,20260817,2,R2->R1,TSAL20260609_0830_forgetAndForgetFree001,TSAL20260627_0830_forgetAndForgetFree001,20260609,20260627,31,0.5863519798898993
dropout_clean_fixed31,relative_position,29,20260817,3,R1->R2,TSAL20260609_0830_forgetAndForgetFree001,TSAL20260628_0830_forgetAndForgetFree001,20260609,20260628,31,0.41965652925414443
dropout_clean_fixed31,relative_position,29,20260817,3,R2->R1,TSAL20260609_0830_forgetAndForgetFree001,TSAL20260628_0830_forgetAndForgetFree001,20260609,20260628,31,0.6343608634883173
dropout_clean_fixed31,relative_position,29,20260817,4,R1->R2,TSAL20260610_0830_forgetAndForgetFree001,TSAL20260626_0830_forgetAndForgetFree001,20260610,20260626,31,0.5353823574834781
dropout_clean_fixed31,relative_position,29,20260817,4,R2->R1,TSAL20260610_0830_forgetAndForgetFree001,TSAL20260626_0830_forgetAndForgetFree001,20260610,20260626,31,0.406624357248004
dropout_clean_fixed31,relative_position,29,20260817,5,R1->R2,TSAL20260610_0830_forgetAndForgetFree001,TSAL20260627_0830_forgetAndForgetFree001,20260610,20260627,31,0.3950097242602835
dropout_clean_fixed31,relative_position,29,20260817,5,R2->R1,TSAL20260610_0830_forgetAndForgetFree001,TSAL20260627_0830_forgetAndForgetFree001,20260610,20260627,31,0.4441866907347124
dropout_clean_fixed31,relative_position,29,20260817,6,R1->R2,TSAL20260610_0830_forgetAndForgetFree001,TSAL20260628_0830_forgetAndForgetFree001,20260610,20260628,31,0.508552282969247
dropout_clean_fixed31,relative_position,29,20260817,6,R2->R1,TSAL20260610_0830_forgetAndForgetFree001,TSAL20260628_0830_forgetAndForgetFree001,20260610,20260628,31,0.5488507647156033
dropout_clean_fixed31,relative_position,29,20260817,7,R1->R2,TSAL20260611_0830_forgetAndForgetFree001,TSAL20260626_0830_forgetAndForgetFree001,20260611,20260626,31,0.3863884711878185
dropout_clean_fixed31,relative_position,29,20260817,7,R2->R1,TSAL20260611_0830_forgetAndForgetFree001,TSAL20260626_0830_forgetAndForgetFree001,20260611,20260626,31,0.3550837429806545
dropout_clean_fixed31,relative_position,29,20260817,8,R1->R2,TSAL20260611_0830_forgetAndForgetFree001,TSAL20260627_0830_forgetAndForgetFree001,20260611,20260627,31,0.5256233390231432
dropout_clean_fixed31,relative_position,29,20260817,8,R2->R1,TSAL20260611_0830_forgetAndForgetFree001,TSAL20260627_0830_forgetAndForgetFree001,20260611,20260627,31,0.5902213182137914
dropout_clean_fixed31,relative_position,29,20260817,9,R1->R2,TSAL20260611_0830_forgetAndForgetFree001,TSAL20260628_0830_forgetAndForgetFree001,20260611,20260628,31,0.5003402664105812
dropout_clean_fixed31,relative_position,29,20260817,9,R2->R1,TSAL20260611_0830_forgetAndForgetFree001,TSAL20260628_0830_forgetAndForgetFree001,20260611,20260628,31,0.5473871027299833
dropout_clean_fixed31,relative_position,30,20260817,1,R1->R2,TSAL20260609_0830_forgetAndForgetFree001,TSAL20260626_0830_forgetAndForgetFree001,20260609,20260626,31,0.5552566038774782
dropout_clean_fixed31,relative_position,30,20260817,1,R2->R1,TSAL20260609_0830_forgetAndForgetFree001,TSAL20260626_0830_forgetAndForgetFree001,20260609,20260626,31,0.4809166470189329
dropout_clean_fixed31,relative_position,30,20260817,2,R1->R2,TSAL20260609_0830_forgetAndForgetFree001,TSAL20260627_0830_forgetAndForgetFree001,20260609,20260627,31,0.4940455771175647
dropout_clean_fixed31,relative_position,30,20260817,2,R2->R1,TSAL20260609_0830_forgetAndForgetFree001,TSAL20260627_0830_forgetAndForgetFree001,20260609,20260627,31,0.5491275290525766
dropout_clean_fixed31,relative_position,30,20260817,3,R1->R2,TSAL20260609_0830_forgetAndForgetFree001,TSAL20260628_0830_forgetAndForgetFree001,20260609,20260628,31,0.3945268704785657
dropout_clean_fixed31,relative_position,30,20260817,3,R2->R1,TSAL20260609_0830_forgetAndForgetFree001,TSAL20260628_0830_forgetAndForgetFree001,20260609,20260628,31,0.6874656182115803
dropout_clean_fixed31,relative_position,30,20260817,4,R1->R2,TSAL20260610_0830_forgetAndForgetFree001,TSAL20260626_0830_forgetAndForgetFree001,20260610,20260626,31,0.4822075568889319
dropout_clean_fixed31,relative_position,30,20260817,4,R2->R1,TSAL20260610_0830_forgetAndForgetFree001,TSAL20260626_0830_forgetAndForgetFree001,20260610,20260626,31,0.41416186708992564
dropout_clean_fixed31,relative_position,30,20260817,5,R1->R2,TSAL20260610_0830_forgetAndForgetFree001,TSAL20260627_0830_forgetAndForgetFree001,20260610,20260627,31,0.5011914083272474
dropout_clean_fixed31,relative_position,30,20260817,5,R2->R1,TSAL20260610_0830_forgetAndForgetFree001,TSAL20260627_0830_forgetAndForgetFree001,20260610,20260627,31,0.5166981238372631
dropout_clean_fixed31,relative_position,30,20260817,6,R1->R2,TSAL20260610_0830_forgetAndForgetFree001,TSAL20260628_0830_forgetAndForgetFree001,20260610,20260628,31,0.4523082144808177
dropout_clean_fixed31,relative_position,30,20260817,6,R2->R1,TSAL20260610_0830_forgetAndForgetFree001,TSAL20260628_0830_forgetAndForgetFree001,20260610,20260628,31,0.6392529837831095
dropout_clean_fixed31,relative_position,30,20260817,7,R1->R2,TSAL20260611_0830_forgetAndForgetFree001,TSAL20260626_0830_forgetAndForgetFree001,20260611,20260626,31,0.4716893659709641
dropout_clean_fixed31,relative_position,30,20260817,7,R2->R1,TSAL20260611_0830_forgetAndForgetFree001,TSAL20260626_0830_forgetAndForgetFree001,20260611,20260626,31,0.3123817158932753
dropout_clean_fixed31,relative_position,30,20260817,8,R1->R2,TSAL20260611_0830_forgetAndForgetFree001,TSAL20260627_0830_forgetAndForgetFree001,20260611,20260627,31,0.41429700473275766
dropout_clean_fixed31,relative_position,30,20260817,8,R2->R1,TSAL20260611_0830_forgetAndForgetFree001,TSAL20260627_0830_forgetAndForgetFree001,20260611,20260627,31,0.532582065079454
dropout_clean_fixed31,relative_position,30,20260817,9,R1->R2,TSAL20260611_0830_forgetAndForgetFree001,TSAL20260628_0830_forgetAndForgetFree001,20260611,20260628,31,0.6911735077643173
dropout_clean_fixed31,relative_position,30,20260817,9,R2->R1,TSAL20260611_0830_forgetAndForgetFree001,TSAL20260628_0830_forgetAndForgetFree001,20260611,20260628,31,0.5031298647443583
dropout_clean_fixed31,relative_position,31,20260817,1,R1->R2,TSAL20260609_0830_forgetAndForgetFree001,TSAL20260626_0830_forgetAndForgetFree001,20260609,20260626,31,0.501483694348446
dropout_clean_fixed31,relative_position,31,20260817,1,R2->R1,TSAL20260609_0830_forgetAndForgetFree001,TSAL20260626_0830_forgetAndForgetFree001,20260609,20260626,31,0.3232157739725498
dropout_clean_fixed31,relative_position,31,20260817,2,R1->R2,TSAL20260609_0830_forgetAndForgetFree001,TSAL20260627_0830_forgetAndForgetFree001,20260609,20260627,31,0.38335624694815873
dropout_clean_fixed31,relative_position,31,20260817,2,R2->R1,TSAL20260609_0830_forgetAndForgetFree001,TSAL20260627_0830_forgetAndForgetFree001,20260609,20260627,31,0.3977054267230737
dropout_clean_fixed31,relative_position,31,20260817,3,R1->R2,TSAL20260609_0830_forgetAndForgetFree001,TSAL20260628_0830_forgetAndForgetFree001,20260609,20260628,31,0.45942924949277586
dropout_clean_fixed31,relative_position,31,20260817,3,R2->R1,TSAL20260609_0830_forgetAndForgetFree001,TSAL20260628_0830_forgetAndForgetFree001,20260609,20260628,31,0.5374312432010155
dropout_clean_fixed31,relative_position,31,20260817,4,R1->R2,TSAL20260610_0830_forgetAndForgetFree001,TSAL20260626_0830_forgetAndForgetFree001,20260610,20260626,31,0.3874735299659497
dropout_clean_fixed31,relative_position,31,20260817,4,R2->R1,TSAL20260610_0830_forgetAndForgetFree001,TSAL20260626_0830_forgetAndForgetFree001,20260610,20260626,31,0.35621053364602
dropout_clean_fixed31,relative_position,31,20260817,5,R1->R2,TSAL20260610_0830_forgetAndForgetFree001,TSAL20260627_0830_forgetAndForgetFree001,20260610,20260627,31,0.5313621429580301
dropout_clean_fixed31,relative_position,31,20260817,5,R2->R1,TSAL20260610_0830_forgetAndForgetFree001,TSAL20260627_0830_forgetAndForgetFree001,20260610,20260627,31,0.5906361077154076
dropout_clean_fixed31,relative_position,31,20260817,6,R1->R2,TSAL20260610_0830_forgetAndForgetFree001,TSAL20260628_0830_forgetAndForgetFree001,20260610,20260628,31,0.47087674020107473
dropout_clean_fixed31,relative_position,31,20260817,6,R2->R1,TSAL20260610_0830_forgetAndForgetFree001,TSAL20260628_0830_forgetAndForgetFree001,20260610,20260628,31,0.5974141213924309
dropout_clean_fixed31,relative_position,31,20260817,7,R1->R2,TSAL20260611_0830_forgetAndForgetFree001,TSAL20260626_0830_forgetAndForgetFree001,20260611,20260626,31,0.3786825043435541
dropout_clean_fixed31,relative_position,31,20260817,7,R2->R1,TSAL20260611_0830_forgetAndForgetFree001,TSAL20260626_0830_forgetAndForgetFree001,20260611,20260626,31,0.30403826138321305
dropout_clean_fixed31,relative_position,31,20260817,8,R1->R2,TSAL20260611_0830_forgetAndForgetFree001,TSAL20260627_0830_forgetAndForgetFree001,20260611,20260627,31,0.5328566007155422
dropout_clean_fixed31,relative_position,31,20260817,8,R2->R1,TSAL20260611_0830_forgetAndForgetFree001,TSAL20260627_0830_forgetAndForgetFree001,20260611,20260627,31,0.25241591206400665
dropout_clean_fixed31,relative_position,31,20260817,9,R1->R2,TSAL20260611_0830_forgetAndForgetFree001,TSAL20260628_0830_forgetAndForgetFree001,20260611,20260628,31,0.5276898152340677
dropout_clean_fixed31,relative_position,31,20260817,9,R2->R1,TSAL20260611_0830_forgetAndForgetFree001,TSAL20260628_0830_forgetAndForgetFree001,20260611,20260628,31,0.5777101416309345
dropout_clean_fixed31,relative_position,32,20260817,1,R1->R2,TSAL20260609_0830_forgetAndForgetFree001,TSAL20260626_0830_forgetAndForgetFree001,20260609,20260626,31,0.5263594569101562
dropout_clean_fixed31,relative_position,32,20260817,1,R2->R1,TSAL20260609_0830_forgetAndForgetFree001,TSAL20260626_0830_forgetAndForgetFree001,20260609,20260626,31,0.48472312064846873
dropout_clean_fixed31,relative_position,32,20260817,2,R1->R2,TSAL20260609_0830_forgetAndForgetFree001,TSAL20260627_0830_forgetAndForgetFree001,20260609,20260627,31,0.3329987773350383
dropout_clean_fixed31,relative_position,32,20260817,2,R2->R1,TSAL20260609_0830_forgetAndForgetFree001,TSAL20260627_0830_forgetAndForgetFree001,20260609,20260627,31,0.6446145909965146
dropout_clean_fixed31,relative_position,32,20260817,3,R1->R2,TSAL20260609_0830_forgetAndForgetFree001,TSAL20260628_0830_forgetAndForgetFree001,20260609,20260628,31,0.5342298665791876
dropout_clean_fixed31,relative_position,32,20260817,3,R2->R1,TSAL20260609_0830_forgetAndForgetFree001,TSAL20260628_0830_forgetAndForgetFree001,20260609,20260628,31,0.7035774779855541
dropout_clean_fixed31,relative_position,32,20260817,4,R1->R2,TSAL20260610_0830_forgetAndForgetFree001,TSAL20260626_0830_forgetAndForgetFree001,20260610,20260626,31,0.39263210685594013
dropout_clean_fixed31,relative_position,32,20260817,4,R2->R1,TSAL20260610_0830_forgetAndForgetFree001,TSAL20260626_0830_forgetAndForgetFree001,20260610,20260626,31,0.20673109029063666
dropout_clean_fixed31,relative_position,32,20260817,5,R1->R2,TSAL20260610_0830_forgetAndForgetFree001,TSAL20260627_0830_forgetAndForgetFree001,20260610,20260627,31,0.47023388494747964
dropout_clean_fixed31,relative_position,32,20260817,5,R2->R1,TSAL20260610_0830_forgetAndForgetFree001,TSAL20260627_0830_forgetAndForgetFree001,20260610,20260627,31,0.32931641471235484
dropout_clean_fixed31,relative_position,32,20260817,6,R1->R2,TSAL20260610_0830_forgetAndForgetFree001,TSAL20260628_0830_forgetAndForgetFree001,20260610,20260628,31,0.36485248457621455
dropout_clean_fixed31,relative_position,32,20260817,6,R2->R1,TSAL20260610_0830_forgetAndForgetFree001,TSAL20260628_0830_forgetAndForgetFree001,20260610,20260628,31,0.614347420003678
dropout_clean_fixed31,relative_position,32,20260817,7,R1->R2,TSAL20260611_0830_forgetAndForgetFree001,TSAL20260626_0830_forgetAndForgetFree001,20260611,20260626,31,0.5410352546063014
dropout_clean_fixed31,relative_position,32,20260817,7,R2->R1,TSAL20260611_0830_forgetAndForgetFree001,TSAL20260626_0830_forgetAndForgetFree001,20260611,20260626,31,0.33312108519581635
dropout_clean_fixed31,relative_position,32,20260817,8,R1->R2,TSAL20260611_0830_forgetAndForgetFree001,TSAL20260627_0830_forgetAndForgetFree001,20260611,20260627,31,0.46095854799958996
dropout_clean_fixed31,relative_position,32,20260817,8,R2->R1,TSAL20260611_0830_forgetAndForgetFree001,TSAL20260627_0830_forgetAndForgetFree001,20260611,20260627,31,0.43465115270503224
dropout_clean_fixed31,relative_position,32,20260817,9,R1->R2,TSAL20260611_0830_forgetAndForgetFree001,TSAL20260628_0830_forgetAndForgetFree001,20260611,20260628,31,0.4931544740874607
dropout_clean_fixed31,relative_position,32,20260817,9,R2->R1,TSAL20260611_0830_forgetAndForgetFree001,TSAL20260628_0830_forgetAndForgetFree001,20260611,20260628,31,0.5163677549913657
dropout_clean_fixed31,relative_position,33,20260817,1,R1->R2,TSAL20260609_0830_forgetAndForgetFree001,TSAL20260626_0830_forgetAndForgetFree001,20260609,20260626,31,0.5090537782751168
dropout_clean_fixed31,relative_position,33,20260817,1,R2->R1,TSAL20260609_0830_forgetAndForgetFree001,TSAL20260626_0830_forgetAndForgetFree001,20260609,20260626,31,0.3223520369542524
dropout_clean_fixed31,relative_position,33,20260817,2,R1->R2,TSAL20260609_0830_forgetAndForgetFree001,TSAL20260627_0830_forgetAndForgetFree001,20260609,20260627,31,0.5051686386558023
dropout_clean_fixed31,relative_position,33,20260817,2,R2->R1,TSAL20260609_0830_forgetAndForgetFree001,TSAL20260627_0830_forgetAndForgetFree001,20260609,20260627,31,0.39683233223999764
dropout_clean_fixed31,relative_position,33,20260817,3,R1->R2,TSAL20260609_0830_forgetAndForgetFree001,TSAL20260628_0830_forgetAndForgetFree001,20260609,20260628,31,0.40186856058952103
dropout_clean_fixed31,relative_position,33,20260817,3,R2->R1,TSAL20260609_0830_forgetAndForgetFree001,TSAL20260628_0830_forgetAndForgetFree001,20260609,20260628,31,0.5669399743187274
dropout_clean_fixed31,relative_position,33,20260817,4,R1->R2,TSAL20260610_0830_forgetAndForgetFree001,TSAL20260626_0830_forgetAndForgetFree001,20260610,20260626,31,0.47179647672009584
dropout_clean_fixed31,relative_position,33,20260817,4,R2->R1,TSAL20260610_0830_forgetAndForgetFree001,TSAL20260626_0830_forgetAndForgetFree001,20260610,20260626,31,0.4594243895197254
dropout_clean_fixed31,relative_position,33,20260817,5,R1->R2,TSAL20260610_0830_forgetAndForgetFree001,TSAL20260627_0830_forgetAndForgetFree001,20260610,20260627,31,0.45605602899296904
dropout_clean_fixed31,relative_position,33,20260817,5,R2->R1,TSAL20260610_0830_forgetAndForgetFree001,TSAL20260627_0830_forgetAndForgetFree001,20260610,20260627,31,0.43765473099510804
dropout_clean_fixed31,relative_position,33,20260817,6,R1->R2,TSAL20260610_0830_forgetAndForgetFree001,TSAL20260628_0830_forgetAndForgetFree001,20260610,20260628,31,0.5720552801082932
dropout_clean_fixed31,relative_position,33,20260817,6,R2->R1,TSAL20260610_0830_forgetAndForgetFree001,TSAL20260628_0830_forgetAndForgetFree001,20260610,20260628,31,0.558727778754265
dropout_clean_fixed31,relative_position,33,20260817,7,R1->R2,TSAL20260611_0830_forgetAndForgetFree001,TSAL20260626_0830_forgetAndForgetFree001,20260611,20260626,31,0.3989313993446242
dropout_clean_fixed31,relative_position,33,20260817,7,R2->R1,TSAL20260611_0830_forgetAndForgetFree001,TSAL20260626_0830_forgetAndForgetFree001,20260611,20260626,31,0.42863906996344237
dropout_clean_fixed31,relative_position,33,20260817,8,R1->R2,TSAL20260611_0830_forgetAndForgetFree001,TSAL20260627_0830_forgetAndForgetFree001,20260611,20260627,31,0.5489072623433778
dropout_clean_fixed31,relative_position,33,20260817,8,R2->R1,TSAL20260611_0830_forgetAndForgetFree001,TSAL20260627_0830_forgetAndForgetFree001,20260611,20260627,31,0.2420559564756155
dropout_clean_fixed31,relative_position,33,20260817,9,R1->R2,TSAL20260611_0830_forgetAndForgetFree001,TSAL20260628_0830_forgetAndForgetFree001,20260611,20260628,31,0.348355384907368
dropout_clean_fixed31,relative_position,33,20260817,9,R2->R1,TSAL20260611_0830_forgetAndForgetFree001,TSAL20260628_0830_forgetAndForgetFree001,20260611,20260628,31,0.6678700893738546
dropout_clean_fixed31,relative_position,34,20260817,1,R1->R2,TSAL20260609_0830_forgetAndForgetFree001,TSAL20260626_0830_forgetAndForgetFree001,20260609,20260626,31,0.4888486253550105
dropout_clean_fixed31,relative_position,34,20260817,1,R2->R1,TSAL20260609_0830_forgetAndForgetFree001,TSAL20260626_0830_forgetAndForgetFree001,20260609,20260626,31,0.468054836721378
dropout_clean_fixed31,relative_position,34,20260817,2,R1->R2,TSAL20260609_0830_forgetAndForgetFree001,TSAL20260627_0830_forgetAndForgetFree001,20260609,20260627,31,0.44278669389350483
dropout_clean_fixed31,relative_position,34,20260817,2,R2->R1,TSAL20260609_0830_forgetAndForgetFree001,TSAL20260627_0830_forgetAndForgetFree001,20260609,20260627,31,0.5632433491061148
dropout_clean_fixed31,relative_position,34,20260817,3,R1->R2,TSAL20260609_0830_forgetAndForgetFree001,TSAL20260628_0830_forgetAndForgetFree001,20260609,20260628,31,0.5045063833556889
dropout_clean_fixed31,relative_position,34,20260817,3,R2->R1,TSAL20260609_0830_forgetAndForgetFree001,TSAL20260628_0830_forgetAndForgetFree001,20260609,20260628,31,0.706319557465441
dropout_clean_fixed31,relative_position,34,20260817,4,R1->R2,TSAL20260610_0830_forgetAndForgetFree001,TSAL20260626_0830_forgetAndForgetFree001,20260610,20260626,31,0.4866748019018021
dropout_clean_fixed31,relative_position,34,20260817,4,R2->R1,TSAL20260610_0830_forgetAndForgetFree001,TSAL20260626_0830_forgetAndForgetFree001,20260610,20260626,31,0.44798867822519345
dropout_clean_fixed31,relative_position,34,20260817,5,R1->R2,TSAL20260610_0830_forgetAndForgetFree001,TSAL20260627_0830_forgetAndForgetFree001,20260610,20260627,31,0.4194142280124981
dropout_clean_fixed31,relative_position,34,20260817,5,R2->R1,TSAL20260610_0830_forgetAndForgetFree001,TSAL20260627_0830_forgetAndForgetFree001,20260610,20260627,31,0.41609109426349317
dropout_clean_fixed31,relative_position,34,20260817,6,R1->R2,TSAL20260610_0830_forgetAndForgetFree001,TSAL20260628_0830_forgetAndForgetFree001,20260610,20260628,31,0.37955688292792256
dropout_clean_fixed31,relative_position,34,20260817,6,R2->R1,TSAL20260610_0830_forgetAndForgetFree001,TSAL20260628_0830_forgetAndForgetFree001,20260610,20260628,31,0.5231431920200189
dropout_clean_fixed31,relative_position,34,20260817,7,R1->R2,TSAL20260611_0830_forgetAndForgetFree001,TSAL20260626_0830_forgetAndForgetFree001,20260611,20260626,31,0.49867415748757166
dropout_clean_fixed31,relative_position,34,20260817,7,R2->R1,TSAL20260611_0830_forgetAndForgetFree001,TSAL20260626_0830_forgetAndForgetFree001,20260611,20260626,31,0.3627085841752568
dropout_clean_fixed31,relative_position,34,20260817,8,R1->R2,TSAL20260611_0830_forgetAndForgetFree001,TSAL20260627_0830_forgetAndForgetFree001,20260611,20260627,31,0.5611979850401574
dropout_clean_fixed31,relative_position,34,20260817,8,R2->R1,TSAL20260611_0830_forgetAndForgetFree001,TSAL20260627_0830_forgetAndForgetFree001,20260611,20260627,31,0.5833238930824601
dropout_clean_fixed31,relative_position,34,20260817,9,R1->R2,TSAL20260611_0830_forgetAndForgetFree001,TSAL20260628_0830_forgetAndForgetFree001,20260611,20260628,31,0.6291812117628058
dropout_clean_fixed31,relative_position,34,20260817,9,R2->R1,TSAL20260611_0830_forgetAndForgetFree001,TSAL20260628_0830_forgetAndForgetFree001,20260611,20260628,31,0.6083205663595364
dropout_clean_fixed31,relative_position,35,20260817,1,R1->R2,TSAL20260609_0830_forgetAndForgetFree001,TSAL20260626_0830_forgetAndForgetFree001,20260609,20260626,31,0.4168750719416903
dropout_clean_fixed31,relative_position,35,20260817,1,R2->R1,TSAL20260609_0830_forgetAndForgetFree001,TSAL20260626_0830_forgetAndForgetFree001,20260609,20260626,31,0.43896397736697895
dropout_clean_fixed31,relative_position,35,20260817,2,R1->R2,TSAL20260609_0830_forgetAndForgetFree001,TSAL20260627_0830_forgetAndForgetFree001,20260609,20260627,31,0.37270426347588215
dropout_clean_fixed31,relative_position,35,20260817,2,R2->R1,TSAL20260609_0830_forgetAndForgetFree001,TSAL20260627_0830_forgetAndForgetFree001,20260609,20260627,31,0.6410983459938555
dropout_clean_fixed31,relative_position,35,20260817,3,R1->R2,TSAL20260609_0830_forgetAndForgetFree001,TSAL20260628_0830_forgetAndForgetFree001,20260609,20260628,31,0.6150013174434843
dropout_clean_fixed31,relative_position,35,20260817,3,R2->R1,TSAL20260609_0830_forgetAndForgetFree001,TSAL20260628_0830_forgetAndForgetFree001,20260609,20260628,31,0.7125579829383436
dropout_clean_fixed31,relative_position,35,20260817,4,R1->R2,TSAL20260610_0830_forgetAndForgetFree001,TSAL20260626_0830_forgetAndForgetFree001,20260610,20260626,31,0.4892510137982011
dropout_clean_fixed31,relative_position,35,20260817,4,R2->R1,TSAL20260610_0830_forgetAndForgetFree001,TSAL20260626_0830_forgetAndForgetFree001,20260610,20260626,31,0.35872049985306625
dropout_clean_fixed31,relative_position,35,20260817,5,R1->R2,TSAL20260610_0830_forgetAndForgetFree001,TSAL20260627_0830_forgetAndForgetFree001,20260610,20260627,31,0.4507033042393776
dropout_clean_fixed31,relative_position,35,20260817,5,R2->R1,TSAL20260610_0830_forgetAndForgetFree001,TSAL20260627_0830_forgetAndForgetFree001,20260610,20260627,31,0.5847586747432734
dropout_clean_fixed31,relative_position,35,20260817,6,R1->R2,TSAL20260610_0830_forgetAndForgetFree001,TSAL20260628_0830_forgetAndForgetFree001,20260610,20260628,31,0.4579014222979576
dropout_clean_fixed31,relative_position,35,20260817,6,R2->R1,TSAL20260610_0830_forgetAndForgetFree001,TSAL20260628_0830_forgetAndForgetFree001,20260610,20260628,31,0.42265630923625824
dropout_clean_fixed31,relative_position,35,20260817,7,R1->R2,TSAL20260611_0830_forgetAndForgetFree001,TSAL20260626_0830_forgetAndForgetFree001,20260611,20260626,31,0.4844444297975835
dropout_clean_fixed31,relative_position,35,20260817,7,R2->R1,TSAL20260611_0830_forgetAndForgetFree001,TSAL20260626_0830_forgetAndForgetFree001,20260611,20260626,31,0.2568123619744919
dropout_clean_fixed31,relative_position,35,20260817,8,R1->R2,TSAL20260611_0830_forgetAndForgetFree001,TSAL20260627_0830_forgetAndForgetFree001,20260611,20260627,31,0.36794393833390693
dropout_clean_fixed31,relative_position,35,20260817,8,R2->R1,TSAL20260611_0830_forgetAndForgetFree001,TSAL20260627_0830_forgetAndForgetFree001,20260611,20260627,31,0.477505810504428
dropout_clean_fixed31,relative_position,35,20260817,9,R1->R2,TSAL20260611_0830_forgetAndForgetFree001,TSAL20260628_0830_forgetAndForgetFree001,20260611,20260628,31,0.43899685156598856
dropout_clean_fixed31,relative_position,35,20260817,9,R2->R1,TSAL20260611_0830_forgetAndForgetFree001,TSAL20260628_0830_forgetAndForgetFree001,20260611,20260628,31,0.5610445740227828
dropout_clean_fixed31,relative_position,36,20260817,1,R1->R2,TSAL20260609_0830_forgetAndForgetFree001,TSAL20260626_0830_forgetAndForgetFree001,20260609,20260626,31,0.582495474392457
dropout_clean_fixed31,relative_position,36,20260817,1,R2->R1,TSAL20260609_0830_forgetAndForgetFree001,TSAL20260626_0830_forgetAndForgetFree001,20260609,20260626,31,0.48912249358388293
dropout_clean_fixed31,relative_position,36,20260817,2,R1->R2,TSAL20260609_0830_forgetAndForgetFree001,TSAL20260627_0830_forgetAndForgetFree001,20260609,20260627,31,0.4959848375219881
dropout_clean_fixed31,relative_position,36,20260817,2,R2->R1,TSAL20260609_0830_forgetAndForgetFree001,TSAL20260627_0830_forgetAndForgetFree001,20260609,20260627,31,0.45261543935237036
dropout_clean_fixed31,relative_position,36,20260817,3,R1->R2,TSAL20260609_0830_forgetAndForgetFree001,TSAL20260628_0830_forgetAndForgetFree001,20260609,20260628,31,0.5028102434963828
dropout_clean_fixed31,relative_position,36,20260817,3,R2->R1,TSAL20260609_0830_forgetAndForgetFree001,TSAL20260628_0830_forgetAndForgetFree001,20260609,20260628,31,0.504506022325625
dropout_clean_fixed31,relative_position,36,20260817,4,R1->R2,TSAL20260610_0830_forgetAndForgetFree001,TSAL20260626_0830_forgetAndForgetFree001,20260610,20260626,31,0.5148727316738411
dropout_clean_fixed31,relative_position,36,20260817,4,R2->R1,TSAL20260610_0830_forgetAndForgetFree001,TSAL20260626_0830_forgetAndForgetFree001,20260610,20260626,31,0.46942796432018147
dropout_clean_fixed31,relative_position,36,20260817,5,R1->R2,TSAL20260610_0830_forgetAndForgetFree001,TSAL20260627_0830_forgetAndForgetFree001,20260610,20260627,31,0.4695478187831331
dropout_clean_fixed31,relative_position,36,20260817,5,R2->R1,TSAL20260610_0830_forgetAndForgetFree001,TSAL20260627_0830_forgetAndForgetFree001,20260610,20260627,31,0.5619854251777205
dropout_clean_fixed31,relative_position,36,20260817,6,R1->R2,TSAL20260610_0830_forgetAndForgetFree001,TSAL20260628_0830_forgetAndForgetFree001,20260610,20260628,31,0.39018885817240895
dropout_clean_fixed31,relative_position,36,20260817,6,R2->R1,TSAL20260610_0830_forgetAndForgetFree001,TSAL20260628_0830_forgetAndForgetFree001,20260610,20260628,31,0.6307729168239665
dropout_clean_fixed31,relative_position,36,20260817,7,R1->R2,TSAL20260611_0830_forgetAndForgetFree001,TSAL20260626_0830_forgetAndForgetFree001,20260611,20260626,31,0.4001829254562411
dropout_clean_fixed31,relative_position,36,20260817,7,R2->R1,TSAL20260611_0830_forgetAndForgetFree001,TSAL20260626_0830_forgetAndForgetFree001,20260611,20260626,31,0.16435776007336528
dropout_clean_fixed31,relative_position,36,20260817,8,R1->R2,TSAL20260611_0830_forgetAndForgetFree001,TSAL20260627_0830_forgetAndForgetFree001,20260611,20260627,31,0.48247416852767094
dropout_clean_fixed31,relative_position,36,20260817,8,R2->R1,TSAL20260611_0830_forgetAndForgetFree001,TSAL20260627_0830_forgetAndForgetFree001,20260611,20260627,31,0.4156814623986396
dropout_clean_fixed31,relative_position,36,20260817,9,R1->R2,TSAL20260611_0830_forgetAndForgetFree001,TSAL20260628_0830_forgetAndForgetFree001,20260611,20260628,31,0.5708712483952069
dropout_clean_fixed31,relative_position,36,20260817,9,R2->R1,TSAL20260611_0830_forgetAndForgetFree001,TSAL20260628_0830_forgetAndForgetFree001,20260611,20260628,31,0.5277694758797036
dropout_clean_fixed31,relative_position,37,20260817,1,R1->R2,TSAL20260609_0830_forgetAndForgetFree001,TSAL20260626_0830_forgetAndForgetFree001,20260609,20260626,31,0.48536372627376984
dropout_clean_fixed31,relative_position,37,20260817,1,R2->R1,TSAL20260609_0830_forgetAndForgetFree001,TSAL20260626_0830_forgetAndForgetFree001,20260609,20260626,31,0.4021334996019709
dropout_clean_fixed31,relative_position,37,20260817,2,R1->R2,TSAL20260609_0830_forgetAndForgetFree001,TSAL20260627_0830_forgetAndForgetFree001,20260609,20260627,31,0.5993177789977815
dropout_clean_fixed31,relative_position,37,20260817,2,R2->R1,TSAL20260609_0830_forgetAndForgetFree001,TSAL20260627_0830_forgetAndForgetFree001,20260609,20260627,31,0.3901209907972017
dropout_clean_fixed31,relative_position,37,20260817,3,R1->R2,TSAL20260609_0830_forgetAndForgetFree001,TSAL20260628_0830_forgetAndForgetFree001,20260609,20260628,31,0.4419648763290628
dropout_clean_fixed31,relative_position,37,20260817,3,R2->R1,TSAL20260609_0830_forgetAndForgetFree001,TSAL20260628_0830_forgetAndForgetFree001,20260609,20260628,31,0.6429282600626266
dropout_clean_fixed31,relative_position,37,20260817,4,R1->R2,TSAL20260610_0830_forgetAndForgetFree001,TSAL20260626_0830_forgetAndForgetFree001,20260610,20260626,31,0.492380122296585
dropout_clean_fixed31,relative_position,37,20260817,4,R2->R1,TSAL20260610_0830_forgetAndForgetFree001,TSAL20260626_0830_forgetAndForgetFree001,20260610,20260626,31,0.3086099024216289
dropout_clean_fixed31,relative_position,37,20260817,5,R1->R2,TSAL20260610_0830_forgetAndForgetFree001,TSAL20260627_0830_forgetAndForgetFree001,20260610,20260627,31,0.4670498989985774
dropout_clean_fixed31,relative_position,37,20260817,5,R2->R1,TSAL20260610_0830_forgetAndForgetFree001,TSAL20260627_0830_forgetAndForgetFree001,20260610,20260627,31,0.4430011177968918
dropout_clean_fixed31,relative_position,37,20260817,6,R1->R2,TSAL20260610_0830_forgetAndForgetFree001,TSAL20260628_0830_forgetAndForgetFree001,20260610,20260628,31,0.4297015146205784
dropout_clean_fixed31,relative_position,37,20260817,6,R2->R1,TSAL20260610_0830_forgetAndForgetFree001,TSAL20260628_0830_forgetAndForgetFree001,20260610,20260628,31,0.6335523671256493
dropout_clean_fixed31,relative_position,37,20260817,7,R1->R2,TSAL20260611_0830_forgetAndForgetFree001,TSAL20260626_0830_forgetAndForgetFree001,20260611,20260626,31,0.48688691059256867
dropout_clean_fixed31,relative_position,37,20260817,7,R2->R1,TSAL20260611_0830_forgetAndForgetFree001,TSAL20260626_0830_forgetAndForgetFree001,20260611,20260626,31,0.44691314430628315
dropout_clean_fixed31,relative_position,37,20260817,8,R1->R2,TSAL20260611_0830_forgetAndForgetFree001,TSAL20260627_0830_forgetAndForgetFree001,20260611,20260627,31,0.4785507990748863
dropout_clean_fixed31,relative_position,37,20260817,8,R2->R1,TSAL20260611_0830_forgetAndForgetFree001,TSAL20260627_0830_forgetAndForgetFree001,20260611,20260627,31,0.2858141875899824
dropout_clean_fixed31,relative_position,37,20260817,9,R1->R2,TSAL20260611_0830_forgetAndForgetFree001,TSAL20260628_0830_forgetAndForgetFree001,20260611,20260628,31,0.6481773831107671
dropout_clean_fixed31,relative_position,37,20260817,9,R2->R1,TSAL20260611_0830_forgetAndForgetFree001,TSAL20260628_0830_forgetAndForgetFree001,20260611,20260628,31,0.6267341423884137
dropout_clean_fixed31,relative_position,38,20260817,1,R1->R2,TSAL20260609_0830_forgetAndForgetFree001,TSAL20260626_0830_forgetAndForgetFree001,20260609,20260626,31,0.5080526002922677
dropout_clean_fixed31,relative_position,38,20260817,1,R2->R1,TSAL20260609_0830_forgetAndForgetFree001,TSAL20260626_0830_forgetAndForgetFree001,20260609,20260626,31,0.4270984898441619
dropout_clean_fixed31,relative_position,38,20260817,2,R1->R2,TSAL20260609_0830_forgetAndForgetFree001,TSAL20260627_0830_forgetAndForgetFree001,20260609,20260627,31,0.3885010296394296
dropout_clean_fixed31,relative_position,38,20260817,2,R2->R1,TSAL20260609_0830_forgetAndForgetFree001,TSAL20260627_0830_forgetAndForgetFree001,20260609,20260627,31,0.46131220779947835
dropout_clean_fixed31,relative_position,38,20260817,3,R1->R2,TSAL20260609_0830_forgetAndForgetFree001,TSAL20260628_0830_forgetAndForgetFree001,20260609,20260628,31,0.2848242957184385
dropout_clean_fixed31,relative_position,38,20260817,3,R2->R1,TSAL20260609_0830_forgetAndForgetFree001,TSAL20260628_0830_forgetAndForgetFree001,20260609,20260628,31,0.5511816684500624
dropout_clean_fixed31,relative_position,38,20260817,4,R1->R2,TSAL20260610_0830_forgetAndForgetFree001,TSAL20260626_0830_forgetAndForgetFree001,20260610,20260626,31,0.5838941902826843
dropout_clean_fixed31,relative_position,38,20260817,4,R2->R1,TSAL20260610_0830_forgetAndForgetFree001,TSAL20260626_0830_forgetAndForgetFree001,20260610,20260626,31,0.4268814165849366
dropout_clean_fixed31,relative_position,38,20260817,5,R1->R2,TSAL20260610_0830_forgetAndForgetFree001,TSAL20260627_0830_forgetAndForgetFree001,20260610,20260627,31,0.469524089249464
dropout_clean_fixed31,relative_position,38,20260817,5,R2->R1,TSAL20260610_0830_forgetAndForgetFree001,TSAL20260627_0830_forgetAndForgetFree001,20260610,20260627,31,0.4181488310648241
dropout_clean_fixed31,relative_position,38,20260817,6,R1->R2,TSAL20260610_0830_forgetAndForgetFree001,TSAL20260628_0830_forgetAndForgetFree001,20260610,20260628,31,0.4522343290594619
dropout_clean_fixed31,relative_position,38,20260817,6,R2->R1,TSAL20260610_0830_forgetAndForgetFree001,TSAL20260628_0830_forgetAndForgetFree001,20260610,20260628,31,0.5661569279707032
dropout_clean_fixed31,relative_position,38,20260817,7,R1->R2,TSAL20260611_0830_forgetAndForgetFree001,TSAL20260626_0830_forgetAndForgetFree001,20260611,20260626,31,0.5125475626217992
dropout_clean_fixed31,relative_position,38,20260817,7,R2->R1,TSAL20260611_0830_forgetAndForgetFree001,TSAL20260626_0830_forgetAndForgetFree001,20260611,20260626,31,0.4045976245727322
dropout_clean_fixed31,relative_position,38,20260817,8,R1->R2,TSAL20260611_0830_forgetAndForgetFree001,TSAL20260627_0830_forgetAndForgetFree001,20260611,20260627,31,0.5576692755496251
dropout_clean_fixed31,relative_position,38,20260817,8,R2->R1,TSAL20260611_0830_forgetAndForgetFree001,TSAL20260627_0830_forgetAndForgetFree001,20260611,20260627,31,0.4006312394872789
dropout_clean_fixed31,relative_position,38,20260817,9,R1->R2,TSAL20260611_0830_forgetAndForgetFree001,TSAL20260628_0830_forgetAndForgetFree001,20260611,20260628,31,0.4076720448578917
dropout_clean_fixed31,relative_position,38,20260817,9,R2->R1,TSAL20260611_0830_forgetAndForgetFree001,TSAL20260628_0830_forgetAndForgetFree001,20260611,20260628,31,0.6066305837737208
dropout_clean_fixed31,relative_position,39,20260817,1,R1->R2,TSAL20260609_0830_forgetAndForgetFree001,TSAL20260626_0830_forgetAndForgetFree001,20260609,20260626,31,0.5458355784780363
dropout_clean_fixed31,relative_position,39,20260817,1,R2->R1,TSAL20260609_0830_forgetAndForgetFree001,TSAL20260626_0830_forgetAndForgetFree001,20260609,20260626,31,0.558662687007284
dropout_clean_fixed31,relative_position,39,20260817,2,R1->R2,TSAL20260609_0830_forgetAndForgetFree001,TSAL20260627_0830_forgetAndForgetFree001,20260609,20260627,31,0.3924830119535882
dropout_clean_fixed31,relative_position,39,20260817,2,R2->R1,TSAL20260609_0830_forgetAndForgetFree001,TSAL20260627_0830_forgetAndForgetFree001,20260609,20260627,31,0.5919660168735246
dropout_clean_fixed31,relative_position,39,20260817,3,R1->R2,TSAL20260609_0830_forgetAndForgetFree001,TSAL20260628_0830_forgetAndForgetFree001,20260609,20260628,31,0.6099655234244238
dropout_clean_fixed31,relative_position,39,20260817,3,R2->R1,TSAL20260609_0830_forgetAndForgetFree001,TSAL20260628_0830_forgetAndForgetFree001,20260609,20260628,31,0.7074454841610742
dropout_clean_fixed31,relative_position,39,20260817,4,R1->R2,TSAL20260610_0830_forgetAndForgetFree001,TSAL20260626_0830_forgetAndForgetFree001,20260610,20260626,31,0.4894132903034554
dropout_clean_fixed31,relative_position,39,20260817,4,R2->R1,TSAL20260610_0830_forgetAndForgetFree001,TSAL20260626_0830_forgetAndForgetFree001,20260610,20260626,31,0.31071869899793314
dropout_clean_fixed31,relative_position,39,20260817,5,R1->R2,TSAL20260610_0830_forgetAndForgetFree001,TSAL20260627_0830_forgetAndForgetFree001,20260610,20260627,31,0.33797423857790254
dropout_clean_fixed31,relative_position,39,20260817,5,R2->R1,TSAL20260610_0830_forgetAndForgetFree001,TSAL20260627_0830_forgetAndForgetFree001,20260610,20260627,31,0.5284388632329575
dropout_clean_fixed31,relative_position,39,20260817,6,R1->R2,TSAL20260610_0830_forgetAndForgetFree001,TSAL20260628_0830_forgetAndForgetFree001,20260610,20260628,31,0.4384373082599968
dropout_clean_fixed31,relative_position,39,20260817,6,R2->R1,TSAL20260610_0830_forgetAndForgetFree001,TSAL20260628_0830_forgetAndForgetFree001,20260610,20260628,31,0.5225422277822545
dropout_clean_fixed31,relative_position,39,20260817,7,R1->R2,TSAL20260611_0830_forgetAndForgetFree001,TSAL20260626_0830_forgetAndForgetFree001,20260611,20260626,31,0.44167786489235633
dropout_clean_fixed31,relative_position,39,20260817,7,R2->R1,TSAL20260611_0830_forgetAndForgetFree001,TSAL20260626_0830_forgetAndForgetFree001,20260611,20260626,31,0.4511275148362841
dropout_clean_fixed31,relative_position,39,20260817,8,R1->R2,TSAL20260611_0830_forgetAndForgetFree001,TSAL20260627_0830_forgetAndForgetFree001,20260611,20260627,31,0.4374261857197526
dropout_clean_fixed31,relative_position,39,20260817,8,R2->R1,TSAL20260611_0830_forgetAndForgetFree001,TSAL20260627_0830_forgetAndForgetFree001,20260611,20260627,31,0.3800129594192267
dropout_clean_fixed31,relative_position,39,20260817,9,R1->R2,TSAL20260611_0830_forgetAndForgetFree001,TSAL20260628_0830_forgetAndForgetFree001,20260611,20260628,31,0.18741148840393285
dropout_clean_fixed31,relative_position,39,20260817,9,R2->R1,TSAL20260611_0830_forgetAndForgetFree001,TSAL20260628_0830_forgetAndForgetFree001,20260611,20260628,31,0.593523973187571
dropout_clean_fixed31,relative_position,40,20260817,1,R1->R2,TSAL20260609_0830_forgetAndForgetFree001,TSAL20260626_0830_forgetAndForgetFree001,20260609,20260626,31,0.49782679305189975
dropout_clean_fixed31,relative_position,40,20260817,1,R2->R1,TSAL20260609_0830_forgetAndForgetFree001,TSAL20260626_0830_forgetAndForgetFree001,20260609,20260626,31,0.5574151465096787
dropout_clean_fixed31,relative_position,40,20260817,2,R1->R2,TSAL20260609_0830_forgetAndForgetFree001,TSAL20260627_0830_forgetAndForgetFree001,20260609,20260627,31,0.5044980844880478
dropout_clean_fixed31,relative_position,40,20260817,2,R2->R1,TSAL20260609_0830_forgetAndForgetFree001,TSAL20260627_0830_forgetAndForgetFree001,20260609,20260627,31,0.3805965709781583
dropout_clean_fixed31,relative_position,40,20260817,3,R1->R2,TSAL20260609_0830_forgetAndForgetFree001,TSAL20260628_0830_forgetAndForgetFree001,20260609,20260628,31,0.3704713284542998
dropout_clean_fixed31,relative_position,40,20260817,3,R2->R1,TSAL20260609_0830_forgetAndForgetFree001,TSAL20260628_0830_forgetAndForgetFree001,20260609,20260628,31,0.6117057235347616
dropout_clean_fixed31,relative_position,40,20260817,4,R1->R2,TSAL20260610_0830_forgetAndForgetFree001,TSAL20260626_0830_forgetAndForgetFree001,20260610,20260626,31,0.4510096395106424
dropout_clean_fixed31,relative_position,40,20260817,4,R2->R1,TSAL20260610_0830_forgetAndForgetFree001,TSAL20260626_0830_forgetAndForgetFree001,20260610,20260626,31,0.4105166602555636
dropout_clean_fixed31,relative_position,40,20260817,5,R1->R2,TSAL20260610_0830_forgetAndForgetFree001,TSAL20260627_0830_forgetAndForgetFree001,20260610,20260627,31,0.4360469452556877
dropout_clean_fixed31,relative_position,40,20260817,5,R2->R1,TSAL20260610_0830_forgetAndForgetFree001,TSAL20260627_0830_forgetAndForgetFree001,20260610,20260627,31,0.6255666100643683
dropout_clean_fixed31,relative_position,40,20260817,6,R1->R2,TSAL20260610_0830_forgetAndForgetFree001,TSAL20260628_0830_forgetAndForgetFree001,20260610,20260628,31,0.5464220916960363
dropout_clean_fixed31,relative_position,40,20260817,6,R2->R1,TSAL20260610_0830_forgetAndForgetFree001,TSAL20260628_0830_forgetAndForgetFree001,20260610,20260628,31,0.5991158538574238
dropout_clean_fixed31,relative_position,40,20260817,7,R1->R2,TSAL20260611_0830_forgetAndForgetFree001,TSAL20260626_0830_forgetAndForgetFree001,20260611,20260626,31,0.4708560252243176
dropout_clean_fixed31,relative_position,40,20260817,7,R2->R1,TSAL20260611_0830_forgetAndForgetFree001,TSAL20260626_0830_forgetAndForgetFree001,20260611,20260626,31,0.24288210653104333
dropout_clean_fixed31,relative_position,40,20260817,8,R1->R2,TSAL20260611_0830_forgetAndForgetFree001,TSAL20260627_0830_forgetAndForgetFree001,20260611,20260627,31,0.4457566263539683
dropout_clean_fixed31,relative_position,40,20260817,8,R2->R1,TSAL20260611_0830_forgetAndForgetFree001,TSAL20260627_0830_forgetAndForgetFree001,20260611,20260627,31,0.605810885788307
dropout_clean_fixed31,relative_position,40,20260817,9,R1->R2,TSAL20260611_0830_forgetAndForgetFree001,TSAL20260628_0830_forgetAndForgetFree001,20260611,20260628,31,0.5309681805688073
dropout_clean_fixed31,relative_position,40,20260817,9,R2->R1,TSAL20260611_0830_forgetAndForgetFree001,TSAL20260628_0830_forgetAndForgetFree001,20260611,20260628,31,0.49470539145491
dropout_clean_fixed31,relative_position,41,20260817,1,R1->R2,TSAL20260609_0830_forgetAndForgetFree001,TSAL20260626_0830_forgetAndForgetFree001,20260609,20260626,31,0.5387531075411068
dropout_clean_fixed31,relative_position,41,20260817,1,R2->R1,TSAL20260609_0830_forgetAndForgetFree001,TSAL20260626_0830_forgetAndForgetFree001,20260609,20260626,31,0.6372349618326608
dropout_clean_fixed31,relative_position,41,20260817,2,R1->R2,TSAL20260609_0830_forgetAndForgetFree001,TSAL20260627_0830_forgetAndForgetFree001,20260609,20260627,31,0.4597828353623955
dropout_clean_fixed31,relative_position,41,20260817,2,R2->R1,TSAL20260609_0830_forgetAndForgetFree001,TSAL20260627_0830_forgetAndForgetFree001,20260609,20260627,31,0.37758727902122735
dropout_clean_fixed31,relative_position,41,20260817,3,R1->R2,TSAL20260609_0830_forgetAndForgetFree001,TSAL20260628_0830_forgetAndForgetFree001,20260609,20260628,31,0.38792314140514644
dropout_clean_fixed31,relative_position,41,20260817,3,R2->R1,TSAL20260609_0830_forgetAndForgetFree001,TSAL20260628_0830_forgetAndForgetFree001,20260609,20260628,31,0.7169115612068465
dropout_clean_fixed31,relative_position,41,20260817,4,R1->R2,TSAL20260610_0830_forgetAndForgetFree001,TSAL20260626_0830_forgetAndForgetFree001,20260610,20260626,31,0.406182024398909
dropout_clean_fixed31,relative_position,41,20260817,4,R2->R1,TSAL20260610_0830_forgetAndForgetFree001,TSAL20260626_0830_forgetAndForgetFree001,20260610,20260626,31,0.3994808083233624
dropout_clean_fixed31,relative_position,41,20260817,5,R1->R2,TSAL20260610_0830_forgetAndForgetFree001,TSAL20260627_0830_forgetAndForgetFree001,20260610,20260627,31,0.42195110703830796
dropout_clean_fixed31,relative_position,41,20260817,5,R2->R1,TSAL20260610_0830_forgetAndForgetFree001,TSAL20260627_0830_forgetAndForgetFree001,20260610,20260627,31,0.2719577876263659
dropout_clean_fixed31,relative_position,41,20260817,6,R1->R2,TSAL20260610_0830_forgetAndForgetFree001,TSAL20260628_0830_forgetAndForgetFree001,20260610,20260628,31,0.45075561719034907
dropout_clean_fixed31,relative_position,41,20260817,6,R2->R1,TSAL20260610_0830_forgetAndForgetFree001,TSAL20260628_0830_forgetAndForgetFree001,20260610,20260628,31,0.5368935278310263
dropout_clean_fixed31,relative_position,41,20260817,7,R1->R2,TSAL20260611_0830_forgetAndForgetFree001,TSAL20260626_0830_forgetAndForgetFree001,20260611,20260626,31,0.5085543745400696
dropout_clean_fixed31,relative_position,41,20260817,7,R2->R1,TSAL20260611_0830_forgetAndForgetFree001,TSAL20260626_0830_forgetAndForgetFree001,20260611,20260626,31,0.34375846459165055
dropout_clean_fixed31,relative_position,41,20260817,8,R1->R2,TSAL20260611_0830_forgetAndForgetFree001,TSAL20260627_0830_forgetAndForgetFree001,20260611,20260627,31,0.5625889287524332
dropout_clean_fixed31,relative_position,41,20260817,8,R2->R1,TSAL20260611_0830_forgetAndForgetFree001,TSAL20260627_0830_forgetAndForgetFree001,20260611,20260627,31,0.4761769411953052
dropout_clean_fixed31,relative_position,41,20260817,9,R1->R2,TSAL20260611_0830_forgetAndForgetFree001,TSAL20260628_0830_forgetAndForgetFree001,20260611,20260628,31,0.6306597982406662
dropout_clean_fixed31,relative_position,41,20260817,9,R2->R1,TSAL20260611_0830_forgetAndForgetFree001,TSAL20260628_0830_forgetAndForgetFree001,20260611,20260628,31,0.6691137629168894
dropout_clean_fixed31,relative_position,42,20260817,1,R1->R2,TSAL20260609_0830_forgetAndForgetFree001,TSAL20260626_0830_forgetAndForgetFree001,20260609,20260626,31,0.5604380719937067
dropout_clean_fixed31,relative_position,42,20260817,1,R2->R1,TSAL20260609_0830_forgetAndForgetFree001,TSAL20260626_0830_forgetAndForgetFree001,20260609,20260626,31,0.5391047595840298
dropout_clean_fixed31,relative_position,42,20260817,2,R1->R2,TSAL20260609_0830_forgetAndForgetFree001,TSAL20260627_0830_forgetAndForgetFree001,20260609,20260627,31,0.2933615713590799
dropout_clean_fixed31,relative_position,42,20260817,2,R2->R1,TSAL20260609_0830_forgetAndForgetFree001,TSAL20260627_0830_forgetAndForgetFree001,20260609,20260627,31,0.42900235610637866
dropout_clean_fixed31,relative_position,42,20260817,3,R1->R2,TSAL20260609_0830_forgetAndForgetFree001,TSAL20260628_0830_forgetAndForgetFree001,20260609,20260628,31,0.6195360185846702
dropout_clean_fixed31,relative_position,42,20260817,3,R2->R1,TSAL20260609_0830_forgetAndForgetFree001,TSAL20260628_0830_forgetAndForgetFree001,20260609,20260628,31,0.4936766586697234
dropout_clean_fixed31,relative_position,42,20260817,4,R1->R2,TSAL20260610_0830_forgetAndForgetFree001,TSAL20260626_0830_forgetAndForgetFree001,20260610,20260626,31,0.5638375303583951
dropout_clean_fixed31,relative_position,42,20260817,4,R2->R1,TSAL20260610_0830_forgetAndForgetFree001,TSAL20260626_0830_forgetAndForgetFree001,20260610,20260626,31,0.3979083024467915
dropout_clean_fixed31,relative_position,42,20260817,5,R1->R2,TSAL20260610_0830_forgetAndForgetFree001,TSAL20260627_0830_forgetAndForgetFree001,20260610,20260627,31,0.4407851957005254
dropout_clean_fixed31,relative_position,42,20260817,5,R2->R1,TSAL20260610_0830_forgetAndForgetFree001,TSAL20260627_0830_forgetAndForgetFree001,20260610,20260627,31,0.34843309264049815
dropout_clean_fixed31,relative_position,42,20260817,6,R1->R2,TSAL20260610_0830_forgetAndForgetFree001,TSAL20260628_0830_forgetAndForgetFree001,20260610,20260628,31,0.4327156524670418
dropout_clean_fixed31,relative_position,42,20260817,6,R2->R1,TSAL20260610_0830_forgetAndForgetFree001,TSAL20260628_0830_forgetAndForgetFree001,20260610,20260628,31,0.6314901739920751
dropout_clean_fixed31,relative_position,42,20260817,7,R1->R2,TSAL20260611_0830_forgetAndForgetFree001,TSAL20260626_0830_forgetAndForgetFree001,20260611,20260626,31,0.4824645139206628
dropout_clean_fixed31,relative_position,42,20260817,7,R2->R1,TSAL20260611_0830_forgetAndForgetFree001,TSAL20260626_0830_forgetAndForgetFree001,20260611,20260626,31,0.2996955446326485
dropout_clean_fixed31,relative_position,42,20260817,8,R1->R2,TSAL20260611_0830_forgetAndForgetFree001,TSAL20260627_0830_forgetAndForgetFree001,20260611,20260627,31,0.54096597533091
dropout_clean_fixed31,relative_position,42,20260817,8,R2->R1,TSAL20260611_0830_forgetAndForgetFree001,TSAL20260627_0830_forgetAndForgetFree001,20260611,20260627,31,0.38874495360242795
dropout_clean_fixed31,relative_position,42,20260817,9,R1->R2,TSAL20260611_0830_forgetAndForgetFree001,TSAL20260628_0830_forgetAndForgetFree001,20260611,20260628,31,0.4493984873883651
dropout_clean_fixed31,relative_position,42,20260817,9,R2->R1,TSAL20260611_0830_forgetAndForgetFree001,TSAL20260628_0830_forgetAndForgetFree001,20260611,20260628,31,0.559567306708344
dropout_clean_fixed31,relative_position,43,20260817,1,R1->R2,TSAL20260609_0830_forgetAndForgetFree001,TSAL20260626_0830_forgetAndForgetFree001,20260609,20260626,31,0.45261747229546495
dropout_clean_fixed31,relative_position,43,20260817,1,R2->R1,TSAL20260609_0830_forgetAndForgetFree001,TSAL20260626_0830_forgetAndForgetFree001,20260609,20260626,31,0.3322955910685112
dropout_clean_fixed31,relative_position,43,20260817,2,R1->R2,TSAL20260609_0830_forgetAndForgetFree001,TSAL20260627_0830_forgetAndForgetFree001,20260609,20260627,31,0.41798345893988126
dropout_clean_fixed31,relative_position,43,20260817,2,R2->R1,TSAL20260609_0830_forgetAndForgetFree001,TSAL20260627_0830_forgetAndForgetFree001,20260609,20260627,31,0.42114964364406127
dropout_clean_fixed31,relative_position,43,20260817,3,R1->R2,TSAL20260609_0830_forgetAndForgetFree001,TSAL20260628_0830_forgetAndForgetFree001,20260609,20260628,31,0.5789947607105226
dropout_clean_fixed31,relative_position,43,20260817,3,R2->R1,TSAL20260609_0830_forgetAndForgetFree001,TSAL20260628_0830_forgetAndForgetFree001,20260609,20260628,31,0.4863874344693367
dropout_clean_fixed31,relative_position,43,20260817,4,R1->R2,TSAL20260610_0830_forgetAndForgetFree001,TSAL20260626_0830_forgetAndForgetFree001,20260610,20260626,31,0.36351822332886075
dropout_clean_fixed31,relative_position,43,20260817,4,R2->R1,TSAL20260610_0830_forgetAndForgetFree001,TSAL20260626_0830_forgetAndForgetFree001,20260610,20260626,31,0.32800617845053637
dropout_clean_fixed31,relative_position,43,20260817,5,R1->R2,TSAL20260610_0830_forgetAndForgetFree001,TSAL20260627_0830_forgetAndForgetFree001,20260610,20260627,31,0.5417798308317985
dropout_clean_fixed31,relative_position,43,20260817,5,R2->R1,TSAL20260610_0830_forgetAndForgetFree001,TSAL20260627_0830_forgetAndForgetFree001,20260610,20260627,31,0.6141753385776403
dropout_clean_fixed31,relative_position,43,20260817,6,R1->R2,TSAL20260610_0830_forgetAndForgetFree001,TSAL20260628_0830_forgetAndForgetFree001,20260610,20260628,31,0.4604908827694795
dropout_clean_fixed31,relative_position,43,20260817,6,R2->R1,TSAL20260610_0830_forgetAndForgetFree001,TSAL20260628_0830_forgetAndForgetFree001,20260610,20260628,31,0.6294661669382919
dropout_clean_fixed31,relative_position,43,20260817,7,R1->R2,TSAL20260611_0830_forgetAndForgetFree001,TSAL20260626_0830_forgetAndForgetFree001,20260611,20260626,31,0.3356847761181436
dropout_clean_fixed31,relative_position,43,20260817,7,R2->R1,TSAL20260611_0830_forgetAndForgetFree001,TSAL20260626_0830_forgetAndForgetFree001,20260611,20260626,31,0.5089536878817091
dropout_clean_fixed31,relative_position,43,20260817,8,R1->R2,TSAL20260611_0830_forgetAndForgetFree001,TSAL20260627_0830_forgetAndForgetFree001,20260611,20260627,31,0.5428156955496786
dropout_clean_fixed31,relative_position,43,20260817,8,R2->R1,TSAL20260611_0830_forgetAndForgetFree001,TSAL20260627_0830_forgetAndForgetFree001,20260611,20260627,31,0.4413391014229491
dropout_clean_fixed31,relative_position,43,20260817,9,R1->R2,TSAL20260611_0830_forgetAndForgetFree001,TSAL20260628_0830_forgetAndForgetFree001,20260611,20260628,31,0.6858539532808481
dropout_clean_fixed31,relative_position,43,20260817,9,R2->R1,TSAL20260611_0830_forgetAndForgetFree001,TSAL20260628_0830_forgetAndForgetFree001,20260611,20260628,31,0.5798043219564628
dropout_clean_fixed31,relative_position,44,20260817,1,R1->R2,TSAL20260609_0830_forgetAndForgetFree001,TSAL20260626_0830_forgetAndForgetFree001,20260609,20260626,31,0.41213922947541914
dropout_clean_fixed31,relative_position,44,20260817,1,R2->R1,TSAL20260609_0830_forgetAndForgetFree001,TSAL20260626_0830_forgetAndForgetFree001,20260609,20260626,31,0.5429225146249792
dropout_clean_fixed31,relative_position,44,20260817,2,R1->R2,TSAL20260609_0830_forgetAndForgetFree001,TSAL20260627_0830_forgetAndForgetFree001,20260609,20260627,31,0.5320620629114634
dropout_clean_fixed31,relative_position,44,20260817,2,R2->R1,TSAL20260609_0830_forgetAndForgetFree001,TSAL20260627_0830_forgetAndForgetFree001,20260609,20260627,31,0.22183360946659852
dropout_clean_fixed31,relative_position,44,20260817,3,R1->R2,TSAL20260609_0830_forgetAndForgetFree001,TSAL20260628_0830_forgetAndForgetFree001,20260609,20260628,31,0.6772634379525277
dropout_clean_fixed31,relative_position,44,20260817,3,R2->R1,TSAL20260609_0830_forgetAndForgetFree001,TSAL20260628_0830_forgetAndForgetFree001,20260609,20260628,31,0.7189118833789699
dropout_clean_fixed31,relative_position,44,20260817,4,R1->R2,TSAL20260610_0830_forgetAndForgetFree001,TSAL20260626_0830_forgetAndForgetFree001,20260610,20260626,31,0.5876122308488899
dropout_clean_fixed31,relative_position,44,20260817,4,R2->R1,TSAL20260610_0830_forgetAndForgetFree001,TSAL20260626_0830_forgetAndForgetFree001,20260610,20260626,31,0.44420094212528366
dropout_clean_fixed31,relative_position,44,20260817,5,R1->R2,TSAL20260610_0830_forgetAndForgetFree001,TSAL20260627_0830_forgetAndForgetFree001,20260610,20260627,31,0.5594578015489473
dropout_clean_fixed31,relative_position,44,20260817,5,R2->R1,TSAL20260610_0830_forgetAndForgetFree001,TSAL20260627_0830_forgetAndForgetFree001,20260610,20260627,31,0.5785292099378196
dropout_clean_fixed31,relative_position,44,20260817,6,R1->R2,TSAL20260610_0830_forgetAndForgetFree001,TSAL20260628_0830_forgetAndForgetFree001,20260610,20260628,31,0.47669930476005845
dropout_clean_fixed31,relative_position,44,20260817,6,R2->R1,TSAL20260610_0830_forgetAndForgetFree001,TSAL20260628_0830_forgetAndForgetFree001,20260610,20260628,31,0.5750929365130028
dropout_clean_fixed31,relative_position,44,20260817,7,R1->R2,TSAL20260611_0830_forgetAndForgetFree001,TSAL20260626_0830_forgetAndForgetFree001,20260611,20260626,31,0.5159879661422765
dropout_clean_fixed31,relative_position,44,20260817,7,R2->R1,TSAL20260611_0830_forgetAndForgetFree001,TSAL20260626_0830_forgetAndForgetFree001,20260611,20260626,31,0.40335536252185566
dropout_clean_fixed31,relative_position,44,20260817,8,R1->R2,TSAL20260611_0830_forgetAndForgetFree001,TSAL20260627_0830_forgetAndForgetFree001,20260611,20260627,31,0.5233944095853619
dropout_clean_fixed31,relative_position,44,20260817,8,R2->R1,TSAL20260611_0830_forgetAndForgetFree001,TSAL20260627_0830_forgetAndForgetFree001,20260611,20260627,31,0.5856463079163735
dropout_clean_fixed31,relative_position,44,20260817,9,R1->R2,TSAL20260611_0830_forgetAndForgetFree001,TSAL20260628_0830_forgetAndForgetFree001,20260611,20260628,31,0.40522560777058736
dropout_clean_fixed31,relative_position,44,20260817,9,R2->R1,TSAL20260611_0830_forgetAndForgetFree001,TSAL20260628_0830_forgetAndForgetFree001,20260611,20260628,31,0.5077833850878134
dropout_clean_fixed31,relative_position,45,20260817,1,R1->R2,TSAL20260609_0830_forgetAndForgetFree001,TSAL20260626_0830_forgetAndForgetFree001,20260609,20260626,31,0.4995226073442745
dropout_clean_fixed31,relative_position,45,20260817,1,R2->R1,TSAL20260609_0830_forgetAndForgetFree001,TSAL20260626_0830_forgetAndForgetFree001,20260609,20260626,31,0.27248524162558846
dropout_clean_fixed31,relative_position,45,20260817,2,R1->R2,TSAL20260609_0830_forgetAndForgetFree001,TSAL20260627_0830_forgetAndForgetFree001,20260609,20260627,31,0.44816210420538427
dropout_clean_fixed31,relative_position,45,20260817,2,R2->R1,TSAL20260609_0830_forgetAndForgetFree001,TSAL20260627_0830_forgetAndForgetFree001,20260609,20260627,31,0.272703033215409
dropout_clean_fixed31,relative_position,45,20260817,3,R1->R2,TSAL20260609_0830_forgetAndForgetFree001,TSAL20260628_0830_forgetAndForgetFree001,20260609,20260628,31,0.498207113884305
dropout_clean_fixed31,relative_position,45,20260817,3,R2->R1,TSAL20260609_0830_forgetAndForgetFree001,TSAL20260628_0830_forgetAndForgetFree001,20260609,20260628,31,0.5620049650929574
dropout_clean_fixed31,relative_position,45,20260817,4,R1->R2,TSAL20260610_0830_forgetAndForgetFree001,TSAL20260626_0830_forgetAndForgetFree001,20260610,20260626,31,0.4976273959760007
dropout_clean_fixed31,relative_position,45,20260817,4,R2->R1,TSAL20260610_0830_forgetAndForgetFree001,TSAL20260626_0830_forgetAndForgetFree001,20260610,20260626,31,0.3490978109013812
dropout_clean_fixed31,relative_position,45,20260817,5,R1->R2,TSAL20260610_0830_forgetAndForgetFree001,TSAL20260627_0830_forgetAndForgetFree001,20260610,20260627,31,0.481033091321069
dropout_clean_fixed31,relative_position,45,20260817,5,R2->R1,TSAL20260610_0830_forgetAndForgetFree001,TSAL20260627_0830_forgetAndForgetFree001,20260610,20260627,31,0.4321556375570048
dropout_clean_fixed31,relative_position,45,20260817,6,R1->R2,TSAL20260610_0830_forgetAndForgetFree001,TSAL20260628_0830_forgetAndForgetFree001,20260610,20260628,31,0.3776741945020871
dropout_clean_fixed31,relative_position,45,20260817,6,R2->R1,TSAL20260610_0830_forgetAndForgetFree001,TSAL20260628_0830_forgetAndForgetFree001,20260610,20260628,31,0.5755905503799575
dropout_clean_fixed31,relative_position,45,20260817,7,R1->R2,TSAL20260611_0830_forgetAndForgetFree001,TSAL20260626_0830_forgetAndForgetFree001,20260611,20260626,31,0.451418491031469
dropout_clean_fixed31,relative_position,45,20260817,7,R2->R1,TSAL20260611_0830_forgetAndForgetFree001,TSAL20260626_0830_forgetAndForgetFree001,20260611,20260626,31,0.09651819251146876
dropout_clean_fixed31,relative_position,45,20260817,8,R1->R2,TSAL20260611_0830_forgetAndForgetFree001,TSAL20260627_0830_forgetAndForgetFree001,20260611,20260627,31,0.5473990169777594
dropout_clean_fixed31,relative_position,45,20260817,8,R2->R1,TSAL20260611_0830_forgetAndForgetFree001,TSAL20260627_0830_forgetAndForgetFree001,20260611,20260627,31,0.5895663777303666
dropout_clean_fixed31,relative_position,45,20260817,9,R1->R2,TSAL20260611_0830_forgetAndForgetFree001,TSAL20260628_0830_forgetAndForgetFree001,20260611,20260628,31,0.6676397429469102
dropout_clean_fixed31,relative_position,45,20260817,9,R2->R1,TSAL20260611_0830_forgetAndForgetFree001,TSAL20260628_0830_forgetAndForgetFree001,20260611,20260628,31,0.4693607341958874
dropout_clean_fixed31,relative_position,46,20260817,1,R1->R2,TSAL20260609_0830_forgetAndForgetFree001,TSAL20260626_0830_forgetAndForgetFree001,20260609,20260626,31,0.45361622440083
dropout_clean_fixed31,relative_position,46,20260817,1,R2->R1,TSAL20260609_0830_forgetAndForgetFree001,TSAL20260626_0830_forgetAndForgetFree001,20260609,20260626,31,0.3879424781493414
dropout_clean_fixed31,relative_position,46,20260817,2,R1->R2,TSAL20260609_0830_forgetAndForgetFree001,TSAL20260627_0830_forgetAndForgetFree001,20260609,20260627,31,0.5427310368443333
dropout_clean_fixed31,relative_position,46,20260817,2,R2->R1,TSAL20260609_0830_forgetAndForgetFree001,TSAL20260627_0830_forgetAndForgetFree001,20260609,20260627,31,0.2842830329132457
dropout_clean_fixed31,relative_position,46,20260817,3,R1->R2,TSAL20260609_0830_forgetAndForgetFree001,TSAL20260628_0830_forgetAndForgetFree001,20260609,20260628,31,0.3977162557288742
dropout_clean_fixed31,relative_position,46,20260817,3,R2->R1,TSAL20260609_0830_forgetAndForgetFree001,TSAL20260628_0830_forgetAndForgetFree001,20260609,20260628,31,0.5973662534238661
dropout_clean_fixed31,relative_position,46,20260817,4,R1->R2,TSAL20260610_0830_forgetAndForgetFree001,TSAL20260626_0830_forgetAndForgetFree001,20260610,20260626,31,0.4622425802573696
dropout_clean_fixed31,relative_position,46,20260817,4,R2->R1,TSAL20260610_0830_forgetAndForgetFree001,TSAL20260626_0830_forgetAndForgetFree001,20260610,20260626,31,0.47526578473225994
dropout_clean_fixed31,relative_position,46,20260817,5,R1->R2,TSAL20260610_0830_forgetAndForgetFree001,TSAL20260627_0830_forgetAndForgetFree001,20260610,20260627,31,0.41248911821830897
dropout_clean_fixed31,relative_position,46,20260817,5,R2->R1,TSAL20260610_0830_forgetAndForgetFree001,TSAL20260627_0830_forgetAndForgetFree001,20260610,20260627,31,0.48773291623715304
dropout_clean_fixed31,relative_position,46,20260817,6,R1->R2,TSAL20260610_0830_forgetAndForgetFree001,TSAL20260628_0830_forgetAndForgetFree001,20260610,20260628,31,0.4658198748042281
dropout_clean_fixed31,relative_position,46,20260817,6,R2->R1,TSAL20260610_0830_forgetAndForgetFree001,TSAL20260628_0830_forgetAndForgetFree001,20260610,20260628,31,0.530167893213232
dropout_clean_fixed31,relative_position,46,20260817,7,R1->R2,TSAL20260611_0830_forgetAndForgetFree001,TSAL20260626_0830_forgetAndForgetFree001,20260611,20260626,31,0.48236389782453737
dropout_clean_fixed31,relative_position,46,20260817,7,R2->R1,TSAL20260611_0830_forgetAndForgetFree001,TSAL20260626_0830_forgetAndForgetFree001,20260611,20260626,31,0.354802632151959
dropout_clean_fixed31,relative_position,46,20260817,8,R1->R2,TSAL20260611_0830_forgetAndForgetFree001,TSAL20260627_0830_forgetAndForgetFree001,20260611,20260627,31,0.17646185956318322
dropout_clean_fixed31,relative_position,46,20260817,8,R2->R1,TSAL20260611_0830_forgetAndForgetFree001,TSAL20260627_0830_forgetAndForgetFree001,20260611,20260627,31,0.571185433696812
dropout_clean_fixed31,relative_position,46,20260817,9,R1->R2,TSAL20260611_0830_forgetAndForgetFree001,TSAL20260628_0830_forgetAndForgetFree001,20260611,20260628,31,0.5471708134953233
dropout_clean_fixed31,relative_position,46,20260817,9,R2->R1,TSAL20260611_0830_forgetAndForgetFree001,TSAL20260628_0830_forgetAndForgetFree001,20260611,20260628,31,0.6225425917757796
dropout_clean_fixed31,relative_position,47,20260817,1,R1->R2,TSAL20260609_0830_forgetAndForgetFree001,TSAL20260626_0830_forgetAndForgetFree001,20260609,20260626,31,0.4999823280917765
dropout_clean_fixed31,relative_position,47,20260817,1,R2->R1,TSAL20260609_0830_forgetAndForgetFree001,TSAL20260626_0830_forgetAndForgetFree001,20260609,20260626,31,0.4236240571552705
dropout_clean_fixed31,relative_position,47,20260817,2,R1->R2,TSAL20260609_0830_forgetAndForgetFree001,TSAL20260627_0830_forgetAndForgetFree001,20260609,20260627,31,0.3061629024450007
dropout_clean_fixed31,relative_position,47,20260817,2,R2->R1,TSAL20260609_0830_forgetAndForgetFree001,TSAL20260627_0830_forgetAndForgetFree001,20260609,20260627,31,0.27434384438956194
dropout_clean_fixed31,relative_position,47,20260817,3,R1->R2,TSAL20260609_0830_forgetAndForgetFree001,TSAL20260628_0830_forgetAndForgetFree001,20260609,20260628,31,0.32803945279348107
dropout_clean_fixed31,relative_position,47,20260817,3,R2->R1,TSAL20260609_0830_forgetAndForgetFree001,TSAL20260628_0830_forgetAndForgetFree001,20260609,20260628,31,0.6704020674643479
dropout_clean_fixed31,relative_position,47,20260817,4,R1->R2,TSAL20260610_0830_forgetAndForgetFree001,TSAL20260626_0830_forgetAndForgetFree001,20260610,20260626,31,0.4220103278033427
dropout_clean_fixed31,relative_position,47,20260817,4,R2->R1,TSAL20260610_0830_forgetAndForgetFree001,TSAL20260626_0830_forgetAndForgetFree001,20260610,20260626,31,0.4666650955115322
dropout_clean_fixed31,relative_position,47,20260817,5,R1->R2,TSAL20260610_0830_forgetAndForgetFree001,TSAL20260627_0830_forgetAndForgetFree001,20260610,20260627,31,0.48059151966532215
dropout_clean_fixed31,relative_position,47,20260817,5,R2->R1,TSAL20260610_0830_forgetAndForgetFree001,TSAL20260627_0830_forgetAndForgetFree001,20260610,20260627,31,0.6332406661014954
dropout_clean_fixed31,relative_position,47,20260817,6,R1->R2,TSAL20260610_0830_forgetAndForgetFree001,TSAL20260628_0830_forgetAndForgetFree001,20260610,20260628,31,0.40091117320025416
dropout_clean_fixed31,relative_position,47,20260817,6,R2->R1,TSAL20260610_0830_forgetAndForgetFree001,TSAL20260628_0830_forgetAndForgetFree001,20260610,20260628,31,0.5969749048547613
dropout_clean_fixed31,relative_position,47,20260817,7,R1->R2,TSAL20260611_0830_forgetAndForgetFree001,TSAL20260626_0830_forgetAndForgetFree001,20260611,20260626,31,0.360900744953329
dropout_clean_fixed31,relative_position,47,20260817,7,R2->R1,TSAL20260611_0830_forgetAndForgetFree001,TSAL20260626_0830_forgetAndForgetFree001,20260611,20260626,31,0.26590370998665913
dropout_clean_fixed31,relative_position,47,20260817,8,R1->R2,TSAL20260611_0830_forgetAndForgetFree001,TSAL20260627_0830_forgetAndForgetFree001,20260611,20260627,31,0.41876466395573325
dropout_clean_fixed31,relative_position,47,20260817,8,R2->R1,TSAL20260611_0830_forgetAndForgetFree001,TSAL20260627_0830_forgetAndForgetFree001,20260611,20260627,31,0.20616324518669235
dropout_clean_fixed31,relative_position,47,20260817,9,R1->R2,TSAL20260611_0830_forgetAndForgetFree001,TSAL20260628_0830_forgetAndForgetFree001,20260611,20260628,31,0.5481599526563949
dropout_clean_fixed31,relative_position,47,20260817,9,R2->R1,TSAL20260611_0830_forgetAndForgetFree001,TSAL20260628_0830_forgetAndForgetFree001,20260611,20260628,31,0.616128688631883
dropout_clean_fixed31,relative_position,48,20260817,1,R1->R2,TSAL20260609_0830_forgetAndForgetFree001,TSAL20260626_0830_forgetAndForgetFree001,20260609,20260626,31,0.4192154309956637
dropout_clean_fixed31,relative_position,48,20260817,1,R2->R1,TSAL20260609_0830_forgetAndForgetFree001,TSAL20260626_0830_forgetAndForgetFree001,20260609,20260626,31,0.5392498408521489
dropout_clean_fixed31,relative_position,48,20260817,2,R1->R2,TSAL20260609_0830_forgetAndForgetFree001,TSAL20260627_0830_forgetAndForgetFree001,20260609,20260627,31,0.36267165321861894
dropout_clean_fixed31,relative_position,48,20260817,2,R2->R1,TSAL20260609_0830_forgetAndForgetFree001,TSAL20260627_0830_forgetAndForgetFree001,20260609,20260627,31,0.20718998043913747
dropout_clean_fixed31,relative_position,48,20260817,3,R1->R2,TSAL20260609_0830_forgetAndForgetFree001,TSAL20260628_0830_forgetAndForgetFree001,20260609,20260628,31,0.5239128195356609
dropout_clean_fixed31,relative_position,48,20260817,3,R2->R1,TSAL20260609_0830_forgetAndForgetFree001,TSAL20260628_0830_forgetAndForgetFree001,20260609,20260628,31,0.7371112518374887
dropout_clean_fixed31,relative_position,48,20260817,4,R1->R2,TSAL20260610_0830_forgetAndForgetFree001,TSAL20260626_0830_forgetAndForgetFree001,20260610,20260626,31,0.35607516798652267
dropout_clean_fixed31,relative_position,48,20260817,4,R2->R1,TSAL20260610_0830_forgetAndForgetFree001,TSAL20260626_0830_forgetAndForgetFree001,20260610,20260626,31,0.2964933379176007
dropout_clean_fixed31,relative_position,48,20260817,5,R1->R2,TSAL20260610_0830_forgetAndForgetFree001,TSAL20260627_0830_forgetAndForgetFree001,20260610,20260627,31,0.45597190099083307
dropout_clean_fixed31,relative_position,48,20260817,5,R2->R1,TSAL20260610_0830_forgetAndForgetFree001,TSAL20260627_0830_forgetAndForgetFree001,20260610,20260627,31,0.5812547651148767
dropout_clean_fixed31,relative_position,48,20260817,6,R1->R2,TSAL20260610_0830_forgetAndForgetFree001,TSAL20260628_0830_forgetAndForgetFree001,20260610,20260628,31,0.4053646721430854
dropout_clean_fixed31,relative_position,48,20260817,6,R2->R1,TSAL20260610_0830_forgetAndForgetFree001,TSAL20260628_0830_forgetAndForgetFree001,20260610,20260628,31,0.613939804880744
dropout_clean_fixed31,relative_position,48,20260817,7,R1->R2,TSAL20260611_0830_forgetAndForgetFree001,TSAL20260626_0830_forgetAndForgetFree001,20260611,20260626,31,0.4366404018728705
dropout_clean_fixed31,relative_position,48,20260817,7,R2->R1,TSAL20260611_0830_forgetAndForgetFree001,TSAL20260626_0830_forgetAndForgetFree001,20260611,20260626,31,0.22193519034308828
dropout_clean_fixed31,relative_position,48,20260817,8,R1->R2,TSAL20260611_0830_forgetAndForgetFree001,TSAL20260627_0830_forgetAndForgetFree001,20260611,20260627,31,0.5397185985315428
dropout_clean_fixed31,relative_position,48,20260817,8,R2->R1,TSAL20260611_0830_forgetAndForgetFree001,TSAL20260627_0830_forgetAndForgetFree001,20260611,20260627,31,0.5691329711076324
dropout_clean_fixed31,relative_position,48,20260817,9,R1->R2,TSAL20260611_0830_forgetAndForgetFree001,TSAL20260628_0830_forgetAndForgetFree001,20260611,20260628,31,0.4294616193711283
dropout_clean_fixed31,relative_position,48,20260817,9,R2->R1,TSAL20260611_0830_forgetAndForgetFree001,TSAL20260628_0830_forgetAndForgetFree001,20260611,20260628,31,0.5149100542412345
dropout_clean_fixed31,relative_position,49,20260817,1,R1->R2,TSAL20260609_0830_forgetAndForgetFree001,TSAL20260626_0830_forgetAndForgetFree001,20260609,20260626,31,0.398893082158327
dropout_clean_fixed31,relative_position,49,20260817,1,R2->R1,TSAL20260609_0830_forgetAndForgetFree001,TSAL20260626_0830_forgetAndForgetFree001,20260609,20260626,31,0.5229859254549188
dropout_clean_fixed31,relative_position,49,20260817,2,R1->R2,TSAL20260609_0830_forgetAndForgetFree001,TSAL20260627_0830_forgetAndForgetFree001,20260609,20260627,31,0.4882787648307078
dropout_clean_fixed31,relative_position,49,20260817,2,R2->R1,TSAL20260609_0830_forgetAndForgetFree001,TSAL20260627_0830_forgetAndForgetFree001,20260609,20260627,31,0.5427430629334137
dropout_clean_fixed31,relative_position,49,20260817,3,R1->R2,TSAL20260609_0830_forgetAndForgetFree001,TSAL20260628_0830_forgetAndForgetFree001,20260609,20260628,31,0.4376654255268606
dropout_clean_fixed31,relative_position,49,20260817,3,R2->R1,TSAL20260609_0830_forgetAndForgetFree001,TSAL20260628_0830_forgetAndForgetFree001,20260609,20260628,31,0.7073394018872835
dropout_clean_fixed31,relative_position,49,20260817,4,R1->R2,TSAL20260610_0830_forgetAndForgetFree001,TSAL20260626_0830_forgetAndForgetFree001,20260610,20260626,31,0.4354931054208294
dropout_clean_fixed31,relative_position,49,20260817,4,R2->R1,TSAL20260610_0830_forgetAndForgetFree001,TSAL20260626_0830_forgetAndForgetFree001,20260610,20260626,31,0.2646492858589812
dropout_clean_fixed31,relative_position,49,20260817,5,R1->R2,TSAL20260610_0830_forgetAndForgetFree001,TSAL20260627_0830_forgetAndForgetFree001,20260610,20260627,31,0.5018575483804506
dropout_clean_fixed31,relative_position,49,20260817,5,R2->R1,TSAL20260610_0830_forgetAndForgetFree001,TSAL20260627_0830_forgetAndForgetFree001,20260610,20260627,31,0.5783937229588538
dropout_clean_fixed31,relative_position,49,20260817,6,R1->R2,TSAL20260610_0830_forgetAndForgetFree001,TSAL20260628_0830_forgetAndForgetFree001,20260610,20260628,31,0.48003870125931586
dropout_clean_fixed31,relative_position,49,20260817,6,R2->R1,TSAL20260610_0830_forgetAndForgetFree001,TSAL20260628_0830_forgetAndForgetFree001,20260610,20260628,31,0.4974207422117617
dropout_clean_fixed31,relative_position,49,20260817,7,R1->R2,TSAL20260611_0830_forgetAndForgetFree001,TSAL20260626_0830_forgetAndForgetFree001,20260611,20260626,31,0.48854153338544937
dropout_clean_fixed31,relative_position,49,20260817,7,R2->R1,TSAL20260611_0830_forgetAndForgetFree001,TSAL20260626_0830_forgetAndForgetFree001,20260611,20260626,31,0.39250576593927816
dropout_clean_fixed31,relative_position,49,20260817,8,R1->R2,TSAL20260611_0830_forgetAndForgetFree001,TSAL20260627_0830_forgetAndForgetFree001,20260611,20260627,31,0.4848466232888376
dropout_clean_fixed31,relative_position,49,20260817,8,R2->R1,TSAL20260611_0830_forgetAndForgetFree001,TSAL20260627_0830_forgetAndForgetFree001,20260611,20260627,31,0.5505399352911997
dropout_clean_fixed31,relative_position,49,20260817,9,R1->R2,TSAL20260611_0830_forgetAndForgetFree001,TSAL20260628_0830_forgetAndForgetFree001,20260611,20260628,31,0.5043666584121584
dropout_clean_fixed31,relative_position,49,20260817,9,R2->R1,TSAL20260611_0830_forgetAndForgetFree001,TSAL20260628_0830_forgetAndForgetFree001,20260611,20260628,31,0.5350453599066544
