analysis_mode,target_mode,repeat,seed,pair_id,direction,r1_session,r2_session,r1_date,r2_date,n_trials_each,random_corr
fixed31,relative_velocity,0,20260817,1,R1->R2,TSAL20260609_0830_forgetAndForgetFree001,TSAL20260626_0830_forgetAndForgetFree001,20260609,20260626,31,0.28689032367907336
fixed31,relative_velocity,0,20260817,1,R2->R1,TSAL20260609_0830_forgetAndForgetFree001,TSAL20260626_0830_forgetAndForgetFree001,20260609,20260626,31,0.3124068327524679
fixed31,relative_velocity,0,20260817,2,R1->R2,TSAL20260609_0830_forgetAndForgetFree001,TSAL20260627_0830_forgetAndForgetFree001,20260609,20260627,31,0.27736166614350305
fixed31,relative_velocity,0,20260817,2,R2->R1,TSAL20260609_0830_forgetAndForgetFree001,TSAL20260627_0830_forgetAndForgetFree001,20260609,20260627,31,0.24985884962247187
fixed31,relative_velocity,0,20260817,3,R1->R2,TSAL20260609_0830_forgetAndForgetFree001,TSAL20260628_0830_forgetAndForgetFree001,20260609,20260628,31,0.27977246632228775
fixed31,relative_velocity,0,20260817,3,R2->R1,TSAL20260609_0830_forgetAndForgetFree001,TSAL20260628_0830_forgetAndForgetFree001,20260609,20260628,31,0.435041514004071
fixed31,relative_velocity,0,20260817,4,R1->R2,TSAL20260610_0830_forgetAndForgetFree001,TSAL20260626_0830_forgetAndForgetFree001,20260610,20260626,31,0.35580391983420867
fixed31,relative_velocity,0,20260817,4,R2->R1,TSAL20260610_0830_forgetAndForgetFree001,TSAL20260626_0830_forgetAndForgetFree001,20260610,20260626,31,0.3891442481117025
fixed31,relative_velocity,0,20260817,5,R1->R2,TSAL20260610_0830_forgetAndForgetFree001,TSAL20260627_0830_forgetAndForgetFree001,20260610,20260627,31,0.35336811069345864
fixed31,relative_velocity,0,20260817,5,R2->R1,TSAL20260610_0830_forgetAndForgetFree001,TSAL20260627_0830_forgetAndForgetFree001,20260610,20260627,31,0.11199974097031286
fixed31,relative_velocity,0,20260817,6,R1->R2,TSAL20260610_0830_forgetAndForgetFree001,TSAL20260628_0830_forgetAndForgetFree001,20260610,20260628,31,0.2717042273012098
fixed31,relative_velocity,0,20260817,6,R2->R1,TSAL20260610_0830_forgetAndForgetFree001,TSAL20260628_0830_forgetAndForgetFree001,20260610,20260628,31,0.46741726897710284
fixed31,relative_velocity,0,20260817,7,R1->R2,TSAL20260611_0830_forgetAndForgetFree001,TSAL20260626_0830_forgetAndForgetFree001,20260611,20260626,31,0.3073201565934671
fixed31,relative_velocity,0,20260817,7,R2->R1,TSAL20260611_0830_forgetAndForgetFree001,TSAL20260626_0830_forgetAndForgetFree001,20260611,20260626,31,0.22502921522724087
fixed31,relative_velocity,0,20260817,8,R1->R2,TSAL20260611_0830_forgetAndForgetFree001,TSAL20260627_0830_forgetAndForgetFree001,20260611,20260627,31,0.1789492301700866
fixed31,relative_velocity,0,20260817,8,R2->R1,TSAL20260611_0830_forgetAndForgetFree001,TSAL20260627_0830_forgetAndForgetFree001,20260611,20260627,31,0.13762939571076205
fixed31,relative_velocity,0,20260817,9,R1->R2,TSAL20260611_0830_forgetAndForgetFree001,TSAL20260628_0830_forgetAndForgetFree001,20260611,20260628,31,0.1410018754009526
fixed31,relative_velocity,0,20260817,9,R2->R1,TSAL20260611_0830_forgetAndForgetFree001,TSAL20260628_0830_forgetAndForgetFree001,20260611,20260628,31,0.34970855317299565
fixed31,relative_velocity,1,20260817,1,R1->R2,TSAL20260609_0830_forgetAndForgetFree001,TSAL20260626_0830_forgetAndForgetFree001,20260609,20260626,31,0.3548784478898524
fixed31,relative_velocity,1,20260817,1,R2->R1,TSAL20260609_0830_forgetAndForgetFree001,TSAL20260626_0830_forgetAndForgetFree001,20260609,20260626,31,0.3172955073947486
fixed31,relative_velocity,1,20260817,2,R1->R2,TSAL20260609_0830_forgetAndForgetFree001,TSAL20260627_0830_forgetAndForgetFree001,20260609,20260627,31,0.17871408341230507
fixed31,relative_velocity,1,20260817,2,R2->R1,TSAL20260609_0830_forgetAndForgetFree001,TSAL20260627_0830_forgetAndForgetFree001,20260609,20260627,31,0.08548031978179473
fixed31,relative_velocity,1,20260817,3,R1->R2,TSAL20260609_0830_forgetAndForgetFree001,TSAL20260628_0830_forgetAndForgetFree001,20260609,20260628,31,0.32186249788502463
fixed31,relative_velocity,1,20260817,3,R2->R1,TSAL20260609_0830_forgetAndForgetFree001,TSAL20260628_0830_forgetAndForgetFree001,20260609,20260628,31,0.3296856924825338
fixed31,relative_velocity,1,20260817,4,R1->R2,TSAL20260610_0830_forgetAndForgetFree001,TSAL20260626_0830_forgetAndForgetFree001,20260610,20260626,31,0.3475790199752906
fixed31,relative_velocity,1,20260817,4,R2->R1,TSAL20260610_0830_forgetAndForgetFree001,TSAL20260626_0830_forgetAndForgetFree001,20260610,20260626,31,0.39363909761414045
fixed31,relative_velocity,1,20260817,5,R1->R2,TSAL20260610_0830_forgetAndForgetFree001,TSAL20260627_0830_forgetAndForgetFree001,20260610,20260627,31,0.2935046561521152
fixed31,relative_velocity,1,20260817,5,R2->R1,TSAL20260610_0830_forgetAndForgetFree001,TSAL20260627_0830_forgetAndForgetFree001,20260610,20260627,31,0.10262387250049007
fixed31,relative_velocity,1,20260817,6,R1->R2,TSAL20260610_0830_forgetAndForgetFree001,TSAL20260628_0830_forgetAndForgetFree001,20260610,20260628,31,0.34532290647856584
fixed31,relative_velocity,1,20260817,6,R2->R1,TSAL20260610_0830_forgetAndForgetFree001,TSAL20260628_0830_forgetAndForgetFree001,20260610,20260628,31,0.3902538641370226
fixed31,relative_velocity,1,20260817,7,R1->R2,TSAL20260611_0830_forgetAndForgetFree001,TSAL20260626_0830_forgetAndForgetFree001,20260611,20260626,31,0.19275972852533857
fixed31,relative_velocity,1,20260817,7,R2->R1,TSAL20260611_0830_forgetAndForgetFree001,TSAL20260626_0830_forgetAndForgetFree001,20260611,20260626,31,0.3018542388526439
fixed31,relative_velocity,1,20260817,8,R1->R2,TSAL20260611_0830_forgetAndForgetFree001,TSAL20260627_0830_forgetAndForgetFree001,20260611,20260627,31,0.2217666641088698
fixed31,relative_velocity,1,20260817,8,R2->R1,TSAL20260611_0830_forgetAndForgetFree001,TSAL20260627_0830_forgetAndForgetFree001,20260611,20260627,31,0.10257858092107525
fixed31,relative_velocity,1,20260817,9,R1->R2,TSAL20260611_0830_forgetAndForgetFree001,TSAL20260628_0830_forgetAndForgetFree001,20260611,20260628,31,0.19754938988196796
fixed31,relative_velocity,1,20260817,9,R2->R1,TSAL20260611_0830_forgetAndForgetFree001,TSAL20260628_0830_forgetAndForgetFree001,20260611,20260628,31,0.1626849023582467
fixed31,relative_velocity,2,20260817,1,R1->R2,TSAL20260609_0830_forgetAndForgetFree001,TSAL20260626_0830_forgetAndForgetFree001,20260609,20260626,31,0.34481682666258767
fixed31,relative_velocity,2,20260817,1,R2->R1,TSAL20260609_0830_forgetAndForgetFree001,TSAL20260626_0830_forgetAndForgetFree001,20260609,20260626,31,0.3725227951322453
fixed31,relative_velocity,2,20260817,2,R1->R2,TSAL20260609_0830_forgetAndForgetFree001,TSAL20260627_0830_forgetAndForgetFree001,20260609,20260627,31,0.23512749241883293
fixed31,relative_velocity,2,20260817,2,R2->R1,TSAL20260609_0830_forgetAndForgetFree001,TSAL20260627_0830_forgetAndForgetFree001,20260609,20260627,31,0.18029887283865043
fixed31,relative_velocity,2,20260817,3,R1->R2,TSAL20260609_0830_forgetAndForgetFree001,TSAL20260628_0830_forgetAndForgetFree001,20260609,20260628,31,0.24082433479644003
fixed31,relative_velocity,2,20260817,3,R2->R1,TSAL20260609_0830_forgetAndForgetFree001,TSAL20260628_0830_forgetAndForgetFree001,20260609,20260628,31,0.35861232845526614
fixed31,relative_velocity,2,20260817,4,R1->R2,TSAL20260610_0830_forgetAndForgetFree001,TSAL20260626_0830_forgetAndForgetFree001,20260610,20260626,31,0.3867040720468216
fixed31,relative_velocity,2,20260817,4,R2->R1,TSAL20260610_0830_forgetAndForgetFree001,TSAL20260626_0830_forgetAndForgetFree001,20260610,20260626,31,0.3657851018531413
fixed31,relative_velocity,2,20260817,5,R1->R2,TSAL20260610_0830_forgetAndForgetFree001,TSAL20260627_0830_forgetAndForgetFree001,20260610,20260627,31,0.2830294063599269
fixed31,relative_velocity,2,20260817,5,R2->R1,TSAL20260610_0830_forgetAndForgetFree001,TSAL20260627_0830_forgetAndForgetFree001,20260610,20260627,31,0.2917526793011551
fixed31,relative_velocity,2,20260817,6,R1->R2,TSAL20260610_0830_forgetAndForgetFree001,TSAL20260628_0830_forgetAndForgetFree001,20260610,20260628,31,0.2984571030843152
fixed31,relative_velocity,2,20260817,6,R2->R1,TSAL20260610_0830_forgetAndForgetFree001,TSAL20260628_0830_forgetAndForgetFree001,20260610,20260628,31,0.3919628180725368
fixed31,relative_velocity,2,20260817,7,R1->R2,TSAL20260611_0830_forgetAndForgetFree001,TSAL20260626_0830_forgetAndForgetFree001,20260611,20260626,31,0.2609985338162224
fixed31,relative_velocity,2,20260817,7,R2->R1,TSAL20260611_0830_forgetAndForgetFree001,TSAL20260626_0830_forgetAndForgetFree001,20260611,20260626,31,0.31185553311600056
fixed31,relative_velocity,2,20260817,8,R1->R2,TSAL20260611_0830_forgetAndForgetFree001,TSAL20260627_0830_forgetAndForgetFree001,20260611,20260627,31,0.20287089905512667
fixed31,relative_velocity,2,20260817,8,R2->R1,TSAL20260611_0830_forgetAndForgetFree001,TSAL20260627_0830_forgetAndForgetFree001,20260611,20260627,31,0.025746944730719597
fixed31,relative_velocity,2,20260817,9,R1->R2,TSAL20260611_0830_forgetAndForgetFree001,TSAL20260628_0830_forgetAndForgetFree001,20260611,20260628,31,0.21634932021462777
fixed31,relative_velocity,2,20260817,9,R2->R1,TSAL20260611_0830_forgetAndForgetFree001,TSAL20260628_0830_forgetAndForgetFree001,20260611,20260628,31,0.26434865189558215
fixed31,relative_velocity,3,20260817,1,R1->R2,TSAL20260609_0830_forgetAndForgetFree001,TSAL20260626_0830_forgetAndForgetFree001,20260609,20260626,31,0.39547864955924156
fixed31,relative_velocity,3,20260817,1,R2->R1,TSAL20260609_0830_forgetAndForgetFree001,TSAL20260626_0830_forgetAndForgetFree001,20260609,20260626,31,0.3433366021562424
fixed31,relative_velocity,3,20260817,2,R1->R2,TSAL20260609_0830_forgetAndForgetFree001,TSAL20260627_0830_forgetAndForgetFree001,20260609,20260627,31,0.23649501158330377
fixed31,relative_velocity,3,20260817,2,R2->R1,TSAL20260609_0830_forgetAndForgetFree001,TSAL20260627_0830_forgetAndForgetFree001,20260609,20260627,31,0.18912273009811947
fixed31,relative_velocity,3,20260817,3,R1->R2,TSAL20260609_0830_forgetAndForgetFree001,TSAL20260628_0830_forgetAndForgetFree001,20260609,20260628,31,0.2894805822777816
fixed31,relative_velocity,3,20260817,3,R2->R1,TSAL20260609_0830_forgetAndForgetFree001,TSAL20260628_0830_forgetAndForgetFree001,20260609,20260628,31,0.4239680095080088
fixed31,relative_velocity,3,20260817,4,R1->R2,TSAL20260610_0830_forgetAndForgetFree001,TSAL20260626_0830_forgetAndForgetFree001,20260610,20260626,31,0.334534946224577
fixed31,relative_velocity,3,20260817,4,R2->R1,TSAL20260610_0830_forgetAndForgetFree001,TSAL20260626_0830_forgetAndForgetFree001,20260610,20260626,31,0.3206993300321087
fixed31,relative_velocity,3,20260817,5,R1->R2,TSAL20260610_0830_forgetAndForgetFree001,TSAL20260627_0830_forgetAndForgetFree001,20260610,20260627,31,0.31757461425909805
fixed31,relative_velocity,3,20260817,5,R2->R1,TSAL20260610_0830_forgetAndForgetFree001,TSAL20260627_0830_forgetAndForgetFree001,20260610,20260627,31,0.31920725727684646
fixed31,relative_velocity,3,20260817,6,R1->R2,TSAL20260610_0830_forgetAndForgetFree001,TSAL20260628_0830_forgetAndForgetFree001,20260610,20260628,31,0.33495101628235563
fixed31,relative_velocity,3,20260817,6,R2->R1,TSAL20260610_0830_forgetAndForgetFree001,TSAL20260628_0830_forgetAndForgetFree001,20260610,20260628,31,0.468656417339389
fixed31,relative_velocity,3,20260817,7,R1->R2,TSAL20260611_0830_forgetAndForgetFree001,TSAL20260626_0830_forgetAndForgetFree001,20260611,20260626,31,0.2642809832463352
fixed31,relative_velocity,3,20260817,7,R2->R1,TSAL20260611_0830_forgetAndForgetFree001,TSAL20260626_0830_forgetAndForgetFree001,20260611,20260626,31,0.3408195768509164
fixed31,relative_velocity,3,20260817,8,R1->R2,TSAL20260611_0830_forgetAndForgetFree001,TSAL20260627_0830_forgetAndForgetFree001,20260611,20260627,31,0.2571408887507946
fixed31,relative_velocity,3,20260817,8,R2->R1,TSAL20260611_0830_forgetAndForgetFree001,TSAL20260627_0830_forgetAndForgetFree001,20260611,20260627,31,0.20391041189002673
fixed31,relative_velocity,3,20260817,9,R1->R2,TSAL20260611_0830_forgetAndForgetFree001,TSAL20260628_0830_forgetAndForgetFree001,20260611,20260628,31,0.2300484743029077
fixed31,relative_velocity,3,20260817,9,R2->R1,TSAL20260611_0830_forgetAndForgetFree001,TSAL20260628_0830_forgetAndForgetFree001,20260611,20260628,31,0.3858619606727048
fixed31,relative_velocity,4,20260817,1,R1->R2,TSAL20260609_0830_forgetAndForgetFree001,TSAL20260626_0830_forgetAndForgetFree001,20260609,20260626,31,0.3809524056677132
fixed31,relative_velocity,4,20260817,1,R2->R1,TSAL20260609_0830_forgetAndForgetFree001,TSAL20260626_0830_forgetAndForgetFree001,20260609,20260626,31,0.3167236415697114
fixed31,relative_velocity,4,20260817,2,R1->R2,TSAL20260609_0830_forgetAndForgetFree001,TSAL20260627_0830_forgetAndForgetFree001,20260609,20260627,31,0.35903201708126514
fixed31,relative_velocity,4,20260817,2,R2->R1,TSAL20260609_0830_forgetAndForgetFree001,TSAL20260627_0830_forgetAndForgetFree001,20260609,20260627,31,0.2807210575866077
fixed31,relative_velocity,4,20260817,3,R1->R2,TSAL20260609_0830_forgetAndForgetFree001,TSAL20260628_0830_forgetAndForgetFree001,20260609,20260628,31,0.26469162967521953
fixed31,relative_velocity,4,20260817,3,R2->R1,TSAL20260609_0830_forgetAndForgetFree001,TSAL20260628_0830_forgetAndForgetFree001,20260609,20260628,31,0.3639697473651428
fixed31,relative_velocity,4,20260817,4,R1->R2,TSAL20260610_0830_forgetAndForgetFree001,TSAL20260626_0830_forgetAndForgetFree001,20260610,20260626,31,0.327677143665668
fixed31,relative_velocity,4,20260817,4,R2->R1,TSAL20260610_0830_forgetAndForgetFree001,TSAL20260626_0830_forgetAndForgetFree001,20260610,20260626,31,0.34225558387999144
fixed31,relative_velocity,4,20260817,5,R1->R2,TSAL20260610_0830_forgetAndForgetFree001,TSAL20260627_0830_forgetAndForgetFree001,20260610,20260627,31,0.3690060940001376
fixed31,relative_velocity,4,20260817,5,R2->R1,TSAL20260610_0830_forgetAndForgetFree001,TSAL20260627_0830_forgetAndForgetFree001,20260610,20260627,31,0.3569658894779193
fixed31,relative_velocity,4,20260817,6,R1->R2,TSAL20260610_0830_forgetAndForgetFree001,TSAL20260628_0830_forgetAndForgetFree001,20260610,20260628,31,0.287460179261177
fixed31,relative_velocity,4,20260817,6,R2->R1,TSAL20260610_0830_forgetAndForgetFree001,TSAL20260628_0830_forgetAndForgetFree001,20260610,20260628,31,0.40778487497171273
fixed31,relative_velocity,4,20260817,7,R1->R2,TSAL20260611_0830_forgetAndForgetFree001,TSAL20260626_0830_forgetAndForgetFree001,20260611,20260626,31,0.4139291684123854
fixed31,relative_velocity,4,20260817,7,R2->R1,TSAL20260611_0830_forgetAndForgetFree001,TSAL20260626_0830_forgetAndForgetFree001,20260611,20260626,31,0.3316982581200887
fixed31,relative_velocity,4,20260817,8,R1->R2,TSAL20260611_0830_forgetAndForgetFree001,TSAL20260627_0830_forgetAndForgetFree001,20260611,20260627,31,0.20243232569366143
fixed31,relative_velocity,4,20260817,8,R2->R1,TSAL20260611_0830_forgetAndForgetFree001,TSAL20260627_0830_forgetAndForgetFree001,20260611,20260627,31,0.23640872517114073
fixed31,relative_velocity,4,20260817,9,R1->R2,TSAL20260611_0830_forgetAndForgetFree001,TSAL20260628_0830_forgetAndForgetFree001,20260611,20260628,31,0.1395752945439155
fixed31,relative_velocity,4,20260817,9,R2->R1,TSAL20260611_0830_forgetAndForgetFree001,TSAL20260628_0830_forgetAndForgetFree001,20260611,20260628,31,0.29507227310340606
fixed31,relative_velocity,5,20260817,1,R1->R2,TSAL20260609_0830_forgetAndForgetFree001,TSAL20260626_0830_forgetAndForgetFree001,20260609,20260626,31,0.24295409488678418
fixed31,relative_velocity,5,20260817,1,R2->R1,TSAL20260609_0830_forgetAndForgetFree001,TSAL20260626_0830_forgetAndForgetFree001,20260609,20260626,31,0.30858316067792263
fixed31,relative_velocity,5,20260817,2,R1->R2,TSAL20260609_0830_forgetAndForgetFree001,TSAL20260627_0830_forgetAndForgetFree001,20260609,20260627,31,0.290043126419202
fixed31,relative_velocity,5,20260817,2,R2->R1,TSAL20260609_0830_forgetAndForgetFree001,TSAL20260627_0830_forgetAndForgetFree001,20260609,20260627,31,0.07383561598111678
fixed31,relative_velocity,5,20260817,3,R1->R2,TSAL20260609_0830_forgetAndForgetFree001,TSAL20260628_0830_forgetAndForgetFree001,20260609,20260628,31,0.21753878763246443
fixed31,relative_velocity,5,20260817,3,R2->R1,TSAL20260609_0830_forgetAndForgetFree001,TSAL20260628_0830_forgetAndForgetFree001,20260609,20260628,31,0.28185664004331606
fixed31,relative_velocity,5,20260817,4,R1->R2,TSAL20260610_0830_forgetAndForgetFree001,TSAL20260626_0830_forgetAndForgetFree001,20260610,20260626,31,0.27643280503697176
fixed31,relative_velocity,5,20260817,4,R2->R1,TSAL20260610_0830_forgetAndForgetFree001,TSAL20260626_0830_forgetAndForgetFree001,20260610,20260626,31,0.23453787365441894
fixed31,relative_velocity,5,20260817,5,R1->R2,TSAL20260610_0830_forgetAndForgetFree001,TSAL20260627_0830_forgetAndForgetFree001,20260610,20260627,31,0.2698381575874727
fixed31,relative_velocity,5,20260817,5,R2->R1,TSAL20260610_0830_forgetAndForgetFree001,TSAL20260627_0830_forgetAndForgetFree001,20260610,20260627,31,0.21326685850109928
fixed31,relative_velocity,5,20260817,6,R1->R2,TSAL20260610_0830_forgetAndForgetFree001,TSAL20260628_0830_forgetAndForgetFree001,20260610,20260628,31,0.35764572614456697
fixed31,relative_velocity,5,20260817,6,R2->R1,TSAL20260610_0830_forgetAndForgetFree001,TSAL20260628_0830_forgetAndForgetFree001,20260610,20260628,31,0.40807507917389535
fixed31,relative_velocity,5,20260817,7,R1->R2,TSAL20260611_0830_forgetAndForgetFree001,TSAL20260626_0830_forgetAndForgetFree001,20260611,20260626,31,0.30140593920418873
fixed31,relative_velocity,5,20260817,7,R2->R1,TSAL20260611_0830_forgetAndForgetFree001,TSAL20260626_0830_forgetAndForgetFree001,20260611,20260626,31,0.3121971310931874
fixed31,relative_velocity,5,20260817,8,R1->R2,TSAL20260611_0830_forgetAndForgetFree001,TSAL20260627_0830_forgetAndForgetFree001,20260611,20260627,31,0.26968466437524385
fixed31,relative_velocity,5,20260817,8,R2->R1,TSAL20260611_0830_forgetAndForgetFree001,TSAL20260627_0830_forgetAndForgetFree001,20260611,20260627,31,0.2213101885793136
fixed31,relative_velocity,5,20260817,9,R1->R2,TSAL20260611_0830_forgetAndForgetFree001,TSAL20260628_0830_forgetAndForgetFree001,20260611,20260628,31,0.2903314039591788
fixed31,relative_velocity,5,20260817,9,R2->R1,TSAL20260611_0830_forgetAndForgetFree001,TSAL20260628_0830_forgetAndForgetFree001,20260611,20260628,31,0.27065102633314797
fixed31,relative_velocity,6,20260817,1,R1->R2,TSAL20260609_0830_forgetAndForgetFree001,TSAL20260626_0830_forgetAndForgetFree001,20260609,20260626,31,0.39694132295306545
fixed31,relative_velocity,6,20260817,1,R2->R1,TSAL20260609_0830_forgetAndForgetFree001,TSAL20260626_0830_forgetAndForgetFree001,20260609,20260626,31,0.394999149738956
fixed31,relative_velocity,6,20260817,2,R1->R2,TSAL20260609_0830_forgetAndForgetFree001,TSAL20260627_0830_forgetAndForgetFree001,20260609,20260627,31,0.22326918790648775
fixed31,relative_velocity,6,20260817,2,R2->R1,TSAL20260609_0830_forgetAndForgetFree001,TSAL20260627_0830_forgetAndForgetFree001,20260609,20260627,31,0.2294678164687314
fixed31,relative_velocity,6,20260817,3,R1->R2,TSAL20260609_0830_forgetAndForgetFree001,TSAL20260628_0830_forgetAndForgetFree001,20260609,20260628,31,0.28280959690782165
fixed31,relative_velocity,6,20260817,3,R2->R1,TSAL20260609_0830_forgetAndForgetFree001,TSAL20260628_0830_forgetAndForgetFree001,20260609,20260628,31,0.36691219819828386
fixed31,relative_velocity,6,20260817,4,R1->R2,TSAL20260610_0830_forgetAndForgetFree001,TSAL20260626_0830_forgetAndForgetFree001,20260610,20260626,31,0.2711839578108548
fixed31,relative_velocity,6,20260817,4,R2->R1,TSAL20260610_0830_forgetAndForgetFree001,TSAL20260626_0830_forgetAndForgetFree001,20260610,20260626,31,0.22235861804887655
fixed31,relative_velocity,6,20260817,5,R1->R2,TSAL20260610_0830_forgetAndForgetFree001,TSAL20260627_0830_forgetAndForgetFree001,20260610,20260627,31,0.3101932040990901
fixed31,relative_velocity,6,20260817,5,R2->R1,TSAL20260610_0830_forgetAndForgetFree001,TSAL20260627_0830_forgetAndForgetFree001,20260610,20260627,31,0.44320034561873417
fixed31,relative_velocity,6,20260817,6,R1->R2,TSAL20260610_0830_forgetAndForgetFree001,TSAL20260628_0830_forgetAndForgetFree001,20260610,20260628,31,0.34182158244819866
fixed31,relative_velocity,6,20260817,6,R2->R1,TSAL20260610_0830_forgetAndForgetFree001,TSAL20260628_0830_forgetAndForgetFree001,20260610,20260628,31,0.41045066474403064
fixed31,relative_velocity,6,20260817,7,R1->R2,TSAL20260611_0830_forgetAndForgetFree001,TSAL20260626_0830_forgetAndForgetFree001,20260611,20260626,31,0.3148621431319082
fixed31,relative_velocity,6,20260817,7,R2->R1,TSAL20260611_0830_forgetAndForgetFree001,TSAL20260626_0830_forgetAndForgetFree001,20260611,20260626,31,0.24876513033558406
fixed31,relative_velocity,6,20260817,8,R1->R2,TSAL20260611_0830_forgetAndForgetFree001,TSAL20260627_0830_forgetAndForgetFree001,20260611,20260627,31,0.22064105586307686
fixed31,relative_velocity,6,20260817,8,R2->R1,TSAL20260611_0830_forgetAndForgetFree001,TSAL20260627_0830_forgetAndForgetFree001,20260611,20260627,31,0.20075315021268533
fixed31,relative_velocity,6,20260817,9,R1->R2,TSAL20260611_0830_forgetAndForgetFree001,TSAL20260628_0830_forgetAndForgetFree001,20260611,20260628,31,0.24871761217972418
fixed31,relative_velocity,6,20260817,9,R2->R1,TSAL20260611_0830_forgetAndForgetFree001,TSAL20260628_0830_forgetAndForgetFree001,20260611,20260628,31,0.23308720294625832
fixed31,relative_velocity,7,20260817,1,R1->R2,TSAL20260609_0830_forgetAndForgetFree001,TSAL20260626_0830_forgetAndForgetFree001,20260609,20260626,31,0.2921694587621292
fixed31,relative_velocity,7,20260817,1,R2->R1,TSAL20260609_0830_forgetAndForgetFree001,TSAL20260626_0830_forgetAndForgetFree001,20260609,20260626,31,0.22707829817302536
fixed31,relative_velocity,7,20260817,2,R1->R2,TSAL20260609_0830_forgetAndForgetFree001,TSAL20260627_0830_forgetAndForgetFree001,20260609,20260627,31,0.3364422654206482
fixed31,relative_velocity,7,20260817,2,R2->R1,TSAL20260609_0830_forgetAndForgetFree001,TSAL20260627_0830_forgetAndForgetFree001,20260609,20260627,31,0.2784206887689281
fixed31,relative_velocity,7,20260817,3,R1->R2,TSAL20260609_0830_forgetAndForgetFree001,TSAL20260628_0830_forgetAndForgetFree001,20260609,20260628,31,0.25878146448684025
fixed31,relative_velocity,7,20260817,3,R2->R1,TSAL20260609_0830_forgetAndForgetFree001,TSAL20260628_0830_forgetAndForgetFree001,20260609,20260628,31,0.3995359746410196
fixed31,relative_velocity,7,20260817,4,R1->R2,TSAL20260610_0830_forgetAndForgetFree001,TSAL20260626_0830_forgetAndForgetFree001,20260610,20260626,31,0.23580128854518734
fixed31,relative_velocity,7,20260817,4,R2->R1,TSAL20260610_0830_forgetAndForgetFree001,TSAL20260626_0830_forgetAndForgetFree001,20260610,20260626,31,0.4363420105978185
fixed31,relative_velocity,7,20260817,5,R1->R2,TSAL20260610_0830_forgetAndForgetFree001,TSAL20260627_0830_forgetAndForgetFree001,20260610,20260627,31,0.29967655042250607
fixed31,relative_velocity,7,20260817,5,R2->R1,TSAL20260610_0830_forgetAndForgetFree001,TSAL20260627_0830_forgetAndForgetFree001,20260610,20260627,31,0.2411563527497461
fixed31,relative_velocity,7,20260817,6,R1->R2,TSAL20260610_0830_forgetAndForgetFree001,TSAL20260628_0830_forgetAndForgetFree001,20260610,20260628,31,0.2755154480005796
fixed31,relative_velocity,7,20260817,6,R2->R1,TSAL20260610_0830_forgetAndForgetFree001,TSAL20260628_0830_forgetAndForgetFree001,20260610,20260628,31,0.4084574991790985
fixed31,relative_velocity,7,20260817,7,R1->R2,TSAL20260611_0830_forgetAndForgetFree001,TSAL20260626_0830_forgetAndForgetFree001,20260611,20260626,31,0.3532563397329136
fixed31,relative_velocity,7,20260817,7,R2->R1,TSAL20260611_0830_forgetAndForgetFree001,TSAL20260626_0830_forgetAndForgetFree001,20260611,20260626,31,0.22937059684099756
fixed31,relative_velocity,7,20260817,8,R1->R2,TSAL20260611_0830_forgetAndForgetFree001,TSAL20260627_0830_forgetAndForgetFree001,20260611,20260627,31,0.2870506648303715
fixed31,relative_velocity,7,20260817,8,R2->R1,TSAL20260611_0830_forgetAndForgetFree001,TSAL20260627_0830_forgetAndForgetFree001,20260611,20260627,31,0.2174067619893712
fixed31,relative_velocity,7,20260817,9,R1->R2,TSAL20260611_0830_forgetAndForgetFree001,TSAL20260628_0830_forgetAndForgetFree001,20260611,20260628,31,0.15950806193398762
fixed31,relative_velocity,7,20260817,9,R2->R1,TSAL20260611_0830_forgetAndForgetFree001,TSAL20260628_0830_forgetAndForgetFree001,20260611,20260628,31,0.34953123514313295
fixed31,relative_velocity,8,20260817,1,R1->R2,TSAL20260609_0830_forgetAndForgetFree001,TSAL20260626_0830_forgetAndForgetFree001,20260609,20260626,31,0.32923087290943853
fixed31,relative_velocity,8,20260817,1,R2->R1,TSAL20260609_0830_forgetAndForgetFree001,TSAL20260626_0830_forgetAndForgetFree001,20260609,20260626,31,0.2906360976108698
fixed31,relative_velocity,8,20260817,2,R1->R2,TSAL20260609_0830_forgetAndForgetFree001,TSAL20260627_0830_forgetAndForgetFree001,20260609,20260627,31,0.2681312610603859
fixed31,relative_velocity,8,20260817,2,R2->R1,TSAL20260609_0830_forgetAndForgetFree001,TSAL20260627_0830_forgetAndForgetFree001,20260609,20260627,31,0.33106334553546635
fixed31,relative_velocity,8,20260817,3,R1->R2,TSAL20260609_0830_forgetAndForgetFree001,TSAL20260628_0830_forgetAndForgetFree001,20260609,20260628,31,0.2632494842986924
fixed31,relative_velocity,8,20260817,3,R2->R1,TSAL20260609_0830_forgetAndForgetFree001,TSAL20260628_0830_forgetAndForgetFree001,20260609,20260628,31,0.41105834981884853
fixed31,relative_velocity,8,20260817,4,R1->R2,TSAL20260610_0830_forgetAndForgetFree001,TSAL20260626_0830_forgetAndForgetFree001,20260610,20260626,31,0.3840134776307203
fixed31,relative_velocity,8,20260817,4,R2->R1,TSAL20260610_0830_forgetAndForgetFree001,TSAL20260626_0830_forgetAndForgetFree001,20260610,20260626,31,0.4022208415282397
fixed31,relative_velocity,8,20260817,5,R1->R2,TSAL20260610_0830_forgetAndForgetFree001,TSAL20260627_0830_forgetAndForgetFree001,20260610,20260627,31,0.2531469222103315
fixed31,relative_velocity,8,20260817,5,R2->R1,TSAL20260610_0830_forgetAndForgetFree001,TSAL20260627_0830_forgetAndForgetFree001,20260610,20260627,31,0.36292240684236127
fixed31,relative_velocity,8,20260817,6,R1->R2,TSAL20260610_0830_forgetAndForgetFree001,TSAL20260628_0830_forgetAndForgetFree001,20260610,20260628,31,0.263480979808748
fixed31,relative_velocity,8,20260817,6,R2->R1,TSAL20260610_0830_forgetAndForgetFree001,TSAL20260628_0830_forgetAndForgetFree001,20260610,20260628,31,0.2609257842799374
fixed31,relative_velocity,8,20260817,7,R1->R2,TSAL20260611_0830_forgetAndForgetFree001,TSAL20260626_0830_forgetAndForgetFree001,20260611,20260626,31,0.2923306276210246
fixed31,relative_velocity,8,20260817,7,R2->R1,TSAL20260611_0830_forgetAndForgetFree001,TSAL20260626_0830_forgetAndForgetFree001,20260611,20260626,31,0.18260561187151864
fixed31,relative_velocity,8,20260817,8,R1->R2,TSAL20260611_0830_forgetAndForgetFree001,TSAL20260627_0830_forgetAndForgetFree001,20260611,20260627,31,0.18667335827034992
fixed31,relative_velocity,8,20260817,8,R2->R1,TSAL20260611_0830_forgetAndForgetFree001,TSAL20260627_0830_forgetAndForgetFree001,20260611,20260627,31,0.16726755264054252
fixed31,relative_velocity,8,20260817,9,R1->R2,TSAL20260611_0830_forgetAndForgetFree001,TSAL20260628_0830_forgetAndForgetFree001,20260611,20260628,31,0.22114346662937823
fixed31,relative_velocity,8,20260817,9,R2->R1,TSAL20260611_0830_forgetAndForgetFree001,TSAL20260628_0830_forgetAndForgetFree001,20260611,20260628,31,0.23804778157858814
fixed31,relative_velocity,9,20260817,1,R1->R2,TSAL20260609_0830_forgetAndForgetFree001,TSAL20260626_0830_forgetAndForgetFree001,20260609,20260626,31,0.36251852647092675
fixed31,relative_velocity,9,20260817,1,R2->R1,TSAL20260609_0830_forgetAndForgetFree001,TSAL20260626_0830_forgetAndForgetFree001,20260609,20260626,31,0.389833448089174
fixed31,relative_velocity,9,20260817,2,R1->R2,TSAL20260609_0830_forgetAndForgetFree001,TSAL20260627_0830_forgetAndForgetFree001,20260609,20260627,31,0.24826359995781946
fixed31,relative_velocity,9,20260817,2,R2->R1,TSAL20260609_0830_forgetAndForgetFree001,TSAL20260627_0830_forgetAndForgetFree001,20260609,20260627,31,0.20915527106893378
fixed31,relative_velocity,9,20260817,3,R1->R2,TSAL20260609_0830_forgetAndForgetFree001,TSAL20260628_0830_forgetAndForgetFree001,20260609,20260628,31,0.28072686920549933
fixed31,relative_velocity,9,20260817,3,R2->R1,TSAL20260609_0830_forgetAndForgetFree001,TSAL20260628_0830_forgetAndForgetFree001,20260609,20260628,31,0.40244727529452207
fixed31,relative_velocity,9,20260817,4,R1->R2,TSAL20260610_0830_forgetAndForgetFree001,TSAL20260626_0830_forgetAndForgetFree001,20260610,20260626,31,0.39930687109372803
fixed31,relative_velocity,9,20260817,4,R2->R1,TSAL20260610_0830_forgetAndForgetFree001,TSAL20260626_0830_forgetAndForgetFree001,20260610,20260626,31,0.30113960316311705
fixed31,relative_velocity,9,20260817,5,R1->R2,TSAL20260610_0830_forgetAndForgetFree001,TSAL20260627_0830_forgetAndForgetFree001,20260610,20260627,31,0.31589360770150454
fixed31,relative_velocity,9,20260817,5,R2->R1,TSAL20260610_0830_forgetAndForgetFree001,TSAL20260627_0830_forgetAndForgetFree001,20260610,20260627,31,0.34082899687030493
fixed31,relative_velocity,9,20260817,6,R1->R2,TSAL20260610_0830_forgetAndForgetFree001,TSAL20260628_0830_forgetAndForgetFree001,20260610,20260628,31,0.21975998090703452
fixed31,relative_velocity,9,20260817,6,R2->R1,TSAL20260610_0830_forgetAndForgetFree001,TSAL20260628_0830_forgetAndForgetFree001,20260610,20260628,31,0.3999858287287546
fixed31,relative_velocity,9,20260817,7,R1->R2,TSAL20260611_0830_forgetAndForgetFree001,TSAL20260626_0830_forgetAndForgetFree001,20260611,20260626,31,0.26737083793649474
fixed31,relative_velocity,9,20260817,7,R2->R1,TSAL20260611_0830_forgetAndForgetFree001,TSAL20260626_0830_forgetAndForgetFree001,20260611,20260626,31,0.16200777089343393
fixed31,relative_velocity,9,20260817,8,R1->R2,TSAL20260611_0830_forgetAndForgetFree001,TSAL20260627_0830_forgetAndForgetFree001,20260611,20260627,31,0.24222988420216568
fixed31,relative_velocity,9,20260817,8,R2->R1,TSAL20260611_0830_forgetAndForgetFree001,TSAL20260627_0830_forgetAndForgetFree001,20260611,20260627,31,0.05669932170301655
fixed31,relative_velocity,9,20260817,9,R1->R2,TSAL20260611_0830_forgetAndForgetFree001,TSAL20260628_0830_forgetAndForgetFree001,20260611,20260628,31,0.22464233792630117
fixed31,relative_velocity,9,20260817,9,R2->R1,TSAL20260611_0830_forgetAndForgetFree001,TSAL20260628_0830_forgetAndForgetFree001,20260611,20260628,31,0.22078902170922246
fixed31,relative_velocity,10,20260817,1,R1->R2,TSAL20260609_0830_forgetAndForgetFree001,TSAL20260626_0830_forgetAndForgetFree001,20260609,20260626,31,0.41733835148638826
fixed31,relative_velocity,10,20260817,1,R2->R1,TSAL20260609_0830_forgetAndForgetFree001,TSAL20260626_0830_forgetAndForgetFree001,20260609,20260626,31,0.2797205775522162
fixed31,relative_velocity,10,20260817,2,R1->R2,TSAL20260609_0830_forgetAndForgetFree001,TSAL20260627_0830_forgetAndForgetFree001,20260609,20260627,31,0.2379898583668966
fixed31,relative_velocity,10,20260817,2,R2->R1,TSAL20260609_0830_forgetAndForgetFree001,TSAL20260627_0830_forgetAndForgetFree001,20260609,20260627,31,0.25218065093505926
fixed31,relative_velocity,10,20260817,3,R1->R2,TSAL20260609_0830_forgetAndForgetFree001,TSAL20260628_0830_forgetAndForgetFree001,20260609,20260628,31,0.3014970325089857
fixed31,relative_velocity,10,20260817,3,R2->R1,TSAL20260609_0830_forgetAndForgetFree001,TSAL20260628_0830_forgetAndForgetFree001,20260609,20260628,31,0.3856505749028266
fixed31,relative_velocity,10,20260817,4,R1->R2,TSAL20260610_0830_forgetAndForgetFree001,TSAL20260626_0830_forgetAndForgetFree001,20260610,20260626,31,0.36150873655660715
fixed31,relative_velocity,10,20260817,4,R2->R1,TSAL20260610_0830_forgetAndForgetFree001,TSAL20260626_0830_forgetAndForgetFree001,20260610,20260626,31,0.2717948005489596
fixed31,relative_velocity,10,20260817,5,R1->R2,TSAL20260610_0830_forgetAndForgetFree001,TSAL20260627_0830_forgetAndForgetFree001,20260610,20260627,31,0.2833481532858263
fixed31,relative_velocity,10,20260817,5,R2->R1,TSAL20260610_0830_forgetAndForgetFree001,TSAL20260627_0830_forgetAndForgetFree001,20260610,20260627,31,0.03441895955793595
fixed31,relative_velocity,10,20260817,6,R1->R2,TSAL20260610_0830_forgetAndForgetFree001,TSAL20260628_0830_forgetAndForgetFree001,20260610,20260628,31,0.2756530580953584
fixed31,relative_velocity,10,20260817,6,R2->R1,TSAL20260610_0830_forgetAndForgetFree001,TSAL20260628_0830_forgetAndForgetFree001,20260610,20260628,31,0.36228556105049964
fixed31,relative_velocity,10,20260817,7,R1->R2,TSAL20260611_0830_forgetAndForgetFree001,TSAL20260626_0830_forgetAndForgetFree001,20260611,20260626,31,0.340553646198508
fixed31,relative_velocity,10,20260817,7,R2->R1,TSAL20260611_0830_forgetAndForgetFree001,TSAL20260626_0830_forgetAndForgetFree001,20260611,20260626,31,0.33409901111146606
fixed31,relative_velocity,10,20260817,8,R1->R2,TSAL20260611_0830_forgetAndForgetFree001,TSAL20260627_0830_forgetAndForgetFree001,20260611,20260627,31,0.35715080794070425
fixed31,relative_velocity,10,20260817,8,R2->R1,TSAL20260611_0830_forgetAndForgetFree001,TSAL20260627_0830_forgetAndForgetFree001,20260611,20260627,31,0.2666865129689154
fixed31,relative_velocity,10,20260817,9,R1->R2,TSAL20260611_0830_forgetAndForgetFree001,TSAL20260628_0830_forgetAndForgetFree001,20260611,20260628,31,0.23755141910076635
fixed31,relative_velocity,10,20260817,9,R2->R1,TSAL20260611_0830_forgetAndForgetFree001,TSAL20260628_0830_forgetAndForgetFree001,20260611,20260628,31,0.2978619081521631
fixed31,relative_velocity,11,20260817,1,R1->R2,TSAL20260609_0830_forgetAndForgetFree001,TSAL20260626_0830_forgetAndForgetFree001,20260609,20260626,31,0.2502925832730135
fixed31,relative_velocity,11,20260817,1,R2->R1,TSAL20260609_0830_forgetAndForgetFree001,TSAL20260626_0830_forgetAndForgetFree001,20260609,20260626,31,0.33659298188577524
fixed31,relative_velocity,11,20260817,2,R1->R2,TSAL20260609_0830_forgetAndForgetFree001,TSAL20260627_0830_forgetAndForgetFree001,20260609,20260627,31,0.2845514650832971
fixed31,relative_velocity,11,20260817,2,R2->R1,TSAL20260609_0830_forgetAndForgetFree001,TSAL20260627_0830_forgetAndForgetFree001,20260609,20260627,31,0.20406592419316488
fixed31,relative_velocity,11,20260817,3,R1->R2,TSAL20260609_0830_forgetAndForgetFree001,TSAL20260628_0830_forgetAndForgetFree001,20260609,20260628,31,0.20055000729873
fixed31,relative_velocity,11,20260817,3,R2->R1,TSAL20260609_0830_forgetAndForgetFree001,TSAL20260628_0830_forgetAndForgetFree001,20260609,20260628,31,0.3166771486186909
fixed31,relative_velocity,11,20260817,4,R1->R2,TSAL20260610_0830_forgetAndForgetFree001,TSAL20260626_0830_forgetAndForgetFree001,20260610,20260626,31,0.41795388234220354
fixed31,relative_velocity,11,20260817,4,R2->R1,TSAL20260610_0830_forgetAndForgetFree001,TSAL20260626_0830_forgetAndForgetFree001,20260610,20260626,31,0.40251668986119626
fixed31,relative_velocity,11,20260817,5,R1->R2,TSAL20260610_0830_forgetAndForgetFree001,TSAL20260627_0830_forgetAndForgetFree001,20260610,20260627,31,0.27577308495094044
fixed31,relative_velocity,11,20260817,5,R2->R1,TSAL20260610_0830_forgetAndForgetFree001,TSAL20260627_0830_forgetAndForgetFree001,20260610,20260627,31,0.2287274502263367
fixed31,relative_velocity,11,20260817,6,R1->R2,TSAL20260610_0830_forgetAndForgetFree001,TSAL20260628_0830_forgetAndForgetFree001,20260610,20260628,31,0.23429198906350493
fixed31,relative_velocity,11,20260817,6,R2->R1,TSAL20260610_0830_forgetAndForgetFree001,TSAL20260628_0830_forgetAndForgetFree001,20260610,20260628,31,0.465876029535733
fixed31,relative_velocity,11,20260817,7,R1->R2,TSAL20260611_0830_forgetAndForgetFree001,TSAL20260626_0830_forgetAndForgetFree001,20260611,20260626,31,0.2905674825201245
fixed31,relative_velocity,11,20260817,7,R2->R1,TSAL20260611_0830_forgetAndForgetFree001,TSAL20260626_0830_forgetAndForgetFree001,20260611,20260626,31,0.37926235105077283
fixed31,relative_velocity,11,20260817,8,R1->R2,TSAL20260611_0830_forgetAndForgetFree001,TSAL20260627_0830_forgetAndForgetFree001,20260611,20260627,31,0.26460612580259196
fixed31,relative_velocity,11,20260817,8,R2->R1,TSAL20260611_0830_forgetAndForgetFree001,TSAL20260627_0830_forgetAndForgetFree001,20260611,20260627,31,0.17017298124270516
fixed31,relative_velocity,11,20260817,9,R1->R2,TSAL20260611_0830_forgetAndForgetFree001,TSAL20260628_0830_forgetAndForgetFree001,20260611,20260628,31,0.32652369917365365
fixed31,relative_velocity,11,20260817,9,R2->R1,TSAL20260611_0830_forgetAndForgetFree001,TSAL20260628_0830_forgetAndForgetFree001,20260611,20260628,31,0.20941459179100047
fixed31,relative_velocity,12,20260817,1,R1->R2,TSAL20260609_0830_forgetAndForgetFree001,TSAL20260626_0830_forgetAndForgetFree001,20260609,20260626,31,0.35504156572985485
fixed31,relative_velocity,12,20260817,1,R2->R1,TSAL20260609_0830_forgetAndForgetFree001,TSAL20260626_0830_forgetAndForgetFree001,20260609,20260626,31,0.3022031020537464
fixed31,relative_velocity,12,20260817,2,R1->R2,TSAL20260609_0830_forgetAndForgetFree001,TSAL20260627_0830_forgetAndForgetFree001,20260609,20260627,31,0.1504524613665769
fixed31,relative_velocity,12,20260817,2,R2->R1,TSAL20260609_0830_forgetAndForgetFree001,TSAL20260627_0830_forgetAndForgetFree001,20260609,20260627,31,0.30497847411997964
fixed31,relative_velocity,12,20260817,3,R1->R2,TSAL20260609_0830_forgetAndForgetFree001,TSAL20260628_0830_forgetAndForgetFree001,20260609,20260628,31,0.32867417545342836
fixed31,relative_velocity,12,20260817,3,R2->R1,TSAL20260609_0830_forgetAndForgetFree001,TSAL20260628_0830_forgetAndForgetFree001,20260609,20260628,31,0.2870014829949011
fixed31,relative_velocity,12,20260817,4,R1->R2,TSAL20260610_0830_forgetAndForgetFree001,TSAL20260626_0830_forgetAndForgetFree001,20260610,20260626,31,0.277492574111391
fixed31,relative_velocity,12,20260817,4,R2->R1,TSAL20260610_0830_forgetAndForgetFree001,TSAL20260626_0830_forgetAndForgetFree001,20260610,20260626,31,0.44706539275133966
fixed31,relative_velocity,12,20260817,5,R1->R2,TSAL20260610_0830_forgetAndForgetFree001,TSAL20260627_0830_forgetAndForgetFree001,20260610,20260627,31,0.30056188229092845
fixed31,relative_velocity,12,20260817,5,R2->R1,TSAL20260610_0830_forgetAndForgetFree001,TSAL20260627_0830_forgetAndForgetFree001,20260610,20260627,31,0.24918314584988283
fixed31,relative_velocity,12,20260817,6,R1->R2,TSAL20260610_0830_forgetAndForgetFree001,TSAL20260628_0830_forgetAndForgetFree001,20260610,20260628,31,0.21397654255730034
fixed31,relative_velocity,12,20260817,6,R2->R1,TSAL20260610_0830_forgetAndForgetFree001,TSAL20260628_0830_forgetAndForgetFree001,20260610,20260628,31,0.41517698016291216
fixed31,relative_velocity,12,20260817,7,R1->R2,TSAL20260611_0830_forgetAndForgetFree001,TSAL20260626_0830_forgetAndForgetFree001,20260611,20260626,31,0.4163373833059006
fixed31,relative_velocity,12,20260817,7,R2->R1,TSAL20260611_0830_forgetAndForgetFree001,TSAL20260626_0830_forgetAndForgetFree001,20260611,20260626,31,0.3192745265312158
fixed31,relative_velocity,12,20260817,8,R1->R2,TSAL20260611_0830_forgetAndForgetFree001,TSAL20260627_0830_forgetAndForgetFree001,20260611,20260627,31,0.25900242433195875
fixed31,relative_velocity,12,20260817,8,R2->R1,TSAL20260611_0830_forgetAndForgetFree001,TSAL20260627_0830_forgetAndForgetFree001,20260611,20260627,31,0.06214293939671031
fixed31,relative_velocity,12,20260817,9,R1->R2,TSAL20260611_0830_forgetAndForgetFree001,TSAL20260628_0830_forgetAndForgetFree001,20260611,20260628,31,0.2080586772001246
fixed31,relative_velocity,12,20260817,9,R2->R1,TSAL20260611_0830_forgetAndForgetFree001,TSAL20260628_0830_forgetAndForgetFree001,20260611,20260628,31,0.27357800731282367
fixed31,relative_velocity,13,20260817,1,R1->R2,TSAL20260609_0830_forgetAndForgetFree001,TSAL20260626_0830_forgetAndForgetFree001,20260609,20260626,31,0.3896471791738819
fixed31,relative_velocity,13,20260817,1,R2->R1,TSAL20260609_0830_forgetAndForgetFree001,TSAL20260626_0830_forgetAndForgetFree001,20260609,20260626,31,0.2883370105011925
fixed31,relative_velocity,13,20260817,2,R1->R2,TSAL20260609_0830_forgetAndForgetFree001,TSAL20260627_0830_forgetAndForgetFree001,20260609,20260627,31,0.28396012920030156
fixed31,relative_velocity,13,20260817,2,R2->R1,TSAL20260609_0830_forgetAndForgetFree001,TSAL20260627_0830_forgetAndForgetFree001,20260609,20260627,31,0.22244476727780904
fixed31,relative_velocity,13,20260817,3,R1->R2,TSAL20260609_0830_forgetAndForgetFree001,TSAL20260628_0830_forgetAndForgetFree001,20260609,20260628,31,0.20725174247511488
fixed31,relative_velocity,13,20260817,3,R2->R1,TSAL20260609_0830_forgetAndForgetFree001,TSAL20260628_0830_forgetAndForgetFree001,20260609,20260628,31,0.46976238976038376
fixed31,relative_velocity,13,20260817,4,R1->R2,TSAL20260610_0830_forgetAndForgetFree001,TSAL20260626_0830_forgetAndForgetFree001,20260610,20260626,31,0.31343859139369157
fixed31,relative_velocity,13,20260817,4,R2->R1,TSAL20260610_0830_forgetAndForgetFree001,TSAL20260626_0830_forgetAndForgetFree001,20260610,20260626,31,0.2565630376185019
fixed31,relative_velocity,13,20260817,5,R1->R2,TSAL20260610_0830_forgetAndForgetFree001,TSAL20260627_0830_forgetAndForgetFree001,20260610,20260627,31,0.16968863137068702
fixed31,relative_velocity,13,20260817,5,R2->R1,TSAL20260610_0830_forgetAndForgetFree001,TSAL20260627_0830_forgetAndForgetFree001,20260610,20260627,31,0.07300139498304085
fixed31,relative_velocity,13,20260817,6,R1->R2,TSAL20260610_0830_forgetAndForgetFree001,TSAL20260628_0830_forgetAndForgetFree001,20260610,20260628,31,0.32859919056026565
fixed31,relative_velocity,13,20260817,6,R2->R1,TSAL20260610_0830_forgetAndForgetFree001,TSAL20260628_0830_forgetAndForgetFree001,20260610,20260628,31,0.3868055115453204
fixed31,relative_velocity,13,20260817,7,R1->R2,TSAL20260611_0830_forgetAndForgetFree001,TSAL20260626_0830_forgetAndForgetFree001,20260611,20260626,31,0.2376541394704497
fixed31,relative_velocity,13,20260817,7,R2->R1,TSAL20260611_0830_forgetAndForgetFree001,TSAL20260626_0830_forgetAndForgetFree001,20260611,20260626,31,0.23814196287797415
fixed31,relative_velocity,13,20260817,8,R1->R2,TSAL20260611_0830_forgetAndForgetFree001,TSAL20260627_0830_forgetAndForgetFree001,20260611,20260627,31,0.2128990867035987
fixed31,relative_velocity,13,20260817,8,R2->R1,TSAL20260611_0830_forgetAndForgetFree001,TSAL20260627_0830_forgetAndForgetFree001,20260611,20260627,31,0.15830986959694132
fixed31,relative_velocity,13,20260817,9,R1->R2,TSAL20260611_0830_forgetAndForgetFree001,TSAL20260628_0830_forgetAndForgetFree001,20260611,20260628,31,0.2321467665840982
fixed31,relative_velocity,13,20260817,9,R2->R1,TSAL20260611_0830_forgetAndForgetFree001,TSAL20260628_0830_forgetAndForgetFree001,20260611,20260628,31,0.14057286501633162
fixed31,relative_velocity,14,20260817,1,R1->R2,TSAL20260609_0830_forgetAndForgetFree001,TSAL20260626_0830_forgetAndForgetFree001,20260609,20260626,31,0.31493607003462365
fixed31,relative_velocity,14,20260817,1,R2->R1,TSAL20260609_0830_forgetAndForgetFree001,TSAL20260626_0830_forgetAndForgetFree001,20260609,20260626,31,0.33798436123483133
fixed31,relative_velocity,14,20260817,2,R1->R2,TSAL20260609_0830_forgetAndForgetFree001,TSAL20260627_0830_forgetAndForgetFree001,20260609,20260627,31,0.20546106575889186
fixed31,relative_velocity,14,20260817,2,R2->R1,TSAL20260609_0830_forgetAndForgetFree001,TSAL20260627_0830_forgetAndForgetFree001,20260609,20260627,31,0.22003485447367296
fixed31,relative_velocity,14,20260817,3,R1->R2,TSAL20260609_0830_forgetAndForgetFree001,TSAL20260628_0830_forgetAndForgetFree001,20260609,20260628,31,0.22169900975925805
fixed31,relative_velocity,14,20260817,3,R2->R1,TSAL20260609_0830_forgetAndForgetFree001,TSAL20260628_0830_forgetAndForgetFree001,20260609,20260628,31,0.29446058912672857
fixed31,relative_velocity,14,20260817,4,R1->R2,TSAL20260610_0830_forgetAndForgetFree001,TSAL20260626_0830_forgetAndForgetFree001,20260610,20260626,31,0.45632538588680577
fixed31,relative_velocity,14,20260817,4,R2->R1,TSAL20260610_0830_forgetAndForgetFree001,TSAL20260626_0830_forgetAndForgetFree001,20260610,20260626,31,0.42729174302642603
fixed31,relative_velocity,14,20260817,5,R1->R2,TSAL20260610_0830_forgetAndForgetFree001,TSAL20260627_0830_forgetAndForgetFree001,20260610,20260627,31,0.33266938592563255
fixed31,relative_velocity,14,20260817,5,R2->R1,TSAL20260610_0830_forgetAndForgetFree001,TSAL20260627_0830_forgetAndForgetFree001,20260610,20260627,31,0.24655175953926758
fixed31,relative_velocity,14,20260817,6,R1->R2,TSAL20260610_0830_forgetAndForgetFree001,TSAL20260628_0830_forgetAndForgetFree001,20260610,20260628,31,0.3747922928499648
fixed31,relative_velocity,14,20260817,6,R2->R1,TSAL20260610_0830_forgetAndForgetFree001,TSAL20260628_0830_forgetAndForgetFree001,20260610,20260628,31,0.46061725654622576
fixed31,relative_velocity,14,20260817,7,R1->R2,TSAL20260611_0830_forgetAndForgetFree001,TSAL20260626_0830_forgetAndForgetFree001,20260611,20260626,31,0.2159376519688306
fixed31,relative_velocity,14,20260817,7,R2->R1,TSAL20260611_0830_forgetAndForgetFree001,TSAL20260626_0830_forgetAndForgetFree001,20260611,20260626,31,0.20016278469821538
fixed31,relative_velocity,14,20260817,8,R1->R2,TSAL20260611_0830_forgetAndForgetFree001,TSAL20260627_0830_forgetAndForgetFree001,20260611,20260627,31,0.302308395256431
fixed31,relative_velocity,14,20260817,8,R2->R1,TSAL20260611_0830_forgetAndForgetFree001,TSAL20260627_0830_forgetAndForgetFree001,20260611,20260627,31,0.1274547438815843
fixed31,relative_velocity,14,20260817,9,R1->R2,TSAL20260611_0830_forgetAndForgetFree001,TSAL20260628_0830_forgetAndForgetFree001,20260611,20260628,31,0.2962738286336782
fixed31,relative_velocity,14,20260817,9,R2->R1,TSAL20260611_0830_forgetAndForgetFree001,TSAL20260628_0830_forgetAndForgetFree001,20260611,20260628,31,0.3921207942024996
fixed31,relative_velocity,15,20260817,1,R1->R2,TSAL20260609_0830_forgetAndForgetFree001,TSAL20260626_0830_forgetAndForgetFree001,20260609,20260626,31,0.3244131355743718
fixed31,relative_velocity,15,20260817,1,R2->R1,TSAL20260609_0830_forgetAndForgetFree001,TSAL20260626_0830_forgetAndForgetFree001,20260609,20260626,31,0.35086481197761726
fixed31,relative_velocity,15,20260817,2,R1->R2,TSAL20260609_0830_forgetAndForgetFree001,TSAL20260627_0830_forgetAndForgetFree001,20260609,20260627,31,0.37076326199673393
fixed31,relative_velocity,15,20260817,2,R2->R1,TSAL20260609_0830_forgetAndForgetFree001,TSAL20260627_0830_forgetAndForgetFree001,20260609,20260627,31,0.23074095680004103
fixed31,relative_velocity,15,20260817,3,R1->R2,TSAL20260609_0830_forgetAndForgetFree001,TSAL20260628_0830_forgetAndForgetFree001,20260609,20260628,31,0.24391624689824126
fixed31,relative_velocity,15,20260817,3,R2->R1,TSAL20260609_0830_forgetAndForgetFree001,TSAL20260628_0830_forgetAndForgetFree001,20260609,20260628,31,0.4049189527184185
fixed31,relative_velocity,15,20260817,4,R1->R2,TSAL20260610_0830_forgetAndForgetFree001,TSAL20260626_0830_forgetAndForgetFree001,20260610,20260626,31,0.35425593460889626
fixed31,relative_velocity,15,20260817,4,R2->R1,TSAL20260610_0830_forgetAndForgetFree001,TSAL20260626_0830_forgetAndForgetFree001,20260610,20260626,31,0.3835290958541872
fixed31,relative_velocity,15,20260817,5,R1->R2,TSAL20260610_0830_forgetAndForgetFree001,TSAL20260627_0830_forgetAndForgetFree001,20260610,20260627,31,0.3727570872512117
fixed31,relative_velocity,15,20260817,5,R2->R1,TSAL20260610_0830_forgetAndForgetFree001,TSAL20260627_0830_forgetAndForgetFree001,20260610,20260627,31,0.23056380001641222
fixed31,relative_velocity,15,20260817,6,R1->R2,TSAL20260610_0830_forgetAndForgetFree001,TSAL20260628_0830_forgetAndForgetFree001,20260610,20260628,31,0.25783700097385515
fixed31,relative_velocity,15,20260817,6,R2->R1,TSAL20260610_0830_forgetAndForgetFree001,TSAL20260628_0830_forgetAndForgetFree001,20260610,20260628,31,0.3530942006629594
fixed31,relative_velocity,15,20260817,7,R1->R2,TSAL20260611_0830_forgetAndForgetFree001,TSAL20260626_0830_forgetAndForgetFree001,20260611,20260626,31,0.33301667705874954
fixed31,relative_velocity,15,20260817,7,R2->R1,TSAL20260611_0830_forgetAndForgetFree001,TSAL20260626_0830_forgetAndForgetFree001,20260611,20260626,31,0.20080265896675673
fixed31,relative_velocity,15,20260817,8,R1->R2,TSAL20260611_0830_forgetAndForgetFree001,TSAL20260627_0830_forgetAndForgetFree001,20260611,20260627,31,0.30483371394883574
fixed31,relative_velocity,15,20260817,8,R2->R1,TSAL20260611_0830_forgetAndForgetFree001,TSAL20260627_0830_forgetAndForgetFree001,20260611,20260627,31,0.16172344718580595
fixed31,relative_velocity,15,20260817,9,R1->R2,TSAL20260611_0830_forgetAndForgetFree001,TSAL20260628_0830_forgetAndForgetFree001,20260611,20260628,31,0.27407559777817553
fixed31,relative_velocity,15,20260817,9,R2->R1,TSAL20260611_0830_forgetAndForgetFree001,TSAL20260628_0830_forgetAndForgetFree001,20260611,20260628,31,0.2576316271305722
fixed31,relative_velocity,16,20260817,1,R1->R2,TSAL20260609_0830_forgetAndForgetFree001,TSAL20260626_0830_forgetAndForgetFree001,20260609,20260626,31,0.31308247433090847
fixed31,relative_velocity,16,20260817,1,R2->R1,TSAL20260609_0830_forgetAndForgetFree001,TSAL20260626_0830_forgetAndForgetFree001,20260609,20260626,31,0.330178092841541
fixed31,relative_velocity,16,20260817,2,R1->R2,TSAL20260609_0830_forgetAndForgetFree001,TSAL20260627_0830_forgetAndForgetFree001,20260609,20260627,31,0.27677897785356664
fixed31,relative_velocity,16,20260817,2,R2->R1,TSAL20260609_0830_forgetAndForgetFree001,TSAL20260627_0830_forgetAndForgetFree001,20260609,20260627,31,0.2181623004334732
fixed31,relative_velocity,16,20260817,3,R1->R2,TSAL20260609_0830_forgetAndForgetFree001,TSAL20260628_0830_forgetAndForgetFree001,20260609,20260628,31,0.26551173352982865
fixed31,relative_velocity,16,20260817,3,R2->R1,TSAL20260609_0830_forgetAndForgetFree001,TSAL20260628_0830_forgetAndForgetFree001,20260609,20260628,31,0.43276980268647314
fixed31,relative_velocity,16,20260817,4,R1->R2,TSAL20260610_0830_forgetAndForgetFree001,TSAL20260626_0830_forgetAndForgetFree001,20260610,20260626,31,0.35350043848855206
fixed31,relative_velocity,16,20260817,4,R2->R1,TSAL20260610_0830_forgetAndForgetFree001,TSAL20260626_0830_forgetAndForgetFree001,20260610,20260626,31,0.3044894646165341
fixed31,relative_velocity,16,20260817,5,R1->R2,TSAL20260610_0830_forgetAndForgetFree001,TSAL20260627_0830_forgetAndForgetFree001,20260610,20260627,31,0.33532379089333036
fixed31,relative_velocity,16,20260817,5,R2->R1,TSAL20260610_0830_forgetAndForgetFree001,TSAL20260627_0830_forgetAndForgetFree001,20260610,20260627,31,0.33101225544602036
fixed31,relative_velocity,16,20260817,6,R1->R2,TSAL20260610_0830_forgetAndForgetFree001,TSAL20260628_0830_forgetAndForgetFree001,20260610,20260628,31,0.2600819671231824
fixed31,relative_velocity,16,20260817,6,R2->R1,TSAL20260610_0830_forgetAndForgetFree001,TSAL20260628_0830_forgetAndForgetFree001,20260610,20260628,31,0.3770077561083617
fixed31,relative_velocity,16,20260817,7,R1->R2,TSAL20260611_0830_forgetAndForgetFree001,TSAL20260626_0830_forgetAndForgetFree001,20260611,20260626,31,0.2709383909524158
fixed31,relative_velocity,16,20260817,7,R2->R1,TSAL20260611_0830_forgetAndForgetFree001,TSAL20260626_0830_forgetAndForgetFree001,20260611,20260626,31,0.39202448501403275
fixed31,relative_velocity,16,20260817,8,R1->R2,TSAL20260611_0830_forgetAndForgetFree001,TSAL20260627_0830_forgetAndForgetFree001,20260611,20260627,31,0.19222572948736286
fixed31,relative_velocity,16,20260817,8,R2->R1,TSAL20260611_0830_forgetAndForgetFree001,TSAL20260627_0830_forgetAndForgetFree001,20260611,20260627,31,0.13359248706114377
fixed31,relative_velocity,16,20260817,9,R1->R2,TSAL20260611_0830_forgetAndForgetFree001,TSAL20260628_0830_forgetAndForgetFree001,20260611,20260628,31,0.3033435539493918
fixed31,relative_velocity,16,20260817,9,R2->R1,TSAL20260611_0830_forgetAndForgetFree001,TSAL20260628_0830_forgetAndForgetFree001,20260611,20260628,31,0.3547520717843719
fixed31,relative_velocity,17,20260817,1,R1->R2,TSAL20260609_0830_forgetAndForgetFree001,TSAL20260626_0830_forgetAndForgetFree001,20260609,20260626,31,0.36838774054927487
fixed31,relative_velocity,17,20260817,1,R2->R1,TSAL20260609_0830_forgetAndForgetFree001,TSAL20260626_0830_forgetAndForgetFree001,20260609,20260626,31,0.3075037191285866
fixed31,relative_velocity,17,20260817,2,R1->R2,TSAL20260609_0830_forgetAndForgetFree001,TSAL20260627_0830_forgetAndForgetFree001,20260609,20260627,31,0.3264532266032713
fixed31,relative_velocity,17,20260817,2,R2->R1,TSAL20260609_0830_forgetAndForgetFree001,TSAL20260627_0830_forgetAndForgetFree001,20260609,20260627,31,0.28215232866680734
fixed31,relative_velocity,17,20260817,3,R1->R2,TSAL20260609_0830_forgetAndForgetFree001,TSAL20260628_0830_forgetAndForgetFree001,20260609,20260628,31,0.27399417211655713
fixed31,relative_velocity,17,20260817,3,R2->R1,TSAL20260609_0830_forgetAndForgetFree001,TSAL20260628_0830_forgetAndForgetFree001,20260609,20260628,31,0.3959285862260504
fixed31,relative_velocity,17,20260817,4,R1->R2,TSAL20260610_0830_forgetAndForgetFree001,TSAL20260626_0830_forgetAndForgetFree001,20260610,20260626,31,0.3558658726175336
fixed31,relative_velocity,17,20260817,4,R2->R1,TSAL20260610_0830_forgetAndForgetFree001,TSAL20260626_0830_forgetAndForgetFree001,20260610,20260626,31,0.4480433693177362
fixed31,relative_velocity,17,20260817,5,R1->R2,TSAL20260610_0830_forgetAndForgetFree001,TSAL20260627_0830_forgetAndForgetFree001,20260610,20260627,31,0.33210789107610694
fixed31,relative_velocity,17,20260817,5,R2->R1,TSAL20260610_0830_forgetAndForgetFree001,TSAL20260627_0830_forgetAndForgetFree001,20260610,20260627,31,0.26277291230390953
fixed31,relative_velocity,17,20260817,6,R1->R2,TSAL20260610_0830_forgetAndForgetFree001,TSAL20260628_0830_forgetAndForgetFree001,20260610,20260628,31,0.30310271630245117
fixed31,relative_velocity,17,20260817,6,R2->R1,TSAL20260610_0830_forgetAndForgetFree001,TSAL20260628_0830_forgetAndForgetFree001,20260610,20260628,31,0.4582267006800302
fixed31,relative_velocity,17,20260817,7,R1->R2,TSAL20260611_0830_forgetAndForgetFree001,TSAL20260626_0830_forgetAndForgetFree001,20260611,20260626,31,0.24653620562970296
fixed31,relative_velocity,17,20260817,7,R2->R1,TSAL20260611_0830_forgetAndForgetFree001,TSAL20260626_0830_forgetAndForgetFree001,20260611,20260626,31,0.3313801026352926
fixed31,relative_velocity,17,20260817,8,R1->R2,TSAL20260611_0830_forgetAndForgetFree001,TSAL20260627_0830_forgetAndForgetFree001,20260611,20260627,31,0.23591866979010304
fixed31,relative_velocity,17,20260817,8,R2->R1,TSAL20260611_0830_forgetAndForgetFree001,TSAL20260627_0830_forgetAndForgetFree001,20260611,20260627,31,0.25498577329846867
fixed31,relative_velocity,17,20260817,9,R1->R2,TSAL20260611_0830_forgetAndForgetFree001,TSAL20260628_0830_forgetAndForgetFree001,20260611,20260628,31,0.2414863420779982
fixed31,relative_velocity,17,20260817,9,R2->R1,TSAL20260611_0830_forgetAndForgetFree001,TSAL20260628_0830_forgetAndForgetFree001,20260611,20260628,31,0.36809260847590425
fixed31,relative_velocity,18,20260817,1,R1->R2,TSAL20260609_0830_forgetAndForgetFree001,TSAL20260626_0830_forgetAndForgetFree001,20260609,20260626,31,0.3930060301577586
fixed31,relative_velocity,18,20260817,1,R2->R1,TSAL20260609_0830_forgetAndForgetFree001,TSAL20260626_0830_forgetAndForgetFree001,20260609,20260626,31,0.29553690799391513
fixed31,relative_velocity,18,20260817,2,R1->R2,TSAL20260609_0830_forgetAndForgetFree001,TSAL20260627_0830_forgetAndForgetFree001,20260609,20260627,31,0.3723256342343074
fixed31,relative_velocity,18,20260817,2,R2->R1,TSAL20260609_0830_forgetAndForgetFree001,TSAL20260627_0830_forgetAndForgetFree001,20260609,20260627,31,0.3132937974395264
fixed31,relative_velocity,18,20260817,3,R1->R2,TSAL20260609_0830_forgetAndForgetFree001,TSAL20260628_0830_forgetAndForgetFree001,20260609,20260628,31,0.30152931057969345
fixed31,relative_velocity,18,20260817,3,R2->R1,TSAL20260609_0830_forgetAndForgetFree001,TSAL20260628_0830_forgetAndForgetFree001,20260609,20260628,31,0.3744807641778917
fixed31,relative_velocity,18,20260817,4,R1->R2,TSAL20260610_0830_forgetAndForgetFree001,TSAL20260626_0830_forgetAndForgetFree001,20260610,20260626,31,0.37019133155844147
fixed31,relative_velocity,18,20260817,4,R2->R1,TSAL20260610_0830_forgetAndForgetFree001,TSAL20260626_0830_forgetAndForgetFree001,20260610,20260626,31,0.21633868326784345
fixed31,relative_velocity,18,20260817,5,R1->R2,TSAL20260610_0830_forgetAndForgetFree001,TSAL20260627_0830_forgetAndForgetFree001,20260610,20260627,31,0.3259465412362498
fixed31,relative_velocity,18,20260817,5,R2->R1,TSAL20260610_0830_forgetAndForgetFree001,TSAL20260627_0830_forgetAndForgetFree001,20260610,20260627,31,0.22703564004649843
fixed31,relative_velocity,18,20260817,6,R1->R2,TSAL20260610_0830_forgetAndForgetFree001,TSAL20260628_0830_forgetAndForgetFree001,20260610,20260628,31,0.2825299702740937
fixed31,relative_velocity,18,20260817,6,R2->R1,TSAL20260610_0830_forgetAndForgetFree001,TSAL20260628_0830_forgetAndForgetFree001,20260610,20260628,31,0.30333374661381046
fixed31,relative_velocity,18,20260817,7,R1->R2,TSAL20260611_0830_forgetAndForgetFree001,TSAL20260626_0830_forgetAndForgetFree001,20260611,20260626,31,0.38744020587665007
fixed31,relative_velocity,18,20260817,7,R2->R1,TSAL20260611_0830_forgetAndForgetFree001,TSAL20260626_0830_forgetAndForgetFree001,20260611,20260626,31,0.2989373445817764
fixed31,relative_velocity,18,20260817,8,R1->R2,TSAL20260611_0830_forgetAndForgetFree001,TSAL20260627_0830_forgetAndForgetFree001,20260611,20260627,31,0.2281813212784234
fixed31,relative_velocity,18,20260817,8,R2->R1,TSAL20260611_0830_forgetAndForgetFree001,TSAL20260627_0830_forgetAndForgetFree001,20260611,20260627,31,0.15256872214178666
fixed31,relative_velocity,18,20260817,9,R1->R2,TSAL20260611_0830_forgetAndForgetFree001,TSAL20260628_0830_forgetAndForgetFree001,20260611,20260628,31,0.21821976112483293
fixed31,relative_velocity,18,20260817,9,R2->R1,TSAL20260611_0830_forgetAndForgetFree001,TSAL20260628_0830_forgetAndForgetFree001,20260611,20260628,31,0.32541841144840283
fixed31,relative_velocity,19,20260817,1,R1->R2,TSAL20260609_0830_forgetAndForgetFree001,TSAL20260626_0830_forgetAndForgetFree001,20260609,20260626,31,0.35546151093335254
fixed31,relative_velocity,19,20260817,1,R2->R1,TSAL20260609_0830_forgetAndForgetFree001,TSAL20260626_0830_forgetAndForgetFree001,20260609,20260626,31,0.3622531926882516
fixed31,relative_velocity,19,20260817,2,R1->R2,TSAL20260609_0830_forgetAndForgetFree001,TSAL20260627_0830_forgetAndForgetFree001,20260609,20260627,31,0.3053164834324834
fixed31,relative_velocity,19,20260817,2,R2->R1,TSAL20260609_0830_forgetAndForgetFree001,TSAL20260627_0830_forgetAndForgetFree001,20260609,20260627,31,0.1623430705460398
fixed31,relative_velocity,19,20260817,3,R1->R2,TSAL20260609_0830_forgetAndForgetFree001,TSAL20260628_0830_forgetAndForgetFree001,20260609,20260628,31,0.37676536095930163
fixed31,relative_velocity,19,20260817,3,R2->R1,TSAL20260609_0830_forgetAndForgetFree001,TSAL20260628_0830_forgetAndForgetFree001,20260609,20260628,31,0.4102992448956722
fixed31,relative_velocity,19,20260817,4,R1->R2,TSAL20260610_0830_forgetAndForgetFree001,TSAL20260626_0830_forgetAndForgetFree001,20260610,20260626,31,0.2743025276384369
fixed31,relative_velocity,19,20260817,4,R2->R1,TSAL20260610_0830_forgetAndForgetFree001,TSAL20260626_0830_forgetAndForgetFree001,20260610,20260626,31,0.31704133465205975
fixed31,relative_velocity,19,20260817,5,R1->R2,TSAL20260610_0830_forgetAndForgetFree001,TSAL20260627_0830_forgetAndForgetFree001,20260610,20260627,31,0.20584264859665782
fixed31,relative_velocity,19,20260817,5,R2->R1,TSAL20260610_0830_forgetAndForgetFree001,TSAL20260627_0830_forgetAndForgetFree001,20260610,20260627,31,0.30853744083411766
fixed31,relative_velocity,19,20260817,6,R1->R2,TSAL20260610_0830_forgetAndForgetFree001,TSAL20260628_0830_forgetAndForgetFree001,20260610,20260628,31,0.29380673548962094
fixed31,relative_velocity,19,20260817,6,R2->R1,TSAL20260610_0830_forgetAndForgetFree001,TSAL20260628_0830_forgetAndForgetFree001,20260610,20260628,31,0.36247436587634846
fixed31,relative_velocity,19,20260817,7,R1->R2,TSAL20260611_0830_forgetAndForgetFree001,TSAL20260626_0830_forgetAndForgetFree001,20260611,20260626,31,0.34408912403417696
fixed31,relative_velocity,19,20260817,7,R2->R1,TSAL20260611_0830_forgetAndForgetFree001,TSAL20260626_0830_forgetAndForgetFree001,20260611,20260626,31,0.24928597162895066
fixed31,relative_velocity,19,20260817,8,R1->R2,TSAL20260611_0830_forgetAndForgetFree001,TSAL20260627_0830_forgetAndForgetFree001,20260611,20260627,31,0.28513587170246885
fixed31,relative_velocity,19,20260817,8,R2->R1,TSAL20260611_0830_forgetAndForgetFree001,TSAL20260627_0830_forgetAndForgetFree001,20260611,20260627,31,0.11730111742870465
fixed31,relative_velocity,19,20260817,9,R1->R2,TSAL20260611_0830_forgetAndForgetFree001,TSAL20260628_0830_forgetAndForgetFree001,20260611,20260628,31,0.3228984445634828
fixed31,relative_velocity,19,20260817,9,R2->R1,TSAL20260611_0830_forgetAndForgetFree001,TSAL20260628_0830_forgetAndForgetFree001,20260611,20260628,31,0.3349569270434643
fixed31,relative_velocity,20,20260817,1,R1->R2,TSAL20260609_0830_forgetAndForgetFree001,TSAL20260626_0830_forgetAndForgetFree001,20260609,20260626,31,0.2801625778923842
fixed31,relative_velocity,20,20260817,1,R2->R1,TSAL20260609_0830_forgetAndForgetFree001,TSAL20260626_0830_forgetAndForgetFree001,20260609,20260626,31,0.3225718765809317
fixed31,relative_velocity,20,20260817,2,R1->R2,TSAL20260609_0830_forgetAndForgetFree001,TSAL20260627_0830_forgetAndForgetFree001,20260609,20260627,31,0.34676032719201033
fixed31,relative_velocity,20,20260817,2,R2->R1,TSAL20260609_0830_forgetAndForgetFree001,TSAL20260627_0830_forgetAndForgetFree001,20260609,20260627,31,0.1943880095275846
fixed31,relative_velocity,20,20260817,3,R1->R2,TSAL20260609_0830_forgetAndForgetFree001,TSAL20260628_0830_forgetAndForgetFree001,20260609,20260628,31,0.22025368907991705
fixed31,relative_velocity,20,20260817,3,R2->R1,TSAL20260609_0830_forgetAndForgetFree001,TSAL20260628_0830_forgetAndForgetFree001,20260609,20260628,31,0.4073651549368422
fixed31,relative_velocity,20,20260817,4,R1->R2,TSAL20260610_0830_forgetAndForgetFree001,TSAL20260626_0830_forgetAndForgetFree001,20260610,20260626,31,0.3251258615772551
fixed31,relative_velocity,20,20260817,4,R2->R1,TSAL20260610_0830_forgetAndForgetFree001,TSAL20260626_0830_forgetAndForgetFree001,20260610,20260626,31,0.2879606143994231
fixed31,relative_velocity,20,20260817,5,R1->R2,TSAL20260610_0830_forgetAndForgetFree001,TSAL20260627_0830_forgetAndForgetFree001,20260610,20260627,31,0.26130780817456944
fixed31,relative_velocity,20,20260817,5,R2->R1,TSAL20260610_0830_forgetAndForgetFree001,TSAL20260627_0830_forgetAndForgetFree001,20260610,20260627,31,0.2076717625728435
fixed31,relative_velocity,20,20260817,6,R1->R2,TSAL20260610_0830_forgetAndForgetFree001,TSAL20260628_0830_forgetAndForgetFree001,20260610,20260628,31,0.28412123998963823
fixed31,relative_velocity,20,20260817,6,R2->R1,TSAL20260610_0830_forgetAndForgetFree001,TSAL20260628_0830_forgetAndForgetFree001,20260610,20260628,31,0.418912440700023
fixed31,relative_velocity,20,20260817,7,R1->R2,TSAL20260611_0830_forgetAndForgetFree001,TSAL20260626_0830_forgetAndForgetFree001,20260611,20260626,31,0.29571172232002757
fixed31,relative_velocity,20,20260817,7,R2->R1,TSAL20260611_0830_forgetAndForgetFree001,TSAL20260626_0830_forgetAndForgetFree001,20260611,20260626,31,0.22070300429531825
fixed31,relative_velocity,20,20260817,8,R1->R2,TSAL20260611_0830_forgetAndForgetFree001,TSAL20260627_0830_forgetAndForgetFree001,20260611,20260627,31,0.24210315306582686
fixed31,relative_velocity,20,20260817,8,R2->R1,TSAL20260611_0830_forgetAndForgetFree001,TSAL20260627_0830_forgetAndForgetFree001,20260611,20260627,31,0.313796833794691
fixed31,relative_velocity,20,20260817,9,R1->R2,TSAL20260611_0830_forgetAndForgetFree001,TSAL20260628_0830_forgetAndForgetFree001,20260611,20260628,31,0.22115709038508294
fixed31,relative_velocity,20,20260817,9,R2->R1,TSAL20260611_0830_forgetAndForgetFree001,TSAL20260628_0830_forgetAndForgetFree001,20260611,20260628,31,0.28496417059181073
fixed31,relative_velocity,21,20260817,1,R1->R2,TSAL20260609_0830_forgetAndForgetFree001,TSAL20260626_0830_forgetAndForgetFree001,20260609,20260626,31,0.3749743870593569
fixed31,relative_velocity,21,20260817,1,R2->R1,TSAL20260609_0830_forgetAndForgetFree001,TSAL20260626_0830_forgetAndForgetFree001,20260609,20260626,31,0.31855153386241003
fixed31,relative_velocity,21,20260817,2,R1->R2,TSAL20260609_0830_forgetAndForgetFree001,TSAL20260627_0830_forgetAndForgetFree001,20260609,20260627,31,0.2311667649112927
fixed31,relative_velocity,21,20260817,2,R2->R1,TSAL20260609_0830_forgetAndForgetFree001,TSAL20260627_0830_forgetAndForgetFree001,20260609,20260627,31,0.14855757880841414
fixed31,relative_velocity,21,20260817,3,R1->R2,TSAL20260609_0830_forgetAndForgetFree001,TSAL20260628_0830_forgetAndForgetFree001,20260609,20260628,31,0.3860321439506292
fixed31,relative_velocity,21,20260817,3,R2->R1,TSAL20260609_0830_forgetAndForgetFree001,TSAL20260628_0830_forgetAndForgetFree001,20260609,20260628,31,0.3205964648222874
fixed31,relative_velocity,21,20260817,4,R1->R2,TSAL20260610_0830_forgetAndForgetFree001,TSAL20260626_0830_forgetAndForgetFree001,20260610,20260626,31,0.4165129827919893
fixed31,relative_velocity,21,20260817,4,R2->R1,TSAL20260610_0830_forgetAndForgetFree001,TSAL20260626_0830_forgetAndForgetFree001,20260610,20260626,31,0.42843685593601144
fixed31,relative_velocity,21,20260817,5,R1->R2,TSAL20260610_0830_forgetAndForgetFree001,TSAL20260627_0830_forgetAndForgetFree001,20260610,20260627,31,0.28305126887271176
fixed31,relative_velocity,21,20260817,5,R2->R1,TSAL20260610_0830_forgetAndForgetFree001,TSAL20260627_0830_forgetAndForgetFree001,20260610,20260627,31,0.295576133140639
fixed31,relative_velocity,21,20260817,6,R1->R2,TSAL20260610_0830_forgetAndForgetFree001,TSAL20260628_0830_forgetAndForgetFree001,20260610,20260628,31,0.23816495155174003
fixed31,relative_velocity,21,20260817,6,R2->R1,TSAL20260610_0830_forgetAndForgetFree001,TSAL20260628_0830_forgetAndForgetFree001,20260610,20260628,31,0.4605456522638318
fixed31,relative_velocity,21,20260817,7,R1->R2,TSAL20260611_0830_forgetAndForgetFree001,TSAL20260626_0830_forgetAndForgetFree001,20260611,20260626,31,0.3328895395192807
fixed31,relative_velocity,21,20260817,7,R2->R1,TSAL20260611_0830_forgetAndForgetFree001,TSAL20260626_0830_forgetAndForgetFree001,20260611,20260626,31,0.09934327115231581
fixed31,relative_velocity,21,20260817,8,R1->R2,TSAL20260611_0830_forgetAndForgetFree001,TSAL20260627_0830_forgetAndForgetFree001,20260611,20260627,31,0.24777085786581612
fixed31,relative_velocity,21,20260817,8,R2->R1,TSAL20260611_0830_forgetAndForgetFree001,TSAL20260627_0830_forgetAndForgetFree001,20260611,20260627,31,0.1450104363050572
fixed31,relative_velocity,21,20260817,9,R1->R2,TSAL20260611_0830_forgetAndForgetFree001,TSAL20260628_0830_forgetAndForgetFree001,20260611,20260628,31,0.2786068390742047
fixed31,relative_velocity,21,20260817,9,R2->R1,TSAL20260611_0830_forgetAndForgetFree001,TSAL20260628_0830_forgetAndForgetFree001,20260611,20260628,31,0.16243328825646
fixed31,relative_velocity,22,20260817,1,R1->R2,TSAL20260609_0830_forgetAndForgetFree001,TSAL20260626_0830_forgetAndForgetFree001,20260609,20260626,31,0.4236370131523679
fixed31,relative_velocity,22,20260817,1,R2->R1,TSAL20260609_0830_forgetAndForgetFree001,TSAL20260626_0830_forgetAndForgetFree001,20260609,20260626,31,0.36084755269244223
fixed31,relative_velocity,22,20260817,2,R1->R2,TSAL20260609_0830_forgetAndForgetFree001,TSAL20260627_0830_forgetAndForgetFree001,20260609,20260627,31,0.28917522954261565
fixed31,relative_velocity,22,20260817,2,R2->R1,TSAL20260609_0830_forgetAndForgetFree001,TSAL20260627_0830_forgetAndForgetFree001,20260609,20260627,31,0.35119475858006466
fixed31,relative_velocity,22,20260817,3,R1->R2,TSAL20260609_0830_forgetAndForgetFree001,TSAL20260628_0830_forgetAndForgetFree001,20260609,20260628,31,0.2968333319666799
fixed31,relative_velocity,22,20260817,3,R2->R1,TSAL20260609_0830_forgetAndForgetFree001,TSAL20260628_0830_forgetAndForgetFree001,20260609,20260628,31,0.3572690901207974
fixed31,relative_velocity,22,20260817,4,R1->R2,TSAL20260610_0830_forgetAndForgetFree001,TSAL20260626_0830_forgetAndForgetFree001,20260610,20260626,31,0.30787513019101775
fixed31,relative_velocity,22,20260817,4,R2->R1,TSAL20260610_0830_forgetAndForgetFree001,TSAL20260626_0830_forgetAndForgetFree001,20260610,20260626,31,0.331499362559031
fixed31,relative_velocity,22,20260817,5,R1->R2,TSAL20260610_0830_forgetAndForgetFree001,TSAL20260627_0830_forgetAndForgetFree001,20260610,20260627,31,0.3009269616305008
fixed31,relative_velocity,22,20260817,5,R2->R1,TSAL20260610_0830_forgetAndForgetFree001,TSAL20260627_0830_forgetAndForgetFree001,20260610,20260627,31,0.25696242202965286
fixed31,relative_velocity,22,20260817,6,R1->R2,TSAL20260610_0830_forgetAndForgetFree001,TSAL20260628_0830_forgetAndForgetFree001,20260610,20260628,31,0.317005536659094
fixed31,relative_velocity,22,20260817,6,R2->R1,TSAL20260610_0830_forgetAndForgetFree001,TSAL20260628_0830_forgetAndForgetFree001,20260610,20260628,31,0.3933625456175149
fixed31,relative_velocity,22,20260817,7,R1->R2,TSAL20260611_0830_forgetAndForgetFree001,TSAL20260626_0830_forgetAndForgetFree001,20260611,20260626,31,0.22353304197481438
fixed31,relative_velocity,22,20260817,7,R2->R1,TSAL20260611_0830_forgetAndForgetFree001,TSAL20260626_0830_forgetAndForgetFree001,20260611,20260626,31,0.19592262753202772
fixed31,relative_velocity,22,20260817,8,R1->R2,TSAL20260611_0830_forgetAndForgetFree001,TSAL20260627_0830_forgetAndForgetFree001,20260611,20260627,31,0.3102686775303142
fixed31,relative_velocity,22,20260817,8,R2->R1,TSAL20260611_0830_forgetAndForgetFree001,TSAL20260627_0830_forgetAndForgetFree001,20260611,20260627,31,0.2875890981481577
fixed31,relative_velocity,22,20260817,9,R1->R2,TSAL20260611_0830_forgetAndForgetFree001,TSAL20260628_0830_forgetAndForgetFree001,20260611,20260628,31,0.16314639323608437
fixed31,relative_velocity,22,20260817,9,R2->R1,TSAL20260611_0830_forgetAndForgetFree001,TSAL20260628_0830_forgetAndForgetFree001,20260611,20260628,31,0.18204032249529195
fixed31,relative_velocity,23,20260817,1,R1->R2,TSAL20260609_0830_forgetAndForgetFree001,TSAL20260626_0830_forgetAndForgetFree001,20260609,20260626,31,0.29872369672165244
fixed31,relative_velocity,23,20260817,1,R2->R1,TSAL20260609_0830_forgetAndForgetFree001,TSAL20260626_0830_forgetAndForgetFree001,20260609,20260626,31,0.3759506071999559
fixed31,relative_velocity,23,20260817,2,R1->R2,TSAL20260609_0830_forgetAndForgetFree001,TSAL20260627_0830_forgetAndForgetFree001,20260609,20260627,31,0.3262492759596161
fixed31,relative_velocity,23,20260817,2,R2->R1,TSAL20260609_0830_forgetAndForgetFree001,TSAL20260627_0830_forgetAndForgetFree001,20260609,20260627,31,0.2684664295474823
fixed31,relative_velocity,23,20260817,3,R1->R2,TSAL20260609_0830_forgetAndForgetFree001,TSAL20260628_0830_forgetAndForgetFree001,20260609,20260628,31,0.23959624195288193
fixed31,relative_velocity,23,20260817,3,R2->R1,TSAL20260609_0830_forgetAndForgetFree001,TSAL20260628_0830_forgetAndForgetFree001,20260609,20260628,31,0.3685491207524497
fixed31,relative_velocity,23,20260817,4,R1->R2,TSAL20260610_0830_forgetAndForgetFree001,TSAL20260626_0830_forgetAndForgetFree001,20260610,20260626,31,0.3299773239429921
fixed31,relative_velocity,23,20260817,4,R2->R1,TSAL20260610_0830_forgetAndForgetFree001,TSAL20260626_0830_forgetAndForgetFree001,20260610,20260626,31,0.3609288810114484
fixed31,relative_velocity,23,20260817,5,R1->R2,TSAL20260610_0830_forgetAndForgetFree001,TSAL20260627_0830_forgetAndForgetFree001,20260610,20260627,31,0.16602122684046733
fixed31,relative_velocity,23,20260817,5,R2->R1,TSAL20260610_0830_forgetAndForgetFree001,TSAL20260627_0830_forgetAndForgetFree001,20260610,20260627,31,0.14313209211022013
fixed31,relative_velocity,23,20260817,6,R1->R2,TSAL20260610_0830_forgetAndForgetFree001,TSAL20260628_0830_forgetAndForgetFree001,20260610,20260628,31,0.27727531116147547
fixed31,relative_velocity,23,20260817,6,R2->R1,TSAL20260610_0830_forgetAndForgetFree001,TSAL20260628_0830_forgetAndForgetFree001,20260610,20260628,31,0.40270110311944607
fixed31,relative_velocity,23,20260817,7,R1->R2,TSAL20260611_0830_forgetAndForgetFree001,TSAL20260626_0830_forgetAndForgetFree001,20260611,20260626,31,0.2909714773031384
fixed31,relative_velocity,23,20260817,7,R2->R1,TSAL20260611_0830_forgetAndForgetFree001,TSAL20260626_0830_forgetAndForgetFree001,20260611,20260626,31,0.2473745931066648
fixed31,relative_velocity,23,20260817,8,R1->R2,TSAL20260611_0830_forgetAndForgetFree001,TSAL20260627_0830_forgetAndForgetFree001,20260611,20260627,31,0.25027165336561485
fixed31,relative_velocity,23,20260817,8,R2->R1,TSAL20260611_0830_forgetAndForgetFree001,TSAL20260627_0830_forgetAndForgetFree001,20260611,20260627,31,0.13532650527132264
fixed31,relative_velocity,23,20260817,9,R1->R2,TSAL20260611_0830_forgetAndForgetFree001,TSAL20260628_0830_forgetAndForgetFree001,20260611,20260628,31,0.20435068362256137
fixed31,relative_velocity,23,20260817,9,R2->R1,TSAL20260611_0830_forgetAndForgetFree001,TSAL20260628_0830_forgetAndForgetFree001,20260611,20260628,31,0.37747849686485463
fixed31,relative_velocity,24,20260817,1,R1->R2,TSAL20260609_0830_forgetAndForgetFree001,TSAL20260626_0830_forgetAndForgetFree001,20260609,20260626,31,0.3277081716660911
fixed31,relative_velocity,24,20260817,1,R2->R1,TSAL20260609_0830_forgetAndForgetFree001,TSAL20260626_0830_forgetAndForgetFree001,20260609,20260626,31,0.39677572956007456
fixed31,relative_velocity,24,20260817,2,R1->R2,TSAL20260609_0830_forgetAndForgetFree001,TSAL20260627_0830_forgetAndForgetFree001,20260609,20260627,31,0.35183238624937935
fixed31,relative_velocity,24,20260817,2,R2->R1,TSAL20260609_0830_forgetAndForgetFree001,TSAL20260627_0830_forgetAndForgetFree001,20260609,20260627,31,0.2928794938608918
fixed31,relative_velocity,24,20260817,3,R1->R2,TSAL20260609_0830_forgetAndForgetFree001,TSAL20260628_0830_forgetAndForgetFree001,20260609,20260628,31,0.28362632419300854
fixed31,relative_velocity,24,20260817,3,R2->R1,TSAL20260609_0830_forgetAndForgetFree001,TSAL20260628_0830_forgetAndForgetFree001,20260609,20260628,31,0.45798022592351845
fixed31,relative_velocity,24,20260817,4,R1->R2,TSAL20260610_0830_forgetAndForgetFree001,TSAL20260626_0830_forgetAndForgetFree001,20260610,20260626,31,0.3296673687320149
fixed31,relative_velocity,24,20260817,4,R2->R1,TSAL20260610_0830_forgetAndForgetFree001,TSAL20260626_0830_forgetAndForgetFree001,20260610,20260626,31,0.3349133800506279
fixed31,relative_velocity,24,20260817,5,R1->R2,TSAL20260610_0830_forgetAndForgetFree001,TSAL20260627_0830_forgetAndForgetFree001,20260610,20260627,31,0.32597734750620916
fixed31,relative_velocity,24,20260817,5,R2->R1,TSAL20260610_0830_forgetAndForgetFree001,TSAL20260627_0830_forgetAndForgetFree001,20260610,20260627,31,0.17185253188789087
fixed31,relative_velocity,24,20260817,6,R1->R2,TSAL20260610_0830_forgetAndForgetFree001,TSAL20260628_0830_forgetAndForgetFree001,20260610,20260628,31,0.25496692677085386
fixed31,relative_velocity,24,20260817,6,R2->R1,TSAL20260610_0830_forgetAndForgetFree001,TSAL20260628_0830_forgetAndForgetFree001,20260610,20260628,31,0.34695944826517006
fixed31,relative_velocity,24,20260817,7,R1->R2,TSAL20260611_0830_forgetAndForgetFree001,TSAL20260626_0830_forgetAndForgetFree001,20260611,20260626,31,0.2307243976158712
fixed31,relative_velocity,24,20260817,7,R2->R1,TSAL20260611_0830_forgetAndForgetFree001,TSAL20260626_0830_forgetAndForgetFree001,20260611,20260626,31,0.1477654996737858
fixed31,relative_velocity,24,20260817,8,R1->R2,TSAL20260611_0830_forgetAndForgetFree001,TSAL20260627_0830_forgetAndForgetFree001,20260611,20260627,31,0.24916859234610736
fixed31,relative_velocity,24,20260817,8,R2->R1,TSAL20260611_0830_forgetAndForgetFree001,TSAL20260627_0830_forgetAndForgetFree001,20260611,20260627,31,0.25705822788276916
fixed31,relative_velocity,24,20260817,9,R1->R2,TSAL20260611_0830_forgetAndForgetFree001,TSAL20260628_0830_forgetAndForgetFree001,20260611,20260628,31,0.3296653104697814
fixed31,relative_velocity,24,20260817,9,R2->R1,TSAL20260611_0830_forgetAndForgetFree001,TSAL20260628_0830_forgetAndForgetFree001,20260611,20260628,31,0.383588426294666
fixed31,relative_velocity,25,20260817,1,R1->R2,TSAL20260609_0830_forgetAndForgetFree001,TSAL20260626_0830_forgetAndForgetFree001,20260609,20260626,31,0.3534611823856689
fixed31,relative_velocity,25,20260817,1,R2->R1,TSAL20260609_0830_forgetAndForgetFree001,TSAL20260626_0830_forgetAndForgetFree001,20260609,20260626,31,0.32673428004774724
fixed31,relative_velocity,25,20260817,2,R1->R2,TSAL20260609_0830_forgetAndForgetFree001,TSAL20260627_0830_forgetAndForgetFree001,20260609,20260627,31,0.26084375212783156
fixed31,relative_velocity,25,20260817,2,R2->R1,TSAL20260609_0830_forgetAndForgetFree001,TSAL20260627_0830_forgetAndForgetFree001,20260609,20260627,31,0.13785943247658475
fixed31,relative_velocity,25,20260817,3,R1->R2,TSAL20260609_0830_forgetAndForgetFree001,TSAL20260628_0830_forgetAndForgetFree001,20260609,20260628,31,0.2854212395261084
fixed31,relative_velocity,25,20260817,3,R2->R1,TSAL20260609_0830_forgetAndForgetFree001,TSAL20260628_0830_forgetAndForgetFree001,20260609,20260628,31,0.36552660785853985
fixed31,relative_velocity,25,20260817,4,R1->R2,TSAL20260610_0830_forgetAndForgetFree001,TSAL20260626_0830_forgetAndForgetFree001,20260610,20260626,31,0.3896270376858937
fixed31,relative_velocity,25,20260817,4,R2->R1,TSAL20260610_0830_forgetAndForgetFree001,TSAL20260626_0830_forgetAndForgetFree001,20260610,20260626,31,0.3129712675580562
fixed31,relative_velocity,25,20260817,5,R1->R2,TSAL20260610_0830_forgetAndForgetFree001,TSAL20260627_0830_forgetAndForgetFree001,20260610,20260627,31,0.28582322005740446
fixed31,relative_velocity,25,20260817,5,R2->R1,TSAL20260610_0830_forgetAndForgetFree001,TSAL20260627_0830_forgetAndForgetFree001,20260610,20260627,31,0.17685730894408594
fixed31,relative_velocity,25,20260817,6,R1->R2,TSAL20260610_0830_forgetAndForgetFree001,TSAL20260628_0830_forgetAndForgetFree001,20260610,20260628,31,0.2953671523324937
fixed31,relative_velocity,25,20260817,6,R2->R1,TSAL20260610_0830_forgetAndForgetFree001,TSAL20260628_0830_forgetAndForgetFree001,20260610,20260628,31,0.4384323998720955
fixed31,relative_velocity,25,20260817,7,R1->R2,TSAL20260611_0830_forgetAndForgetFree001,TSAL20260626_0830_forgetAndForgetFree001,20260611,20260626,31,0.18898490316318906
fixed31,relative_velocity,25,20260817,7,R2->R1,TSAL20260611_0830_forgetAndForgetFree001,TSAL20260626_0830_forgetAndForgetFree001,20260611,20260626,31,0.36347723956391265
fixed31,relative_velocity,25,20260817,8,R1->R2,TSAL20260611_0830_forgetAndForgetFree001,TSAL20260627_0830_forgetAndForgetFree001,20260611,20260627,31,0.15021534412064172
fixed31,relative_velocity,25,20260817,8,R2->R1,TSAL20260611_0830_forgetAndForgetFree001,TSAL20260627_0830_forgetAndForgetFree001,20260611,20260627,31,0.06503067648057649
fixed31,relative_velocity,25,20260817,9,R1->R2,TSAL20260611_0830_forgetAndForgetFree001,TSAL20260628_0830_forgetAndForgetFree001,20260611,20260628,31,0.2873260610225607
fixed31,relative_velocity,25,20260817,9,R2->R1,TSAL20260611_0830_forgetAndForgetFree001,TSAL20260628_0830_forgetAndForgetFree001,20260611,20260628,31,0.2919435086891628
fixed31,relative_velocity,26,20260817,1,R1->R2,TSAL20260609_0830_forgetAndForgetFree001,TSAL20260626_0830_forgetAndForgetFree001,20260609,20260626,31,0.3416275038772407
fixed31,relative_velocity,26,20260817,1,R2->R1,TSAL20260609_0830_forgetAndForgetFree001,TSAL20260626_0830_forgetAndForgetFree001,20260609,20260626,31,0.3178731212586298
fixed31,relative_velocity,26,20260817,2,R1->R2,TSAL20260609_0830_forgetAndForgetFree001,TSAL20260627_0830_forgetAndForgetFree001,20260609,20260627,31,0.28268487048630414
fixed31,relative_velocity,26,20260817,2,R2->R1,TSAL20260609_0830_forgetAndForgetFree001,TSAL20260627_0830_forgetAndForgetFree001,20260609,20260627,31,0.24019679872469948
fixed31,relative_velocity,26,20260817,3,R1->R2,TSAL20260609_0830_forgetAndForgetFree001,TSAL20260628_0830_forgetAndForgetFree001,20260609,20260628,31,0.3273930537731322
fixed31,relative_velocity,26,20260817,3,R2->R1,TSAL20260609_0830_forgetAndForgetFree001,TSAL20260628_0830_forgetAndForgetFree001,20260609,20260628,31,0.4433003386554261
fixed31,relative_velocity,26,20260817,4,R1->R2,TSAL20260610_0830_forgetAndForgetFree001,TSAL20260626_0830_forgetAndForgetFree001,20260610,20260626,31,0.3092289435409705
fixed31,relative_velocity,26,20260817,4,R2->R1,TSAL20260610_0830_forgetAndForgetFree001,TSAL20260626_0830_forgetAndForgetFree001,20260610,20260626,31,0.38206469709758784
fixed31,relative_velocity,26,20260817,5,R1->R2,TSAL20260610_0830_forgetAndForgetFree001,TSAL20260627_0830_forgetAndForgetFree001,20260610,20260627,31,0.3380140762770145
fixed31,relative_velocity,26,20260817,5,R2->R1,TSAL20260610_0830_forgetAndForgetFree001,TSAL20260627_0830_forgetAndForgetFree001,20260610,20260627,31,0.4484976544225509
fixed31,relative_velocity,26,20260817,6,R1->R2,TSAL20260610_0830_forgetAndForgetFree001,TSAL20260628_0830_forgetAndForgetFree001,20260610,20260628,31,0.3867185060972136
fixed31,relative_velocity,26,20260817,6,R2->R1,TSAL20260610_0830_forgetAndForgetFree001,TSAL20260628_0830_forgetAndForgetFree001,20260610,20260628,31,0.4754450252488491
fixed31,relative_velocity,26,20260817,7,R1->R2,TSAL20260611_0830_forgetAndForgetFree001,TSAL20260626_0830_forgetAndForgetFree001,20260611,20260626,31,0.37468141362558377
fixed31,relative_velocity,26,20260817,7,R2->R1,TSAL20260611_0830_forgetAndForgetFree001,TSAL20260626_0830_forgetAndForgetFree001,20260611,20260626,31,0.3176312512275254
fixed31,relative_velocity,26,20260817,8,R1->R2,TSAL20260611_0830_forgetAndForgetFree001,TSAL20260627_0830_forgetAndForgetFree001,20260611,20260627,31,0.18535009688166224
fixed31,relative_velocity,26,20260817,8,R2->R1,TSAL20260611_0830_forgetAndForgetFree001,TSAL20260627_0830_forgetAndForgetFree001,20260611,20260627,31,0.03369133306270654
fixed31,relative_velocity,26,20260817,9,R1->R2,TSAL20260611_0830_forgetAndForgetFree001,TSAL20260628_0830_forgetAndForgetFree001,20260611,20260628,31,0.21379115738588989
fixed31,relative_velocity,26,20260817,9,R2->R1,TSAL20260611_0830_forgetAndForgetFree001,TSAL20260628_0830_forgetAndForgetFree001,20260611,20260628,31,0.370681744016142
fixed31,relative_velocity,27,20260817,1,R1->R2,TSAL20260609_0830_forgetAndForgetFree001,TSAL20260626_0830_forgetAndForgetFree001,20260609,20260626,31,0.3948599355864648
fixed31,relative_velocity,27,20260817,1,R2->R1,TSAL20260609_0830_forgetAndForgetFree001,TSAL20260626_0830_forgetAndForgetFree001,20260609,20260626,31,0.3348803577390481
fixed31,relative_velocity,27,20260817,2,R1->R2,TSAL20260609_0830_forgetAndForgetFree001,TSAL20260627_0830_forgetAndForgetFree001,20260609,20260627,31,0.3095598477009612
fixed31,relative_velocity,27,20260817,2,R2->R1,TSAL20260609_0830_forgetAndForgetFree001,TSAL20260627_0830_forgetAndForgetFree001,20260609,20260627,31,0.16848044110643878
fixed31,relative_velocity,27,20260817,3,R1->R2,TSAL20260609_0830_forgetAndForgetFree001,TSAL20260628_0830_forgetAndForgetFree001,20260609,20260628,31,0.4032630999147148
fixed31,relative_velocity,27,20260817,3,R2->R1,TSAL20260609_0830_forgetAndForgetFree001,TSAL20260628_0830_forgetAndForgetFree001,20260609,20260628,31,0.43687348480034127
fixed31,relative_velocity,27,20260817,4,R1->R2,TSAL20260610_0830_forgetAndForgetFree001,TSAL20260626_0830_forgetAndForgetFree001,20260610,20260626,31,0.35621416890527896
fixed31,relative_velocity,27,20260817,4,R2->R1,TSAL20260610_0830_forgetAndForgetFree001,TSAL20260626_0830_forgetAndForgetFree001,20260610,20260626,31,0.3978252067277675
fixed31,relative_velocity,27,20260817,5,R1->R2,TSAL20260610_0830_forgetAndForgetFree001,TSAL20260627_0830_forgetAndForgetFree001,20260610,20260627,31,0.22513050041155094
fixed31,relative_velocity,27,20260817,5,R2->R1,TSAL20260610_0830_forgetAndForgetFree001,TSAL20260627_0830_forgetAndForgetFree001,20260610,20260627,31,0.1078504420769483
fixed31,relative_velocity,27,20260817,6,R1->R2,TSAL20260610_0830_forgetAndForgetFree001,TSAL20260628_0830_forgetAndForgetFree001,20260610,20260628,31,0.23963942675425282
fixed31,relative_velocity,27,20260817,6,R2->R1,TSAL20260610_0830_forgetAndForgetFree001,TSAL20260628_0830_forgetAndForgetFree001,20260610,20260628,31,0.3861302799896044
fixed31,relative_velocity,27,20260817,7,R1->R2,TSAL20260611_0830_forgetAndForgetFree001,TSAL20260626_0830_forgetAndForgetFree001,20260611,20260626,31,0.26470496900463814
fixed31,relative_velocity,27,20260817,7,R2->R1,TSAL20260611_0830_forgetAndForgetFree001,TSAL20260626_0830_forgetAndForgetFree001,20260611,20260626,31,0.31709554114727795
fixed31,relative_velocity,27,20260817,8,R1->R2,TSAL20260611_0830_forgetAndForgetFree001,TSAL20260627_0830_forgetAndForgetFree001,20260611,20260627,31,0.2636049267238292
fixed31,relative_velocity,27,20260817,8,R2->R1,TSAL20260611_0830_forgetAndForgetFree001,TSAL20260627_0830_forgetAndForgetFree001,20260611,20260627,31,0.26893200963588854
fixed31,relative_velocity,27,20260817,9,R1->R2,TSAL20260611_0830_forgetAndForgetFree001,TSAL20260628_0830_forgetAndForgetFree001,20260611,20260628,31,0.23218182212626834
fixed31,relative_velocity,27,20260817,9,R2->R1,TSAL20260611_0830_forgetAndForgetFree001,TSAL20260628_0830_forgetAndForgetFree001,20260611,20260628,31,0.2973517987804791
fixed31,relative_velocity,28,20260817,1,R1->R2,TSAL20260609_0830_forgetAndForgetFree001,TSAL20260626_0830_forgetAndForgetFree001,20260609,20260626,31,0.30216926772055674
fixed31,relative_velocity,28,20260817,1,R2->R1,TSAL20260609_0830_forgetAndForgetFree001,TSAL20260626_0830_forgetAndForgetFree001,20260609,20260626,31,0.29836216281514655
fixed31,relative_velocity,28,20260817,2,R1->R2,TSAL20260609_0830_forgetAndForgetFree001,TSAL20260627_0830_forgetAndForgetFree001,20260609,20260627,31,0.2378611403891949
fixed31,relative_velocity,28,20260817,2,R2->R1,TSAL20260609_0830_forgetAndForgetFree001,TSAL20260627_0830_forgetAndForgetFree001,20260609,20260627,31,0.3251206416391387
fixed31,relative_velocity,28,20260817,3,R1->R2,TSAL20260609_0830_forgetAndForgetFree001,TSAL20260628_0830_forgetAndForgetFree001,20260609,20260628,31,0.27516998611055593
fixed31,relative_velocity,28,20260817,3,R2->R1,TSAL20260609_0830_forgetAndForgetFree001,TSAL20260628_0830_forgetAndForgetFree001,20260609,20260628,31,0.32802971362631256
fixed31,relative_velocity,28,20260817,4,R1->R2,TSAL20260610_0830_forgetAndForgetFree001,TSAL20260626_0830_forgetAndForgetFree001,20260610,20260626,31,0.460389613058571
fixed31,relative_velocity,28,20260817,4,R2->R1,TSAL20260610_0830_forgetAndForgetFree001,TSAL20260626_0830_forgetAndForgetFree001,20260610,20260626,31,0.432554424644033
fixed31,relative_velocity,28,20260817,5,R1->R2,TSAL20260610_0830_forgetAndForgetFree001,TSAL20260627_0830_forgetAndForgetFree001,20260610,20260627,31,0.3437053832627006
fixed31,relative_velocity,28,20260817,5,R2->R1,TSAL20260610_0830_forgetAndForgetFree001,TSAL20260627_0830_forgetAndForgetFree001,20260610,20260627,31,0.3263721094416999
fixed31,relative_velocity,28,20260817,6,R1->R2,TSAL20260610_0830_forgetAndForgetFree001,TSAL20260628_0830_forgetAndForgetFree001,20260610,20260628,31,0.2908806975673846
fixed31,relative_velocity,28,20260817,6,R2->R1,TSAL20260610_0830_forgetAndForgetFree001,TSAL20260628_0830_forgetAndForgetFree001,20260610,20260628,31,0.3543463133310102
fixed31,relative_velocity,28,20260817,7,R1->R2,TSAL20260611_0830_forgetAndForgetFree001,TSAL20260626_0830_forgetAndForgetFree001,20260611,20260626,31,0.3362534026133494
fixed31,relative_velocity,28,20260817,7,R2->R1,TSAL20260611_0830_forgetAndForgetFree001,TSAL20260626_0830_forgetAndForgetFree001,20260611,20260626,31,0.3989569556058771
fixed31,relative_velocity,28,20260817,8,R1->R2,TSAL20260611_0830_forgetAndForgetFree001,TSAL20260627_0830_forgetAndForgetFree001,20260611,20260627,31,0.09627867447589096
fixed31,relative_velocity,28,20260817,8,R2->R1,TSAL20260611_0830_forgetAndForgetFree001,TSAL20260627_0830_forgetAndForgetFree001,20260611,20260627,31,0.20854317712681522
fixed31,relative_velocity,28,20260817,9,R1->R2,TSAL20260611_0830_forgetAndForgetFree001,TSAL20260628_0830_forgetAndForgetFree001,20260611,20260628,31,0.2122953403863625
fixed31,relative_velocity,28,20260817,9,R2->R1,TSAL20260611_0830_forgetAndForgetFree001,TSAL20260628_0830_forgetAndForgetFree001,20260611,20260628,31,0.276647250617219
fixed31,relative_velocity,29,20260817,1,R1->R2,TSAL20260609_0830_forgetAndForgetFree001,TSAL20260626_0830_forgetAndForgetFree001,20260609,20260626,31,0.345589418525903
fixed31,relative_velocity,29,20260817,1,R2->R1,TSAL20260609_0830_forgetAndForgetFree001,TSAL20260626_0830_forgetAndForgetFree001,20260609,20260626,31,0.35918168736896233
fixed31,relative_velocity,29,20260817,2,R1->R2,TSAL20260609_0830_forgetAndForgetFree001,TSAL20260627_0830_forgetAndForgetFree001,20260609,20260627,31,0.33720120827743566
fixed31,relative_velocity,29,20260817,2,R2->R1,TSAL20260609_0830_forgetAndForgetFree001,TSAL20260627_0830_forgetAndForgetFree001,20260609,20260627,31,0.29334802499988816
fixed31,relative_velocity,29,20260817,3,R1->R2,TSAL20260609_0830_forgetAndForgetFree001,TSAL20260628_0830_forgetAndForgetFree001,20260609,20260628,31,0.261385298803644
fixed31,relative_velocity,29,20260817,3,R2->R1,TSAL20260609_0830_forgetAndForgetFree001,TSAL20260628_0830_forgetAndForgetFree001,20260609,20260628,31,0.3013053986863412
fixed31,relative_velocity,29,20260817,4,R1->R2,TSAL20260610_0830_forgetAndForgetFree001,TSAL20260626_0830_forgetAndForgetFree001,20260610,20260626,31,0.40683615509953924
fixed31,relative_velocity,29,20260817,4,R2->R1,TSAL20260610_0830_forgetAndForgetFree001,TSAL20260626_0830_forgetAndForgetFree001,20260610,20260626,31,0.3578171692652306
fixed31,relative_velocity,29,20260817,5,R1->R2,TSAL20260610_0830_forgetAndForgetFree001,TSAL20260627_0830_forgetAndForgetFree001,20260610,20260627,31,0.27439078294000135
fixed31,relative_velocity,29,20260817,5,R2->R1,TSAL20260610_0830_forgetAndForgetFree001,TSAL20260627_0830_forgetAndForgetFree001,20260610,20260627,31,0.27048226253481994
fixed31,relative_velocity,29,20260817,6,R1->R2,TSAL20260610_0830_forgetAndForgetFree001,TSAL20260628_0830_forgetAndForgetFree001,20260610,20260628,31,0.23549559611729612
fixed31,relative_velocity,29,20260817,6,R2->R1,TSAL20260610_0830_forgetAndForgetFree001,TSAL20260628_0830_forgetAndForgetFree001,20260610,20260628,31,0.3920881871556334
fixed31,relative_velocity,29,20260817,7,R1->R2,TSAL20260611_0830_forgetAndForgetFree001,TSAL20260626_0830_forgetAndForgetFree001,20260611,20260626,31,0.2323801304734838
fixed31,relative_velocity,29,20260817,7,R2->R1,TSAL20260611_0830_forgetAndForgetFree001,TSAL20260626_0830_forgetAndForgetFree001,20260611,20260626,31,0.09638804638873728
fixed31,relative_velocity,29,20260817,8,R1->R2,TSAL20260611_0830_forgetAndForgetFree001,TSAL20260627_0830_forgetAndForgetFree001,20260611,20260627,31,0.25971070162420595
fixed31,relative_velocity,29,20260817,8,R2->R1,TSAL20260611_0830_forgetAndForgetFree001,TSAL20260627_0830_forgetAndForgetFree001,20260611,20260627,31,0.18266477794527478
fixed31,relative_velocity,29,20260817,9,R1->R2,TSAL20260611_0830_forgetAndForgetFree001,TSAL20260628_0830_forgetAndForgetFree001,20260611,20260628,31,0.13274536736770015
fixed31,relative_velocity,29,20260817,9,R2->R1,TSAL20260611_0830_forgetAndForgetFree001,TSAL20260628_0830_forgetAndForgetFree001,20260611,20260628,31,0.18599426790853937
fixed31,relative_velocity,30,20260817,1,R1->R2,TSAL20260609_0830_forgetAndForgetFree001,TSAL20260626_0830_forgetAndForgetFree001,20260609,20260626,31,0.3251156952263054
fixed31,relative_velocity,30,20260817,1,R2->R1,TSAL20260609_0830_forgetAndForgetFree001,TSAL20260626_0830_forgetAndForgetFree001,20260609,20260626,31,0.34120298129020393
fixed31,relative_velocity,30,20260817,2,R1->R2,TSAL20260609_0830_forgetAndForgetFree001,TSAL20260627_0830_forgetAndForgetFree001,20260609,20260627,31,0.2721857587336744
fixed31,relative_velocity,30,20260817,2,R2->R1,TSAL20260609_0830_forgetAndForgetFree001,TSAL20260627_0830_forgetAndForgetFree001,20260609,20260627,31,0.2665644583002413
fixed31,relative_velocity,30,20260817,3,R1->R2,TSAL20260609_0830_forgetAndForgetFree001,TSAL20260628_0830_forgetAndForgetFree001,20260609,20260628,31,0.2412060147467915
fixed31,relative_velocity,30,20260817,3,R2->R1,TSAL20260609_0830_forgetAndForgetFree001,TSAL20260628_0830_forgetAndForgetFree001,20260609,20260628,31,0.3238543447982981
fixed31,relative_velocity,30,20260817,4,R1->R2,TSAL20260610_0830_forgetAndForgetFree001,TSAL20260626_0830_forgetAndForgetFree001,20260610,20260626,31,0.32374450104522057
fixed31,relative_velocity,30,20260817,4,R2->R1,TSAL20260610_0830_forgetAndForgetFree001,TSAL20260626_0830_forgetAndForgetFree001,20260610,20260626,31,0.36159491773918506
fixed31,relative_velocity,30,20260817,5,R1->R2,TSAL20260610_0830_forgetAndForgetFree001,TSAL20260627_0830_forgetAndForgetFree001,20260610,20260627,31,0.2537501053573828
fixed31,relative_velocity,30,20260817,5,R2->R1,TSAL20260610_0830_forgetAndForgetFree001,TSAL20260627_0830_forgetAndForgetFree001,20260610,20260627,31,0.15045520856429012
fixed31,relative_velocity,30,20260817,6,R1->R2,TSAL20260610_0830_forgetAndForgetFree001,TSAL20260628_0830_forgetAndForgetFree001,20260610,20260628,31,0.1961564772603815
fixed31,relative_velocity,30,20260817,6,R2->R1,TSAL20260610_0830_forgetAndForgetFree001,TSAL20260628_0830_forgetAndForgetFree001,20260610,20260628,31,0.20130679660027959
fixed31,relative_velocity,30,20260817,7,R1->R2,TSAL20260611_0830_forgetAndForgetFree001,TSAL20260626_0830_forgetAndForgetFree001,20260611,20260626,31,0.30366311024827597
fixed31,relative_velocity,30,20260817,7,R2->R1,TSAL20260611_0830_forgetAndForgetFree001,TSAL20260626_0830_forgetAndForgetFree001,20260611,20260626,31,0.33583402402618384
fixed31,relative_velocity,30,20260817,8,R1->R2,TSAL20260611_0830_forgetAndForgetFree001,TSAL20260627_0830_forgetAndForgetFree001,20260611,20260627,31,0.2508248329221635
fixed31,relative_velocity,30,20260817,8,R2->R1,TSAL20260611_0830_forgetAndForgetFree001,TSAL20260627_0830_forgetAndForgetFree001,20260611,20260627,31,0.20125285855956096
fixed31,relative_velocity,30,20260817,9,R1->R2,TSAL20260611_0830_forgetAndForgetFree001,TSAL20260628_0830_forgetAndForgetFree001,20260611,20260628,31,0.19630605237172766
fixed31,relative_velocity,30,20260817,9,R2->R1,TSAL20260611_0830_forgetAndForgetFree001,TSAL20260628_0830_forgetAndForgetFree001,20260611,20260628,31,0.27352293925513077
fixed31,relative_velocity,31,20260817,1,R1->R2,TSAL20260609_0830_forgetAndForgetFree001,TSAL20260626_0830_forgetAndForgetFree001,20260609,20260626,31,0.2873852095732894
fixed31,relative_velocity,31,20260817,1,R2->R1,TSAL20260609_0830_forgetAndForgetFree001,TSAL20260626_0830_forgetAndForgetFree001,20260609,20260626,31,0.38883480911709484
fixed31,relative_velocity,31,20260817,2,R1->R2,TSAL20260609_0830_forgetAndForgetFree001,TSAL20260627_0830_forgetAndForgetFree001,20260609,20260627,31,0.29638715344029976
fixed31,relative_velocity,31,20260817,2,R2->R1,TSAL20260609_0830_forgetAndForgetFree001,TSAL20260627_0830_forgetAndForgetFree001,20260609,20260627,31,0.1898006764574725
fixed31,relative_velocity,31,20260817,3,R1->R2,TSAL20260609_0830_forgetAndForgetFree001,TSAL20260628_0830_forgetAndForgetFree001,20260609,20260628,31,0.3852273606060011
fixed31,relative_velocity,31,20260817,3,R2->R1,TSAL20260609_0830_forgetAndForgetFree001,TSAL20260628_0830_forgetAndForgetFree001,20260609,20260628,31,0.5110946380055013
fixed31,relative_velocity,31,20260817,4,R1->R2,TSAL20260610_0830_forgetAndForgetFree001,TSAL20260626_0830_forgetAndForgetFree001,20260610,20260626,31,0.3506758659034146
fixed31,relative_velocity,31,20260817,4,R2->R1,TSAL20260610_0830_forgetAndForgetFree001,TSAL20260626_0830_forgetAndForgetFree001,20260610,20260626,31,0.3061095329020858
fixed31,relative_velocity,31,20260817,5,R1->R2,TSAL20260610_0830_forgetAndForgetFree001,TSAL20260627_0830_forgetAndForgetFree001,20260610,20260627,31,0.15252582564287995
fixed31,relative_velocity,31,20260817,5,R2->R1,TSAL20260610_0830_forgetAndForgetFree001,TSAL20260627_0830_forgetAndForgetFree001,20260610,20260627,31,0.06703983833670997
fixed31,relative_velocity,31,20260817,6,R1->R2,TSAL20260610_0830_forgetAndForgetFree001,TSAL20260628_0830_forgetAndForgetFree001,20260610,20260628,31,0.20748898364870344
fixed31,relative_velocity,31,20260817,6,R2->R1,TSAL20260610_0830_forgetAndForgetFree001,TSAL20260628_0830_forgetAndForgetFree001,20260610,20260628,31,0.441092326214456
fixed31,relative_velocity,31,20260817,7,R1->R2,TSAL20260611_0830_forgetAndForgetFree001,TSAL20260626_0830_forgetAndForgetFree001,20260611,20260626,31,0.29140859202455904
fixed31,relative_velocity,31,20260817,7,R2->R1,TSAL20260611_0830_forgetAndForgetFree001,TSAL20260626_0830_forgetAndForgetFree001,20260611,20260626,31,0.25308686585907436
fixed31,relative_velocity,31,20260817,8,R1->R2,TSAL20260611_0830_forgetAndForgetFree001,TSAL20260627_0830_forgetAndForgetFree001,20260611,20260627,31,0.3152828826237542
fixed31,relative_velocity,31,20260817,8,R2->R1,TSAL20260611_0830_forgetAndForgetFree001,TSAL20260627_0830_forgetAndForgetFree001,20260611,20260627,31,0.22270709548868858
fixed31,relative_velocity,31,20260817,9,R1->R2,TSAL20260611_0830_forgetAndForgetFree001,TSAL20260628_0830_forgetAndForgetFree001,20260611,20260628,31,0.19013939775820474
fixed31,relative_velocity,31,20260817,9,R2->R1,TSAL20260611_0830_forgetAndForgetFree001,TSAL20260628_0830_forgetAndForgetFree001,20260611,20260628,31,0.25535825037298404
fixed31,relative_velocity,32,20260817,1,R1->R2,TSAL20260609_0830_forgetAndForgetFree001,TSAL20260626_0830_forgetAndForgetFree001,20260609,20260626,31,0.31514249957455115
fixed31,relative_velocity,32,20260817,1,R2->R1,TSAL20260609_0830_forgetAndForgetFree001,TSAL20260626_0830_forgetAndForgetFree001,20260609,20260626,31,0.46192172229460093
fixed31,relative_velocity,32,20260817,2,R1->R2,TSAL20260609_0830_forgetAndForgetFree001,TSAL20260627_0830_forgetAndForgetFree001,20260609,20260627,31,0.26795597023589746
fixed31,relative_velocity,32,20260817,2,R2->R1,TSAL20260609_0830_forgetAndForgetFree001,TSAL20260627_0830_forgetAndForgetFree001,20260609,20260627,31,0.12984057365326412
fixed31,relative_velocity,32,20260817,3,R1->R2,TSAL20260609_0830_forgetAndForgetFree001,TSAL20260628_0830_forgetAndForgetFree001,20260609,20260628,31,0.3629538272118056
fixed31,relative_velocity,32,20260817,3,R2->R1,TSAL20260609_0830_forgetAndForgetFree001,TSAL20260628_0830_forgetAndForgetFree001,20260609,20260628,31,0.37716477372165075
fixed31,relative_velocity,32,20260817,4,R1->R2,TSAL20260610_0830_forgetAndForgetFree001,TSAL20260626_0830_forgetAndForgetFree001,20260610,20260626,31,0.36741652562524896
fixed31,relative_velocity,32,20260817,4,R2->R1,TSAL20260610_0830_forgetAndForgetFree001,TSAL20260626_0830_forgetAndForgetFree001,20260610,20260626,31,0.3357853507501997
fixed31,relative_velocity,32,20260817,5,R1->R2,TSAL20260610_0830_forgetAndForgetFree001,TSAL20260627_0830_forgetAndForgetFree001,20260610,20260627,31,0.2373756370461763
fixed31,relative_velocity,32,20260817,5,R2->R1,TSAL20260610_0830_forgetAndForgetFree001,TSAL20260627_0830_forgetAndForgetFree001,20260610,20260627,31,0.10118689046670137
fixed31,relative_velocity,32,20260817,6,R1->R2,TSAL20260610_0830_forgetAndForgetFree001,TSAL20260628_0830_forgetAndForgetFree001,20260610,20260628,31,0.33871415630669544
fixed31,relative_velocity,32,20260817,6,R2->R1,TSAL20260610_0830_forgetAndForgetFree001,TSAL20260628_0830_forgetAndForgetFree001,20260610,20260628,31,0.45751991765496175
fixed31,relative_velocity,32,20260817,7,R1->R2,TSAL20260611_0830_forgetAndForgetFree001,TSAL20260626_0830_forgetAndForgetFree001,20260611,20260626,31,0.322401582214652
fixed31,relative_velocity,32,20260817,7,R2->R1,TSAL20260611_0830_forgetAndForgetFree001,TSAL20260626_0830_forgetAndForgetFree001,20260611,20260626,31,0.3014256086747429
fixed31,relative_velocity,32,20260817,8,R1->R2,TSAL20260611_0830_forgetAndForgetFree001,TSAL20260627_0830_forgetAndForgetFree001,20260611,20260627,31,0.2303879117071447
fixed31,relative_velocity,32,20260817,8,R2->R1,TSAL20260611_0830_forgetAndForgetFree001,TSAL20260627_0830_forgetAndForgetFree001,20260611,20260627,31,0.1801520848751915
fixed31,relative_velocity,32,20260817,9,R1->R2,TSAL20260611_0830_forgetAndForgetFree001,TSAL20260628_0830_forgetAndForgetFree001,20260611,20260628,31,0.266012851761624
fixed31,relative_velocity,32,20260817,9,R2->R1,TSAL20260611_0830_forgetAndForgetFree001,TSAL20260628_0830_forgetAndForgetFree001,20260611,20260628,31,0.32770912926778933
fixed31,relative_velocity,33,20260817,1,R1->R2,TSAL20260609_0830_forgetAndForgetFree001,TSAL20260626_0830_forgetAndForgetFree001,20260609,20260626,31,0.31277767093035114
fixed31,relative_velocity,33,20260817,1,R2->R1,TSAL20260609_0830_forgetAndForgetFree001,TSAL20260626_0830_forgetAndForgetFree001,20260609,20260626,31,0.27730249464327955
fixed31,relative_velocity,33,20260817,2,R1->R2,TSAL20260609_0830_forgetAndForgetFree001,TSAL20260627_0830_forgetAndForgetFree001,20260609,20260627,31,0.24860247182416018
fixed31,relative_velocity,33,20260817,2,R2->R1,TSAL20260609_0830_forgetAndForgetFree001,TSAL20260627_0830_forgetAndForgetFree001,20260609,20260627,31,0.2233768230730192
fixed31,relative_velocity,33,20260817,3,R1->R2,TSAL20260609_0830_forgetAndForgetFree001,TSAL20260628_0830_forgetAndForgetFree001,20260609,20260628,31,0.29268006580557704
fixed31,relative_velocity,33,20260817,3,R2->R1,TSAL20260609_0830_forgetAndForgetFree001,TSAL20260628_0830_forgetAndForgetFree001,20260609,20260628,31,0.3535680450216128
fixed31,relative_velocity,33,20260817,4,R1->R2,TSAL20260610_0830_forgetAndForgetFree001,TSAL20260626_0830_forgetAndForgetFree001,20260610,20260626,31,0.3930752497403438
fixed31,relative_velocity,33,20260817,4,R2->R1,TSAL20260610_0830_forgetAndForgetFree001,TSAL20260626_0830_forgetAndForgetFree001,20260610,20260626,31,0.4288925837204767
fixed31,relative_velocity,33,20260817,5,R1->R2,TSAL20260610_0830_forgetAndForgetFree001,TSAL20260627_0830_forgetAndForgetFree001,20260610,20260627,31,0.25493280237511246
fixed31,relative_velocity,33,20260817,5,R2->R1,TSAL20260610_0830_forgetAndForgetFree001,TSAL20260627_0830_forgetAndForgetFree001,20260610,20260627,31,0.48201725978799803
fixed31,relative_velocity,33,20260817,6,R1->R2,TSAL20260610_0830_forgetAndForgetFree001,TSAL20260628_0830_forgetAndForgetFree001,20260610,20260628,31,0.22745116301322396
fixed31,relative_velocity,33,20260817,6,R2->R1,TSAL20260610_0830_forgetAndForgetFree001,TSAL20260628_0830_forgetAndForgetFree001,20260610,20260628,31,0.42497356257084373
fixed31,relative_velocity,33,20260817,7,R1->R2,TSAL20260611_0830_forgetAndForgetFree001,TSAL20260626_0830_forgetAndForgetFree001,20260611,20260626,31,0.2479049364106159
fixed31,relative_velocity,33,20260817,7,R2->R1,TSAL20260611_0830_forgetAndForgetFree001,TSAL20260626_0830_forgetAndForgetFree001,20260611,20260626,31,0.11136517821862621
fixed31,relative_velocity,33,20260817,8,R1->R2,TSAL20260611_0830_forgetAndForgetFree001,TSAL20260627_0830_forgetAndForgetFree001,20260611,20260627,31,0.19372754664581007
fixed31,relative_velocity,33,20260817,8,R2->R1,TSAL20260611_0830_forgetAndForgetFree001,TSAL20260627_0830_forgetAndForgetFree001,20260611,20260627,31,0.20038785031903092
fixed31,relative_velocity,33,20260817,9,R1->R2,TSAL20260611_0830_forgetAndForgetFree001,TSAL20260628_0830_forgetAndForgetFree001,20260611,20260628,31,0.23761067123848267
fixed31,relative_velocity,33,20260817,9,R2->R1,TSAL20260611_0830_forgetAndForgetFree001,TSAL20260628_0830_forgetAndForgetFree001,20260611,20260628,31,0.2772894119909802
fixed31,relative_velocity,34,20260817,1,R1->R2,TSAL20260609_0830_forgetAndForgetFree001,TSAL20260626_0830_forgetAndForgetFree001,20260609,20260626,31,0.37309802980635776
fixed31,relative_velocity,34,20260817,1,R2->R1,TSAL20260609_0830_forgetAndForgetFree001,TSAL20260626_0830_forgetAndForgetFree001,20260609,20260626,31,0.33295226679785045
fixed31,relative_velocity,34,20260817,2,R1->R2,TSAL20260609_0830_forgetAndForgetFree001,TSAL20260627_0830_forgetAndForgetFree001,20260609,20260627,31,0.31365420013890366
fixed31,relative_velocity,34,20260817,2,R2->R1,TSAL20260609_0830_forgetAndForgetFree001,TSAL20260627_0830_forgetAndForgetFree001,20260609,20260627,31,0.12016473581726003
fixed31,relative_velocity,34,20260817,3,R1->R2,TSAL20260609_0830_forgetAndForgetFree001,TSAL20260628_0830_forgetAndForgetFree001,20260609,20260628,31,0.2918852382162783
fixed31,relative_velocity,34,20260817,3,R2->R1,TSAL20260609_0830_forgetAndForgetFree001,TSAL20260628_0830_forgetAndForgetFree001,20260609,20260628,31,0.33235978561891816
fixed31,relative_velocity,34,20260817,4,R1->R2,TSAL20260610_0830_forgetAndForgetFree001,TSAL20260626_0830_forgetAndForgetFree001,20260610,20260626,31,0.315362152893424
fixed31,relative_velocity,34,20260817,4,R2->R1,TSAL20260610_0830_forgetAndForgetFree001,TSAL20260626_0830_forgetAndForgetFree001,20260610,20260626,31,0.3391840645560712
fixed31,relative_velocity,34,20260817,5,R1->R2,TSAL20260610_0830_forgetAndForgetFree001,TSAL20260627_0830_forgetAndForgetFree001,20260610,20260627,31,0.3512019265291624
fixed31,relative_velocity,34,20260817,5,R2->R1,TSAL20260610_0830_forgetAndForgetFree001,TSAL20260627_0830_forgetAndForgetFree001,20260610,20260627,31,0.31442278480439373
fixed31,relative_velocity,34,20260817,6,R1->R2,TSAL20260610_0830_forgetAndForgetFree001,TSAL20260628_0830_forgetAndForgetFree001,20260610,20260628,31,0.2744807181254043
fixed31,relative_velocity,34,20260817,6,R2->R1,TSAL20260610_0830_forgetAndForgetFree001,TSAL20260628_0830_forgetAndForgetFree001,20260610,20260628,31,0.38294533558566524
fixed31,relative_velocity,34,20260817,7,R1->R2,TSAL20260611_0830_forgetAndForgetFree001,TSAL20260626_0830_forgetAndForgetFree001,20260611,20260626,31,0.2868703937119511
fixed31,relative_velocity,34,20260817,7,R2->R1,TSAL20260611_0830_forgetAndForgetFree001,TSAL20260626_0830_forgetAndForgetFree001,20260611,20260626,31,0.13414648791948383
fixed31,relative_velocity,34,20260817,8,R1->R2,TSAL20260611_0830_forgetAndForgetFree001,TSAL20260627_0830_forgetAndForgetFree001,20260611,20260627,31,0.19986491928241257
fixed31,relative_velocity,34,20260817,8,R2->R1,TSAL20260611_0830_forgetAndForgetFree001,TSAL20260627_0830_forgetAndForgetFree001,20260611,20260627,31,0.311769596087115
fixed31,relative_velocity,34,20260817,9,R1->R2,TSAL20260611_0830_forgetAndForgetFree001,TSAL20260628_0830_forgetAndForgetFree001,20260611,20260628,31,0.22918391286378473
fixed31,relative_velocity,34,20260817,9,R2->R1,TSAL20260611_0830_forgetAndForgetFree001,TSAL20260628_0830_forgetAndForgetFree001,20260611,20260628,31,0.34658061443824595
fixed31,relative_velocity,35,20260817,1,R1->R2,TSAL20260609_0830_forgetAndForgetFree001,TSAL20260626_0830_forgetAndForgetFree001,20260609,20260626,31,0.33307163153160235
fixed31,relative_velocity,35,20260817,1,R2->R1,TSAL20260609_0830_forgetAndForgetFree001,TSAL20260626_0830_forgetAndForgetFree001,20260609,20260626,31,0.3250067029443531
fixed31,relative_velocity,35,20260817,2,R1->R2,TSAL20260609_0830_forgetAndForgetFree001,TSAL20260627_0830_forgetAndForgetFree001,20260609,20260627,31,0.3728058361367374
fixed31,relative_velocity,35,20260817,2,R2->R1,TSAL20260609_0830_forgetAndForgetFree001,TSAL20260627_0830_forgetAndForgetFree001,20260609,20260627,31,0.3043944106608385
fixed31,relative_velocity,35,20260817,3,R1->R2,TSAL20260609_0830_forgetAndForgetFree001,TSAL20260628_0830_forgetAndForgetFree001,20260609,20260628,31,0.21748587619170007
fixed31,relative_velocity,35,20260817,3,R2->R1,TSAL20260609_0830_forgetAndForgetFree001,TSAL20260628_0830_forgetAndForgetFree001,20260609,20260628,31,0.28157489223020027
fixed31,relative_velocity,35,20260817,4,R1->R2,TSAL20260610_0830_forgetAndForgetFree001,TSAL20260626_0830_forgetAndForgetFree001,20260610,20260626,31,0.362662739892173
fixed31,relative_velocity,35,20260817,4,R2->R1,TSAL20260610_0830_forgetAndForgetFree001,TSAL20260626_0830_forgetAndForgetFree001,20260610,20260626,31,0.3337974518789646
fixed31,relative_velocity,35,20260817,5,R1->R2,TSAL20260610_0830_forgetAndForgetFree001,TSAL20260627_0830_forgetAndForgetFree001,20260610,20260627,31,0.3548777761025146
fixed31,relative_velocity,35,20260817,5,R2->R1,TSAL20260610_0830_forgetAndForgetFree001,TSAL20260627_0830_forgetAndForgetFree001,20260610,20260627,31,0.2864013126114704
fixed31,relative_velocity,35,20260817,6,R1->R2,TSAL20260610_0830_forgetAndForgetFree001,TSAL20260628_0830_forgetAndForgetFree001,20260610,20260628,31,0.24958558205061507
fixed31,relative_velocity,35,20260817,6,R2->R1,TSAL20260610_0830_forgetAndForgetFree001,TSAL20260628_0830_forgetAndForgetFree001,20260610,20260628,31,0.4542362851741603
fixed31,relative_velocity,35,20260817,7,R1->R2,TSAL20260611_0830_forgetAndForgetFree001,TSAL20260626_0830_forgetAndForgetFree001,20260611,20260626,31,0.335620640875004
fixed31,relative_velocity,35,20260817,7,R2->R1,TSAL20260611_0830_forgetAndForgetFree001,TSAL20260626_0830_forgetAndForgetFree001,20260611,20260626,31,0.18894240254243155
fixed31,relative_velocity,35,20260817,8,R1->R2,TSAL20260611_0830_forgetAndForgetFree001,TSAL20260627_0830_forgetAndForgetFree001,20260611,20260627,31,0.2707233676929675
fixed31,relative_velocity,35,20260817,8,R2->R1,TSAL20260611_0830_forgetAndForgetFree001,TSAL20260627_0830_forgetAndForgetFree001,20260611,20260627,31,0.06338089371872416
fixed31,relative_velocity,35,20260817,9,R1->R2,TSAL20260611_0830_forgetAndForgetFree001,TSAL20260628_0830_forgetAndForgetFree001,20260611,20260628,31,0.3325133823923283
fixed31,relative_velocity,35,20260817,9,R2->R1,TSAL20260611_0830_forgetAndForgetFree001,TSAL20260628_0830_forgetAndForgetFree001,20260611,20260628,31,0.36789050837053133
fixed31,relative_velocity,36,20260817,1,R1->R2,TSAL20260609_0830_forgetAndForgetFree001,TSAL20260626_0830_forgetAndForgetFree001,20260609,20260626,31,0.32374884072298316
fixed31,relative_velocity,36,20260817,1,R2->R1,TSAL20260609_0830_forgetAndForgetFree001,TSAL20260626_0830_forgetAndForgetFree001,20260609,20260626,31,0.3028028432531462
fixed31,relative_velocity,36,20260817,2,R1->R2,TSAL20260609_0830_forgetAndForgetFree001,TSAL20260627_0830_forgetAndForgetFree001,20260609,20260627,31,0.31057456627735125
fixed31,relative_velocity,36,20260817,2,R2->R1,TSAL20260609_0830_forgetAndForgetFree001,TSAL20260627_0830_forgetAndForgetFree001,20260609,20260627,31,0.19929136661440774
fixed31,relative_velocity,36,20260817,3,R1->R2,TSAL20260609_0830_forgetAndForgetFree001,TSAL20260628_0830_forgetAndForgetFree001,20260609,20260628,31,0.3305643944207375
fixed31,relative_velocity,36,20260817,3,R2->R1,TSAL20260609_0830_forgetAndForgetFree001,TSAL20260628_0830_forgetAndForgetFree001,20260609,20260628,31,0.37193581532943204
fixed31,relative_velocity,36,20260817,4,R1->R2,TSAL20260610_0830_forgetAndForgetFree001,TSAL20260626_0830_forgetAndForgetFree001,20260610,20260626,31,0.3766417210201342
fixed31,relative_velocity,36,20260817,4,R2->R1,TSAL20260610_0830_forgetAndForgetFree001,TSAL20260626_0830_forgetAndForgetFree001,20260610,20260626,31,0.287878177092016
fixed31,relative_velocity,36,20260817,5,R1->R2,TSAL20260610_0830_forgetAndForgetFree001,TSAL20260627_0830_forgetAndForgetFree001,20260610,20260627,31,0.27680143345924685
fixed31,relative_velocity,36,20260817,5,R2->R1,TSAL20260610_0830_forgetAndForgetFree001,TSAL20260627_0830_forgetAndForgetFree001,20260610,20260627,31,0.2728149171349
fixed31,relative_velocity,36,20260817,6,R1->R2,TSAL20260610_0830_forgetAndForgetFree001,TSAL20260628_0830_forgetAndForgetFree001,20260610,20260628,31,0.2946263511636786
fixed31,relative_velocity,36,20260817,6,R2->R1,TSAL20260610_0830_forgetAndForgetFree001,TSAL20260628_0830_forgetAndForgetFree001,20260610,20260628,31,0.4716892843262367
fixed31,relative_velocity,36,20260817,7,R1->R2,TSAL20260611_0830_forgetAndForgetFree001,TSAL20260626_0830_forgetAndForgetFree001,20260611,20260626,31,0.1616189139747612
fixed31,relative_velocity,36,20260817,7,R2->R1,TSAL20260611_0830_forgetAndForgetFree001,TSAL20260626_0830_forgetAndForgetFree001,20260611,20260626,31,0.1911558442619428
fixed31,relative_velocity,36,20260817,8,R1->R2,TSAL20260611_0830_forgetAndForgetFree001,TSAL20260627_0830_forgetAndForgetFree001,20260611,20260627,31,0.16988324399410334
fixed31,relative_velocity,36,20260817,8,R2->R1,TSAL20260611_0830_forgetAndForgetFree001,TSAL20260627_0830_forgetAndForgetFree001,20260611,20260627,31,0.20448782306953384
fixed31,relative_velocity,36,20260817,9,R1->R2,TSAL20260611_0830_forgetAndForgetFree001,TSAL20260628_0830_forgetAndForgetFree001,20260611,20260628,31,0.27209191869906885
fixed31,relative_velocity,36,20260817,9,R2->R1,TSAL20260611_0830_forgetAndForgetFree001,TSAL20260628_0830_forgetAndForgetFree001,20260611,20260628,31,0.29351184813503545
fixed31,relative_velocity,37,20260817,1,R1->R2,TSAL20260609_0830_forgetAndForgetFree001,TSAL20260626_0830_forgetAndForgetFree001,20260609,20260626,31,0.3286149115858203
fixed31,relative_velocity,37,20260817,1,R2->R1,TSAL20260609_0830_forgetAndForgetFree001,TSAL20260626_0830_forgetAndForgetFree001,20260609,20260626,31,0.3233144556626062
fixed31,relative_velocity,37,20260817,2,R1->R2,TSAL20260609_0830_forgetAndForgetFree001,TSAL20260627_0830_forgetAndForgetFree001,20260609,20260627,31,0.3130469004307363
fixed31,relative_velocity,37,20260817,2,R2->R1,TSAL20260609_0830_forgetAndForgetFree001,TSAL20260627_0830_forgetAndForgetFree001,20260609,20260627,31,0.3603858811368884
fixed31,relative_velocity,37,20260817,3,R1->R2,TSAL20260609_0830_forgetAndForgetFree001,TSAL20260628_0830_forgetAndForgetFree001,20260609,20260628,31,0.29547965690931277
fixed31,relative_velocity,37,20260817,3,R2->R1,TSAL20260609_0830_forgetAndForgetFree001,TSAL20260628_0830_forgetAndForgetFree001,20260609,20260628,31,0.3866357454181216
fixed31,relative_velocity,37,20260817,4,R1->R2,TSAL20260610_0830_forgetAndForgetFree001,TSAL20260626_0830_forgetAndForgetFree001,20260610,20260626,31,0.412186272970141
fixed31,relative_velocity,37,20260817,4,R2->R1,TSAL20260610_0830_forgetAndForgetFree001,TSAL20260626_0830_forgetAndForgetFree001,20260610,20260626,31,0.3466581767822983
fixed31,relative_velocity,37,20260817,5,R1->R2,TSAL20260610_0830_forgetAndForgetFree001,TSAL20260627_0830_forgetAndForgetFree001,20260610,20260627,31,0.22412600050731188
fixed31,relative_velocity,37,20260817,5,R2->R1,TSAL20260610_0830_forgetAndForgetFree001,TSAL20260627_0830_forgetAndForgetFree001,20260610,20260627,31,0.24709224381519923
fixed31,relative_velocity,37,20260817,6,R1->R2,TSAL20260610_0830_forgetAndForgetFree001,TSAL20260628_0830_forgetAndForgetFree001,20260610,20260628,31,0.28133961851822387
fixed31,relative_velocity,37,20260817,6,R2->R1,TSAL20260610_0830_forgetAndForgetFree001,TSAL20260628_0830_forgetAndForgetFree001,20260610,20260628,31,0.5168431074242027
fixed31,relative_velocity,37,20260817,7,R1->R2,TSAL20260611_0830_forgetAndForgetFree001,TSAL20260626_0830_forgetAndForgetFree001,20260611,20260626,31,0.34638267869125183
fixed31,relative_velocity,37,20260817,7,R2->R1,TSAL20260611_0830_forgetAndForgetFree001,TSAL20260626_0830_forgetAndForgetFree001,20260611,20260626,31,0.2773009201725641
fixed31,relative_velocity,37,20260817,8,R1->R2,TSAL20260611_0830_forgetAndForgetFree001,TSAL20260627_0830_forgetAndForgetFree001,20260611,20260627,31,0.1959373923286416
fixed31,relative_velocity,37,20260817,8,R2->R1,TSAL20260611_0830_forgetAndForgetFree001,TSAL20260627_0830_forgetAndForgetFree001,20260611,20260627,31,0.17021439922313386
fixed31,relative_velocity,37,20260817,9,R1->R2,TSAL20260611_0830_forgetAndForgetFree001,TSAL20260628_0830_forgetAndForgetFree001,20260611,20260628,31,0.25036526752060134
fixed31,relative_velocity,37,20260817,9,R2->R1,TSAL20260611_0830_forgetAndForgetFree001,TSAL20260628_0830_forgetAndForgetFree001,20260611,20260628,31,0.220868868715462
fixed31,relative_velocity,38,20260817,1,R1->R2,TSAL20260609_0830_forgetAndForgetFree001,TSAL20260626_0830_forgetAndForgetFree001,20260609,20260626,31,0.2322451412361282
fixed31,relative_velocity,38,20260817,1,R2->R1,TSAL20260609_0830_forgetAndForgetFree001,TSAL20260626_0830_forgetAndForgetFree001,20260609,20260626,31,0.38814198955084683
fixed31,relative_velocity,38,20260817,2,R1->R2,TSAL20260609_0830_forgetAndForgetFree001,TSAL20260627_0830_forgetAndForgetFree001,20260609,20260627,31,0.20566096414944968
fixed31,relative_velocity,38,20260817,2,R2->R1,TSAL20260609_0830_forgetAndForgetFree001,TSAL20260627_0830_forgetAndForgetFree001,20260609,20260627,31,0.3077743938630288
fixed31,relative_velocity,38,20260817,3,R1->R2,TSAL20260609_0830_forgetAndForgetFree001,TSAL20260628_0830_forgetAndForgetFree001,20260609,20260628,31,0.3473685830500181
fixed31,relative_velocity,38,20260817,3,R2->R1,TSAL20260609_0830_forgetAndForgetFree001,TSAL20260628_0830_forgetAndForgetFree001,20260609,20260628,31,0.37836996233279013
fixed31,relative_velocity,38,20260817,4,R1->R2,TSAL20260610_0830_forgetAndForgetFree001,TSAL20260626_0830_forgetAndForgetFree001,20260610,20260626,31,0.3085899562707123
fixed31,relative_velocity,38,20260817,4,R2->R1,TSAL20260610_0830_forgetAndForgetFree001,TSAL20260626_0830_forgetAndForgetFree001,20260610,20260626,31,0.45179033157839094
fixed31,relative_velocity,38,20260817,5,R1->R2,TSAL20260610_0830_forgetAndForgetFree001,TSAL20260627_0830_forgetAndForgetFree001,20260610,20260627,31,0.32864663562618707
fixed31,relative_velocity,38,20260817,5,R2->R1,TSAL20260610_0830_forgetAndForgetFree001,TSAL20260627_0830_forgetAndForgetFree001,20260610,20260627,31,0.279386137297045
fixed31,relative_velocity,38,20260817,6,R1->R2,TSAL20260610_0830_forgetAndForgetFree001,TSAL20260628_0830_forgetAndForgetFree001,20260610,20260628,31,0.320558757038422
fixed31,relative_velocity,38,20260817,6,R2->R1,TSAL20260610_0830_forgetAndForgetFree001,TSAL20260628_0830_forgetAndForgetFree001,20260610,20260628,31,0.44048312075270124
fixed31,relative_velocity,38,20260817,7,R1->R2,TSAL20260611_0830_forgetAndForgetFree001,TSAL20260626_0830_forgetAndForgetFree001,20260611,20260626,31,0.32342179688698675
fixed31,relative_velocity,38,20260817,7,R2->R1,TSAL20260611_0830_forgetAndForgetFree001,TSAL20260626_0830_forgetAndForgetFree001,20260611,20260626,31,0.13032424212136998
fixed31,relative_velocity,38,20260817,8,R1->R2,TSAL20260611_0830_forgetAndForgetFree001,TSAL20260627_0830_forgetAndForgetFree001,20260611,20260627,31,0.2099688446325969
fixed31,relative_velocity,38,20260817,8,R2->R1,TSAL20260611_0830_forgetAndForgetFree001,TSAL20260627_0830_forgetAndForgetFree001,20260611,20260627,31,0.22229034136386816
fixed31,relative_velocity,38,20260817,9,R1->R2,TSAL20260611_0830_forgetAndForgetFree001,TSAL20260628_0830_forgetAndForgetFree001,20260611,20260628,31,0.2540666718783298
fixed31,relative_velocity,38,20260817,9,R2->R1,TSAL20260611_0830_forgetAndForgetFree001,TSAL20260628_0830_forgetAndForgetFree001,20260611,20260628,31,0.24730117554614475
fixed31,relative_velocity,39,20260817,1,R1->R2,TSAL20260609_0830_forgetAndForgetFree001,TSAL20260626_0830_forgetAndForgetFree001,20260609,20260626,31,0.3551920446326355
fixed31,relative_velocity,39,20260817,1,R2->R1,TSAL20260609_0830_forgetAndForgetFree001,TSAL20260626_0830_forgetAndForgetFree001,20260609,20260626,31,0.38456680199799725
fixed31,relative_velocity,39,20260817,2,R1->R2,TSAL20260609_0830_forgetAndForgetFree001,TSAL20260627_0830_forgetAndForgetFree001,20260609,20260627,31,0.23892089815061726
fixed31,relative_velocity,39,20260817,2,R2->R1,TSAL20260609_0830_forgetAndForgetFree001,TSAL20260627_0830_forgetAndForgetFree001,20260609,20260627,31,0.05784200181574899
fixed31,relative_velocity,39,20260817,3,R1->R2,TSAL20260609_0830_forgetAndForgetFree001,TSAL20260628_0830_forgetAndForgetFree001,20260609,20260628,31,0.3118101438414292
fixed31,relative_velocity,39,20260817,3,R2->R1,TSAL20260609_0830_forgetAndForgetFree001,TSAL20260628_0830_forgetAndForgetFree001,20260609,20260628,31,0.35254711942632616
fixed31,relative_velocity,39,20260817,4,R1->R2,TSAL20260610_0830_forgetAndForgetFree001,TSAL20260626_0830_forgetAndForgetFree001,20260610,20260626,31,0.38880783409466096
fixed31,relative_velocity,39,20260817,4,R2->R1,TSAL20260610_0830_forgetAndForgetFree001,TSAL20260626_0830_forgetAndForgetFree001,20260610,20260626,31,0.33033109005469813
fixed31,relative_velocity,39,20260817,5,R1->R2,TSAL20260610_0830_forgetAndForgetFree001,TSAL20260627_0830_forgetAndForgetFree001,20260610,20260627,31,0.3392115842380045
fixed31,relative_velocity,39,20260817,5,R2->R1,TSAL20260610_0830_forgetAndForgetFree001,TSAL20260627_0830_forgetAndForgetFree001,20260610,20260627,31,0.08290262633840113
fixed31,relative_velocity,39,20260817,6,R1->R2,TSAL20260610_0830_forgetAndForgetFree001,TSAL20260628_0830_forgetAndForgetFree001,20260610,20260628,31,0.2872119756878376
fixed31,relative_velocity,39,20260817,6,R2->R1,TSAL20260610_0830_forgetAndForgetFree001,TSAL20260628_0830_forgetAndForgetFree001,20260610,20260628,31,0.42078527633611296
fixed31,relative_velocity,39,20260817,7,R1->R2,TSAL20260611_0830_forgetAndForgetFree001,TSAL20260626_0830_forgetAndForgetFree001,20260611,20260626,31,0.30347578766622757
fixed31,relative_velocity,39,20260817,7,R2->R1,TSAL20260611_0830_forgetAndForgetFree001,TSAL20260626_0830_forgetAndForgetFree001,20260611,20260626,31,0.2888435591821126
fixed31,relative_velocity,39,20260817,8,R1->R2,TSAL20260611_0830_forgetAndForgetFree001,TSAL20260627_0830_forgetAndForgetFree001,20260611,20260627,31,0.23534146407259318
fixed31,relative_velocity,39,20260817,8,R2->R1,TSAL20260611_0830_forgetAndForgetFree001,TSAL20260627_0830_forgetAndForgetFree001,20260611,20260627,31,0.19250549431051456
fixed31,relative_velocity,39,20260817,9,R1->R2,TSAL20260611_0830_forgetAndForgetFree001,TSAL20260628_0830_forgetAndForgetFree001,20260611,20260628,31,0.26663777196268895
fixed31,relative_velocity,39,20260817,9,R2->R1,TSAL20260611_0830_forgetAndForgetFree001,TSAL20260628_0830_forgetAndForgetFree001,20260611,20260628,31,0.3220559128802548
fixed31,relative_velocity,40,20260817,1,R1->R2,TSAL20260609_0830_forgetAndForgetFree001,TSAL20260626_0830_forgetAndForgetFree001,20260609,20260626,31,0.25854918615599615
fixed31,relative_velocity,40,20260817,1,R2->R1,TSAL20260609_0830_forgetAndForgetFree001,TSAL20260626_0830_forgetAndForgetFree001,20260609,20260626,31,0.3905941022071027
fixed31,relative_velocity,40,20260817,2,R1->R2,TSAL20260609_0830_forgetAndForgetFree001,TSAL20260627_0830_forgetAndForgetFree001,20260609,20260627,31,0.2938597719827788
fixed31,relative_velocity,40,20260817,2,R2->R1,TSAL20260609_0830_forgetAndForgetFree001,TSAL20260627_0830_forgetAndForgetFree001,20260609,20260627,31,0.34255413241612015
fixed31,relative_velocity,40,20260817,3,R1->R2,TSAL20260609_0830_forgetAndForgetFree001,TSAL20260628_0830_forgetAndForgetFree001,20260609,20260628,31,0.32567787369105206
fixed31,relative_velocity,40,20260817,3,R2->R1,TSAL20260609_0830_forgetAndForgetFree001,TSAL20260628_0830_forgetAndForgetFree001,20260609,20260628,31,0.35004107100997567
fixed31,relative_velocity,40,20260817,4,R1->R2,TSAL20260610_0830_forgetAndForgetFree001,TSAL20260626_0830_forgetAndForgetFree001,20260610,20260626,31,0.32082486567309887
fixed31,relative_velocity,40,20260817,4,R2->R1,TSAL20260610_0830_forgetAndForgetFree001,TSAL20260626_0830_forgetAndForgetFree001,20260610,20260626,31,0.3197632159727841
fixed31,relative_velocity,40,20260817,5,R1->R2,TSAL20260610_0830_forgetAndForgetFree001,TSAL20260627_0830_forgetAndForgetFree001,20260610,20260627,31,0.22677511041378062
fixed31,relative_velocity,40,20260817,5,R2->R1,TSAL20260610_0830_forgetAndForgetFree001,TSAL20260627_0830_forgetAndForgetFree001,20260610,20260627,31,0.05401348228518393
fixed31,relative_velocity,40,20260817,6,R1->R2,TSAL20260610_0830_forgetAndForgetFree001,TSAL20260628_0830_forgetAndForgetFree001,20260610,20260628,31,0.27221071419925863
fixed31,relative_velocity,40,20260817,6,R2->R1,TSAL20260610_0830_forgetAndForgetFree001,TSAL20260628_0830_forgetAndForgetFree001,20260610,20260628,31,0.325656501212771
fixed31,relative_velocity,40,20260817,7,R1->R2,TSAL20260611_0830_forgetAndForgetFree001,TSAL20260626_0830_forgetAndForgetFree001,20260611,20260626,31,0.3376462224019173
fixed31,relative_velocity,40,20260817,7,R2->R1,TSAL20260611_0830_forgetAndForgetFree001,TSAL20260626_0830_forgetAndForgetFree001,20260611,20260626,31,0.2769546940533845
fixed31,relative_velocity,40,20260817,8,R1->R2,TSAL20260611_0830_forgetAndForgetFree001,TSAL20260627_0830_forgetAndForgetFree001,20260611,20260627,31,0.18294209355286992
fixed31,relative_velocity,40,20260817,8,R2->R1,TSAL20260611_0830_forgetAndForgetFree001,TSAL20260627_0830_forgetAndForgetFree001,20260611,20260627,31,0.3313206065658159
fixed31,relative_velocity,40,20260817,9,R1->R2,TSAL20260611_0830_forgetAndForgetFree001,TSAL20260628_0830_forgetAndForgetFree001,20260611,20260628,31,0.28043330246663084
fixed31,relative_velocity,40,20260817,9,R2->R1,TSAL20260611_0830_forgetAndForgetFree001,TSAL20260628_0830_forgetAndForgetFree001,20260611,20260628,31,0.2780898800011986
fixed31,relative_velocity,41,20260817,1,R1->R2,TSAL20260609_0830_forgetAndForgetFree001,TSAL20260626_0830_forgetAndForgetFree001,20260609,20260626,31,0.3096072274222863
fixed31,relative_velocity,41,20260817,1,R2->R1,TSAL20260609_0830_forgetAndForgetFree001,TSAL20260626_0830_forgetAndForgetFree001,20260609,20260626,31,0.2526578015637989
fixed31,relative_velocity,41,20260817,2,R1->R2,TSAL20260609_0830_forgetAndForgetFree001,TSAL20260627_0830_forgetAndForgetFree001,20260609,20260627,31,0.31769930078522396
fixed31,relative_velocity,41,20260817,2,R2->R1,TSAL20260609_0830_forgetAndForgetFree001,TSAL20260627_0830_forgetAndForgetFree001,20260609,20260627,31,0.3360333305257219
fixed31,relative_velocity,41,20260817,3,R1->R2,TSAL20260609_0830_forgetAndForgetFree001,TSAL20260628_0830_forgetAndForgetFree001,20260609,20260628,31,0.27605923740679345
fixed31,relative_velocity,41,20260817,3,R2->R1,TSAL20260609_0830_forgetAndForgetFree001,TSAL20260628_0830_forgetAndForgetFree001,20260609,20260628,31,0.21554535045294856
fixed31,relative_velocity,41,20260817,4,R1->R2,TSAL20260610_0830_forgetAndForgetFree001,TSAL20260626_0830_forgetAndForgetFree001,20260610,20260626,31,0.3319913502541272
fixed31,relative_velocity,41,20260817,4,R2->R1,TSAL20260610_0830_forgetAndForgetFree001,TSAL20260626_0830_forgetAndForgetFree001,20260610,20260626,31,0.3654598274777623
fixed31,relative_velocity,41,20260817,5,R1->R2,TSAL20260610_0830_forgetAndForgetFree001,TSAL20260627_0830_forgetAndForgetFree001,20260610,20260627,31,0.19683821474962673
fixed31,relative_velocity,41,20260817,5,R2->R1,TSAL20260610_0830_forgetAndForgetFree001,TSAL20260627_0830_forgetAndForgetFree001,20260610,20260627,31,0.32476645848094793
fixed31,relative_velocity,41,20260817,6,R1->R2,TSAL20260610_0830_forgetAndForgetFree001,TSAL20260628_0830_forgetAndForgetFree001,20260610,20260628,31,0.17023991852192205
fixed31,relative_velocity,41,20260817,6,R2->R1,TSAL20260610_0830_forgetAndForgetFree001,TSAL20260628_0830_forgetAndForgetFree001,20260610,20260628,31,0.3779430923319375
fixed31,relative_velocity,41,20260817,7,R1->R2,TSAL20260611_0830_forgetAndForgetFree001,TSAL20260626_0830_forgetAndForgetFree001,20260611,20260626,31,0.2947340615449115
fixed31,relative_velocity,41,20260817,7,R2->R1,TSAL20260611_0830_forgetAndForgetFree001,TSAL20260626_0830_forgetAndForgetFree001,20260611,20260626,31,0.3383574618999249
fixed31,relative_velocity,41,20260817,8,R1->R2,TSAL20260611_0830_forgetAndForgetFree001,TSAL20260627_0830_forgetAndForgetFree001,20260611,20260627,31,0.24156425031641776
fixed31,relative_velocity,41,20260817,8,R2->R1,TSAL20260611_0830_forgetAndForgetFree001,TSAL20260627_0830_forgetAndForgetFree001,20260611,20260627,31,0.3225700377707607
fixed31,relative_velocity,41,20260817,9,R1->R2,TSAL20260611_0830_forgetAndForgetFree001,TSAL20260628_0830_forgetAndForgetFree001,20260611,20260628,31,0.32113554650476456
fixed31,relative_velocity,41,20260817,9,R2->R1,TSAL20260611_0830_forgetAndForgetFree001,TSAL20260628_0830_forgetAndForgetFree001,20260611,20260628,31,0.3540153883045383
fixed31,relative_velocity,42,20260817,1,R1->R2,TSAL20260609_0830_forgetAndForgetFree001,TSAL20260626_0830_forgetAndForgetFree001,20260609,20260626,31,0.3678373593541009
fixed31,relative_velocity,42,20260817,1,R2->R1,TSAL20260609_0830_forgetAndForgetFree001,TSAL20260626_0830_forgetAndForgetFree001,20260609,20260626,31,0.2720173170678905
fixed31,relative_velocity,42,20260817,2,R1->R2,TSAL20260609_0830_forgetAndForgetFree001,TSAL20260627_0830_forgetAndForgetFree001,20260609,20260627,31,0.336165343104797
fixed31,relative_velocity,42,20260817,2,R2->R1,TSAL20260609_0830_forgetAndForgetFree001,TSAL20260627_0830_forgetAndForgetFree001,20260609,20260627,31,0.16292590026112524
fixed31,relative_velocity,42,20260817,3,R1->R2,TSAL20260609_0830_forgetAndForgetFree001,TSAL20260628_0830_forgetAndForgetFree001,20260609,20260628,31,0.23849829414553794
fixed31,relative_velocity,42,20260817,3,R2->R1,TSAL20260609_0830_forgetAndForgetFree001,TSAL20260628_0830_forgetAndForgetFree001,20260609,20260628,31,0.3467380182274206
fixed31,relative_velocity,42,20260817,4,R1->R2,TSAL20260610_0830_forgetAndForgetFree001,TSAL20260626_0830_forgetAndForgetFree001,20260610,20260626,31,0.3667760363289411
fixed31,relative_velocity,42,20260817,4,R2->R1,TSAL20260610_0830_forgetAndForgetFree001,TSAL20260626_0830_forgetAndForgetFree001,20260610,20260626,31,0.35766656085036047
fixed31,relative_velocity,42,20260817,5,R1->R2,TSAL20260610_0830_forgetAndForgetFree001,TSAL20260627_0830_forgetAndForgetFree001,20260610,20260627,31,0.2142354260452176
fixed31,relative_velocity,42,20260817,5,R2->R1,TSAL20260610_0830_forgetAndForgetFree001,TSAL20260627_0830_forgetAndForgetFree001,20260610,20260627,31,0.10005630253535344
fixed31,relative_velocity,42,20260817,6,R1->R2,TSAL20260610_0830_forgetAndForgetFree001,TSAL20260628_0830_forgetAndForgetFree001,20260610,20260628,31,0.3535014230520511
fixed31,relative_velocity,42,20260817,6,R2->R1,TSAL20260610_0830_forgetAndForgetFree001,TSAL20260628_0830_forgetAndForgetFree001,20260610,20260628,31,0.45891374127606555
fixed31,relative_velocity,42,20260817,7,R1->R2,TSAL20260611_0830_forgetAndForgetFree001,TSAL20260626_0830_forgetAndForgetFree001,20260611,20260626,31,0.2774336487389778
fixed31,relative_velocity,42,20260817,7,R2->R1,TSAL20260611_0830_forgetAndForgetFree001,TSAL20260626_0830_forgetAndForgetFree001,20260611,20260626,31,0.22211578303985646
fixed31,relative_velocity,42,20260817,8,R1->R2,TSAL20260611_0830_forgetAndForgetFree001,TSAL20260627_0830_forgetAndForgetFree001,20260611,20260627,31,0.22165776367652643
fixed31,relative_velocity,42,20260817,8,R2->R1,TSAL20260611_0830_forgetAndForgetFree001,TSAL20260627_0830_forgetAndForgetFree001,20260611,20260627,31,0.18589170835617314
fixed31,relative_velocity,42,20260817,9,R1->R2,TSAL20260611_0830_forgetAndForgetFree001,TSAL20260628_0830_forgetAndForgetFree001,20260611,20260628,31,0.19188803011439462
fixed31,relative_velocity,42,20260817,9,R2->R1,TSAL20260611_0830_forgetAndForgetFree001,TSAL20260628_0830_forgetAndForgetFree001,20260611,20260628,31,0.25030126313013384
fixed31,relative_velocity,43,20260817,1,R1->R2,TSAL20260609_0830_forgetAndForgetFree001,TSAL20260626_0830_forgetAndForgetFree001,20260609,20260626,31,0.27014584686029275
fixed31,relative_velocity,43,20260817,1,R2->R1,TSAL20260609_0830_forgetAndForgetFree001,TSAL20260626_0830_forgetAndForgetFree001,20260609,20260626,31,0.27050358689616677
fixed31,relative_velocity,43,20260817,2,R1->R2,TSAL20260609_0830_forgetAndForgetFree001,TSAL20260627_0830_forgetAndForgetFree001,20260609,20260627,31,0.22907147506533715
fixed31,relative_velocity,43,20260817,2,R2->R1,TSAL20260609_0830_forgetAndForgetFree001,TSAL20260627_0830_forgetAndForgetFree001,20260609,20260627,31,0.3514802163855234
fixed31,relative_velocity,43,20260817,3,R1->R2,TSAL20260609_0830_forgetAndForgetFree001,TSAL20260628_0830_forgetAndForgetFree001,20260609,20260628,31,0.3256945750813125
fixed31,relative_velocity,43,20260817,3,R2->R1,TSAL20260609_0830_forgetAndForgetFree001,TSAL20260628_0830_forgetAndForgetFree001,20260609,20260628,31,0.4183855663392777
fixed31,relative_velocity,43,20260817,4,R1->R2,TSAL20260610_0830_forgetAndForgetFree001,TSAL20260626_0830_forgetAndForgetFree001,20260610,20260626,31,0.3714700140443625
fixed31,relative_velocity,43,20260817,4,R2->R1,TSAL20260610_0830_forgetAndForgetFree001,TSAL20260626_0830_forgetAndForgetFree001,20260610,20260626,31,0.3514106244257971
fixed31,relative_velocity,43,20260817,5,R1->R2,TSAL20260610_0830_forgetAndForgetFree001,TSAL20260627_0830_forgetAndForgetFree001,20260610,20260627,31,0.2410991403644299
fixed31,relative_velocity,43,20260817,5,R2->R1,TSAL20260610_0830_forgetAndForgetFree001,TSAL20260627_0830_forgetAndForgetFree001,20260610,20260627,31,0.29926632094266714
fixed31,relative_velocity,43,20260817,6,R1->R2,TSAL20260610_0830_forgetAndForgetFree001,TSAL20260628_0830_forgetAndForgetFree001,20260610,20260628,31,0.23760190175349713
fixed31,relative_velocity,43,20260817,6,R2->R1,TSAL20260610_0830_forgetAndForgetFree001,TSAL20260628_0830_forgetAndForgetFree001,20260610,20260628,31,0.4150238423701004
fixed31,relative_velocity,43,20260817,7,R1->R2,TSAL20260611_0830_forgetAndForgetFree001,TSAL20260626_0830_forgetAndForgetFree001,20260611,20260626,31,0.30753478707175314
fixed31,relative_velocity,43,20260817,7,R2->R1,TSAL20260611_0830_forgetAndForgetFree001,TSAL20260626_0830_forgetAndForgetFree001,20260611,20260626,31,0.2150790477996509
fixed31,relative_velocity,43,20260817,8,R1->R2,TSAL20260611_0830_forgetAndForgetFree001,TSAL20260627_0830_forgetAndForgetFree001,20260611,20260627,31,0.17924672312423798
fixed31,relative_velocity,43,20260817,8,R2->R1,TSAL20260611_0830_forgetAndForgetFree001,TSAL20260627_0830_forgetAndForgetFree001,20260611,20260627,31,0.2673970375749101
fixed31,relative_velocity,43,20260817,9,R1->R2,TSAL20260611_0830_forgetAndForgetFree001,TSAL20260628_0830_forgetAndForgetFree001,20260611,20260628,31,0.20639172368601083
fixed31,relative_velocity,43,20260817,9,R2->R1,TSAL20260611_0830_forgetAndForgetFree001,TSAL20260628_0830_forgetAndForgetFree001,20260611,20260628,31,0.20420133961586837
fixed31,relative_velocity,44,20260817,1,R1->R2,TSAL20260609_0830_forgetAndForgetFree001,TSAL20260626_0830_forgetAndForgetFree001,20260609,20260626,31,0.4291197156400985
fixed31,relative_velocity,44,20260817,1,R2->R1,TSAL20260609_0830_forgetAndForgetFree001,TSAL20260626_0830_forgetAndForgetFree001,20260609,20260626,31,0.2849281078471409
fixed31,relative_velocity,44,20260817,2,R1->R2,TSAL20260609_0830_forgetAndForgetFree001,TSAL20260627_0830_forgetAndForgetFree001,20260609,20260627,31,0.31259905964379475
fixed31,relative_velocity,44,20260817,2,R2->R1,TSAL20260609_0830_forgetAndForgetFree001,TSAL20260627_0830_forgetAndForgetFree001,20260609,20260627,31,0.1973309472269683
fixed31,relative_velocity,44,20260817,3,R1->R2,TSAL20260609_0830_forgetAndForgetFree001,TSAL20260628_0830_forgetAndForgetFree001,20260609,20260628,31,0.30218957646547373
fixed31,relative_velocity,44,20260817,3,R2->R1,TSAL20260609_0830_forgetAndForgetFree001,TSAL20260628_0830_forgetAndForgetFree001,20260609,20260628,31,0.4399425783201577
fixed31,relative_velocity,44,20260817,4,R1->R2,TSAL20260610_0830_forgetAndForgetFree001,TSAL20260626_0830_forgetAndForgetFree001,20260610,20260626,31,0.3169168735939629
fixed31,relative_velocity,44,20260817,4,R2->R1,TSAL20260610_0830_forgetAndForgetFree001,TSAL20260626_0830_forgetAndForgetFree001,20260610,20260626,31,0.33285641927367593
fixed31,relative_velocity,44,20260817,5,R1->R2,TSAL20260610_0830_forgetAndForgetFree001,TSAL20260627_0830_forgetAndForgetFree001,20260610,20260627,31,0.28610230095010636
fixed31,relative_velocity,44,20260817,5,R2->R1,TSAL20260610_0830_forgetAndForgetFree001,TSAL20260627_0830_forgetAndForgetFree001,20260610,20260627,31,0.19560677974697063
fixed31,relative_velocity,44,20260817,6,R1->R2,TSAL20260610_0830_forgetAndForgetFree001,TSAL20260628_0830_forgetAndForgetFree001,20260610,20260628,31,0.29089052323846704
fixed31,relative_velocity,44,20260817,6,R2->R1,TSAL20260610_0830_forgetAndForgetFree001,TSAL20260628_0830_forgetAndForgetFree001,20260610,20260628,31,0.4723830355830497
fixed31,relative_velocity,44,20260817,7,R1->R2,TSAL20260611_0830_forgetAndForgetFree001,TSAL20260626_0830_forgetAndForgetFree001,20260611,20260626,31,0.29006195632125364
fixed31,relative_velocity,44,20260817,7,R2->R1,TSAL20260611_0830_forgetAndForgetFree001,TSAL20260626_0830_forgetAndForgetFree001,20260611,20260626,31,0.18304211122278127
fixed31,relative_velocity,44,20260817,8,R1->R2,TSAL20260611_0830_forgetAndForgetFree001,TSAL20260627_0830_forgetAndForgetFree001,20260611,20260627,31,0.30428790150720597
fixed31,relative_velocity,44,20260817,8,R2->R1,TSAL20260611_0830_forgetAndForgetFree001,TSAL20260627_0830_forgetAndForgetFree001,20260611,20260627,31,0.22445617841722995
fixed31,relative_velocity,44,20260817,9,R1->R2,TSAL20260611_0830_forgetAndForgetFree001,TSAL20260628_0830_forgetAndForgetFree001,20260611,20260628,31,0.3517029986802705
fixed31,relative_velocity,44,20260817,9,R2->R1,TSAL20260611_0830_forgetAndForgetFree001,TSAL20260628_0830_forgetAndForgetFree001,20260611,20260628,31,0.34535010024128715
fixed31,relative_velocity,45,20260817,1,R1->R2,TSAL20260609_0830_forgetAndForgetFree001,TSAL20260626_0830_forgetAndForgetFree001,20260609,20260626,31,0.3015937303503543
fixed31,relative_velocity,45,20260817,1,R2->R1,TSAL20260609_0830_forgetAndForgetFree001,TSAL20260626_0830_forgetAndForgetFree001,20260609,20260626,31,0.29116056048891237
fixed31,relative_velocity,45,20260817,2,R1->R2,TSAL20260609_0830_forgetAndForgetFree001,TSAL20260627_0830_forgetAndForgetFree001,20260609,20260627,31,0.2812172429330782
fixed31,relative_velocity,45,20260817,2,R2->R1,TSAL20260609_0830_forgetAndForgetFree001,TSAL20260627_0830_forgetAndForgetFree001,20260609,20260627,31,0.09647411770387272
fixed31,relative_velocity,45,20260817,3,R1->R2,TSAL20260609_0830_forgetAndForgetFree001,TSAL20260628_0830_forgetAndForgetFree001,20260609,20260628,31,0.2709286523447433
fixed31,relative_velocity,45,20260817,3,R2->R1,TSAL20260609_0830_forgetAndForgetFree001,TSAL20260628_0830_forgetAndForgetFree001,20260609,20260628,31,0.40070846019809353
fixed31,relative_velocity,45,20260817,4,R1->R2,TSAL20260610_0830_forgetAndForgetFree001,TSAL20260626_0830_forgetAndForgetFree001,20260610,20260626,31,0.3362578384573811
fixed31,relative_velocity,45,20260817,4,R2->R1,TSAL20260610_0830_forgetAndForgetFree001,TSAL20260626_0830_forgetAndForgetFree001,20260610,20260626,31,0.3706667381180969
fixed31,relative_velocity,45,20260817,5,R1->R2,TSAL20260610_0830_forgetAndForgetFree001,TSAL20260627_0830_forgetAndForgetFree001,20260610,20260627,31,0.2815786424217789
fixed31,relative_velocity,45,20260817,5,R2->R1,TSAL20260610_0830_forgetAndForgetFree001,TSAL20260627_0830_forgetAndForgetFree001,20260610,20260627,31,0.19541254030653699
fixed31,relative_velocity,45,20260817,6,R1->R2,TSAL20260610_0830_forgetAndForgetFree001,TSAL20260628_0830_forgetAndForgetFree001,20260610,20260628,31,0.2867319292387194
fixed31,relative_velocity,45,20260817,6,R2->R1,TSAL20260610_0830_forgetAndForgetFree001,TSAL20260628_0830_forgetAndForgetFree001,20260610,20260628,31,0.3424760090911765
fixed31,relative_velocity,45,20260817,7,R1->R2,TSAL20260611_0830_forgetAndForgetFree001,TSAL20260626_0830_forgetAndForgetFree001,20260611,20260626,31,0.30220108177236976
fixed31,relative_velocity,45,20260817,7,R2->R1,TSAL20260611_0830_forgetAndForgetFree001,TSAL20260626_0830_forgetAndForgetFree001,20260611,20260626,31,0.2228558611717915
fixed31,relative_velocity,45,20260817,8,R1->R2,TSAL20260611_0830_forgetAndForgetFree001,TSAL20260627_0830_forgetAndForgetFree001,20260611,20260627,31,0.2851820723365378
fixed31,relative_velocity,45,20260817,8,R2->R1,TSAL20260611_0830_forgetAndForgetFree001,TSAL20260627_0830_forgetAndForgetFree001,20260611,20260627,31,-0.00474015161906045
fixed31,relative_velocity,45,20260817,9,R1->R2,TSAL20260611_0830_forgetAndForgetFree001,TSAL20260628_0830_forgetAndForgetFree001,20260611,20260628,31,0.23501741467166581
fixed31,relative_velocity,45,20260817,9,R2->R1,TSAL20260611_0830_forgetAndForgetFree001,TSAL20260628_0830_forgetAndForgetFree001,20260611,20260628,31,0.23813475605245024
fixed31,relative_velocity,46,20260817,1,R1->R2,TSAL20260609_0830_forgetAndForgetFree001,TSAL20260626_0830_forgetAndForgetFree001,20260609,20260626,31,0.261184548592548
fixed31,relative_velocity,46,20260817,1,R2->R1,TSAL20260609_0830_forgetAndForgetFree001,TSAL20260626_0830_forgetAndForgetFree001,20260609,20260626,31,0.3379203342500805
fixed31,relative_velocity,46,20260817,2,R1->R2,TSAL20260609_0830_forgetAndForgetFree001,TSAL20260627_0830_forgetAndForgetFree001,20260609,20260627,31,0.2539464831477909
fixed31,relative_velocity,46,20260817,2,R2->R1,TSAL20260609_0830_forgetAndForgetFree001,TSAL20260627_0830_forgetAndForgetFree001,20260609,20260627,31,0.19916816532348178
fixed31,relative_velocity,46,20260817,3,R1->R2,TSAL20260609_0830_forgetAndForgetFree001,TSAL20260628_0830_forgetAndForgetFree001,20260609,20260628,31,0.23820437733177696
fixed31,relative_velocity,46,20260817,3,R2->R1,TSAL20260609_0830_forgetAndForgetFree001,TSAL20260628_0830_forgetAndForgetFree001,20260609,20260628,31,0.4302904365003975
fixed31,relative_velocity,46,20260817,4,R1->R2,TSAL20260610_0830_forgetAndForgetFree001,TSAL20260626_0830_forgetAndForgetFree001,20260610,20260626,31,0.3513589012689309
fixed31,relative_velocity,46,20260817,4,R2->R1,TSAL20260610_0830_forgetAndForgetFree001,TSAL20260626_0830_forgetAndForgetFree001,20260610,20260626,31,0.3989462092075763
fixed31,relative_velocity,46,20260817,5,R1->R2,TSAL20260610_0830_forgetAndForgetFree001,TSAL20260627_0830_forgetAndForgetFree001,20260610,20260627,31,0.2565198887676516
fixed31,relative_velocity,46,20260817,5,R2->R1,TSAL20260610_0830_forgetAndForgetFree001,TSAL20260627_0830_forgetAndForgetFree001,20260610,20260627,31,0.4170716139661918
fixed31,relative_velocity,46,20260817,6,R1->R2,TSAL20260610_0830_forgetAndForgetFree001,TSAL20260628_0830_forgetAndForgetFree001,20260610,20260628,31,0.23954905312835004
fixed31,relative_velocity,46,20260817,6,R2->R1,TSAL20260610_0830_forgetAndForgetFree001,TSAL20260628_0830_forgetAndForgetFree001,20260610,20260628,31,0.47101052360867574
fixed31,relative_velocity,46,20260817,7,R1->R2,TSAL20260611_0830_forgetAndForgetFree001,TSAL20260626_0830_forgetAndForgetFree001,20260611,20260626,31,0.2993728323476382
fixed31,relative_velocity,46,20260817,7,R2->R1,TSAL20260611_0830_forgetAndForgetFree001,TSAL20260626_0830_forgetAndForgetFree001,20260611,20260626,31,0.23655005554965722
fixed31,relative_velocity,46,20260817,8,R1->R2,TSAL20260611_0830_forgetAndForgetFree001,TSAL20260627_0830_forgetAndForgetFree001,20260611,20260627,31,0.1448135159383618
fixed31,relative_velocity,46,20260817,8,R2->R1,TSAL20260611_0830_forgetAndForgetFree001,TSAL20260627_0830_forgetAndForgetFree001,20260611,20260627,31,0.19604938408619238
fixed31,relative_velocity,46,20260817,9,R1->R2,TSAL20260611_0830_forgetAndForgetFree001,TSAL20260628_0830_forgetAndForgetFree001,20260611,20260628,31,0.23135342463568492
fixed31,relative_velocity,46,20260817,9,R2->R1,TSAL20260611_0830_forgetAndForgetFree001,TSAL20260628_0830_forgetAndForgetFree001,20260611,20260628,31,0.28041938578873293
fixed31,relative_velocity,47,20260817,1,R1->R2,TSAL20260609_0830_forgetAndForgetFree001,TSAL20260626_0830_forgetAndForgetFree001,20260609,20260626,31,0.31685037603279326
fixed31,relative_velocity,47,20260817,1,R2->R1,TSAL20260609_0830_forgetAndForgetFree001,TSAL20260626_0830_forgetAndForgetFree001,20260609,20260626,31,0.29154972120141365
fixed31,relative_velocity,47,20260817,2,R1->R2,TSAL20260609_0830_forgetAndForgetFree001,TSAL20260627_0830_forgetAndForgetFree001,20260609,20260627,31,0.23085927763408168
fixed31,relative_velocity,47,20260817,2,R2->R1,TSAL20260609_0830_forgetAndForgetFree001,TSAL20260627_0830_forgetAndForgetFree001,20260609,20260627,31,0.0632591248075036
fixed31,relative_velocity,47,20260817,3,R1->R2,TSAL20260609_0830_forgetAndForgetFree001,TSAL20260628_0830_forgetAndForgetFree001,20260609,20260628,31,0.2761324629651612
fixed31,relative_velocity,47,20260817,3,R2->R1,TSAL20260609_0830_forgetAndForgetFree001,TSAL20260628_0830_forgetAndForgetFree001,20260609,20260628,31,0.30457973571519237
fixed31,relative_velocity,47,20260817,4,R1->R2,TSAL20260610_0830_forgetAndForgetFree001,TSAL20260626_0830_forgetAndForgetFree001,20260610,20260626,31,0.3660639682820447
fixed31,relative_velocity,47,20260817,4,R2->R1,TSAL20260610_0830_forgetAndForgetFree001,TSAL20260626_0830_forgetAndForgetFree001,20260610,20260626,31,0.3290612672823839
fixed31,relative_velocity,47,20260817,5,R1->R2,TSAL20260610_0830_forgetAndForgetFree001,TSAL20260627_0830_forgetAndForgetFree001,20260610,20260627,31,0.24282667200068137
fixed31,relative_velocity,47,20260817,5,R2->R1,TSAL20260610_0830_forgetAndForgetFree001,TSAL20260627_0830_forgetAndForgetFree001,20260610,20260627,31,0.3076456256143597
fixed31,relative_velocity,47,20260817,6,R1->R2,TSAL20260610_0830_forgetAndForgetFree001,TSAL20260628_0830_forgetAndForgetFree001,20260610,20260628,31,0.3040476807197627
fixed31,relative_velocity,47,20260817,6,R2->R1,TSAL20260610_0830_forgetAndForgetFree001,TSAL20260628_0830_forgetAndForgetFree001,20260610,20260628,31,0.4652111755391819
fixed31,relative_velocity,47,20260817,7,R1->R2,TSAL20260611_0830_forgetAndForgetFree001,TSAL20260626_0830_forgetAndForgetFree001,20260611,20260626,31,0.3031048738709683
fixed31,relative_velocity,47,20260817,7,R2->R1,TSAL20260611_0830_forgetAndForgetFree001,TSAL20260626_0830_forgetAndForgetFree001,20260611,20260626,31,0.26027769409791385
fixed31,relative_velocity,47,20260817,8,R1->R2,TSAL20260611_0830_forgetAndForgetFree001,TSAL20260627_0830_forgetAndForgetFree001,20260611,20260627,31,0.16442549115457455
fixed31,relative_velocity,47,20260817,8,R2->R1,TSAL20260611_0830_forgetAndForgetFree001,TSAL20260627_0830_forgetAndForgetFree001,20260611,20260627,31,0.08174948001450898
fixed31,relative_velocity,47,20260817,9,R1->R2,TSAL20260611_0830_forgetAndForgetFree001,TSAL20260628_0830_forgetAndForgetFree001,20260611,20260628,31,0.2877766637062236
fixed31,relative_velocity,47,20260817,9,R2->R1,TSAL20260611_0830_forgetAndForgetFree001,TSAL20260628_0830_forgetAndForgetFree001,20260611,20260628,31,0.374523094200979
fixed31,relative_velocity,48,20260817,1,R1->R2,TSAL20260609_0830_forgetAndForgetFree001,TSAL20260626_0830_forgetAndForgetFree001,20260609,20260626,31,0.3226068162227256
fixed31,relative_velocity,48,20260817,1,R2->R1,TSAL20260609_0830_forgetAndForgetFree001,TSAL20260626_0830_forgetAndForgetFree001,20260609,20260626,31,0.3830173956709439
fixed31,relative_velocity,48,20260817,2,R1->R2,TSAL20260609_0830_forgetAndForgetFree001,TSAL20260627_0830_forgetAndForgetFree001,20260609,20260627,31,0.18579081726519267
fixed31,relative_velocity,48,20260817,2,R2->R1,TSAL20260609_0830_forgetAndForgetFree001,TSAL20260627_0830_forgetAndForgetFree001,20260609,20260627,31,0.2922901077927001
fixed31,relative_velocity,48,20260817,3,R1->R2,TSAL20260609_0830_forgetAndForgetFree001,TSAL20260628_0830_forgetAndForgetFree001,20260609,20260628,31,0.4099446666601314
fixed31,relative_velocity,48,20260817,3,R2->R1,TSAL20260609_0830_forgetAndForgetFree001,TSAL20260628_0830_forgetAndForgetFree001,20260609,20260628,31,0.4003113082970255
fixed31,relative_velocity,48,20260817,4,R1->R2,TSAL20260610_0830_forgetAndForgetFree001,TSAL20260626_0830_forgetAndForgetFree001,20260610,20260626,31,0.3508740899386528
fixed31,relative_velocity,48,20260817,4,R2->R1,TSAL20260610_0830_forgetAndForgetFree001,TSAL20260626_0830_forgetAndForgetFree001,20260610,20260626,31,0.35346621336785927
fixed31,relative_velocity,48,20260817,5,R1->R2,TSAL20260610_0830_forgetAndForgetFree001,TSAL20260627_0830_forgetAndForgetFree001,20260610,20260627,31,0.2373121697552722
fixed31,relative_velocity,48,20260817,5,R2->R1,TSAL20260610_0830_forgetAndForgetFree001,TSAL20260627_0830_forgetAndForgetFree001,20260610,20260627,31,0.18023029465244775
fixed31,relative_velocity,48,20260817,6,R1->R2,TSAL20260610_0830_forgetAndForgetFree001,TSAL20260628_0830_forgetAndForgetFree001,20260610,20260628,31,0.3713685293188791
fixed31,relative_velocity,48,20260817,6,R2->R1,TSAL20260610_0830_forgetAndForgetFree001,TSAL20260628_0830_forgetAndForgetFree001,20260610,20260628,31,0.433823617256544
fixed31,relative_velocity,48,20260817,7,R1->R2,TSAL20260611_0830_forgetAndForgetFree001,TSAL20260626_0830_forgetAndForgetFree001,20260611,20260626,31,0.291262534915123
fixed31,relative_velocity,48,20260817,7,R2->R1,TSAL20260611_0830_forgetAndForgetFree001,TSAL20260626_0830_forgetAndForgetFree001,20260611,20260626,31,0.27717149837195626
fixed31,relative_velocity,48,20260817,8,R1->R2,TSAL20260611_0830_forgetAndForgetFree001,TSAL20260627_0830_forgetAndForgetFree001,20260611,20260627,31,0.16266134118891173
fixed31,relative_velocity,48,20260817,8,R2->R1,TSAL20260611_0830_forgetAndForgetFree001,TSAL20260627_0830_forgetAndForgetFree001,20260611,20260627,31,0.08677228908412866
fixed31,relative_velocity,48,20260817,9,R1->R2,TSAL20260611_0830_forgetAndForgetFree001,TSAL20260628_0830_forgetAndForgetFree001,20260611,20260628,31,0.29877478339535257
fixed31,relative_velocity,48,20260817,9,R2->R1,TSAL20260611_0830_forgetAndForgetFree001,TSAL20260628_0830_forgetAndForgetFree001,20260611,20260628,31,0.4169403702936985
fixed31,relative_velocity,49,20260817,1,R1->R2,TSAL20260609_0830_forgetAndForgetFree001,TSAL20260626_0830_forgetAndForgetFree001,20260609,20260626,31,0.2918569798639325
fixed31,relative_velocity,49,20260817,1,R2->R1,TSAL20260609_0830_forgetAndForgetFree001,TSAL20260626_0830_forgetAndForgetFree001,20260609,20260626,31,0.37740195754282835
fixed31,relative_velocity,49,20260817,2,R1->R2,TSAL20260609_0830_forgetAndForgetFree001,TSAL20260627_0830_forgetAndForgetFree001,20260609,20260627,31,0.3226805328874278
fixed31,relative_velocity,49,20260817,2,R2->R1,TSAL20260609_0830_forgetAndForgetFree001,TSAL20260627_0830_forgetAndForgetFree001,20260609,20260627,31,0.31236253303359757
fixed31,relative_velocity,49,20260817,3,R1->R2,TSAL20260609_0830_forgetAndForgetFree001,TSAL20260628_0830_forgetAndForgetFree001,20260609,20260628,31,0.31284739741980155
fixed31,relative_velocity,49,20260817,3,R2->R1,TSAL20260609_0830_forgetAndForgetFree001,TSAL20260628_0830_forgetAndForgetFree001,20260609,20260628,31,0.4174227926027096
fixed31,relative_velocity,49,20260817,4,R1->R2,TSAL20260610_0830_forgetAndForgetFree001,TSAL20260626_0830_forgetAndForgetFree001,20260610,20260626,31,0.35464888536972267
fixed31,relative_velocity,49,20260817,4,R2->R1,TSAL20260610_0830_forgetAndForgetFree001,TSAL20260626_0830_forgetAndForgetFree001,20260610,20260626,31,0.43835060042697094
fixed31,relative_velocity,49,20260817,5,R1->R2,TSAL20260610_0830_forgetAndForgetFree001,TSAL20260627_0830_forgetAndForgetFree001,20260610,20260627,31,0.3136802391036127
fixed31,relative_velocity,49,20260817,5,R2->R1,TSAL20260610_0830_forgetAndForgetFree001,TSAL20260627_0830_forgetAndForgetFree001,20260610,20260627,31,0.26778397577435437
fixed31,relative_velocity,49,20260817,6,R1->R2,TSAL20260610_0830_forgetAndForgetFree001,TSAL20260628_0830_forgetAndForgetFree001,20260610,20260628,31,0.3005023491928865
fixed31,relative_velocity,49,20260817,6,R2->R1,TSAL20260610_0830_forgetAndForgetFree001,TSAL20260628_0830_forgetAndForgetFree001,20260610,20260628,31,0.4035745284163393
fixed31,relative_velocity,49,20260817,7,R1->R2,TSAL20260611_0830_forgetAndForgetFree001,TSAL20260626_0830_forgetAndForgetFree001,20260611,20260626,31,0.284295597811302
fixed31,relative_velocity,49,20260817,7,R2->R1,TSAL20260611_0830_forgetAndForgetFree001,TSAL20260626_0830_forgetAndForgetFree001,20260611,20260626,31,0.250368062762781
fixed31,relative_velocity,49,20260817,8,R1->R2,TSAL20260611_0830_forgetAndForgetFree001,TSAL20260627_0830_forgetAndForgetFree001,20260611,20260627,31,0.2704137109274568
fixed31,relative_velocity,49,20260817,8,R2->R1,TSAL20260611_0830_forgetAndForgetFree001,TSAL20260627_0830_forgetAndForgetFree001,20260611,20260627,31,0.3025738783036453
fixed31,relative_velocity,49,20260817,9,R1->R2,TSAL20260611_0830_forgetAndForgetFree001,TSAL20260628_0830_forgetAndForgetFree001,20260611,20260628,31,0.2994858951657723
fixed31,relative_velocity,49,20260817,9,R2->R1,TSAL20260611_0830_forgetAndForgetFree001,TSAL20260628_0830_forgetAndForgetFree001,20260611,20260628,31,0.3766567792610766
