analysis_mode,target_mode,repeat,seed,pair_id,direction,r1_session,r2_session,r1_date,r2_date,n_trials_each,random_corr
dropout_clean_fixed31,relative_velocity,0,20260817,1,R1->R2,TSAL20260609_0830_forgetAndForgetFree001,TSAL20260626_0830_forgetAndForgetFree001,20260609,20260626,31,0.29204514854476493
dropout_clean_fixed31,relative_velocity,0,20260817,1,R2->R1,TSAL20260609_0830_forgetAndForgetFree001,TSAL20260626_0830_forgetAndForgetFree001,20260609,20260626,31,0.32391310606297463
dropout_clean_fixed31,relative_velocity,0,20260817,2,R1->R2,TSAL20260609_0830_forgetAndForgetFree001,TSAL20260627_0830_forgetAndForgetFree001,20260609,20260627,31,0.25137615850791006
dropout_clean_fixed31,relative_velocity,0,20260817,2,R2->R1,TSAL20260609_0830_forgetAndForgetFree001,TSAL20260627_0830_forgetAndForgetFree001,20260609,20260627,31,0.25289247594828407
dropout_clean_fixed31,relative_velocity,0,20260817,3,R1->R2,TSAL20260609_0830_forgetAndForgetFree001,TSAL20260628_0830_forgetAndForgetFree001,20260609,20260628,31,0.32113155462354637
dropout_clean_fixed31,relative_velocity,0,20260817,3,R2->R1,TSAL20260609_0830_forgetAndForgetFree001,TSAL20260628_0830_forgetAndForgetFree001,20260609,20260628,31,0.26795379471312974
dropout_clean_fixed31,relative_velocity,0,20260817,4,R1->R2,TSAL20260610_0830_forgetAndForgetFree001,TSAL20260626_0830_forgetAndForgetFree001,20260610,20260626,31,0.40952055542668625
dropout_clean_fixed31,relative_velocity,0,20260817,4,R2->R1,TSAL20260610_0830_forgetAndForgetFree001,TSAL20260626_0830_forgetAndForgetFree001,20260610,20260626,31,0.38060881799132495
dropout_clean_fixed31,relative_velocity,0,20260817,5,R1->R2,TSAL20260610_0830_forgetAndForgetFree001,TSAL20260627_0830_forgetAndForgetFree001,20260610,20260627,31,0.35336811069345864
dropout_clean_fixed31,relative_velocity,0,20260817,5,R2->R1,TSAL20260610_0830_forgetAndForgetFree001,TSAL20260627_0830_forgetAndForgetFree001,20260610,20260627,31,0.11199974097031286
dropout_clean_fixed31,relative_velocity,0,20260817,6,R1->R2,TSAL20260610_0830_forgetAndForgetFree001,TSAL20260628_0830_forgetAndForgetFree001,20260610,20260628,31,0.3480334758984225
dropout_clean_fixed31,relative_velocity,0,20260817,6,R2->R1,TSAL20260610_0830_forgetAndForgetFree001,TSAL20260628_0830_forgetAndForgetFree001,20260610,20260628,31,0.5463065912774013
dropout_clean_fixed31,relative_velocity,0,20260817,7,R1->R2,TSAL20260611_0830_forgetAndForgetFree001,TSAL20260626_0830_forgetAndForgetFree001,20260611,20260626,31,0.3140847418091617
dropout_clean_fixed31,relative_velocity,0,20260817,7,R2->R1,TSAL20260611_0830_forgetAndForgetFree001,TSAL20260626_0830_forgetAndForgetFree001,20260611,20260626,31,0.1893796529275834
dropout_clean_fixed31,relative_velocity,0,20260817,8,R1->R2,TSAL20260611_0830_forgetAndForgetFree001,TSAL20260627_0830_forgetAndForgetFree001,20260611,20260627,31,0.1735770727079332
dropout_clean_fixed31,relative_velocity,0,20260817,8,R2->R1,TSAL20260611_0830_forgetAndForgetFree001,TSAL20260627_0830_forgetAndForgetFree001,20260611,20260627,31,0.3182288713070487
dropout_clean_fixed31,relative_velocity,0,20260817,9,R1->R2,TSAL20260611_0830_forgetAndForgetFree001,TSAL20260628_0830_forgetAndForgetFree001,20260611,20260628,31,0.24805492216815944
dropout_clean_fixed31,relative_velocity,0,20260817,9,R2->R1,TSAL20260611_0830_forgetAndForgetFree001,TSAL20260628_0830_forgetAndForgetFree001,20260611,20260628,31,0.3279817808923222
dropout_clean_fixed31,relative_velocity,1,20260817,1,R1->R2,TSAL20260609_0830_forgetAndForgetFree001,TSAL20260626_0830_forgetAndForgetFree001,20260609,20260626,31,0.36335807077412885
dropout_clean_fixed31,relative_velocity,1,20260817,1,R2->R1,TSAL20260609_0830_forgetAndForgetFree001,TSAL20260626_0830_forgetAndForgetFree001,20260609,20260626,31,0.3669614275700913
dropout_clean_fixed31,relative_velocity,1,20260817,2,R1->R2,TSAL20260609_0830_forgetAndForgetFree001,TSAL20260627_0830_forgetAndForgetFree001,20260609,20260627,31,0.21450395119268065
dropout_clean_fixed31,relative_velocity,1,20260817,2,R2->R1,TSAL20260609_0830_forgetAndForgetFree001,TSAL20260627_0830_forgetAndForgetFree001,20260609,20260627,31,0.1234257915140859
dropout_clean_fixed31,relative_velocity,1,20260817,3,R1->R2,TSAL20260609_0830_forgetAndForgetFree001,TSAL20260628_0830_forgetAndForgetFree001,20260609,20260628,31,0.29271661097112733
dropout_clean_fixed31,relative_velocity,1,20260817,3,R2->R1,TSAL20260609_0830_forgetAndForgetFree001,TSAL20260628_0830_forgetAndForgetFree001,20260609,20260628,31,0.3617516699225071
dropout_clean_fixed31,relative_velocity,1,20260817,4,R1->R2,TSAL20260610_0830_forgetAndForgetFree001,TSAL20260626_0830_forgetAndForgetFree001,20260610,20260626,31,0.41058302099428295
dropout_clean_fixed31,relative_velocity,1,20260817,4,R2->R1,TSAL20260610_0830_forgetAndForgetFree001,TSAL20260626_0830_forgetAndForgetFree001,20260610,20260626,31,0.4572482678920973
dropout_clean_fixed31,relative_velocity,1,20260817,5,R1->R2,TSAL20260610_0830_forgetAndForgetFree001,TSAL20260627_0830_forgetAndForgetFree001,20260610,20260627,31,0.2935046561521152
dropout_clean_fixed31,relative_velocity,1,20260817,5,R2->R1,TSAL20260610_0830_forgetAndForgetFree001,TSAL20260627_0830_forgetAndForgetFree001,20260610,20260627,31,0.10262387250049007
dropout_clean_fixed31,relative_velocity,1,20260817,6,R1->R2,TSAL20260610_0830_forgetAndForgetFree001,TSAL20260628_0830_forgetAndForgetFree001,20260610,20260628,31,0.28935034017546696
dropout_clean_fixed31,relative_velocity,1,20260817,6,R2->R1,TSAL20260610_0830_forgetAndForgetFree001,TSAL20260628_0830_forgetAndForgetFree001,20260610,20260628,31,0.4456601038001598
dropout_clean_fixed31,relative_velocity,1,20260817,7,R1->R2,TSAL20260611_0830_forgetAndForgetFree001,TSAL20260626_0830_forgetAndForgetFree001,20260611,20260626,31,0.2698732446732397
dropout_clean_fixed31,relative_velocity,1,20260817,7,R2->R1,TSAL20260611_0830_forgetAndForgetFree001,TSAL20260626_0830_forgetAndForgetFree001,20260611,20260626,31,0.23267608173374563
dropout_clean_fixed31,relative_velocity,1,20260817,8,R1->R2,TSAL20260611_0830_forgetAndForgetFree001,TSAL20260627_0830_forgetAndForgetFree001,20260611,20260627,31,0.2517175010276783
dropout_clean_fixed31,relative_velocity,1,20260817,8,R2->R1,TSAL20260611_0830_forgetAndForgetFree001,TSAL20260627_0830_forgetAndForgetFree001,20260611,20260627,31,0.0025689133922973876
dropout_clean_fixed31,relative_velocity,1,20260817,9,R1->R2,TSAL20260611_0830_forgetAndForgetFree001,TSAL20260628_0830_forgetAndForgetFree001,20260611,20260628,31,0.2751621034529262
dropout_clean_fixed31,relative_velocity,1,20260817,9,R2->R1,TSAL20260611_0830_forgetAndForgetFree001,TSAL20260628_0830_forgetAndForgetFree001,20260611,20260628,31,0.3321747192079971
dropout_clean_fixed31,relative_velocity,2,20260817,1,R1->R2,TSAL20260609_0830_forgetAndForgetFree001,TSAL20260626_0830_forgetAndForgetFree001,20260609,20260626,31,0.4239374113474392
dropout_clean_fixed31,relative_velocity,2,20260817,1,R2->R1,TSAL20260609_0830_forgetAndForgetFree001,TSAL20260626_0830_forgetAndForgetFree001,20260609,20260626,31,0.36417253942153416
dropout_clean_fixed31,relative_velocity,2,20260817,2,R1->R2,TSAL20260609_0830_forgetAndForgetFree001,TSAL20260627_0830_forgetAndForgetFree001,20260609,20260627,31,0.2254434785550555
dropout_clean_fixed31,relative_velocity,2,20260817,2,R2->R1,TSAL20260609_0830_forgetAndForgetFree001,TSAL20260627_0830_forgetAndForgetFree001,20260609,20260627,31,0.19298702372147836
dropout_clean_fixed31,relative_velocity,2,20260817,3,R1->R2,TSAL20260609_0830_forgetAndForgetFree001,TSAL20260628_0830_forgetAndForgetFree001,20260609,20260628,31,0.2540109809634418
dropout_clean_fixed31,relative_velocity,2,20260817,3,R2->R1,TSAL20260609_0830_forgetAndForgetFree001,TSAL20260628_0830_forgetAndForgetFree001,20260609,20260628,31,0.35737792136066826
dropout_clean_fixed31,relative_velocity,2,20260817,4,R1->R2,TSAL20260610_0830_forgetAndForgetFree001,TSAL20260626_0830_forgetAndForgetFree001,20260610,20260626,31,0.3462840394589026
dropout_clean_fixed31,relative_velocity,2,20260817,4,R2->R1,TSAL20260610_0830_forgetAndForgetFree001,TSAL20260626_0830_forgetAndForgetFree001,20260610,20260626,31,0.38118414382131366
dropout_clean_fixed31,relative_velocity,2,20260817,5,R1->R2,TSAL20260610_0830_forgetAndForgetFree001,TSAL20260627_0830_forgetAndForgetFree001,20260610,20260627,31,0.2830294063599269
dropout_clean_fixed31,relative_velocity,2,20260817,5,R2->R1,TSAL20260610_0830_forgetAndForgetFree001,TSAL20260627_0830_forgetAndForgetFree001,20260610,20260627,31,0.2917526793011551
dropout_clean_fixed31,relative_velocity,2,20260817,6,R1->R2,TSAL20260610_0830_forgetAndForgetFree001,TSAL20260628_0830_forgetAndForgetFree001,20260610,20260628,31,0.26479280678364314
dropout_clean_fixed31,relative_velocity,2,20260817,6,R2->R1,TSAL20260610_0830_forgetAndForgetFree001,TSAL20260628_0830_forgetAndForgetFree001,20260610,20260628,31,0.40794796229992997
dropout_clean_fixed31,relative_velocity,2,20260817,7,R1->R2,TSAL20260611_0830_forgetAndForgetFree001,TSAL20260626_0830_forgetAndForgetFree001,20260611,20260626,31,0.35122726678129346
dropout_clean_fixed31,relative_velocity,2,20260817,7,R2->R1,TSAL20260611_0830_forgetAndForgetFree001,TSAL20260626_0830_forgetAndForgetFree001,20260611,20260626,31,0.25180449826512424
dropout_clean_fixed31,relative_velocity,2,20260817,8,R1->R2,TSAL20260611_0830_forgetAndForgetFree001,TSAL20260627_0830_forgetAndForgetFree001,20260611,20260627,31,0.24475277037405768
dropout_clean_fixed31,relative_velocity,2,20260817,8,R2->R1,TSAL20260611_0830_forgetAndForgetFree001,TSAL20260627_0830_forgetAndForgetFree001,20260611,20260627,31,0.08654741356472369
dropout_clean_fixed31,relative_velocity,2,20260817,9,R1->R2,TSAL20260611_0830_forgetAndForgetFree001,TSAL20260628_0830_forgetAndForgetFree001,20260611,20260628,31,0.28963639974211786
dropout_clean_fixed31,relative_velocity,2,20260817,9,R2->R1,TSAL20260611_0830_forgetAndForgetFree001,TSAL20260628_0830_forgetAndForgetFree001,20260611,20260628,31,0.3666134061110043
dropout_clean_fixed31,relative_velocity,3,20260817,1,R1->R2,TSAL20260609_0830_forgetAndForgetFree001,TSAL20260626_0830_forgetAndForgetFree001,20260609,20260626,31,0.31392052796861497
dropout_clean_fixed31,relative_velocity,3,20260817,1,R2->R1,TSAL20260609_0830_forgetAndForgetFree001,TSAL20260626_0830_forgetAndForgetFree001,20260609,20260626,31,0.3551082600678484
dropout_clean_fixed31,relative_velocity,3,20260817,2,R1->R2,TSAL20260609_0830_forgetAndForgetFree001,TSAL20260627_0830_forgetAndForgetFree001,20260609,20260627,31,0.27791566663495376
dropout_clean_fixed31,relative_velocity,3,20260817,2,R2->R1,TSAL20260609_0830_forgetAndForgetFree001,TSAL20260627_0830_forgetAndForgetFree001,20260609,20260627,31,0.21029898529181934
dropout_clean_fixed31,relative_velocity,3,20260817,3,R1->R2,TSAL20260609_0830_forgetAndForgetFree001,TSAL20260628_0830_forgetAndForgetFree001,20260609,20260628,31,0.3529796365746592
dropout_clean_fixed31,relative_velocity,3,20260817,3,R2->R1,TSAL20260609_0830_forgetAndForgetFree001,TSAL20260628_0830_forgetAndForgetFree001,20260609,20260628,31,0.43812119415888634
dropout_clean_fixed31,relative_velocity,3,20260817,4,R1->R2,TSAL20260610_0830_forgetAndForgetFree001,TSAL20260626_0830_forgetAndForgetFree001,20260610,20260626,31,0.33433320906876335
dropout_clean_fixed31,relative_velocity,3,20260817,4,R2->R1,TSAL20260610_0830_forgetAndForgetFree001,TSAL20260626_0830_forgetAndForgetFree001,20260610,20260626,31,0.34930170089134593
dropout_clean_fixed31,relative_velocity,3,20260817,5,R1->R2,TSAL20260610_0830_forgetAndForgetFree001,TSAL20260627_0830_forgetAndForgetFree001,20260610,20260627,31,0.31757461425909805
dropout_clean_fixed31,relative_velocity,3,20260817,5,R2->R1,TSAL20260610_0830_forgetAndForgetFree001,TSAL20260627_0830_forgetAndForgetFree001,20260610,20260627,31,0.31920725727684646
dropout_clean_fixed31,relative_velocity,3,20260817,6,R1->R2,TSAL20260610_0830_forgetAndForgetFree001,TSAL20260628_0830_forgetAndForgetFree001,20260610,20260628,31,0.3878188548003678
dropout_clean_fixed31,relative_velocity,3,20260817,6,R2->R1,TSAL20260610_0830_forgetAndForgetFree001,TSAL20260628_0830_forgetAndForgetFree001,20260610,20260628,31,0.34212777234342745
dropout_clean_fixed31,relative_velocity,3,20260817,7,R1->R2,TSAL20260611_0830_forgetAndForgetFree001,TSAL20260626_0830_forgetAndForgetFree001,20260611,20260626,31,0.3665277686862914
dropout_clean_fixed31,relative_velocity,3,20260817,7,R2->R1,TSAL20260611_0830_forgetAndForgetFree001,TSAL20260626_0830_forgetAndForgetFree001,20260611,20260626,31,0.2652640223134557
dropout_clean_fixed31,relative_velocity,3,20260817,8,R1->R2,TSAL20260611_0830_forgetAndForgetFree001,TSAL20260627_0830_forgetAndForgetFree001,20260611,20260627,31,0.14479932490571173
dropout_clean_fixed31,relative_velocity,3,20260817,8,R2->R1,TSAL20260611_0830_forgetAndForgetFree001,TSAL20260627_0830_forgetAndForgetFree001,20260611,20260627,31,0.2293804198013768
dropout_clean_fixed31,relative_velocity,3,20260817,9,R1->R2,TSAL20260611_0830_forgetAndForgetFree001,TSAL20260628_0830_forgetAndForgetFree001,20260611,20260628,31,0.2594685934892079
dropout_clean_fixed31,relative_velocity,3,20260817,9,R2->R1,TSAL20260611_0830_forgetAndForgetFree001,TSAL20260628_0830_forgetAndForgetFree001,20260611,20260628,31,0.4281498632564537
dropout_clean_fixed31,relative_velocity,4,20260817,1,R1->R2,TSAL20260609_0830_forgetAndForgetFree001,TSAL20260626_0830_forgetAndForgetFree001,20260609,20260626,31,0.33195663271840586
dropout_clean_fixed31,relative_velocity,4,20260817,1,R2->R1,TSAL20260609_0830_forgetAndForgetFree001,TSAL20260626_0830_forgetAndForgetFree001,20260609,20260626,31,0.30489987913423433
dropout_clean_fixed31,relative_velocity,4,20260817,2,R1->R2,TSAL20260609_0830_forgetAndForgetFree001,TSAL20260627_0830_forgetAndForgetFree001,20260609,20260627,31,0.35570179088995535
dropout_clean_fixed31,relative_velocity,4,20260817,2,R2->R1,TSAL20260609_0830_forgetAndForgetFree001,TSAL20260627_0830_forgetAndForgetFree001,20260609,20260627,31,0.25465587345043306
dropout_clean_fixed31,relative_velocity,4,20260817,3,R1->R2,TSAL20260609_0830_forgetAndForgetFree001,TSAL20260628_0830_forgetAndForgetFree001,20260609,20260628,31,0.35934380617073214
dropout_clean_fixed31,relative_velocity,4,20260817,3,R2->R1,TSAL20260609_0830_forgetAndForgetFree001,TSAL20260628_0830_forgetAndForgetFree001,20260609,20260628,31,0.39687645328157445
dropout_clean_fixed31,relative_velocity,4,20260817,4,R1->R2,TSAL20260610_0830_forgetAndForgetFree001,TSAL20260626_0830_forgetAndForgetFree001,20260610,20260626,31,0.3460718098088754
dropout_clean_fixed31,relative_velocity,4,20260817,4,R2->R1,TSAL20260610_0830_forgetAndForgetFree001,TSAL20260626_0830_forgetAndForgetFree001,20260610,20260626,31,0.41543672137727505
dropout_clean_fixed31,relative_velocity,4,20260817,5,R1->R2,TSAL20260610_0830_forgetAndForgetFree001,TSAL20260627_0830_forgetAndForgetFree001,20260610,20260627,31,0.3690060940001376
dropout_clean_fixed31,relative_velocity,4,20260817,5,R2->R1,TSAL20260610_0830_forgetAndForgetFree001,TSAL20260627_0830_forgetAndForgetFree001,20260610,20260627,31,0.3569658894779193
dropout_clean_fixed31,relative_velocity,4,20260817,6,R1->R2,TSAL20260610_0830_forgetAndForgetFree001,TSAL20260628_0830_forgetAndForgetFree001,20260610,20260628,31,0.32530730763519256
dropout_clean_fixed31,relative_velocity,4,20260817,6,R2->R1,TSAL20260610_0830_forgetAndForgetFree001,TSAL20260628_0830_forgetAndForgetFree001,20260610,20260628,31,0.3802241871384887
dropout_clean_fixed31,relative_velocity,4,20260817,7,R1->R2,TSAL20260611_0830_forgetAndForgetFree001,TSAL20260626_0830_forgetAndForgetFree001,20260611,20260626,31,0.2634096251481135
dropout_clean_fixed31,relative_velocity,4,20260817,7,R2->R1,TSAL20260611_0830_forgetAndForgetFree001,TSAL20260626_0830_forgetAndForgetFree001,20260611,20260626,31,0.28917013730085234
dropout_clean_fixed31,relative_velocity,4,20260817,8,R1->R2,TSAL20260611_0830_forgetAndForgetFree001,TSAL20260627_0830_forgetAndForgetFree001,20260611,20260627,31,0.20432180199267977
dropout_clean_fixed31,relative_velocity,4,20260817,8,R2->R1,TSAL20260611_0830_forgetAndForgetFree001,TSAL20260627_0830_forgetAndForgetFree001,20260611,20260627,31,0.1971620381201463
dropout_clean_fixed31,relative_velocity,4,20260817,9,R1->R2,TSAL20260611_0830_forgetAndForgetFree001,TSAL20260628_0830_forgetAndForgetFree001,20260611,20260628,31,0.2698497975047121
dropout_clean_fixed31,relative_velocity,4,20260817,9,R2->R1,TSAL20260611_0830_forgetAndForgetFree001,TSAL20260628_0830_forgetAndForgetFree001,20260611,20260628,31,0.38256849350253774
dropout_clean_fixed31,relative_velocity,5,20260817,1,R1->R2,TSAL20260609_0830_forgetAndForgetFree001,TSAL20260626_0830_forgetAndForgetFree001,20260609,20260626,31,0.28850069363407627
dropout_clean_fixed31,relative_velocity,5,20260817,1,R2->R1,TSAL20260609_0830_forgetAndForgetFree001,TSAL20260626_0830_forgetAndForgetFree001,20260609,20260626,31,0.36248470486523376
dropout_clean_fixed31,relative_velocity,5,20260817,2,R1->R2,TSAL20260609_0830_forgetAndForgetFree001,TSAL20260627_0830_forgetAndForgetFree001,20260609,20260627,31,0.31132194146938186
dropout_clean_fixed31,relative_velocity,5,20260817,2,R2->R1,TSAL20260609_0830_forgetAndForgetFree001,TSAL20260627_0830_forgetAndForgetFree001,20260609,20260627,31,0.27741512205507657
dropout_clean_fixed31,relative_velocity,5,20260817,3,R1->R2,TSAL20260609_0830_forgetAndForgetFree001,TSAL20260628_0830_forgetAndForgetFree001,20260609,20260628,31,0.3583574676277113
dropout_clean_fixed31,relative_velocity,5,20260817,3,R2->R1,TSAL20260609_0830_forgetAndForgetFree001,TSAL20260628_0830_forgetAndForgetFree001,20260609,20260628,31,0.3929515787112451
dropout_clean_fixed31,relative_velocity,5,20260817,4,R1->R2,TSAL20260610_0830_forgetAndForgetFree001,TSAL20260626_0830_forgetAndForgetFree001,20260610,20260626,31,0.3630268952786659
dropout_clean_fixed31,relative_velocity,5,20260817,4,R2->R1,TSAL20260610_0830_forgetAndForgetFree001,TSAL20260626_0830_forgetAndForgetFree001,20260610,20260626,31,0.2935933722694174
dropout_clean_fixed31,relative_velocity,5,20260817,5,R1->R2,TSAL20260610_0830_forgetAndForgetFree001,TSAL20260627_0830_forgetAndForgetFree001,20260610,20260627,31,0.2698381575874727
dropout_clean_fixed31,relative_velocity,5,20260817,5,R2->R1,TSAL20260610_0830_forgetAndForgetFree001,TSAL20260627_0830_forgetAndForgetFree001,20260610,20260627,31,0.21326685850109928
dropout_clean_fixed31,relative_velocity,5,20260817,6,R1->R2,TSAL20260610_0830_forgetAndForgetFree001,TSAL20260628_0830_forgetAndForgetFree001,20260610,20260628,31,0.2805111038013109
dropout_clean_fixed31,relative_velocity,5,20260817,6,R2->R1,TSAL20260610_0830_forgetAndForgetFree001,TSAL20260628_0830_forgetAndForgetFree001,20260610,20260628,31,0.3078689775868732
dropout_clean_fixed31,relative_velocity,5,20260817,7,R1->R2,TSAL20260611_0830_forgetAndForgetFree001,TSAL20260626_0830_forgetAndForgetFree001,20260611,20260626,31,0.28405745966992674
dropout_clean_fixed31,relative_velocity,5,20260817,7,R2->R1,TSAL20260611_0830_forgetAndForgetFree001,TSAL20260626_0830_forgetAndForgetFree001,20260611,20260626,31,0.3057252849933911
dropout_clean_fixed31,relative_velocity,5,20260817,8,R1->R2,TSAL20260611_0830_forgetAndForgetFree001,TSAL20260627_0830_forgetAndForgetFree001,20260611,20260627,31,0.27329999496568746
dropout_clean_fixed31,relative_velocity,5,20260817,8,R2->R1,TSAL20260611_0830_forgetAndForgetFree001,TSAL20260627_0830_forgetAndForgetFree001,20260611,20260627,31,0.2218455111820918
dropout_clean_fixed31,relative_velocity,5,20260817,9,R1->R2,TSAL20260611_0830_forgetAndForgetFree001,TSAL20260628_0830_forgetAndForgetFree001,20260611,20260628,31,0.2340474857015392
dropout_clean_fixed31,relative_velocity,5,20260817,9,R2->R1,TSAL20260611_0830_forgetAndForgetFree001,TSAL20260628_0830_forgetAndForgetFree001,20260611,20260628,31,0.3035767646038962
dropout_clean_fixed31,relative_velocity,6,20260817,1,R1->R2,TSAL20260609_0830_forgetAndForgetFree001,TSAL20260626_0830_forgetAndForgetFree001,20260609,20260626,31,0.38838086780811415
dropout_clean_fixed31,relative_velocity,6,20260817,1,R2->R1,TSAL20260609_0830_forgetAndForgetFree001,TSAL20260626_0830_forgetAndForgetFree001,20260609,20260626,31,0.41175740874138955
dropout_clean_fixed31,relative_velocity,6,20260817,2,R1->R2,TSAL20260609_0830_forgetAndForgetFree001,TSAL20260627_0830_forgetAndForgetFree001,20260609,20260627,31,0.2231649531005401
dropout_clean_fixed31,relative_velocity,6,20260817,2,R2->R1,TSAL20260609_0830_forgetAndForgetFree001,TSAL20260627_0830_forgetAndForgetFree001,20260609,20260627,31,0.264174307220757
dropout_clean_fixed31,relative_velocity,6,20260817,3,R1->R2,TSAL20260609_0830_forgetAndForgetFree001,TSAL20260628_0830_forgetAndForgetFree001,20260609,20260628,31,0.2718350350569987
dropout_clean_fixed31,relative_velocity,6,20260817,3,R2->R1,TSAL20260609_0830_forgetAndForgetFree001,TSAL20260628_0830_forgetAndForgetFree001,20260609,20260628,31,0.335186735777495
dropout_clean_fixed31,relative_velocity,6,20260817,4,R1->R2,TSAL20260610_0830_forgetAndForgetFree001,TSAL20260626_0830_forgetAndForgetFree001,20260610,20260626,31,0.37558860157779905
dropout_clean_fixed31,relative_velocity,6,20260817,4,R2->R1,TSAL20260610_0830_forgetAndForgetFree001,TSAL20260626_0830_forgetAndForgetFree001,20260610,20260626,31,0.24353546688839794
dropout_clean_fixed31,relative_velocity,6,20260817,5,R1->R2,TSAL20260610_0830_forgetAndForgetFree001,TSAL20260627_0830_forgetAndForgetFree001,20260610,20260627,31,0.3101932040990901
dropout_clean_fixed31,relative_velocity,6,20260817,5,R2->R1,TSAL20260610_0830_forgetAndForgetFree001,TSAL20260627_0830_forgetAndForgetFree001,20260610,20260627,31,0.44320034561873417
dropout_clean_fixed31,relative_velocity,6,20260817,6,R1->R2,TSAL20260610_0830_forgetAndForgetFree001,TSAL20260628_0830_forgetAndForgetFree001,20260610,20260628,31,0.39132011198197303
dropout_clean_fixed31,relative_velocity,6,20260817,6,R2->R1,TSAL20260610_0830_forgetAndForgetFree001,TSAL20260628_0830_forgetAndForgetFree001,20260610,20260628,31,0.3471543892318975
dropout_clean_fixed31,relative_velocity,6,20260817,7,R1->R2,TSAL20260611_0830_forgetAndForgetFree001,TSAL20260626_0830_forgetAndForgetFree001,20260611,20260626,31,0.29614346632287303
dropout_clean_fixed31,relative_velocity,6,20260817,7,R2->R1,TSAL20260611_0830_forgetAndForgetFree001,TSAL20260626_0830_forgetAndForgetFree001,20260611,20260626,31,0.3047391483584338
dropout_clean_fixed31,relative_velocity,6,20260817,8,R1->R2,TSAL20260611_0830_forgetAndForgetFree001,TSAL20260627_0830_forgetAndForgetFree001,20260611,20260627,31,0.13361099585921782
dropout_clean_fixed31,relative_velocity,6,20260817,8,R2->R1,TSAL20260611_0830_forgetAndForgetFree001,TSAL20260627_0830_forgetAndForgetFree001,20260611,20260627,31,0.14828529739140342
dropout_clean_fixed31,relative_velocity,6,20260817,9,R1->R2,TSAL20260611_0830_forgetAndForgetFree001,TSAL20260628_0830_forgetAndForgetFree001,20260611,20260628,31,0.32609221926628956
dropout_clean_fixed31,relative_velocity,6,20260817,9,R2->R1,TSAL20260611_0830_forgetAndForgetFree001,TSAL20260628_0830_forgetAndForgetFree001,20260611,20260628,31,0.36164082674954445
dropout_clean_fixed31,relative_velocity,7,20260817,1,R1->R2,TSAL20260609_0830_forgetAndForgetFree001,TSAL20260626_0830_forgetAndForgetFree001,20260609,20260626,31,0.3160805389441014
dropout_clean_fixed31,relative_velocity,7,20260817,1,R2->R1,TSAL20260609_0830_forgetAndForgetFree001,TSAL20260626_0830_forgetAndForgetFree001,20260609,20260626,31,0.29181499167760666
dropout_clean_fixed31,relative_velocity,7,20260817,2,R1->R2,TSAL20260609_0830_forgetAndForgetFree001,TSAL20260627_0830_forgetAndForgetFree001,20260609,20260627,31,0.29426433391171936
dropout_clean_fixed31,relative_velocity,7,20260817,2,R2->R1,TSAL20260609_0830_forgetAndForgetFree001,TSAL20260627_0830_forgetAndForgetFree001,20260609,20260627,31,0.15398539213498744
dropout_clean_fixed31,relative_velocity,7,20260817,3,R1->R2,TSAL20260609_0830_forgetAndForgetFree001,TSAL20260628_0830_forgetAndForgetFree001,20260609,20260628,31,0.3585432341290532
dropout_clean_fixed31,relative_velocity,7,20260817,3,R2->R1,TSAL20260609_0830_forgetAndForgetFree001,TSAL20260628_0830_forgetAndForgetFree001,20260609,20260628,31,0.4144177078789627
dropout_clean_fixed31,relative_velocity,7,20260817,4,R1->R2,TSAL20260610_0830_forgetAndForgetFree001,TSAL20260626_0830_forgetAndForgetFree001,20260610,20260626,31,0.4106630991914965
dropout_clean_fixed31,relative_velocity,7,20260817,4,R2->R1,TSAL20260610_0830_forgetAndForgetFree001,TSAL20260626_0830_forgetAndForgetFree001,20260610,20260626,31,0.32224389251085794
dropout_clean_fixed31,relative_velocity,7,20260817,5,R1->R2,TSAL20260610_0830_forgetAndForgetFree001,TSAL20260627_0830_forgetAndForgetFree001,20260610,20260627,31,0.29967655042250607
dropout_clean_fixed31,relative_velocity,7,20260817,5,R2->R1,TSAL20260610_0830_forgetAndForgetFree001,TSAL20260627_0830_forgetAndForgetFree001,20260610,20260627,31,0.2411563527497461
dropout_clean_fixed31,relative_velocity,7,20260817,6,R1->R2,TSAL20260610_0830_forgetAndForgetFree001,TSAL20260628_0830_forgetAndForgetFree001,20260610,20260628,31,0.2545129658397237
dropout_clean_fixed31,relative_velocity,7,20260817,6,R2->R1,TSAL20260610_0830_forgetAndForgetFree001,TSAL20260628_0830_forgetAndForgetFree001,20260610,20260628,31,0.41661106333818865
dropout_clean_fixed31,relative_velocity,7,20260817,7,R1->R2,TSAL20260611_0830_forgetAndForgetFree001,TSAL20260626_0830_forgetAndForgetFree001,20260611,20260626,31,0.35134634462221126
dropout_clean_fixed31,relative_velocity,7,20260817,7,R2->R1,TSAL20260611_0830_forgetAndForgetFree001,TSAL20260626_0830_forgetAndForgetFree001,20260611,20260626,31,0.20500986570800145
dropout_clean_fixed31,relative_velocity,7,20260817,8,R1->R2,TSAL20260611_0830_forgetAndForgetFree001,TSAL20260627_0830_forgetAndForgetFree001,20260611,20260627,31,0.25412322684917393
dropout_clean_fixed31,relative_velocity,7,20260817,8,R2->R1,TSAL20260611_0830_forgetAndForgetFree001,TSAL20260627_0830_forgetAndForgetFree001,20260611,20260627,31,0.1630751705736823
dropout_clean_fixed31,relative_velocity,7,20260817,9,R1->R2,TSAL20260611_0830_forgetAndForgetFree001,TSAL20260628_0830_forgetAndForgetFree001,20260611,20260628,31,0.2963815327941279
dropout_clean_fixed31,relative_velocity,7,20260817,9,R2->R1,TSAL20260611_0830_forgetAndForgetFree001,TSAL20260628_0830_forgetAndForgetFree001,20260611,20260628,31,0.36601623344266954
dropout_clean_fixed31,relative_velocity,8,20260817,1,R1->R2,TSAL20260609_0830_forgetAndForgetFree001,TSAL20260626_0830_forgetAndForgetFree001,20260609,20260626,31,0.41425005186098907
dropout_clean_fixed31,relative_velocity,8,20260817,1,R2->R1,TSAL20260609_0830_forgetAndForgetFree001,TSAL20260626_0830_forgetAndForgetFree001,20260609,20260626,31,0.30633098202670717
dropout_clean_fixed31,relative_velocity,8,20260817,2,R1->R2,TSAL20260609_0830_forgetAndForgetFree001,TSAL20260627_0830_forgetAndForgetFree001,20260609,20260627,31,0.2155032625718914
dropout_clean_fixed31,relative_velocity,8,20260817,2,R2->R1,TSAL20260609_0830_forgetAndForgetFree001,TSAL20260627_0830_forgetAndForgetFree001,20260609,20260627,31,0.3247256059655639
dropout_clean_fixed31,relative_velocity,8,20260817,3,R1->R2,TSAL20260609_0830_forgetAndForgetFree001,TSAL20260628_0830_forgetAndForgetFree001,20260609,20260628,31,0.3372967009490736
dropout_clean_fixed31,relative_velocity,8,20260817,3,R2->R1,TSAL20260609_0830_forgetAndForgetFree001,TSAL20260628_0830_forgetAndForgetFree001,20260609,20260628,31,0.3549983931551546
dropout_clean_fixed31,relative_velocity,8,20260817,4,R1->R2,TSAL20260610_0830_forgetAndForgetFree001,TSAL20260626_0830_forgetAndForgetFree001,20260610,20260626,31,0.28280218636298715
dropout_clean_fixed31,relative_velocity,8,20260817,4,R2->R1,TSAL20260610_0830_forgetAndForgetFree001,TSAL20260626_0830_forgetAndForgetFree001,20260610,20260626,31,0.36843903726302385
dropout_clean_fixed31,relative_velocity,8,20260817,5,R1->R2,TSAL20260610_0830_forgetAndForgetFree001,TSAL20260627_0830_forgetAndForgetFree001,20260610,20260627,31,0.2531469222103315
dropout_clean_fixed31,relative_velocity,8,20260817,5,R2->R1,TSAL20260610_0830_forgetAndForgetFree001,TSAL20260627_0830_forgetAndForgetFree001,20260610,20260627,31,0.36292240684236127
dropout_clean_fixed31,relative_velocity,8,20260817,6,R1->R2,TSAL20260610_0830_forgetAndForgetFree001,TSAL20260628_0830_forgetAndForgetFree001,20260610,20260628,31,0.2558813600883145
dropout_clean_fixed31,relative_velocity,8,20260817,6,R2->R1,TSAL20260610_0830_forgetAndForgetFree001,TSAL20260628_0830_forgetAndForgetFree001,20260610,20260628,31,0.23650350425290217
dropout_clean_fixed31,relative_velocity,8,20260817,7,R1->R2,TSAL20260611_0830_forgetAndForgetFree001,TSAL20260626_0830_forgetAndForgetFree001,20260611,20260626,31,0.1751125086809991
dropout_clean_fixed31,relative_velocity,8,20260817,7,R2->R1,TSAL20260611_0830_forgetAndForgetFree001,TSAL20260626_0830_forgetAndForgetFree001,20260611,20260626,31,0.2392871954414619
dropout_clean_fixed31,relative_velocity,8,20260817,8,R1->R2,TSAL20260611_0830_forgetAndForgetFree001,TSAL20260627_0830_forgetAndForgetFree001,20260611,20260627,31,0.22004677521999585
dropout_clean_fixed31,relative_velocity,8,20260817,8,R2->R1,TSAL20260611_0830_forgetAndForgetFree001,TSAL20260627_0830_forgetAndForgetFree001,20260611,20260627,31,0.1657639156823714
dropout_clean_fixed31,relative_velocity,8,20260817,9,R1->R2,TSAL20260611_0830_forgetAndForgetFree001,TSAL20260628_0830_forgetAndForgetFree001,20260611,20260628,31,0.2585594124542642
dropout_clean_fixed31,relative_velocity,8,20260817,9,R2->R1,TSAL20260611_0830_forgetAndForgetFree001,TSAL20260628_0830_forgetAndForgetFree001,20260611,20260628,31,0.4589755575586655
dropout_clean_fixed31,relative_velocity,9,20260817,1,R1->R2,TSAL20260609_0830_forgetAndForgetFree001,TSAL20260626_0830_forgetAndForgetFree001,20260609,20260626,31,0.3522831678947913
dropout_clean_fixed31,relative_velocity,9,20260817,1,R2->R1,TSAL20260609_0830_forgetAndForgetFree001,TSAL20260626_0830_forgetAndForgetFree001,20260609,20260626,31,0.3006941173009646
dropout_clean_fixed31,relative_velocity,9,20260817,2,R1->R2,TSAL20260609_0830_forgetAndForgetFree001,TSAL20260627_0830_forgetAndForgetFree001,20260609,20260627,31,0.25904991531871385
dropout_clean_fixed31,relative_velocity,9,20260817,2,R2->R1,TSAL20260609_0830_forgetAndForgetFree001,TSAL20260627_0830_forgetAndForgetFree001,20260609,20260627,31,0.23683155935568465
dropout_clean_fixed31,relative_velocity,9,20260817,3,R1->R2,TSAL20260609_0830_forgetAndForgetFree001,TSAL20260628_0830_forgetAndForgetFree001,20260609,20260628,31,0.3008752877055758
dropout_clean_fixed31,relative_velocity,9,20260817,3,R2->R1,TSAL20260609_0830_forgetAndForgetFree001,TSAL20260628_0830_forgetAndForgetFree001,20260609,20260628,31,0.41252414176561236
dropout_clean_fixed31,relative_velocity,9,20260817,4,R1->R2,TSAL20260610_0830_forgetAndForgetFree001,TSAL20260626_0830_forgetAndForgetFree001,20260610,20260626,31,0.4626900525910135
dropout_clean_fixed31,relative_velocity,9,20260817,4,R2->R1,TSAL20260610_0830_forgetAndForgetFree001,TSAL20260626_0830_forgetAndForgetFree001,20260610,20260626,31,0.263243254849827
dropout_clean_fixed31,relative_velocity,9,20260817,5,R1->R2,TSAL20260610_0830_forgetAndForgetFree001,TSAL20260627_0830_forgetAndForgetFree001,20260610,20260627,31,0.31589360770150454
dropout_clean_fixed31,relative_velocity,9,20260817,5,R2->R1,TSAL20260610_0830_forgetAndForgetFree001,TSAL20260627_0830_forgetAndForgetFree001,20260610,20260627,31,0.34082899687030493
dropout_clean_fixed31,relative_velocity,9,20260817,6,R1->R2,TSAL20260610_0830_forgetAndForgetFree001,TSAL20260628_0830_forgetAndForgetFree001,20260610,20260628,31,0.29292203835279285
dropout_clean_fixed31,relative_velocity,9,20260817,6,R2->R1,TSAL20260610_0830_forgetAndForgetFree001,TSAL20260628_0830_forgetAndForgetFree001,20260610,20260628,31,0.3833162705968238
dropout_clean_fixed31,relative_velocity,9,20260817,7,R1->R2,TSAL20260611_0830_forgetAndForgetFree001,TSAL20260626_0830_forgetAndForgetFree001,20260611,20260626,31,0.2783738605687732
dropout_clean_fixed31,relative_velocity,9,20260817,7,R2->R1,TSAL20260611_0830_forgetAndForgetFree001,TSAL20260626_0830_forgetAndForgetFree001,20260611,20260626,31,0.18210804728317323
dropout_clean_fixed31,relative_velocity,9,20260817,8,R1->R2,TSAL20260611_0830_forgetAndForgetFree001,TSAL20260627_0830_forgetAndForgetFree001,20260611,20260627,31,0.19555150070492644
dropout_clean_fixed31,relative_velocity,9,20260817,8,R2->R1,TSAL20260611_0830_forgetAndForgetFree001,TSAL20260627_0830_forgetAndForgetFree001,20260611,20260627,31,0.07468959294639384
dropout_clean_fixed31,relative_velocity,9,20260817,9,R1->R2,TSAL20260611_0830_forgetAndForgetFree001,TSAL20260628_0830_forgetAndForgetFree001,20260611,20260628,31,0.3200827422510147
dropout_clean_fixed31,relative_velocity,9,20260817,9,R2->R1,TSAL20260611_0830_forgetAndForgetFree001,TSAL20260628_0830_forgetAndForgetFree001,20260611,20260628,31,0.21314579869410197
dropout_clean_fixed31,relative_velocity,10,20260817,1,R1->R2,TSAL20260609_0830_forgetAndForgetFree001,TSAL20260626_0830_forgetAndForgetFree001,20260609,20260626,31,0.3372315855808578
dropout_clean_fixed31,relative_velocity,10,20260817,1,R2->R1,TSAL20260609_0830_forgetAndForgetFree001,TSAL20260626_0830_forgetAndForgetFree001,20260609,20260626,31,0.2873364910178966
dropout_clean_fixed31,relative_velocity,10,20260817,2,R1->R2,TSAL20260609_0830_forgetAndForgetFree001,TSAL20260627_0830_forgetAndForgetFree001,20260609,20260627,31,0.26732739528966215
dropout_clean_fixed31,relative_velocity,10,20260817,2,R2->R1,TSAL20260609_0830_forgetAndForgetFree001,TSAL20260627_0830_forgetAndForgetFree001,20260609,20260627,31,0.23137432110747214
dropout_clean_fixed31,relative_velocity,10,20260817,3,R1->R2,TSAL20260609_0830_forgetAndForgetFree001,TSAL20260628_0830_forgetAndForgetFree001,20260609,20260628,31,0.3308068208180742
dropout_clean_fixed31,relative_velocity,10,20260817,3,R2->R1,TSAL20260609_0830_forgetAndForgetFree001,TSAL20260628_0830_forgetAndForgetFree001,20260609,20260628,31,0.43009533547963763
dropout_clean_fixed31,relative_velocity,10,20260817,4,R1->R2,TSAL20260610_0830_forgetAndForgetFree001,TSAL20260626_0830_forgetAndForgetFree001,20260610,20260626,31,0.39876270902889943
dropout_clean_fixed31,relative_velocity,10,20260817,4,R2->R1,TSAL20260610_0830_forgetAndForgetFree001,TSAL20260626_0830_forgetAndForgetFree001,20260610,20260626,31,0.3679017631943008
dropout_clean_fixed31,relative_velocity,10,20260817,5,R1->R2,TSAL20260610_0830_forgetAndForgetFree001,TSAL20260627_0830_forgetAndForgetFree001,20260610,20260627,31,0.2833481532858263
dropout_clean_fixed31,relative_velocity,10,20260817,5,R2->R1,TSAL20260610_0830_forgetAndForgetFree001,TSAL20260627_0830_forgetAndForgetFree001,20260610,20260627,31,0.03441895955793595
dropout_clean_fixed31,relative_velocity,10,20260817,6,R1->R2,TSAL20260610_0830_forgetAndForgetFree001,TSAL20260628_0830_forgetAndForgetFree001,20260610,20260628,31,0.3019430528482348
dropout_clean_fixed31,relative_velocity,10,20260817,6,R2->R1,TSAL20260610_0830_forgetAndForgetFree001,TSAL20260628_0830_forgetAndForgetFree001,20260610,20260628,31,0.3639582175606262
dropout_clean_fixed31,relative_velocity,10,20260817,7,R1->R2,TSAL20260611_0830_forgetAndForgetFree001,TSAL20260626_0830_forgetAndForgetFree001,20260611,20260626,31,0.2881176524688263
dropout_clean_fixed31,relative_velocity,10,20260817,7,R2->R1,TSAL20260611_0830_forgetAndForgetFree001,TSAL20260626_0830_forgetAndForgetFree001,20260611,20260626,31,0.2701332171345651
dropout_clean_fixed31,relative_velocity,10,20260817,8,R1->R2,TSAL20260611_0830_forgetAndForgetFree001,TSAL20260627_0830_forgetAndForgetFree001,20260611,20260627,31,0.2960685414537463
dropout_clean_fixed31,relative_velocity,10,20260817,8,R2->R1,TSAL20260611_0830_forgetAndForgetFree001,TSAL20260627_0830_forgetAndForgetFree001,20260611,20260627,31,0.29473842439195874
dropout_clean_fixed31,relative_velocity,10,20260817,9,R1->R2,TSAL20260611_0830_forgetAndForgetFree001,TSAL20260628_0830_forgetAndForgetFree001,20260611,20260628,31,0.21361465842762237
dropout_clean_fixed31,relative_velocity,10,20260817,9,R2->R1,TSAL20260611_0830_forgetAndForgetFree001,TSAL20260628_0830_forgetAndForgetFree001,20260611,20260628,31,0.31007203789349463
dropout_clean_fixed31,relative_velocity,11,20260817,1,R1->R2,TSAL20260609_0830_forgetAndForgetFree001,TSAL20260626_0830_forgetAndForgetFree001,20260609,20260626,31,0.28072569663503266
dropout_clean_fixed31,relative_velocity,11,20260817,1,R2->R1,TSAL20260609_0830_forgetAndForgetFree001,TSAL20260626_0830_forgetAndForgetFree001,20260609,20260626,31,0.3874497560786428
dropout_clean_fixed31,relative_velocity,11,20260817,2,R1->R2,TSAL20260609_0830_forgetAndForgetFree001,TSAL20260627_0830_forgetAndForgetFree001,20260609,20260627,31,0.26473888799018147
dropout_clean_fixed31,relative_velocity,11,20260817,2,R2->R1,TSAL20260609_0830_forgetAndForgetFree001,TSAL20260627_0830_forgetAndForgetFree001,20260609,20260627,31,0.14553834954990066
dropout_clean_fixed31,relative_velocity,11,20260817,3,R1->R2,TSAL20260609_0830_forgetAndForgetFree001,TSAL20260628_0830_forgetAndForgetFree001,20260609,20260628,31,0.21704588557751603
dropout_clean_fixed31,relative_velocity,11,20260817,3,R2->R1,TSAL20260609_0830_forgetAndForgetFree001,TSAL20260628_0830_forgetAndForgetFree001,20260609,20260628,31,0.3980702121979466
dropout_clean_fixed31,relative_velocity,11,20260817,4,R1->R2,TSAL20260610_0830_forgetAndForgetFree001,TSAL20260626_0830_forgetAndForgetFree001,20260610,20260626,31,0.40477817430726354
dropout_clean_fixed31,relative_velocity,11,20260817,4,R2->R1,TSAL20260610_0830_forgetAndForgetFree001,TSAL20260626_0830_forgetAndForgetFree001,20260610,20260626,31,0.39600955413643396
dropout_clean_fixed31,relative_velocity,11,20260817,5,R1->R2,TSAL20260610_0830_forgetAndForgetFree001,TSAL20260627_0830_forgetAndForgetFree001,20260610,20260627,31,0.27577308495094044
dropout_clean_fixed31,relative_velocity,11,20260817,5,R2->R1,TSAL20260610_0830_forgetAndForgetFree001,TSAL20260627_0830_forgetAndForgetFree001,20260610,20260627,31,0.2287274502263367
dropout_clean_fixed31,relative_velocity,11,20260817,6,R1->R2,TSAL20260610_0830_forgetAndForgetFree001,TSAL20260628_0830_forgetAndForgetFree001,20260610,20260628,31,0.2919986613376285
dropout_clean_fixed31,relative_velocity,11,20260817,6,R2->R1,TSAL20260610_0830_forgetAndForgetFree001,TSAL20260628_0830_forgetAndForgetFree001,20260610,20260628,31,0.4456417615888758
dropout_clean_fixed31,relative_velocity,11,20260817,7,R1->R2,TSAL20260611_0830_forgetAndForgetFree001,TSAL20260626_0830_forgetAndForgetFree001,20260611,20260626,31,0.22188743102107064
dropout_clean_fixed31,relative_velocity,11,20260817,7,R2->R1,TSAL20260611_0830_forgetAndForgetFree001,TSAL20260626_0830_forgetAndForgetFree001,20260611,20260626,31,0.2453051756602411
dropout_clean_fixed31,relative_velocity,11,20260817,8,R1->R2,TSAL20260611_0830_forgetAndForgetFree001,TSAL20260627_0830_forgetAndForgetFree001,20260611,20260627,31,0.2316081419112089
dropout_clean_fixed31,relative_velocity,11,20260817,8,R2->R1,TSAL20260611_0830_forgetAndForgetFree001,TSAL20260627_0830_forgetAndForgetFree001,20260611,20260627,31,0.2363585657325191
dropout_clean_fixed31,relative_velocity,11,20260817,9,R1->R2,TSAL20260611_0830_forgetAndForgetFree001,TSAL20260628_0830_forgetAndForgetFree001,20260611,20260628,31,0.3362701131847671
dropout_clean_fixed31,relative_velocity,11,20260817,9,R2->R1,TSAL20260611_0830_forgetAndForgetFree001,TSAL20260628_0830_forgetAndForgetFree001,20260611,20260628,31,0.3130814206159862
dropout_clean_fixed31,relative_velocity,12,20260817,1,R1->R2,TSAL20260609_0830_forgetAndForgetFree001,TSAL20260626_0830_forgetAndForgetFree001,20260609,20260626,31,0.39253023801565157
dropout_clean_fixed31,relative_velocity,12,20260817,1,R2->R1,TSAL20260609_0830_forgetAndForgetFree001,TSAL20260626_0830_forgetAndForgetFree001,20260609,20260626,31,0.37425532157238833
dropout_clean_fixed31,relative_velocity,12,20260817,2,R1->R2,TSAL20260609_0830_forgetAndForgetFree001,TSAL20260627_0830_forgetAndForgetFree001,20260609,20260627,31,0.15299064560073283
dropout_clean_fixed31,relative_velocity,12,20260817,2,R2->R1,TSAL20260609_0830_forgetAndForgetFree001,TSAL20260627_0830_forgetAndForgetFree001,20260609,20260627,31,0.2961706811073238
dropout_clean_fixed31,relative_velocity,12,20260817,3,R1->R2,TSAL20260609_0830_forgetAndForgetFree001,TSAL20260628_0830_forgetAndForgetFree001,20260609,20260628,31,0.297595541298467
dropout_clean_fixed31,relative_velocity,12,20260817,3,R2->R1,TSAL20260609_0830_forgetAndForgetFree001,TSAL20260628_0830_forgetAndForgetFree001,20260609,20260628,31,0.32944825448009174
dropout_clean_fixed31,relative_velocity,12,20260817,4,R1->R2,TSAL20260610_0830_forgetAndForgetFree001,TSAL20260626_0830_forgetAndForgetFree001,20260610,20260626,31,0.34557621808773253
dropout_clean_fixed31,relative_velocity,12,20260817,4,R2->R1,TSAL20260610_0830_forgetAndForgetFree001,TSAL20260626_0830_forgetAndForgetFree001,20260610,20260626,31,0.2782205334110986
dropout_clean_fixed31,relative_velocity,12,20260817,5,R1->R2,TSAL20260610_0830_forgetAndForgetFree001,TSAL20260627_0830_forgetAndForgetFree001,20260610,20260627,31,0.30056188229092845
dropout_clean_fixed31,relative_velocity,12,20260817,5,R2->R1,TSAL20260610_0830_forgetAndForgetFree001,TSAL20260627_0830_forgetAndForgetFree001,20260610,20260627,31,0.24918314584988283
dropout_clean_fixed31,relative_velocity,12,20260817,6,R1->R2,TSAL20260610_0830_forgetAndForgetFree001,TSAL20260628_0830_forgetAndForgetFree001,20260610,20260628,31,0.14872487670519402
dropout_clean_fixed31,relative_velocity,12,20260817,6,R2->R1,TSAL20260610_0830_forgetAndForgetFree001,TSAL20260628_0830_forgetAndForgetFree001,20260610,20260628,31,0.4610559290284992
dropout_clean_fixed31,relative_velocity,12,20260817,7,R1->R2,TSAL20260611_0830_forgetAndForgetFree001,TSAL20260626_0830_forgetAndForgetFree001,20260611,20260626,31,0.3285840008128988
dropout_clean_fixed31,relative_velocity,12,20260817,7,R2->R1,TSAL20260611_0830_forgetAndForgetFree001,TSAL20260626_0830_forgetAndForgetFree001,20260611,20260626,31,0.3628904436738771
dropout_clean_fixed31,relative_velocity,12,20260817,8,R1->R2,TSAL20260611_0830_forgetAndForgetFree001,TSAL20260627_0830_forgetAndForgetFree001,20260611,20260627,31,0.1212453897844779
dropout_clean_fixed31,relative_velocity,12,20260817,8,R2->R1,TSAL20260611_0830_forgetAndForgetFree001,TSAL20260627_0830_forgetAndForgetFree001,20260611,20260627,31,0.03591172895402341
dropout_clean_fixed31,relative_velocity,12,20260817,9,R1->R2,TSAL20260611_0830_forgetAndForgetFree001,TSAL20260628_0830_forgetAndForgetFree001,20260611,20260628,31,0.11238699321449477
dropout_clean_fixed31,relative_velocity,12,20260817,9,R2->R1,TSAL20260611_0830_forgetAndForgetFree001,TSAL20260628_0830_forgetAndForgetFree001,20260611,20260628,31,0.29213541288863787
dropout_clean_fixed31,relative_velocity,13,20260817,1,R1->R2,TSAL20260609_0830_forgetAndForgetFree001,TSAL20260626_0830_forgetAndForgetFree001,20260609,20260626,31,0.3398342434617507
dropout_clean_fixed31,relative_velocity,13,20260817,1,R2->R1,TSAL20260609_0830_forgetAndForgetFree001,TSAL20260626_0830_forgetAndForgetFree001,20260609,20260626,31,0.2875927196982821
dropout_clean_fixed31,relative_velocity,13,20260817,2,R1->R2,TSAL20260609_0830_forgetAndForgetFree001,TSAL20260627_0830_forgetAndForgetFree001,20260609,20260627,31,0.3368001610048219
dropout_clean_fixed31,relative_velocity,13,20260817,2,R2->R1,TSAL20260609_0830_forgetAndForgetFree001,TSAL20260627_0830_forgetAndForgetFree001,20260609,20260627,31,0.2742048483283714
dropout_clean_fixed31,relative_velocity,13,20260817,3,R1->R2,TSAL20260609_0830_forgetAndForgetFree001,TSAL20260628_0830_forgetAndForgetFree001,20260609,20260628,31,0.324208686922054
dropout_clean_fixed31,relative_velocity,13,20260817,3,R2->R1,TSAL20260609_0830_forgetAndForgetFree001,TSAL20260628_0830_forgetAndForgetFree001,20260609,20260628,31,0.35800429069786144
dropout_clean_fixed31,relative_velocity,13,20260817,4,R1->R2,TSAL20260610_0830_forgetAndForgetFree001,TSAL20260626_0830_forgetAndForgetFree001,20260610,20260626,31,0.2189758904063783
dropout_clean_fixed31,relative_velocity,13,20260817,4,R2->R1,TSAL20260610_0830_forgetAndForgetFree001,TSAL20260626_0830_forgetAndForgetFree001,20260610,20260626,31,0.3990298727143162
dropout_clean_fixed31,relative_velocity,13,20260817,5,R1->R2,TSAL20260610_0830_forgetAndForgetFree001,TSAL20260627_0830_forgetAndForgetFree001,20260610,20260627,31,0.16968863137068702
dropout_clean_fixed31,relative_velocity,13,20260817,5,R2->R1,TSAL20260610_0830_forgetAndForgetFree001,TSAL20260627_0830_forgetAndForgetFree001,20260610,20260627,31,0.07300139498304085
dropout_clean_fixed31,relative_velocity,13,20260817,6,R1->R2,TSAL20260610_0830_forgetAndForgetFree001,TSAL20260628_0830_forgetAndForgetFree001,20260610,20260628,31,0.3055634701018714
dropout_clean_fixed31,relative_velocity,13,20260817,6,R2->R1,TSAL20260610_0830_forgetAndForgetFree001,TSAL20260628_0830_forgetAndForgetFree001,20260610,20260628,31,0.332901395337015
dropout_clean_fixed31,relative_velocity,13,20260817,7,R1->R2,TSAL20260611_0830_forgetAndForgetFree001,TSAL20260626_0830_forgetAndForgetFree001,20260611,20260626,31,0.23883164280267843
dropout_clean_fixed31,relative_velocity,13,20260817,7,R2->R1,TSAL20260611_0830_forgetAndForgetFree001,TSAL20260626_0830_forgetAndForgetFree001,20260611,20260626,31,0.28338100945239886
dropout_clean_fixed31,relative_velocity,13,20260817,8,R1->R2,TSAL20260611_0830_forgetAndForgetFree001,TSAL20260627_0830_forgetAndForgetFree001,20260611,20260627,31,0.16857392377144853
dropout_clean_fixed31,relative_velocity,13,20260817,8,R2->R1,TSAL20260611_0830_forgetAndForgetFree001,TSAL20260627_0830_forgetAndForgetFree001,20260611,20260627,31,0.16525562171646094
dropout_clean_fixed31,relative_velocity,13,20260817,9,R1->R2,TSAL20260611_0830_forgetAndForgetFree001,TSAL20260628_0830_forgetAndForgetFree001,20260611,20260628,31,0.27691457631705513
dropout_clean_fixed31,relative_velocity,13,20260817,9,R2->R1,TSAL20260611_0830_forgetAndForgetFree001,TSAL20260628_0830_forgetAndForgetFree001,20260611,20260628,31,0.3076500864592299
dropout_clean_fixed31,relative_velocity,14,20260817,1,R1->R2,TSAL20260609_0830_forgetAndForgetFree001,TSAL20260626_0830_forgetAndForgetFree001,20260609,20260626,31,0.3071030251173224
dropout_clean_fixed31,relative_velocity,14,20260817,1,R2->R1,TSAL20260609_0830_forgetAndForgetFree001,TSAL20260626_0830_forgetAndForgetFree001,20260609,20260626,31,0.3019030803800322
dropout_clean_fixed31,relative_velocity,14,20260817,2,R1->R2,TSAL20260609_0830_forgetAndForgetFree001,TSAL20260627_0830_forgetAndForgetFree001,20260609,20260627,31,0.22752722453179275
dropout_clean_fixed31,relative_velocity,14,20260817,2,R2->R1,TSAL20260609_0830_forgetAndForgetFree001,TSAL20260627_0830_forgetAndForgetFree001,20260609,20260627,31,0.1489432935267016
dropout_clean_fixed31,relative_velocity,14,20260817,3,R1->R2,TSAL20260609_0830_forgetAndForgetFree001,TSAL20260628_0830_forgetAndForgetFree001,20260609,20260628,31,0.19268789336720815
dropout_clean_fixed31,relative_velocity,14,20260817,3,R2->R1,TSAL20260609_0830_forgetAndForgetFree001,TSAL20260628_0830_forgetAndForgetFree001,20260609,20260628,31,0.32686711891515086
dropout_clean_fixed31,relative_velocity,14,20260817,4,R1->R2,TSAL20260610_0830_forgetAndForgetFree001,TSAL20260626_0830_forgetAndForgetFree001,20260610,20260626,31,0.4320486393364918
dropout_clean_fixed31,relative_velocity,14,20260817,4,R2->R1,TSAL20260610_0830_forgetAndForgetFree001,TSAL20260626_0830_forgetAndForgetFree001,20260610,20260626,31,0.3849078447333041
dropout_clean_fixed31,relative_velocity,14,20260817,5,R1->R2,TSAL20260610_0830_forgetAndForgetFree001,TSAL20260627_0830_forgetAndForgetFree001,20260610,20260627,31,0.33266938592563255
dropout_clean_fixed31,relative_velocity,14,20260817,5,R2->R1,TSAL20260610_0830_forgetAndForgetFree001,TSAL20260627_0830_forgetAndForgetFree001,20260610,20260627,31,0.24655175953926758
dropout_clean_fixed31,relative_velocity,14,20260817,6,R1->R2,TSAL20260610_0830_forgetAndForgetFree001,TSAL20260628_0830_forgetAndForgetFree001,20260610,20260628,31,0.3275881474388335
dropout_clean_fixed31,relative_velocity,14,20260817,6,R2->R1,TSAL20260610_0830_forgetAndForgetFree001,TSAL20260628_0830_forgetAndForgetFree001,20260610,20260628,31,0.4446879251213622
dropout_clean_fixed31,relative_velocity,14,20260817,7,R1->R2,TSAL20260611_0830_forgetAndForgetFree001,TSAL20260626_0830_forgetAndForgetFree001,20260611,20260626,31,0.34548063223320225
dropout_clean_fixed31,relative_velocity,14,20260817,7,R2->R1,TSAL20260611_0830_forgetAndForgetFree001,TSAL20260626_0830_forgetAndForgetFree001,20260611,20260626,31,0.24343319011497863
dropout_clean_fixed31,relative_velocity,14,20260817,8,R1->R2,TSAL20260611_0830_forgetAndForgetFree001,TSAL20260627_0830_forgetAndForgetFree001,20260611,20260627,31,0.14946711582999514
dropout_clean_fixed31,relative_velocity,14,20260817,8,R2->R1,TSAL20260611_0830_forgetAndForgetFree001,TSAL20260627_0830_forgetAndForgetFree001,20260611,20260627,31,0.23267938102779925
dropout_clean_fixed31,relative_velocity,14,20260817,9,R1->R2,TSAL20260611_0830_forgetAndForgetFree001,TSAL20260628_0830_forgetAndForgetFree001,20260611,20260628,31,0.210930181820627
dropout_clean_fixed31,relative_velocity,14,20260817,9,R2->R1,TSAL20260611_0830_forgetAndForgetFree001,TSAL20260628_0830_forgetAndForgetFree001,20260611,20260628,31,0.3577314441309915
dropout_clean_fixed31,relative_velocity,15,20260817,1,R1->R2,TSAL20260609_0830_forgetAndForgetFree001,TSAL20260626_0830_forgetAndForgetFree001,20260609,20260626,31,0.43292533432566455
dropout_clean_fixed31,relative_velocity,15,20260817,1,R2->R1,TSAL20260609_0830_forgetAndForgetFree001,TSAL20260626_0830_forgetAndForgetFree001,20260609,20260626,31,0.3568664468597804
dropout_clean_fixed31,relative_velocity,15,20260817,2,R1->R2,TSAL20260609_0830_forgetAndForgetFree001,TSAL20260627_0830_forgetAndForgetFree001,20260609,20260627,31,0.3669801751312998
dropout_clean_fixed31,relative_velocity,15,20260817,2,R2->R1,TSAL20260609_0830_forgetAndForgetFree001,TSAL20260627_0830_forgetAndForgetFree001,20260609,20260627,31,0.3067410374746299
dropout_clean_fixed31,relative_velocity,15,20260817,3,R1->R2,TSAL20260609_0830_forgetAndForgetFree001,TSAL20260628_0830_forgetAndForgetFree001,20260609,20260628,31,0.34988225046866556
dropout_clean_fixed31,relative_velocity,15,20260817,3,R2->R1,TSAL20260609_0830_forgetAndForgetFree001,TSAL20260628_0830_forgetAndForgetFree001,20260609,20260628,31,0.309387403751521
dropout_clean_fixed31,relative_velocity,15,20260817,4,R1->R2,TSAL20260610_0830_forgetAndForgetFree001,TSAL20260626_0830_forgetAndForgetFree001,20260610,20260626,31,0.3367383264702417
dropout_clean_fixed31,relative_velocity,15,20260817,4,R2->R1,TSAL20260610_0830_forgetAndForgetFree001,TSAL20260626_0830_forgetAndForgetFree001,20260610,20260626,31,0.35985839021492827
dropout_clean_fixed31,relative_velocity,15,20260817,5,R1->R2,TSAL20260610_0830_forgetAndForgetFree001,TSAL20260627_0830_forgetAndForgetFree001,20260610,20260627,31,0.3727570872512117
dropout_clean_fixed31,relative_velocity,15,20260817,5,R2->R1,TSAL20260610_0830_forgetAndForgetFree001,TSAL20260627_0830_forgetAndForgetFree001,20260610,20260627,31,0.23056380001641222
dropout_clean_fixed31,relative_velocity,15,20260817,6,R1->R2,TSAL20260610_0830_forgetAndForgetFree001,TSAL20260628_0830_forgetAndForgetFree001,20260610,20260628,31,0.29411692208328
dropout_clean_fixed31,relative_velocity,15,20260817,6,R2->R1,TSAL20260610_0830_forgetAndForgetFree001,TSAL20260628_0830_forgetAndForgetFree001,20260610,20260628,31,0.2956766415281344
dropout_clean_fixed31,relative_velocity,15,20260817,7,R1->R2,TSAL20260611_0830_forgetAndForgetFree001,TSAL20260626_0830_forgetAndForgetFree001,20260611,20260626,31,0.23747409077060688
dropout_clean_fixed31,relative_velocity,15,20260817,7,R2->R1,TSAL20260611_0830_forgetAndForgetFree001,TSAL20260626_0830_forgetAndForgetFree001,20260611,20260626,31,0.2601358109968102
dropout_clean_fixed31,relative_velocity,15,20260817,8,R1->R2,TSAL20260611_0830_forgetAndForgetFree001,TSAL20260627_0830_forgetAndForgetFree001,20260611,20260627,31,0.28948797403735793
dropout_clean_fixed31,relative_velocity,15,20260817,8,R2->R1,TSAL20260611_0830_forgetAndForgetFree001,TSAL20260627_0830_forgetAndForgetFree001,20260611,20260627,31,0.05576872692091448
dropout_clean_fixed31,relative_velocity,15,20260817,9,R1->R2,TSAL20260611_0830_forgetAndForgetFree001,TSAL20260628_0830_forgetAndForgetFree001,20260611,20260628,31,0.2202482036576742
dropout_clean_fixed31,relative_velocity,15,20260817,9,R2->R1,TSAL20260611_0830_forgetAndForgetFree001,TSAL20260628_0830_forgetAndForgetFree001,20260611,20260628,31,0.354568015747458
dropout_clean_fixed31,relative_velocity,16,20260817,1,R1->R2,TSAL20260609_0830_forgetAndForgetFree001,TSAL20260626_0830_forgetAndForgetFree001,20260609,20260626,31,0.3740050329296856
dropout_clean_fixed31,relative_velocity,16,20260817,1,R2->R1,TSAL20260609_0830_forgetAndForgetFree001,TSAL20260626_0830_forgetAndForgetFree001,20260609,20260626,31,0.34387141350304856
dropout_clean_fixed31,relative_velocity,16,20260817,2,R1->R2,TSAL20260609_0830_forgetAndForgetFree001,TSAL20260627_0830_forgetAndForgetFree001,20260609,20260627,31,0.25212063536893975
dropout_clean_fixed31,relative_velocity,16,20260817,2,R2->R1,TSAL20260609_0830_forgetAndForgetFree001,TSAL20260627_0830_forgetAndForgetFree001,20260609,20260627,31,0.20062756832531786
dropout_clean_fixed31,relative_velocity,16,20260817,3,R1->R2,TSAL20260609_0830_forgetAndForgetFree001,TSAL20260628_0830_forgetAndForgetFree001,20260609,20260628,31,0.3289007095467245
dropout_clean_fixed31,relative_velocity,16,20260817,3,R2->R1,TSAL20260609_0830_forgetAndForgetFree001,TSAL20260628_0830_forgetAndForgetFree001,20260609,20260628,31,0.3499534039486782
dropout_clean_fixed31,relative_velocity,16,20260817,4,R1->R2,TSAL20260610_0830_forgetAndForgetFree001,TSAL20260626_0830_forgetAndForgetFree001,20260610,20260626,31,0.3289563115936217
dropout_clean_fixed31,relative_velocity,16,20260817,4,R2->R1,TSAL20260610_0830_forgetAndForgetFree001,TSAL20260626_0830_forgetAndForgetFree001,20260610,20260626,31,0.3334171592574169
dropout_clean_fixed31,relative_velocity,16,20260817,5,R1->R2,TSAL20260610_0830_forgetAndForgetFree001,TSAL20260627_0830_forgetAndForgetFree001,20260610,20260627,31,0.33532379089333036
dropout_clean_fixed31,relative_velocity,16,20260817,5,R2->R1,TSAL20260610_0830_forgetAndForgetFree001,TSAL20260627_0830_forgetAndForgetFree001,20260610,20260627,31,0.33101225544602036
dropout_clean_fixed31,relative_velocity,16,20260817,6,R1->R2,TSAL20260610_0830_forgetAndForgetFree001,TSAL20260628_0830_forgetAndForgetFree001,20260610,20260628,31,0.23803032108195737
dropout_clean_fixed31,relative_velocity,16,20260817,6,R2->R1,TSAL20260610_0830_forgetAndForgetFree001,TSAL20260628_0830_forgetAndForgetFree001,20260610,20260628,31,0.4956375506104187
dropout_clean_fixed31,relative_velocity,16,20260817,7,R1->R2,TSAL20260611_0830_forgetAndForgetFree001,TSAL20260626_0830_forgetAndForgetFree001,20260611,20260626,31,0.3015871216594676
dropout_clean_fixed31,relative_velocity,16,20260817,7,R2->R1,TSAL20260611_0830_forgetAndForgetFree001,TSAL20260626_0830_forgetAndForgetFree001,20260611,20260626,31,0.19055280163228394
dropout_clean_fixed31,relative_velocity,16,20260817,8,R1->R2,TSAL20260611_0830_forgetAndForgetFree001,TSAL20260627_0830_forgetAndForgetFree001,20260611,20260627,31,0.21103213785532876
dropout_clean_fixed31,relative_velocity,16,20260817,8,R2->R1,TSAL20260611_0830_forgetAndForgetFree001,TSAL20260627_0830_forgetAndForgetFree001,20260611,20260627,31,0.13942517119639683
dropout_clean_fixed31,relative_velocity,16,20260817,9,R1->R2,TSAL20260611_0830_forgetAndForgetFree001,TSAL20260628_0830_forgetAndForgetFree001,20260611,20260628,31,0.3188122293460493
dropout_clean_fixed31,relative_velocity,16,20260817,9,R2->R1,TSAL20260611_0830_forgetAndForgetFree001,TSAL20260628_0830_forgetAndForgetFree001,20260611,20260628,31,0.3157093352646993
dropout_clean_fixed31,relative_velocity,17,20260817,1,R1->R2,TSAL20260609_0830_forgetAndForgetFree001,TSAL20260626_0830_forgetAndForgetFree001,20260609,20260626,31,0.38428186731301944
dropout_clean_fixed31,relative_velocity,17,20260817,1,R2->R1,TSAL20260609_0830_forgetAndForgetFree001,TSAL20260626_0830_forgetAndForgetFree001,20260609,20260626,31,0.3496948620610406
dropout_clean_fixed31,relative_velocity,17,20260817,2,R1->R2,TSAL20260609_0830_forgetAndForgetFree001,TSAL20260627_0830_forgetAndForgetFree001,20260609,20260627,31,0.32479764676447653
dropout_clean_fixed31,relative_velocity,17,20260817,2,R2->R1,TSAL20260609_0830_forgetAndForgetFree001,TSAL20260627_0830_forgetAndForgetFree001,20260609,20260627,31,0.22822529715294665
dropout_clean_fixed31,relative_velocity,17,20260817,3,R1->R2,TSAL20260609_0830_forgetAndForgetFree001,TSAL20260628_0830_forgetAndForgetFree001,20260609,20260628,31,0.36140799303663773
dropout_clean_fixed31,relative_velocity,17,20260817,3,R2->R1,TSAL20260609_0830_forgetAndForgetFree001,TSAL20260628_0830_forgetAndForgetFree001,20260609,20260628,31,0.4498122896731892
dropout_clean_fixed31,relative_velocity,17,20260817,4,R1->R2,TSAL20260610_0830_forgetAndForgetFree001,TSAL20260626_0830_forgetAndForgetFree001,20260610,20260626,31,0.39234063586114426
dropout_clean_fixed31,relative_velocity,17,20260817,4,R2->R1,TSAL20260610_0830_forgetAndForgetFree001,TSAL20260626_0830_forgetAndForgetFree001,20260610,20260626,31,0.37023120017421435
dropout_clean_fixed31,relative_velocity,17,20260817,5,R1->R2,TSAL20260610_0830_forgetAndForgetFree001,TSAL20260627_0830_forgetAndForgetFree001,20260610,20260627,31,0.33210789107610694
dropout_clean_fixed31,relative_velocity,17,20260817,5,R2->R1,TSAL20260610_0830_forgetAndForgetFree001,TSAL20260627_0830_forgetAndForgetFree001,20260610,20260627,31,0.26277291230390953
dropout_clean_fixed31,relative_velocity,17,20260817,6,R1->R2,TSAL20260610_0830_forgetAndForgetFree001,TSAL20260628_0830_forgetAndForgetFree001,20260610,20260628,31,0.25491906848476664
dropout_clean_fixed31,relative_velocity,17,20260817,6,R2->R1,TSAL20260610_0830_forgetAndForgetFree001,TSAL20260628_0830_forgetAndForgetFree001,20260610,20260628,31,0.49451378290761006
dropout_clean_fixed31,relative_velocity,17,20260817,7,R1->R2,TSAL20260611_0830_forgetAndForgetFree001,TSAL20260626_0830_forgetAndForgetFree001,20260611,20260626,31,0.341190699238716
dropout_clean_fixed31,relative_velocity,17,20260817,7,R2->R1,TSAL20260611_0830_forgetAndForgetFree001,TSAL20260626_0830_forgetAndForgetFree001,20260611,20260626,31,0.11473430864137285
dropout_clean_fixed31,relative_velocity,17,20260817,8,R1->R2,TSAL20260611_0830_forgetAndForgetFree001,TSAL20260627_0830_forgetAndForgetFree001,20260611,20260627,31,0.18379779821003275
dropout_clean_fixed31,relative_velocity,17,20260817,8,R2->R1,TSAL20260611_0830_forgetAndForgetFree001,TSAL20260627_0830_forgetAndForgetFree001,20260611,20260627,31,0.18488494304315342
dropout_clean_fixed31,relative_velocity,17,20260817,9,R1->R2,TSAL20260611_0830_forgetAndForgetFree001,TSAL20260628_0830_forgetAndForgetFree001,20260611,20260628,31,0.31956883905589467
dropout_clean_fixed31,relative_velocity,17,20260817,9,R2->R1,TSAL20260611_0830_forgetAndForgetFree001,TSAL20260628_0830_forgetAndForgetFree001,20260611,20260628,31,0.408341494301495
dropout_clean_fixed31,relative_velocity,18,20260817,1,R1->R2,TSAL20260609_0830_forgetAndForgetFree001,TSAL20260626_0830_forgetAndForgetFree001,20260609,20260626,31,0.35838482519772996
dropout_clean_fixed31,relative_velocity,18,20260817,1,R2->R1,TSAL20260609_0830_forgetAndForgetFree001,TSAL20260626_0830_forgetAndForgetFree001,20260609,20260626,31,0.3824792317056446
dropout_clean_fixed31,relative_velocity,18,20260817,2,R1->R2,TSAL20260609_0830_forgetAndForgetFree001,TSAL20260627_0830_forgetAndForgetFree001,20260609,20260627,31,0.3846173460150491
dropout_clean_fixed31,relative_velocity,18,20260817,2,R2->R1,TSAL20260609_0830_forgetAndForgetFree001,TSAL20260627_0830_forgetAndForgetFree001,20260609,20260627,31,0.3450095849554705
dropout_clean_fixed31,relative_velocity,18,20260817,3,R1->R2,TSAL20260609_0830_forgetAndForgetFree001,TSAL20260628_0830_forgetAndForgetFree001,20260609,20260628,31,0.3166628682809623
dropout_clean_fixed31,relative_velocity,18,20260817,3,R2->R1,TSAL20260609_0830_forgetAndForgetFree001,TSAL20260628_0830_forgetAndForgetFree001,20260609,20260628,31,0.40539143308623654
dropout_clean_fixed31,relative_velocity,18,20260817,4,R1->R2,TSAL20260610_0830_forgetAndForgetFree001,TSAL20260626_0830_forgetAndForgetFree001,20260610,20260626,31,0.2999576589898807
dropout_clean_fixed31,relative_velocity,18,20260817,4,R2->R1,TSAL20260610_0830_forgetAndForgetFree001,TSAL20260626_0830_forgetAndForgetFree001,20260610,20260626,31,0.4925465255872
dropout_clean_fixed31,relative_velocity,18,20260817,5,R1->R2,TSAL20260610_0830_forgetAndForgetFree001,TSAL20260627_0830_forgetAndForgetFree001,20260610,20260627,31,0.3259465412362498
dropout_clean_fixed31,relative_velocity,18,20260817,5,R2->R1,TSAL20260610_0830_forgetAndForgetFree001,TSAL20260627_0830_forgetAndForgetFree001,20260610,20260627,31,0.22703564004649843
dropout_clean_fixed31,relative_velocity,18,20260817,6,R1->R2,TSAL20260610_0830_forgetAndForgetFree001,TSAL20260628_0830_forgetAndForgetFree001,20260610,20260628,31,0.3036553036180688
dropout_clean_fixed31,relative_velocity,18,20260817,6,R2->R1,TSAL20260610_0830_forgetAndForgetFree001,TSAL20260628_0830_forgetAndForgetFree001,20260610,20260628,31,0.48466240470668354
dropout_clean_fixed31,relative_velocity,18,20260817,7,R1->R2,TSAL20260611_0830_forgetAndForgetFree001,TSAL20260626_0830_forgetAndForgetFree001,20260611,20260626,31,0.20735681446569124
dropout_clean_fixed31,relative_velocity,18,20260817,7,R2->R1,TSAL20260611_0830_forgetAndForgetFree001,TSAL20260626_0830_forgetAndForgetFree001,20260611,20260626,31,0.3723960572014325
dropout_clean_fixed31,relative_velocity,18,20260817,8,R1->R2,TSAL20260611_0830_forgetAndForgetFree001,TSAL20260627_0830_forgetAndForgetFree001,20260611,20260627,31,0.14633961937692275
dropout_clean_fixed31,relative_velocity,18,20260817,8,R2->R1,TSAL20260611_0830_forgetAndForgetFree001,TSAL20260627_0830_forgetAndForgetFree001,20260611,20260627,31,0.16803513325283093
dropout_clean_fixed31,relative_velocity,18,20260817,9,R1->R2,TSAL20260611_0830_forgetAndForgetFree001,TSAL20260628_0830_forgetAndForgetFree001,20260611,20260628,31,0.20356616994704307
dropout_clean_fixed31,relative_velocity,18,20260817,9,R2->R1,TSAL20260611_0830_forgetAndForgetFree001,TSAL20260628_0830_forgetAndForgetFree001,20260611,20260628,31,0.2875148814221055
dropout_clean_fixed31,relative_velocity,19,20260817,1,R1->R2,TSAL20260609_0830_forgetAndForgetFree001,TSAL20260626_0830_forgetAndForgetFree001,20260609,20260626,31,0.2652842127790074
dropout_clean_fixed31,relative_velocity,19,20260817,1,R2->R1,TSAL20260609_0830_forgetAndForgetFree001,TSAL20260626_0830_forgetAndForgetFree001,20260609,20260626,31,0.34525557031010856
dropout_clean_fixed31,relative_velocity,19,20260817,2,R1->R2,TSAL20260609_0830_forgetAndForgetFree001,TSAL20260627_0830_forgetAndForgetFree001,20260609,20260627,31,0.3092588556018915
dropout_clean_fixed31,relative_velocity,19,20260817,2,R2->R1,TSAL20260609_0830_forgetAndForgetFree001,TSAL20260627_0830_forgetAndForgetFree001,20260609,20260627,31,0.16617874129230256
dropout_clean_fixed31,relative_velocity,19,20260817,3,R1->R2,TSAL20260609_0830_forgetAndForgetFree001,TSAL20260628_0830_forgetAndForgetFree001,20260609,20260628,31,0.3294969909876945
dropout_clean_fixed31,relative_velocity,19,20260817,3,R2->R1,TSAL20260609_0830_forgetAndForgetFree001,TSAL20260628_0830_forgetAndForgetFree001,20260609,20260628,31,0.36845867789595843
dropout_clean_fixed31,relative_velocity,19,20260817,4,R1->R2,TSAL20260610_0830_forgetAndForgetFree001,TSAL20260626_0830_forgetAndForgetFree001,20260610,20260626,31,0.3650467982610916
dropout_clean_fixed31,relative_velocity,19,20260817,4,R2->R1,TSAL20260610_0830_forgetAndForgetFree001,TSAL20260626_0830_forgetAndForgetFree001,20260610,20260626,31,0.35161934674877404
dropout_clean_fixed31,relative_velocity,19,20260817,5,R1->R2,TSAL20260610_0830_forgetAndForgetFree001,TSAL20260627_0830_forgetAndForgetFree001,20260610,20260627,31,0.20584264859665782
dropout_clean_fixed31,relative_velocity,19,20260817,5,R2->R1,TSAL20260610_0830_forgetAndForgetFree001,TSAL20260627_0830_forgetAndForgetFree001,20260610,20260627,31,0.30853744083411766
dropout_clean_fixed31,relative_velocity,19,20260817,6,R1->R2,TSAL20260610_0830_forgetAndForgetFree001,TSAL20260628_0830_forgetAndForgetFree001,20260610,20260628,31,0.29193654602926306
dropout_clean_fixed31,relative_velocity,19,20260817,6,R2->R1,TSAL20260610_0830_forgetAndForgetFree001,TSAL20260628_0830_forgetAndForgetFree001,20260610,20260628,31,0.3009596682306121
dropout_clean_fixed31,relative_velocity,19,20260817,7,R1->R2,TSAL20260611_0830_forgetAndForgetFree001,TSAL20260626_0830_forgetAndForgetFree001,20260611,20260626,31,0.31178779766100995
dropout_clean_fixed31,relative_velocity,19,20260817,7,R2->R1,TSAL20260611_0830_forgetAndForgetFree001,TSAL20260626_0830_forgetAndForgetFree001,20260611,20260626,31,0.2094300104548303
dropout_clean_fixed31,relative_velocity,19,20260817,8,R1->R2,TSAL20260611_0830_forgetAndForgetFree001,TSAL20260627_0830_forgetAndForgetFree001,20260611,20260627,31,0.27075356123413435
dropout_clean_fixed31,relative_velocity,19,20260817,8,R2->R1,TSAL20260611_0830_forgetAndForgetFree001,TSAL20260627_0830_forgetAndForgetFree001,20260611,20260627,31,0.14896759354066103
dropout_clean_fixed31,relative_velocity,19,20260817,9,R1->R2,TSAL20260611_0830_forgetAndForgetFree001,TSAL20260628_0830_forgetAndForgetFree001,20260611,20260628,31,0.37944807320972357
dropout_clean_fixed31,relative_velocity,19,20260817,9,R2->R1,TSAL20260611_0830_forgetAndForgetFree001,TSAL20260628_0830_forgetAndForgetFree001,20260611,20260628,31,0.3444096347183006
dropout_clean_fixed31,relative_velocity,20,20260817,1,R1->R2,TSAL20260609_0830_forgetAndForgetFree001,TSAL20260626_0830_forgetAndForgetFree001,20260609,20260626,31,0.41052479410268256
dropout_clean_fixed31,relative_velocity,20,20260817,1,R2->R1,TSAL20260609_0830_forgetAndForgetFree001,TSAL20260626_0830_forgetAndForgetFree001,20260609,20260626,31,0.38668458305191805
dropout_clean_fixed31,relative_velocity,20,20260817,2,R1->R2,TSAL20260609_0830_forgetAndForgetFree001,TSAL20260627_0830_forgetAndForgetFree001,20260609,20260627,31,0.36895922462576525
dropout_clean_fixed31,relative_velocity,20,20260817,2,R2->R1,TSAL20260609_0830_forgetAndForgetFree001,TSAL20260627_0830_forgetAndForgetFree001,20260609,20260627,31,0.2343433407010574
dropout_clean_fixed31,relative_velocity,20,20260817,3,R1->R2,TSAL20260609_0830_forgetAndForgetFree001,TSAL20260628_0830_forgetAndForgetFree001,20260609,20260628,31,0.20970284314706508
dropout_clean_fixed31,relative_velocity,20,20260817,3,R2->R1,TSAL20260609_0830_forgetAndForgetFree001,TSAL20260628_0830_forgetAndForgetFree001,20260609,20260628,31,0.4177394574326436
dropout_clean_fixed31,relative_velocity,20,20260817,4,R1->R2,TSAL20260610_0830_forgetAndForgetFree001,TSAL20260626_0830_forgetAndForgetFree001,20260610,20260626,31,0.3763592580086911
dropout_clean_fixed31,relative_velocity,20,20260817,4,R2->R1,TSAL20260610_0830_forgetAndForgetFree001,TSAL20260626_0830_forgetAndForgetFree001,20260610,20260626,31,0.3535796575032955
dropout_clean_fixed31,relative_velocity,20,20260817,5,R1->R2,TSAL20260610_0830_forgetAndForgetFree001,TSAL20260627_0830_forgetAndForgetFree001,20260610,20260627,31,0.26130780817456944
dropout_clean_fixed31,relative_velocity,20,20260817,5,R2->R1,TSAL20260610_0830_forgetAndForgetFree001,TSAL20260627_0830_forgetAndForgetFree001,20260610,20260627,31,0.2076717625728435
dropout_clean_fixed31,relative_velocity,20,20260817,6,R1->R2,TSAL20260610_0830_forgetAndForgetFree001,TSAL20260628_0830_forgetAndForgetFree001,20260610,20260628,31,0.3592911090885849
dropout_clean_fixed31,relative_velocity,20,20260817,6,R2->R1,TSAL20260610_0830_forgetAndForgetFree001,TSAL20260628_0830_forgetAndForgetFree001,20260610,20260628,31,0.4111855316224127
dropout_clean_fixed31,relative_velocity,20,20260817,7,R1->R2,TSAL20260611_0830_forgetAndForgetFree001,TSAL20260626_0830_forgetAndForgetFree001,20260611,20260626,31,0.3922439061701046
dropout_clean_fixed31,relative_velocity,20,20260817,7,R2->R1,TSAL20260611_0830_forgetAndForgetFree001,TSAL20260626_0830_forgetAndForgetFree001,20260611,20260626,31,0.24353873506911106
dropout_clean_fixed31,relative_velocity,20,20260817,8,R1->R2,TSAL20260611_0830_forgetAndForgetFree001,TSAL20260627_0830_forgetAndForgetFree001,20260611,20260627,31,0.19731302210127327
dropout_clean_fixed31,relative_velocity,20,20260817,8,R2->R1,TSAL20260611_0830_forgetAndForgetFree001,TSAL20260627_0830_forgetAndForgetFree001,20260611,20260627,31,0.312271420315587
dropout_clean_fixed31,relative_velocity,20,20260817,9,R1->R2,TSAL20260611_0830_forgetAndForgetFree001,TSAL20260628_0830_forgetAndForgetFree001,20260611,20260628,31,0.32623194085150736
dropout_clean_fixed31,relative_velocity,20,20260817,9,R2->R1,TSAL20260611_0830_forgetAndForgetFree001,TSAL20260628_0830_forgetAndForgetFree001,20260611,20260628,31,0.28204478269174077
dropout_clean_fixed31,relative_velocity,21,20260817,1,R1->R2,TSAL20260609_0830_forgetAndForgetFree001,TSAL20260626_0830_forgetAndForgetFree001,20260609,20260626,31,0.4173646239134944
dropout_clean_fixed31,relative_velocity,21,20260817,1,R2->R1,TSAL20260609_0830_forgetAndForgetFree001,TSAL20260626_0830_forgetAndForgetFree001,20260609,20260626,31,0.3520583632888984
dropout_clean_fixed31,relative_velocity,21,20260817,2,R1->R2,TSAL20260609_0830_forgetAndForgetFree001,TSAL20260627_0830_forgetAndForgetFree001,20260609,20260627,31,0.2857456288869936
dropout_clean_fixed31,relative_velocity,21,20260817,2,R2->R1,TSAL20260609_0830_forgetAndForgetFree001,TSAL20260627_0830_forgetAndForgetFree001,20260609,20260627,31,0.17089529026802414
dropout_clean_fixed31,relative_velocity,21,20260817,3,R1->R2,TSAL20260609_0830_forgetAndForgetFree001,TSAL20260628_0830_forgetAndForgetFree001,20260609,20260628,31,0.29145173910793576
dropout_clean_fixed31,relative_velocity,21,20260817,3,R2->R1,TSAL20260609_0830_forgetAndForgetFree001,TSAL20260628_0830_forgetAndForgetFree001,20260609,20260628,31,0.4680982860185785
dropout_clean_fixed31,relative_velocity,21,20260817,4,R1->R2,TSAL20260610_0830_forgetAndForgetFree001,TSAL20260626_0830_forgetAndForgetFree001,20260610,20260626,31,0.3625896490366624
dropout_clean_fixed31,relative_velocity,21,20260817,4,R2->R1,TSAL20260610_0830_forgetAndForgetFree001,TSAL20260626_0830_forgetAndForgetFree001,20260610,20260626,31,0.3336128316260805
dropout_clean_fixed31,relative_velocity,21,20260817,5,R1->R2,TSAL20260610_0830_forgetAndForgetFree001,TSAL20260627_0830_forgetAndForgetFree001,20260610,20260627,31,0.28305126887271176
dropout_clean_fixed31,relative_velocity,21,20260817,5,R2->R1,TSAL20260610_0830_forgetAndForgetFree001,TSAL20260627_0830_forgetAndForgetFree001,20260610,20260627,31,0.295576133140639
dropout_clean_fixed31,relative_velocity,21,20260817,6,R1->R2,TSAL20260610_0830_forgetAndForgetFree001,TSAL20260628_0830_forgetAndForgetFree001,20260610,20260628,31,0.16565626805111744
dropout_clean_fixed31,relative_velocity,21,20260817,6,R2->R1,TSAL20260610_0830_forgetAndForgetFree001,TSAL20260628_0830_forgetAndForgetFree001,20260610,20260628,31,0.4365963392433084
dropout_clean_fixed31,relative_velocity,21,20260817,7,R1->R2,TSAL20260611_0830_forgetAndForgetFree001,TSAL20260626_0830_forgetAndForgetFree001,20260611,20260626,31,0.3604193226099085
dropout_clean_fixed31,relative_velocity,21,20260817,7,R2->R1,TSAL20260611_0830_forgetAndForgetFree001,TSAL20260626_0830_forgetAndForgetFree001,20260611,20260626,31,0.2543067974820698
dropout_clean_fixed31,relative_velocity,21,20260817,8,R1->R2,TSAL20260611_0830_forgetAndForgetFree001,TSAL20260627_0830_forgetAndForgetFree001,20260611,20260627,31,0.12897970191394556
dropout_clean_fixed31,relative_velocity,21,20260817,8,R2->R1,TSAL20260611_0830_forgetAndForgetFree001,TSAL20260627_0830_forgetAndForgetFree001,20260611,20260627,31,0.04171076592440201
dropout_clean_fixed31,relative_velocity,21,20260817,9,R1->R2,TSAL20260611_0830_forgetAndForgetFree001,TSAL20260628_0830_forgetAndForgetFree001,20260611,20260628,31,0.15183135687865001
dropout_clean_fixed31,relative_velocity,21,20260817,9,R2->R1,TSAL20260611_0830_forgetAndForgetFree001,TSAL20260628_0830_forgetAndForgetFree001,20260611,20260628,31,0.31561290158874916
dropout_clean_fixed31,relative_velocity,22,20260817,1,R1->R2,TSAL20260609_0830_forgetAndForgetFree001,TSAL20260626_0830_forgetAndForgetFree001,20260609,20260626,31,0.3261596827925907
dropout_clean_fixed31,relative_velocity,22,20260817,1,R2->R1,TSAL20260609_0830_forgetAndForgetFree001,TSAL20260626_0830_forgetAndForgetFree001,20260609,20260626,31,0.35362989571077036
dropout_clean_fixed31,relative_velocity,22,20260817,2,R1->R2,TSAL20260609_0830_forgetAndForgetFree001,TSAL20260627_0830_forgetAndForgetFree001,20260609,20260627,31,0.22083845722464426
dropout_clean_fixed31,relative_velocity,22,20260817,2,R2->R1,TSAL20260609_0830_forgetAndForgetFree001,TSAL20260627_0830_forgetAndForgetFree001,20260609,20260627,31,0.36948030825152617
dropout_clean_fixed31,relative_velocity,22,20260817,3,R1->R2,TSAL20260609_0830_forgetAndForgetFree001,TSAL20260628_0830_forgetAndForgetFree001,20260609,20260628,31,0.33265394290924344
dropout_clean_fixed31,relative_velocity,22,20260817,3,R2->R1,TSAL20260609_0830_forgetAndForgetFree001,TSAL20260628_0830_forgetAndForgetFree001,20260609,20260628,31,0.41154637476338884
dropout_clean_fixed31,relative_velocity,22,20260817,4,R1->R2,TSAL20260610_0830_forgetAndForgetFree001,TSAL20260626_0830_forgetAndForgetFree001,20260610,20260626,31,0.41243760664721474
dropout_clean_fixed31,relative_velocity,22,20260817,4,R2->R1,TSAL20260610_0830_forgetAndForgetFree001,TSAL20260626_0830_forgetAndForgetFree001,20260610,20260626,31,0.3136385359444836
dropout_clean_fixed31,relative_velocity,22,20260817,5,R1->R2,TSAL20260610_0830_forgetAndForgetFree001,TSAL20260627_0830_forgetAndForgetFree001,20260610,20260627,31,0.3009269616305008
dropout_clean_fixed31,relative_velocity,22,20260817,5,R2->R1,TSAL20260610_0830_forgetAndForgetFree001,TSAL20260627_0830_forgetAndForgetFree001,20260610,20260627,31,0.25696242202965286
dropout_clean_fixed31,relative_velocity,22,20260817,6,R1->R2,TSAL20260610_0830_forgetAndForgetFree001,TSAL20260628_0830_forgetAndForgetFree001,20260610,20260628,31,0.216935842211008
dropout_clean_fixed31,relative_velocity,22,20260817,6,R2->R1,TSAL20260610_0830_forgetAndForgetFree001,TSAL20260628_0830_forgetAndForgetFree001,20260610,20260628,31,0.27369337283136
dropout_clean_fixed31,relative_velocity,22,20260817,7,R1->R2,TSAL20260611_0830_forgetAndForgetFree001,TSAL20260626_0830_forgetAndForgetFree001,20260611,20260626,31,0.3239099065059
dropout_clean_fixed31,relative_velocity,22,20260817,7,R2->R1,TSAL20260611_0830_forgetAndForgetFree001,TSAL20260626_0830_forgetAndForgetFree001,20260611,20260626,31,0.35424007168521016
dropout_clean_fixed31,relative_velocity,22,20260817,8,R1->R2,TSAL20260611_0830_forgetAndForgetFree001,TSAL20260627_0830_forgetAndForgetFree001,20260611,20260627,31,0.2347021813119787
dropout_clean_fixed31,relative_velocity,22,20260817,8,R2->R1,TSAL20260611_0830_forgetAndForgetFree001,TSAL20260627_0830_forgetAndForgetFree001,20260611,20260627,31,0.2133687118109551
dropout_clean_fixed31,relative_velocity,22,20260817,9,R1->R2,TSAL20260611_0830_forgetAndForgetFree001,TSAL20260628_0830_forgetAndForgetFree001,20260611,20260628,31,0.3276468383633656
dropout_clean_fixed31,relative_velocity,22,20260817,9,R2->R1,TSAL20260611_0830_forgetAndForgetFree001,TSAL20260628_0830_forgetAndForgetFree001,20260611,20260628,31,0.3973090953593707
dropout_clean_fixed31,relative_velocity,23,20260817,1,R1->R2,TSAL20260609_0830_forgetAndForgetFree001,TSAL20260626_0830_forgetAndForgetFree001,20260609,20260626,31,0.2538521680018766
dropout_clean_fixed31,relative_velocity,23,20260817,1,R2->R1,TSAL20260609_0830_forgetAndForgetFree001,TSAL20260626_0830_forgetAndForgetFree001,20260609,20260626,31,0.377368706931399
dropout_clean_fixed31,relative_velocity,23,20260817,2,R1->R2,TSAL20260609_0830_forgetAndForgetFree001,TSAL20260627_0830_forgetAndForgetFree001,20260609,20260627,31,0.3165607613469861
dropout_clean_fixed31,relative_velocity,23,20260817,2,R2->R1,TSAL20260609_0830_forgetAndForgetFree001,TSAL20260627_0830_forgetAndForgetFree001,20260609,20260627,31,0.19758427206992432
dropout_clean_fixed31,relative_velocity,23,20260817,3,R1->R2,TSAL20260609_0830_forgetAndForgetFree001,TSAL20260628_0830_forgetAndForgetFree001,20260609,20260628,31,0.2798150899073971
dropout_clean_fixed31,relative_velocity,23,20260817,3,R2->R1,TSAL20260609_0830_forgetAndForgetFree001,TSAL20260628_0830_forgetAndForgetFree001,20260609,20260628,31,0.3651656633277674
dropout_clean_fixed31,relative_velocity,23,20260817,4,R1->R2,TSAL20260610_0830_forgetAndForgetFree001,TSAL20260626_0830_forgetAndForgetFree001,20260610,20260626,31,0.35699465394707713
dropout_clean_fixed31,relative_velocity,23,20260817,4,R2->R1,TSAL20260610_0830_forgetAndForgetFree001,TSAL20260626_0830_forgetAndForgetFree001,20260610,20260626,31,0.34773640882368473
dropout_clean_fixed31,relative_velocity,23,20260817,5,R1->R2,TSAL20260610_0830_forgetAndForgetFree001,TSAL20260627_0830_forgetAndForgetFree001,20260610,20260627,31,0.16602122684046733
dropout_clean_fixed31,relative_velocity,23,20260817,5,R2->R1,TSAL20260610_0830_forgetAndForgetFree001,TSAL20260627_0830_forgetAndForgetFree001,20260610,20260627,31,0.14313209211022013
dropout_clean_fixed31,relative_velocity,23,20260817,6,R1->R2,TSAL20260610_0830_forgetAndForgetFree001,TSAL20260628_0830_forgetAndForgetFree001,20260610,20260628,31,0.2649852714375493
dropout_clean_fixed31,relative_velocity,23,20260817,6,R2->R1,TSAL20260610_0830_forgetAndForgetFree001,TSAL20260628_0830_forgetAndForgetFree001,20260610,20260628,31,0.36718100390617764
dropout_clean_fixed31,relative_velocity,23,20260817,7,R1->R2,TSAL20260611_0830_forgetAndForgetFree001,TSAL20260626_0830_forgetAndForgetFree001,20260611,20260626,31,0.21699843515097508
dropout_clean_fixed31,relative_velocity,23,20260817,7,R2->R1,TSAL20260611_0830_forgetAndForgetFree001,TSAL20260626_0830_forgetAndForgetFree001,20260611,20260626,31,0.2127163220578487
dropout_clean_fixed31,relative_velocity,23,20260817,8,R1->R2,TSAL20260611_0830_forgetAndForgetFree001,TSAL20260627_0830_forgetAndForgetFree001,20260611,20260627,31,0.1646577125421542
dropout_clean_fixed31,relative_velocity,23,20260817,8,R2->R1,TSAL20260611_0830_forgetAndForgetFree001,TSAL20260627_0830_forgetAndForgetFree001,20260611,20260627,31,0.02532222576118312
dropout_clean_fixed31,relative_velocity,23,20260817,9,R1->R2,TSAL20260611_0830_forgetAndForgetFree001,TSAL20260628_0830_forgetAndForgetFree001,20260611,20260628,31,0.2953831055367207
dropout_clean_fixed31,relative_velocity,23,20260817,9,R2->R1,TSAL20260611_0830_forgetAndForgetFree001,TSAL20260628_0830_forgetAndForgetFree001,20260611,20260628,31,0.327103741633151
dropout_clean_fixed31,relative_velocity,24,20260817,1,R1->R2,TSAL20260609_0830_forgetAndForgetFree001,TSAL20260626_0830_forgetAndForgetFree001,20260609,20260626,31,0.3306840709438721
dropout_clean_fixed31,relative_velocity,24,20260817,1,R2->R1,TSAL20260609_0830_forgetAndForgetFree001,TSAL20260626_0830_forgetAndForgetFree001,20260609,20260626,31,0.23258972385103258
dropout_clean_fixed31,relative_velocity,24,20260817,2,R1->R2,TSAL20260609_0830_forgetAndForgetFree001,TSAL20260627_0830_forgetAndForgetFree001,20260609,20260627,31,0.3161264115312589
dropout_clean_fixed31,relative_velocity,24,20260817,2,R2->R1,TSAL20260609_0830_forgetAndForgetFree001,TSAL20260627_0830_forgetAndForgetFree001,20260609,20260627,31,0.27848489565387147
dropout_clean_fixed31,relative_velocity,24,20260817,3,R1->R2,TSAL20260609_0830_forgetAndForgetFree001,TSAL20260628_0830_forgetAndForgetFree001,20260609,20260628,31,0.2447565530837957
dropout_clean_fixed31,relative_velocity,24,20260817,3,R2->R1,TSAL20260609_0830_forgetAndForgetFree001,TSAL20260628_0830_forgetAndForgetFree001,20260609,20260628,31,0.43012162264895554
dropout_clean_fixed31,relative_velocity,24,20260817,4,R1->R2,TSAL20260610_0830_forgetAndForgetFree001,TSAL20260626_0830_forgetAndForgetFree001,20260610,20260626,31,0.36698909515401423
dropout_clean_fixed31,relative_velocity,24,20260817,4,R2->R1,TSAL20260610_0830_forgetAndForgetFree001,TSAL20260626_0830_forgetAndForgetFree001,20260610,20260626,31,0.2041181856703925
dropout_clean_fixed31,relative_velocity,24,20260817,5,R1->R2,TSAL20260610_0830_forgetAndForgetFree001,TSAL20260627_0830_forgetAndForgetFree001,20260610,20260627,31,0.32597734750620916
dropout_clean_fixed31,relative_velocity,24,20260817,5,R2->R1,TSAL20260610_0830_forgetAndForgetFree001,TSAL20260627_0830_forgetAndForgetFree001,20260610,20260627,31,0.17185253188789087
dropout_clean_fixed31,relative_velocity,24,20260817,6,R1->R2,TSAL20260610_0830_forgetAndForgetFree001,TSAL20260628_0830_forgetAndForgetFree001,20260610,20260628,31,0.252806950607045
dropout_clean_fixed31,relative_velocity,24,20260817,6,R2->R1,TSAL20260610_0830_forgetAndForgetFree001,TSAL20260628_0830_forgetAndForgetFree001,20260610,20260628,31,0.38383348925603383
dropout_clean_fixed31,relative_velocity,24,20260817,7,R1->R2,TSAL20260611_0830_forgetAndForgetFree001,TSAL20260626_0830_forgetAndForgetFree001,20260611,20260626,31,0.17239072710455414
dropout_clean_fixed31,relative_velocity,24,20260817,7,R2->R1,TSAL20260611_0830_forgetAndForgetFree001,TSAL20260626_0830_forgetAndForgetFree001,20260611,20260626,31,0.2959422431690312
dropout_clean_fixed31,relative_velocity,24,20260817,8,R1->R2,TSAL20260611_0830_forgetAndForgetFree001,TSAL20260627_0830_forgetAndForgetFree001,20260611,20260627,31,0.23673543830334917
dropout_clean_fixed31,relative_velocity,24,20260817,8,R2->R1,TSAL20260611_0830_forgetAndForgetFree001,TSAL20260627_0830_forgetAndForgetFree001,20260611,20260627,31,0.28298533664365616
dropout_clean_fixed31,relative_velocity,24,20260817,9,R1->R2,TSAL20260611_0830_forgetAndForgetFree001,TSAL20260628_0830_forgetAndForgetFree001,20260611,20260628,31,0.28709086743830836
dropout_clean_fixed31,relative_velocity,24,20260817,9,R2->R1,TSAL20260611_0830_forgetAndForgetFree001,TSAL20260628_0830_forgetAndForgetFree001,20260611,20260628,31,0.3319030979408679
dropout_clean_fixed31,relative_velocity,25,20260817,1,R1->R2,TSAL20260609_0830_forgetAndForgetFree001,TSAL20260626_0830_forgetAndForgetFree001,20260609,20260626,31,0.4141666734179764
dropout_clean_fixed31,relative_velocity,25,20260817,1,R2->R1,TSAL20260609_0830_forgetAndForgetFree001,TSAL20260626_0830_forgetAndForgetFree001,20260609,20260626,31,0.2886024653869913
dropout_clean_fixed31,relative_velocity,25,20260817,2,R1->R2,TSAL20260609_0830_forgetAndForgetFree001,TSAL20260627_0830_forgetAndForgetFree001,20260609,20260627,31,0.24277341426872895
dropout_clean_fixed31,relative_velocity,25,20260817,2,R2->R1,TSAL20260609_0830_forgetAndForgetFree001,TSAL20260627_0830_forgetAndForgetFree001,20260609,20260627,31,0.09979707983671741
dropout_clean_fixed31,relative_velocity,25,20260817,3,R1->R2,TSAL20260609_0830_forgetAndForgetFree001,TSAL20260628_0830_forgetAndForgetFree001,20260609,20260628,31,0.3132557765071312
dropout_clean_fixed31,relative_velocity,25,20260817,3,R2->R1,TSAL20260609_0830_forgetAndForgetFree001,TSAL20260628_0830_forgetAndForgetFree001,20260609,20260628,31,0.30773214918657243
dropout_clean_fixed31,relative_velocity,25,20260817,4,R1->R2,TSAL20260610_0830_forgetAndForgetFree001,TSAL20260626_0830_forgetAndForgetFree001,20260610,20260626,31,0.36461981528629217
dropout_clean_fixed31,relative_velocity,25,20260817,4,R2->R1,TSAL20260610_0830_forgetAndForgetFree001,TSAL20260626_0830_forgetAndForgetFree001,20260610,20260626,31,0.34271860061827447
dropout_clean_fixed31,relative_velocity,25,20260817,5,R1->R2,TSAL20260610_0830_forgetAndForgetFree001,TSAL20260627_0830_forgetAndForgetFree001,20260610,20260627,31,0.28582322005740446
dropout_clean_fixed31,relative_velocity,25,20260817,5,R2->R1,TSAL20260610_0830_forgetAndForgetFree001,TSAL20260627_0830_forgetAndForgetFree001,20260610,20260627,31,0.17685730894408594
dropout_clean_fixed31,relative_velocity,25,20260817,6,R1->R2,TSAL20260610_0830_forgetAndForgetFree001,TSAL20260628_0830_forgetAndForgetFree001,20260610,20260628,31,0.3125779637347281
dropout_clean_fixed31,relative_velocity,25,20260817,6,R2->R1,TSAL20260610_0830_forgetAndForgetFree001,TSAL20260628_0830_forgetAndForgetFree001,20260610,20260628,31,0.43066563796829227
dropout_clean_fixed31,relative_velocity,25,20260817,7,R1->R2,TSAL20260611_0830_forgetAndForgetFree001,TSAL20260626_0830_forgetAndForgetFree001,20260611,20260626,31,0.2103433429020825
dropout_clean_fixed31,relative_velocity,25,20260817,7,R2->R1,TSAL20260611_0830_forgetAndForgetFree001,TSAL20260626_0830_forgetAndForgetFree001,20260611,20260626,31,0.17561781170904742
dropout_clean_fixed31,relative_velocity,25,20260817,8,R1->R2,TSAL20260611_0830_forgetAndForgetFree001,TSAL20260627_0830_forgetAndForgetFree001,20260611,20260627,31,0.24907200212799888
dropout_clean_fixed31,relative_velocity,25,20260817,8,R2->R1,TSAL20260611_0830_forgetAndForgetFree001,TSAL20260627_0830_forgetAndForgetFree001,20260611,20260627,31,0.06654141620310072
dropout_clean_fixed31,relative_velocity,25,20260817,9,R1->R2,TSAL20260611_0830_forgetAndForgetFree001,TSAL20260628_0830_forgetAndForgetFree001,20260611,20260628,31,0.09274877304331486
dropout_clean_fixed31,relative_velocity,25,20260817,9,R2->R1,TSAL20260611_0830_forgetAndForgetFree001,TSAL20260628_0830_forgetAndForgetFree001,20260611,20260628,31,0.3305383465744354
dropout_clean_fixed31,relative_velocity,26,20260817,1,R1->R2,TSAL20260609_0830_forgetAndForgetFree001,TSAL20260626_0830_forgetAndForgetFree001,20260609,20260626,31,0.4249219203867922
dropout_clean_fixed31,relative_velocity,26,20260817,1,R2->R1,TSAL20260609_0830_forgetAndForgetFree001,TSAL20260626_0830_forgetAndForgetFree001,20260609,20260626,31,0.4349186677021559
dropout_clean_fixed31,relative_velocity,26,20260817,2,R1->R2,TSAL20260609_0830_forgetAndForgetFree001,TSAL20260627_0830_forgetAndForgetFree001,20260609,20260627,31,0.34365194116577424
dropout_clean_fixed31,relative_velocity,26,20260817,2,R2->R1,TSAL20260609_0830_forgetAndForgetFree001,TSAL20260627_0830_forgetAndForgetFree001,20260609,20260627,31,0.1467615209063198
dropout_clean_fixed31,relative_velocity,26,20260817,3,R1->R2,TSAL20260609_0830_forgetAndForgetFree001,TSAL20260628_0830_forgetAndForgetFree001,20260609,20260628,31,0.36351761321803444
dropout_clean_fixed31,relative_velocity,26,20260817,3,R2->R1,TSAL20260609_0830_forgetAndForgetFree001,TSAL20260628_0830_forgetAndForgetFree001,20260609,20260628,31,0.3567860144026942
dropout_clean_fixed31,relative_velocity,26,20260817,4,R1->R2,TSAL20260610_0830_forgetAndForgetFree001,TSAL20260626_0830_forgetAndForgetFree001,20260610,20260626,31,0.2892289041614453
dropout_clean_fixed31,relative_velocity,26,20260817,4,R2->R1,TSAL20260610_0830_forgetAndForgetFree001,TSAL20260626_0830_forgetAndForgetFree001,20260610,20260626,31,0.3254374622107007
dropout_clean_fixed31,relative_velocity,26,20260817,5,R1->R2,TSAL20260610_0830_forgetAndForgetFree001,TSAL20260627_0830_forgetAndForgetFree001,20260610,20260627,31,0.3380140762770145
dropout_clean_fixed31,relative_velocity,26,20260817,5,R2->R1,TSAL20260610_0830_forgetAndForgetFree001,TSAL20260627_0830_forgetAndForgetFree001,20260610,20260627,31,0.4484976544225509
dropout_clean_fixed31,relative_velocity,26,20260817,6,R1->R2,TSAL20260610_0830_forgetAndForgetFree001,TSAL20260628_0830_forgetAndForgetFree001,20260610,20260628,31,0.3597523268905944
dropout_clean_fixed31,relative_velocity,26,20260817,6,R2->R1,TSAL20260610_0830_forgetAndForgetFree001,TSAL20260628_0830_forgetAndForgetFree001,20260610,20260628,31,0.5114486449653447
dropout_clean_fixed31,relative_velocity,26,20260817,7,R1->R2,TSAL20260611_0830_forgetAndForgetFree001,TSAL20260626_0830_forgetAndForgetFree001,20260611,20260626,31,0.3326011651670867
dropout_clean_fixed31,relative_velocity,26,20260817,7,R2->R1,TSAL20260611_0830_forgetAndForgetFree001,TSAL20260626_0830_forgetAndForgetFree001,20260611,20260626,31,0.20972599300316555
dropout_clean_fixed31,relative_velocity,26,20260817,8,R1->R2,TSAL20260611_0830_forgetAndForgetFree001,TSAL20260627_0830_forgetAndForgetFree001,20260611,20260627,31,0.2624293899810323
dropout_clean_fixed31,relative_velocity,26,20260817,8,R2->R1,TSAL20260611_0830_forgetAndForgetFree001,TSAL20260627_0830_forgetAndForgetFree001,20260611,20260627,31,0.11239094322675218
dropout_clean_fixed31,relative_velocity,26,20260817,9,R1->R2,TSAL20260611_0830_forgetAndForgetFree001,TSAL20260628_0830_forgetAndForgetFree001,20260611,20260628,31,0.2283006804149695
dropout_clean_fixed31,relative_velocity,26,20260817,9,R2->R1,TSAL20260611_0830_forgetAndForgetFree001,TSAL20260628_0830_forgetAndForgetFree001,20260611,20260628,31,0.40988874386842705
dropout_clean_fixed31,relative_velocity,27,20260817,1,R1->R2,TSAL20260609_0830_forgetAndForgetFree001,TSAL20260626_0830_forgetAndForgetFree001,20260609,20260626,31,0.3857536308008835
dropout_clean_fixed31,relative_velocity,27,20260817,1,R2->R1,TSAL20260609_0830_forgetAndForgetFree001,TSAL20260626_0830_forgetAndForgetFree001,20260609,20260626,31,0.25454282616989254
dropout_clean_fixed31,relative_velocity,27,20260817,2,R1->R2,TSAL20260609_0830_forgetAndForgetFree001,TSAL20260627_0830_forgetAndForgetFree001,20260609,20260627,31,0.2612959233936406
dropout_clean_fixed31,relative_velocity,27,20260817,2,R2->R1,TSAL20260609_0830_forgetAndForgetFree001,TSAL20260627_0830_forgetAndForgetFree001,20260609,20260627,31,0.1361054862289448
dropout_clean_fixed31,relative_velocity,27,20260817,3,R1->R2,TSAL20260609_0830_forgetAndForgetFree001,TSAL20260628_0830_forgetAndForgetFree001,20260609,20260628,31,0.36854136813040295
dropout_clean_fixed31,relative_velocity,27,20260817,3,R2->R1,TSAL20260609_0830_forgetAndForgetFree001,TSAL20260628_0830_forgetAndForgetFree001,20260609,20260628,31,0.36285922355085654
dropout_clean_fixed31,relative_velocity,27,20260817,4,R1->R2,TSAL20260610_0830_forgetAndForgetFree001,TSAL20260626_0830_forgetAndForgetFree001,20260610,20260626,31,0.25148392357536636
dropout_clean_fixed31,relative_velocity,27,20260817,4,R2->R1,TSAL20260610_0830_forgetAndForgetFree001,TSAL20260626_0830_forgetAndForgetFree001,20260610,20260626,31,0.3871004396355126
dropout_clean_fixed31,relative_velocity,27,20260817,5,R1->R2,TSAL20260610_0830_forgetAndForgetFree001,TSAL20260627_0830_forgetAndForgetFree001,20260610,20260627,31,0.22513050041155094
dropout_clean_fixed31,relative_velocity,27,20260817,5,R2->R1,TSAL20260610_0830_forgetAndForgetFree001,TSAL20260627_0830_forgetAndForgetFree001,20260610,20260627,31,0.1078504420769483
dropout_clean_fixed31,relative_velocity,27,20260817,6,R1->R2,TSAL20260610_0830_forgetAndForgetFree001,TSAL20260628_0830_forgetAndForgetFree001,20260610,20260628,31,0.28433220358680755
dropout_clean_fixed31,relative_velocity,27,20260817,6,R2->R1,TSAL20260610_0830_forgetAndForgetFree001,TSAL20260628_0830_forgetAndForgetFree001,20260610,20260628,31,0.4972584319232624
dropout_clean_fixed31,relative_velocity,27,20260817,7,R1->R2,TSAL20260611_0830_forgetAndForgetFree001,TSAL20260626_0830_forgetAndForgetFree001,20260611,20260626,31,0.28888043181536766
dropout_clean_fixed31,relative_velocity,27,20260817,7,R2->R1,TSAL20260611_0830_forgetAndForgetFree001,TSAL20260626_0830_forgetAndForgetFree001,20260611,20260626,31,0.27808306057647886
dropout_clean_fixed31,relative_velocity,27,20260817,8,R1->R2,TSAL20260611_0830_forgetAndForgetFree001,TSAL20260627_0830_forgetAndForgetFree001,20260611,20260627,31,0.26840914426430174
dropout_clean_fixed31,relative_velocity,27,20260817,8,R2->R1,TSAL20260611_0830_forgetAndForgetFree001,TSAL20260627_0830_forgetAndForgetFree001,20260611,20260627,31,0.216520137252472
dropout_clean_fixed31,relative_velocity,27,20260817,9,R1->R2,TSAL20260611_0830_forgetAndForgetFree001,TSAL20260628_0830_forgetAndForgetFree001,20260611,20260628,31,0.2877865150956779
dropout_clean_fixed31,relative_velocity,27,20260817,9,R2->R1,TSAL20260611_0830_forgetAndForgetFree001,TSAL20260628_0830_forgetAndForgetFree001,20260611,20260628,31,0.29219904050870665
dropout_clean_fixed31,relative_velocity,28,20260817,1,R1->R2,TSAL20260609_0830_forgetAndForgetFree001,TSAL20260626_0830_forgetAndForgetFree001,20260609,20260626,31,0.39844370380558364
dropout_clean_fixed31,relative_velocity,28,20260817,1,R2->R1,TSAL20260609_0830_forgetAndForgetFree001,TSAL20260626_0830_forgetAndForgetFree001,20260609,20260626,31,0.37919024812254637
dropout_clean_fixed31,relative_velocity,28,20260817,2,R1->R2,TSAL20260609_0830_forgetAndForgetFree001,TSAL20260627_0830_forgetAndForgetFree001,20260609,20260627,31,0.25276541391802865
dropout_clean_fixed31,relative_velocity,28,20260817,2,R2->R1,TSAL20260609_0830_forgetAndForgetFree001,TSAL20260627_0830_forgetAndForgetFree001,20260609,20260627,31,0.25019294263676595
dropout_clean_fixed31,relative_velocity,28,20260817,3,R1->R2,TSAL20260609_0830_forgetAndForgetFree001,TSAL20260628_0830_forgetAndForgetFree001,20260609,20260628,31,0.38050936638938065
dropout_clean_fixed31,relative_velocity,28,20260817,3,R2->R1,TSAL20260609_0830_forgetAndForgetFree001,TSAL20260628_0830_forgetAndForgetFree001,20260609,20260628,31,0.43750530073964633
dropout_clean_fixed31,relative_velocity,28,20260817,4,R1->R2,TSAL20260610_0830_forgetAndForgetFree001,TSAL20260626_0830_forgetAndForgetFree001,20260610,20260626,31,0.3410163725342941
dropout_clean_fixed31,relative_velocity,28,20260817,4,R2->R1,TSAL20260610_0830_forgetAndForgetFree001,TSAL20260626_0830_forgetAndForgetFree001,20260610,20260626,31,0.35860724287964374
dropout_clean_fixed31,relative_velocity,28,20260817,5,R1->R2,TSAL20260610_0830_forgetAndForgetFree001,TSAL20260627_0830_forgetAndForgetFree001,20260610,20260627,31,0.3437053832627006
dropout_clean_fixed31,relative_velocity,28,20260817,5,R2->R1,TSAL20260610_0830_forgetAndForgetFree001,TSAL20260627_0830_forgetAndForgetFree001,20260610,20260627,31,0.3263721094416999
dropout_clean_fixed31,relative_velocity,28,20260817,6,R1->R2,TSAL20260610_0830_forgetAndForgetFree001,TSAL20260628_0830_forgetAndForgetFree001,20260610,20260628,31,0.3118911661905616
dropout_clean_fixed31,relative_velocity,28,20260817,6,R2->R1,TSAL20260610_0830_forgetAndForgetFree001,TSAL20260628_0830_forgetAndForgetFree001,20260610,20260628,31,0.46646482471353906
dropout_clean_fixed31,relative_velocity,28,20260817,7,R1->R2,TSAL20260611_0830_forgetAndForgetFree001,TSAL20260626_0830_forgetAndForgetFree001,20260611,20260626,31,0.40139311902525
dropout_clean_fixed31,relative_velocity,28,20260817,7,R2->R1,TSAL20260611_0830_forgetAndForgetFree001,TSAL20260626_0830_forgetAndForgetFree001,20260611,20260626,31,0.2485800738432023
dropout_clean_fixed31,relative_velocity,28,20260817,8,R1->R2,TSAL20260611_0830_forgetAndForgetFree001,TSAL20260627_0830_forgetAndForgetFree001,20260611,20260627,31,0.22164149865881203
dropout_clean_fixed31,relative_velocity,28,20260817,8,R2->R1,TSAL20260611_0830_forgetAndForgetFree001,TSAL20260627_0830_forgetAndForgetFree001,20260611,20260627,31,0.1709382405464887
dropout_clean_fixed31,relative_velocity,28,20260817,9,R1->R2,TSAL20260611_0830_forgetAndForgetFree001,TSAL20260628_0830_forgetAndForgetFree001,20260611,20260628,31,0.3969619601132879
dropout_clean_fixed31,relative_velocity,28,20260817,9,R2->R1,TSAL20260611_0830_forgetAndForgetFree001,TSAL20260628_0830_forgetAndForgetFree001,20260611,20260628,31,0.2526511715494002
dropout_clean_fixed31,relative_velocity,29,20260817,1,R1->R2,TSAL20260609_0830_forgetAndForgetFree001,TSAL20260626_0830_forgetAndForgetFree001,20260609,20260626,31,0.3225859398239637
dropout_clean_fixed31,relative_velocity,29,20260817,1,R2->R1,TSAL20260609_0830_forgetAndForgetFree001,TSAL20260626_0830_forgetAndForgetFree001,20260609,20260626,31,0.3369165957738303
dropout_clean_fixed31,relative_velocity,29,20260817,2,R1->R2,TSAL20260609_0830_forgetAndForgetFree001,TSAL20260627_0830_forgetAndForgetFree001,20260609,20260627,31,0.31643374376529254
dropout_clean_fixed31,relative_velocity,29,20260817,2,R2->R1,TSAL20260609_0830_forgetAndForgetFree001,TSAL20260627_0830_forgetAndForgetFree001,20260609,20260627,31,0.27414698845602786
dropout_clean_fixed31,relative_velocity,29,20260817,3,R1->R2,TSAL20260609_0830_forgetAndForgetFree001,TSAL20260628_0830_forgetAndForgetFree001,20260609,20260628,31,0.2806365267711062
dropout_clean_fixed31,relative_velocity,29,20260817,3,R2->R1,TSAL20260609_0830_forgetAndForgetFree001,TSAL20260628_0830_forgetAndForgetFree001,20260609,20260628,31,0.34492459513352575
dropout_clean_fixed31,relative_velocity,29,20260817,4,R1->R2,TSAL20260610_0830_forgetAndForgetFree001,TSAL20260626_0830_forgetAndForgetFree001,20260610,20260626,31,0.27638560096345766
dropout_clean_fixed31,relative_velocity,29,20260817,4,R2->R1,TSAL20260610_0830_forgetAndForgetFree001,TSAL20260626_0830_forgetAndForgetFree001,20260610,20260626,31,0.346219955530371
dropout_clean_fixed31,relative_velocity,29,20260817,5,R1->R2,TSAL20260610_0830_forgetAndForgetFree001,TSAL20260627_0830_forgetAndForgetFree001,20260610,20260627,31,0.27439078294000135
dropout_clean_fixed31,relative_velocity,29,20260817,5,R2->R1,TSAL20260610_0830_forgetAndForgetFree001,TSAL20260627_0830_forgetAndForgetFree001,20260610,20260627,31,0.27048226253481994
dropout_clean_fixed31,relative_velocity,29,20260817,6,R1->R2,TSAL20260610_0830_forgetAndForgetFree001,TSAL20260628_0830_forgetAndForgetFree001,20260610,20260628,31,0.2795988521201071
dropout_clean_fixed31,relative_velocity,29,20260817,6,R2->R1,TSAL20260610_0830_forgetAndForgetFree001,TSAL20260628_0830_forgetAndForgetFree001,20260610,20260628,31,0.45213427805671613
dropout_clean_fixed31,relative_velocity,29,20260817,7,R1->R2,TSAL20260611_0830_forgetAndForgetFree001,TSAL20260626_0830_forgetAndForgetFree001,20260611,20260626,31,0.24844883535576961
dropout_clean_fixed31,relative_velocity,29,20260817,7,R2->R1,TSAL20260611_0830_forgetAndForgetFree001,TSAL20260626_0830_forgetAndForgetFree001,20260611,20260626,31,0.18278436163806736
dropout_clean_fixed31,relative_velocity,29,20260817,8,R1->R2,TSAL20260611_0830_forgetAndForgetFree001,TSAL20260627_0830_forgetAndForgetFree001,20260611,20260627,31,0.33183473928233964
dropout_clean_fixed31,relative_velocity,29,20260817,8,R2->R1,TSAL20260611_0830_forgetAndForgetFree001,TSAL20260627_0830_forgetAndForgetFree001,20260611,20260627,31,0.21074131397571308
dropout_clean_fixed31,relative_velocity,29,20260817,9,R1->R2,TSAL20260611_0830_forgetAndForgetFree001,TSAL20260628_0830_forgetAndForgetFree001,20260611,20260628,31,0.2991542812733558
dropout_clean_fixed31,relative_velocity,29,20260817,9,R2->R1,TSAL20260611_0830_forgetAndForgetFree001,TSAL20260628_0830_forgetAndForgetFree001,20260611,20260628,31,0.22714881180630694
dropout_clean_fixed31,relative_velocity,30,20260817,1,R1->R2,TSAL20260609_0830_forgetAndForgetFree001,TSAL20260626_0830_forgetAndForgetFree001,20260609,20260626,31,0.4593995436888316
dropout_clean_fixed31,relative_velocity,30,20260817,1,R2->R1,TSAL20260609_0830_forgetAndForgetFree001,TSAL20260626_0830_forgetAndForgetFree001,20260609,20260626,31,0.4585336899790063
dropout_clean_fixed31,relative_velocity,30,20260817,2,R1->R2,TSAL20260609_0830_forgetAndForgetFree001,TSAL20260627_0830_forgetAndForgetFree001,20260609,20260627,31,0.266659028540469
dropout_clean_fixed31,relative_velocity,30,20260817,2,R2->R1,TSAL20260609_0830_forgetAndForgetFree001,TSAL20260627_0830_forgetAndForgetFree001,20260609,20260627,31,0.26729915462553194
dropout_clean_fixed31,relative_velocity,30,20260817,3,R1->R2,TSAL20260609_0830_forgetAndForgetFree001,TSAL20260628_0830_forgetAndForgetFree001,20260609,20260628,31,0.388248087692705
dropout_clean_fixed31,relative_velocity,30,20260817,3,R2->R1,TSAL20260609_0830_forgetAndForgetFree001,TSAL20260628_0830_forgetAndForgetFree001,20260609,20260628,31,0.4287079715323472
dropout_clean_fixed31,relative_velocity,30,20260817,4,R1->R2,TSAL20260610_0830_forgetAndForgetFree001,TSAL20260626_0830_forgetAndForgetFree001,20260610,20260626,31,0.37008151024086194
dropout_clean_fixed31,relative_velocity,30,20260817,4,R2->R1,TSAL20260610_0830_forgetAndForgetFree001,TSAL20260626_0830_forgetAndForgetFree001,20260610,20260626,31,0.31893855310017794
dropout_clean_fixed31,relative_velocity,30,20260817,5,R1->R2,TSAL20260610_0830_forgetAndForgetFree001,TSAL20260627_0830_forgetAndForgetFree001,20260610,20260627,31,0.2537501053573828
dropout_clean_fixed31,relative_velocity,30,20260817,5,R2->R1,TSAL20260610_0830_forgetAndForgetFree001,TSAL20260627_0830_forgetAndForgetFree001,20260610,20260627,31,0.15045520856429012
dropout_clean_fixed31,relative_velocity,30,20260817,6,R1->R2,TSAL20260610_0830_forgetAndForgetFree001,TSAL20260628_0830_forgetAndForgetFree001,20260610,20260628,31,0.24500556079968802
dropout_clean_fixed31,relative_velocity,30,20260817,6,R2->R1,TSAL20260610_0830_forgetAndForgetFree001,TSAL20260628_0830_forgetAndForgetFree001,20260610,20260628,31,0.43713571307331955
dropout_clean_fixed31,relative_velocity,30,20260817,7,R1->R2,TSAL20260611_0830_forgetAndForgetFree001,TSAL20260626_0830_forgetAndForgetFree001,20260611,20260626,31,0.31198473313296465
dropout_clean_fixed31,relative_velocity,30,20260817,7,R2->R1,TSAL20260611_0830_forgetAndForgetFree001,TSAL20260626_0830_forgetAndForgetFree001,20260611,20260626,31,0.2200106089906674
dropout_clean_fixed31,relative_velocity,30,20260817,8,R1->R2,TSAL20260611_0830_forgetAndForgetFree001,TSAL20260627_0830_forgetAndForgetFree001,20260611,20260627,31,0.14332255168793268
dropout_clean_fixed31,relative_velocity,30,20260817,8,R2->R1,TSAL20260611_0830_forgetAndForgetFree001,TSAL20260627_0830_forgetAndForgetFree001,20260611,20260627,31,0.10674026128638041
dropout_clean_fixed31,relative_velocity,30,20260817,9,R1->R2,TSAL20260611_0830_forgetAndForgetFree001,TSAL20260628_0830_forgetAndForgetFree001,20260611,20260628,31,0.2622017447757322
dropout_clean_fixed31,relative_velocity,30,20260817,9,R2->R1,TSAL20260611_0830_forgetAndForgetFree001,TSAL20260628_0830_forgetAndForgetFree001,20260611,20260628,31,0.36100702652384725
dropout_clean_fixed31,relative_velocity,31,20260817,1,R1->R2,TSAL20260609_0830_forgetAndForgetFree001,TSAL20260626_0830_forgetAndForgetFree001,20260609,20260626,31,0.35985411261932887
dropout_clean_fixed31,relative_velocity,31,20260817,1,R2->R1,TSAL20260609_0830_forgetAndForgetFree001,TSAL20260626_0830_forgetAndForgetFree001,20260609,20260626,31,0.3059177527485428
dropout_clean_fixed31,relative_velocity,31,20260817,2,R1->R2,TSAL20260609_0830_forgetAndForgetFree001,TSAL20260627_0830_forgetAndForgetFree001,20260609,20260627,31,0.27092295022391705
dropout_clean_fixed31,relative_velocity,31,20260817,2,R2->R1,TSAL20260609_0830_forgetAndForgetFree001,TSAL20260627_0830_forgetAndForgetFree001,20260609,20260627,31,0.14358094107186922
dropout_clean_fixed31,relative_velocity,31,20260817,3,R1->R2,TSAL20260609_0830_forgetAndForgetFree001,TSAL20260628_0830_forgetAndForgetFree001,20260609,20260628,31,0.3803787596767966
dropout_clean_fixed31,relative_velocity,31,20260817,3,R2->R1,TSAL20260609_0830_forgetAndForgetFree001,TSAL20260628_0830_forgetAndForgetFree001,20260609,20260628,31,0.4550114762490371
dropout_clean_fixed31,relative_velocity,31,20260817,4,R1->R2,TSAL20260610_0830_forgetAndForgetFree001,TSAL20260626_0830_forgetAndForgetFree001,20260610,20260626,31,0.33335255469118086
dropout_clean_fixed31,relative_velocity,31,20260817,4,R2->R1,TSAL20260610_0830_forgetAndForgetFree001,TSAL20260626_0830_forgetAndForgetFree001,20260610,20260626,31,0.35812752582514334
dropout_clean_fixed31,relative_velocity,31,20260817,5,R1->R2,TSAL20260610_0830_forgetAndForgetFree001,TSAL20260627_0830_forgetAndForgetFree001,20260610,20260627,31,0.15252582564287995
dropout_clean_fixed31,relative_velocity,31,20260817,5,R2->R1,TSAL20260610_0830_forgetAndForgetFree001,TSAL20260627_0830_forgetAndForgetFree001,20260610,20260627,31,0.06703983833670997
dropout_clean_fixed31,relative_velocity,31,20260817,6,R1->R2,TSAL20260610_0830_forgetAndForgetFree001,TSAL20260628_0830_forgetAndForgetFree001,20260610,20260628,31,0.260625996554962
dropout_clean_fixed31,relative_velocity,31,20260817,6,R2->R1,TSAL20260610_0830_forgetAndForgetFree001,TSAL20260628_0830_forgetAndForgetFree001,20260610,20260628,31,0.3107605948690129
dropout_clean_fixed31,relative_velocity,31,20260817,7,R1->R2,TSAL20260611_0830_forgetAndForgetFree001,TSAL20260626_0830_forgetAndForgetFree001,20260611,20260626,31,0.27129640793456733
dropout_clean_fixed31,relative_velocity,31,20260817,7,R2->R1,TSAL20260611_0830_forgetAndForgetFree001,TSAL20260626_0830_forgetAndForgetFree001,20260611,20260626,31,0.21839789245353275
dropout_clean_fixed31,relative_velocity,31,20260817,8,R1->R2,TSAL20260611_0830_forgetAndForgetFree001,TSAL20260627_0830_forgetAndForgetFree001,20260611,20260627,31,0.31685864906470684
dropout_clean_fixed31,relative_velocity,31,20260817,8,R2->R1,TSAL20260611_0830_forgetAndForgetFree001,TSAL20260627_0830_forgetAndForgetFree001,20260611,20260627,31,0.31438977646995797
dropout_clean_fixed31,relative_velocity,31,20260817,9,R1->R2,TSAL20260611_0830_forgetAndForgetFree001,TSAL20260628_0830_forgetAndForgetFree001,20260611,20260628,31,0.26804041865096534
dropout_clean_fixed31,relative_velocity,31,20260817,9,R2->R1,TSAL20260611_0830_forgetAndForgetFree001,TSAL20260628_0830_forgetAndForgetFree001,20260611,20260628,31,0.33056412649719424
dropout_clean_fixed31,relative_velocity,32,20260817,1,R1->R2,TSAL20260609_0830_forgetAndForgetFree001,TSAL20260626_0830_forgetAndForgetFree001,20260609,20260626,31,0.3415697301440467
dropout_clean_fixed31,relative_velocity,32,20260817,1,R2->R1,TSAL20260609_0830_forgetAndForgetFree001,TSAL20260626_0830_forgetAndForgetFree001,20260609,20260626,31,0.34827149605980884
dropout_clean_fixed31,relative_velocity,32,20260817,2,R1->R2,TSAL20260609_0830_forgetAndForgetFree001,TSAL20260627_0830_forgetAndForgetFree001,20260609,20260627,31,0.3325334685804781
dropout_clean_fixed31,relative_velocity,32,20260817,2,R2->R1,TSAL20260609_0830_forgetAndForgetFree001,TSAL20260627_0830_forgetAndForgetFree001,20260609,20260627,31,0.21486160815615013
dropout_clean_fixed31,relative_velocity,32,20260817,3,R1->R2,TSAL20260609_0830_forgetAndForgetFree001,TSAL20260628_0830_forgetAndForgetFree001,20260609,20260628,31,0.32967494189192686
dropout_clean_fixed31,relative_velocity,32,20260817,3,R2->R1,TSAL20260609_0830_forgetAndForgetFree001,TSAL20260628_0830_forgetAndForgetFree001,20260609,20260628,31,0.2996674367477554
dropout_clean_fixed31,relative_velocity,32,20260817,4,R1->R2,TSAL20260610_0830_forgetAndForgetFree001,TSAL20260626_0830_forgetAndForgetFree001,20260610,20260626,31,0.3222503041892741
dropout_clean_fixed31,relative_velocity,32,20260817,4,R2->R1,TSAL20260610_0830_forgetAndForgetFree001,TSAL20260626_0830_forgetAndForgetFree001,20260610,20260626,31,0.27990921152473824
dropout_clean_fixed31,relative_velocity,32,20260817,5,R1->R2,TSAL20260610_0830_forgetAndForgetFree001,TSAL20260627_0830_forgetAndForgetFree001,20260610,20260627,31,0.2373756370461763
dropout_clean_fixed31,relative_velocity,32,20260817,5,R2->R1,TSAL20260610_0830_forgetAndForgetFree001,TSAL20260627_0830_forgetAndForgetFree001,20260610,20260627,31,0.10118689046670137
dropout_clean_fixed31,relative_velocity,32,20260817,6,R1->R2,TSAL20260610_0830_forgetAndForgetFree001,TSAL20260628_0830_forgetAndForgetFree001,20260610,20260628,31,0.32220376866497685
dropout_clean_fixed31,relative_velocity,32,20260817,6,R2->R1,TSAL20260610_0830_forgetAndForgetFree001,TSAL20260628_0830_forgetAndForgetFree001,20260610,20260628,31,0.43575566787501796
dropout_clean_fixed31,relative_velocity,32,20260817,7,R1->R2,TSAL20260611_0830_forgetAndForgetFree001,TSAL20260626_0830_forgetAndForgetFree001,20260611,20260626,31,0.31991336428784495
dropout_clean_fixed31,relative_velocity,32,20260817,7,R2->R1,TSAL20260611_0830_forgetAndForgetFree001,TSAL20260626_0830_forgetAndForgetFree001,20260611,20260626,31,0.26152052772228207
dropout_clean_fixed31,relative_velocity,32,20260817,8,R1->R2,TSAL20260611_0830_forgetAndForgetFree001,TSAL20260627_0830_forgetAndForgetFree001,20260611,20260627,31,0.221832677242402
dropout_clean_fixed31,relative_velocity,32,20260817,8,R2->R1,TSAL20260611_0830_forgetAndForgetFree001,TSAL20260627_0830_forgetAndForgetFree001,20260611,20260627,31,0.20128782413711688
dropout_clean_fixed31,relative_velocity,32,20260817,9,R1->R2,TSAL20260611_0830_forgetAndForgetFree001,TSAL20260628_0830_forgetAndForgetFree001,20260611,20260628,31,0.3050836478992152
dropout_clean_fixed31,relative_velocity,32,20260817,9,R2->R1,TSAL20260611_0830_forgetAndForgetFree001,TSAL20260628_0830_forgetAndForgetFree001,20260611,20260628,31,0.33722087139480933
dropout_clean_fixed31,relative_velocity,33,20260817,1,R1->R2,TSAL20260609_0830_forgetAndForgetFree001,TSAL20260626_0830_forgetAndForgetFree001,20260609,20260626,31,0.3666235945952086
dropout_clean_fixed31,relative_velocity,33,20260817,1,R2->R1,TSAL20260609_0830_forgetAndForgetFree001,TSAL20260626_0830_forgetAndForgetFree001,20260609,20260626,31,0.4165717863537117
dropout_clean_fixed31,relative_velocity,33,20260817,2,R1->R2,TSAL20260609_0830_forgetAndForgetFree001,TSAL20260627_0830_forgetAndForgetFree001,20260609,20260627,31,0.2552325942999906
dropout_clean_fixed31,relative_velocity,33,20260817,2,R2->R1,TSAL20260609_0830_forgetAndForgetFree001,TSAL20260627_0830_forgetAndForgetFree001,20260609,20260627,31,0.22387915702470668
dropout_clean_fixed31,relative_velocity,33,20260817,3,R1->R2,TSAL20260609_0830_forgetAndForgetFree001,TSAL20260628_0830_forgetAndForgetFree001,20260609,20260628,31,0.2579982604375047
dropout_clean_fixed31,relative_velocity,33,20260817,3,R2->R1,TSAL20260609_0830_forgetAndForgetFree001,TSAL20260628_0830_forgetAndForgetFree001,20260609,20260628,31,0.33769621291030294
dropout_clean_fixed31,relative_velocity,33,20260817,4,R1->R2,TSAL20260610_0830_forgetAndForgetFree001,TSAL20260626_0830_forgetAndForgetFree001,20260610,20260626,31,0.32335605933059464
dropout_clean_fixed31,relative_velocity,33,20260817,4,R2->R1,TSAL20260610_0830_forgetAndForgetFree001,TSAL20260626_0830_forgetAndForgetFree001,20260610,20260626,31,0.34874295213247447
dropout_clean_fixed31,relative_velocity,33,20260817,5,R1->R2,TSAL20260610_0830_forgetAndForgetFree001,TSAL20260627_0830_forgetAndForgetFree001,20260610,20260627,31,0.25493280237511246
dropout_clean_fixed31,relative_velocity,33,20260817,5,R2->R1,TSAL20260610_0830_forgetAndForgetFree001,TSAL20260627_0830_forgetAndForgetFree001,20260610,20260627,31,0.48201725978799803
dropout_clean_fixed31,relative_velocity,33,20260817,6,R1->R2,TSAL20260610_0830_forgetAndForgetFree001,TSAL20260628_0830_forgetAndForgetFree001,20260610,20260628,31,0.34454985732445376
dropout_clean_fixed31,relative_velocity,33,20260817,6,R2->R1,TSAL20260610_0830_forgetAndForgetFree001,TSAL20260628_0830_forgetAndForgetFree001,20260610,20260628,31,0.2726246542071416
dropout_clean_fixed31,relative_velocity,33,20260817,7,R1->R2,TSAL20260611_0830_forgetAndForgetFree001,TSAL20260626_0830_forgetAndForgetFree001,20260611,20260626,31,0.2630013243347967
dropout_clean_fixed31,relative_velocity,33,20260817,7,R2->R1,TSAL20260611_0830_forgetAndForgetFree001,TSAL20260626_0830_forgetAndForgetFree001,20260611,20260626,31,0.1955822236459937
dropout_clean_fixed31,relative_velocity,33,20260817,8,R1->R2,TSAL20260611_0830_forgetAndForgetFree001,TSAL20260627_0830_forgetAndForgetFree001,20260611,20260627,31,0.269542339897495
dropout_clean_fixed31,relative_velocity,33,20260817,8,R2->R1,TSAL20260611_0830_forgetAndForgetFree001,TSAL20260627_0830_forgetAndForgetFree001,20260611,20260627,31,0.16887320714030454
dropout_clean_fixed31,relative_velocity,33,20260817,9,R1->R2,TSAL20260611_0830_forgetAndForgetFree001,TSAL20260628_0830_forgetAndForgetFree001,20260611,20260628,31,0.24664365788407566
dropout_clean_fixed31,relative_velocity,33,20260817,9,R2->R1,TSAL20260611_0830_forgetAndForgetFree001,TSAL20260628_0830_forgetAndForgetFree001,20260611,20260628,31,0.33122673560799776
dropout_clean_fixed31,relative_velocity,34,20260817,1,R1->R2,TSAL20260609_0830_forgetAndForgetFree001,TSAL20260626_0830_forgetAndForgetFree001,20260609,20260626,31,0.41539450704012115
dropout_clean_fixed31,relative_velocity,34,20260817,1,R2->R1,TSAL20260609_0830_forgetAndForgetFree001,TSAL20260626_0830_forgetAndForgetFree001,20260609,20260626,31,0.3217638695367124
dropout_clean_fixed31,relative_velocity,34,20260817,2,R1->R2,TSAL20260609_0830_forgetAndForgetFree001,TSAL20260627_0830_forgetAndForgetFree001,20260609,20260627,31,0.3340148858538037
dropout_clean_fixed31,relative_velocity,34,20260817,2,R2->R1,TSAL20260609_0830_forgetAndForgetFree001,TSAL20260627_0830_forgetAndForgetFree001,20260609,20260627,31,0.1974493009800841
dropout_clean_fixed31,relative_velocity,34,20260817,3,R1->R2,TSAL20260609_0830_forgetAndForgetFree001,TSAL20260628_0830_forgetAndForgetFree001,20260609,20260628,31,0.30982884255552184
dropout_clean_fixed31,relative_velocity,34,20260817,3,R2->R1,TSAL20260609_0830_forgetAndForgetFree001,TSAL20260628_0830_forgetAndForgetFree001,20260609,20260628,31,0.3940205964550172
dropout_clean_fixed31,relative_velocity,34,20260817,4,R1->R2,TSAL20260610_0830_forgetAndForgetFree001,TSAL20260626_0830_forgetAndForgetFree001,20260610,20260626,31,0.3712957578838354
dropout_clean_fixed31,relative_velocity,34,20260817,4,R2->R1,TSAL20260610_0830_forgetAndForgetFree001,TSAL20260626_0830_forgetAndForgetFree001,20260610,20260626,31,0.28505229332692056
dropout_clean_fixed31,relative_velocity,34,20260817,5,R1->R2,TSAL20260610_0830_forgetAndForgetFree001,TSAL20260627_0830_forgetAndForgetFree001,20260610,20260627,31,0.3512019265291624
dropout_clean_fixed31,relative_velocity,34,20260817,5,R2->R1,TSAL20260610_0830_forgetAndForgetFree001,TSAL20260627_0830_forgetAndForgetFree001,20260610,20260627,31,0.31442278480439373
dropout_clean_fixed31,relative_velocity,34,20260817,6,R1->R2,TSAL20260610_0830_forgetAndForgetFree001,TSAL20260628_0830_forgetAndForgetFree001,20260610,20260628,31,0.3375482820519206
dropout_clean_fixed31,relative_velocity,34,20260817,6,R2->R1,TSAL20260610_0830_forgetAndForgetFree001,TSAL20260628_0830_forgetAndForgetFree001,20260610,20260628,31,0.4341702409778646
dropout_clean_fixed31,relative_velocity,34,20260817,7,R1->R2,TSAL20260611_0830_forgetAndForgetFree001,TSAL20260626_0830_forgetAndForgetFree001,20260611,20260626,31,0.3978129594269061
dropout_clean_fixed31,relative_velocity,34,20260817,7,R2->R1,TSAL20260611_0830_forgetAndForgetFree001,TSAL20260626_0830_forgetAndForgetFree001,20260611,20260626,31,0.2679822638245669
dropout_clean_fixed31,relative_velocity,34,20260817,8,R1->R2,TSAL20260611_0830_forgetAndForgetFree001,TSAL20260627_0830_forgetAndForgetFree001,20260611,20260627,31,0.1879902567486721
dropout_clean_fixed31,relative_velocity,34,20260817,8,R2->R1,TSAL20260611_0830_forgetAndForgetFree001,TSAL20260627_0830_forgetAndForgetFree001,20260611,20260627,31,0.27575768509500914
dropout_clean_fixed31,relative_velocity,34,20260817,9,R1->R2,TSAL20260611_0830_forgetAndForgetFree001,TSAL20260628_0830_forgetAndForgetFree001,20260611,20260628,31,0.12159214705777543
dropout_clean_fixed31,relative_velocity,34,20260817,9,R2->R1,TSAL20260611_0830_forgetAndForgetFree001,TSAL20260628_0830_forgetAndForgetFree001,20260611,20260628,31,0.2685986351620891
dropout_clean_fixed31,relative_velocity,35,20260817,1,R1->R2,TSAL20260609_0830_forgetAndForgetFree001,TSAL20260626_0830_forgetAndForgetFree001,20260609,20260626,31,0.3767411556098208
dropout_clean_fixed31,relative_velocity,35,20260817,1,R2->R1,TSAL20260609_0830_forgetAndForgetFree001,TSAL20260626_0830_forgetAndForgetFree001,20260609,20260626,31,0.37288592792384084
dropout_clean_fixed31,relative_velocity,35,20260817,2,R1->R2,TSAL20260609_0830_forgetAndForgetFree001,TSAL20260627_0830_forgetAndForgetFree001,20260609,20260627,31,0.3208892458002094
dropout_clean_fixed31,relative_velocity,35,20260817,2,R2->R1,TSAL20260609_0830_forgetAndForgetFree001,TSAL20260627_0830_forgetAndForgetFree001,20260609,20260627,31,0.27704666017137
dropout_clean_fixed31,relative_velocity,35,20260817,3,R1->R2,TSAL20260609_0830_forgetAndForgetFree001,TSAL20260628_0830_forgetAndForgetFree001,20260609,20260628,31,0.21133871098062817
dropout_clean_fixed31,relative_velocity,35,20260817,3,R2->R1,TSAL20260609_0830_forgetAndForgetFree001,TSAL20260628_0830_forgetAndForgetFree001,20260609,20260628,31,0.3316398829495276
dropout_clean_fixed31,relative_velocity,35,20260817,4,R1->R2,TSAL20260610_0830_forgetAndForgetFree001,TSAL20260626_0830_forgetAndForgetFree001,20260610,20260626,31,0.3379081145824333
dropout_clean_fixed31,relative_velocity,35,20260817,4,R2->R1,TSAL20260610_0830_forgetAndForgetFree001,TSAL20260626_0830_forgetAndForgetFree001,20260610,20260626,31,0.29315634190495904
dropout_clean_fixed31,relative_velocity,35,20260817,5,R1->R2,TSAL20260610_0830_forgetAndForgetFree001,TSAL20260627_0830_forgetAndForgetFree001,20260610,20260627,31,0.3548777761025146
dropout_clean_fixed31,relative_velocity,35,20260817,5,R2->R1,TSAL20260610_0830_forgetAndForgetFree001,TSAL20260627_0830_forgetAndForgetFree001,20260610,20260627,31,0.2864013126114704
dropout_clean_fixed31,relative_velocity,35,20260817,6,R1->R2,TSAL20260610_0830_forgetAndForgetFree001,TSAL20260628_0830_forgetAndForgetFree001,20260610,20260628,31,0.35405017595651544
dropout_clean_fixed31,relative_velocity,35,20260817,6,R2->R1,TSAL20260610_0830_forgetAndForgetFree001,TSAL20260628_0830_forgetAndForgetFree001,20260610,20260628,31,0.532241521606839
dropout_clean_fixed31,relative_velocity,35,20260817,7,R1->R2,TSAL20260611_0830_forgetAndForgetFree001,TSAL20260626_0830_forgetAndForgetFree001,20260611,20260626,31,0.3157280707692139
dropout_clean_fixed31,relative_velocity,35,20260817,7,R2->R1,TSAL20260611_0830_forgetAndForgetFree001,TSAL20260626_0830_forgetAndForgetFree001,20260611,20260626,31,0.25974232786778484
dropout_clean_fixed31,relative_velocity,35,20260817,8,R1->R2,TSAL20260611_0830_forgetAndForgetFree001,TSAL20260627_0830_forgetAndForgetFree001,20260611,20260627,31,0.20673873639481122
dropout_clean_fixed31,relative_velocity,35,20260817,8,R2->R1,TSAL20260611_0830_forgetAndForgetFree001,TSAL20260627_0830_forgetAndForgetFree001,20260611,20260627,31,0.14725428775096128
dropout_clean_fixed31,relative_velocity,35,20260817,9,R1->R2,TSAL20260611_0830_forgetAndForgetFree001,TSAL20260628_0830_forgetAndForgetFree001,20260611,20260628,31,0.29330264900962
dropout_clean_fixed31,relative_velocity,35,20260817,9,R2->R1,TSAL20260611_0830_forgetAndForgetFree001,TSAL20260628_0830_forgetAndForgetFree001,20260611,20260628,31,0.3683857020064939
dropout_clean_fixed31,relative_velocity,36,20260817,1,R1->R2,TSAL20260609_0830_forgetAndForgetFree001,TSAL20260626_0830_forgetAndForgetFree001,20260609,20260626,31,0.33454741192285864
dropout_clean_fixed31,relative_velocity,36,20260817,1,R2->R1,TSAL20260609_0830_forgetAndForgetFree001,TSAL20260626_0830_forgetAndForgetFree001,20260609,20260626,31,0.36400916520853543
dropout_clean_fixed31,relative_velocity,36,20260817,2,R1->R2,TSAL20260609_0830_forgetAndForgetFree001,TSAL20260627_0830_forgetAndForgetFree001,20260609,20260627,31,0.22408999399751753
dropout_clean_fixed31,relative_velocity,36,20260817,2,R2->R1,TSAL20260609_0830_forgetAndForgetFree001,TSAL20260627_0830_forgetAndForgetFree001,20260609,20260627,31,0.11461804254348758
dropout_clean_fixed31,relative_velocity,36,20260817,3,R1->R2,TSAL20260609_0830_forgetAndForgetFree001,TSAL20260628_0830_forgetAndForgetFree001,20260609,20260628,31,0.26550812858460565
dropout_clean_fixed31,relative_velocity,36,20260817,3,R2->R1,TSAL20260609_0830_forgetAndForgetFree001,TSAL20260628_0830_forgetAndForgetFree001,20260609,20260628,31,0.4181195825565985
dropout_clean_fixed31,relative_velocity,36,20260817,4,R1->R2,TSAL20260610_0830_forgetAndForgetFree001,TSAL20260626_0830_forgetAndForgetFree001,20260610,20260626,31,0.33907091365988823
dropout_clean_fixed31,relative_velocity,36,20260817,4,R2->R1,TSAL20260610_0830_forgetAndForgetFree001,TSAL20260626_0830_forgetAndForgetFree001,20260610,20260626,31,0.36868090349859617
dropout_clean_fixed31,relative_velocity,36,20260817,5,R1->R2,TSAL20260610_0830_forgetAndForgetFree001,TSAL20260627_0830_forgetAndForgetFree001,20260610,20260627,31,0.27680143345924685
dropout_clean_fixed31,relative_velocity,36,20260817,5,R2->R1,TSAL20260610_0830_forgetAndForgetFree001,TSAL20260627_0830_forgetAndForgetFree001,20260610,20260627,31,0.2728149171349
dropout_clean_fixed31,relative_velocity,36,20260817,6,R1->R2,TSAL20260610_0830_forgetAndForgetFree001,TSAL20260628_0830_forgetAndForgetFree001,20260610,20260628,31,0.28281011442667275
dropout_clean_fixed31,relative_velocity,36,20260817,6,R2->R1,TSAL20260610_0830_forgetAndForgetFree001,TSAL20260628_0830_forgetAndForgetFree001,20260610,20260628,31,0.4914351854625476
dropout_clean_fixed31,relative_velocity,36,20260817,7,R1->R2,TSAL20260611_0830_forgetAndForgetFree001,TSAL20260626_0830_forgetAndForgetFree001,20260611,20260626,31,0.16953279144583455
dropout_clean_fixed31,relative_velocity,36,20260817,7,R2->R1,TSAL20260611_0830_forgetAndForgetFree001,TSAL20260626_0830_forgetAndForgetFree001,20260611,20260626,31,0.21069616789383314
dropout_clean_fixed31,relative_velocity,36,20260817,8,R1->R2,TSAL20260611_0830_forgetAndForgetFree001,TSAL20260627_0830_forgetAndForgetFree001,20260611,20260627,31,0.15619260119486014
dropout_clean_fixed31,relative_velocity,36,20260817,8,R2->R1,TSAL20260611_0830_forgetAndForgetFree001,TSAL20260627_0830_forgetAndForgetFree001,20260611,20260627,31,0.09092812241132267
dropout_clean_fixed31,relative_velocity,36,20260817,9,R1->R2,TSAL20260611_0830_forgetAndForgetFree001,TSAL20260628_0830_forgetAndForgetFree001,20260611,20260628,31,0.26840132609251055
dropout_clean_fixed31,relative_velocity,36,20260817,9,R2->R1,TSAL20260611_0830_forgetAndForgetFree001,TSAL20260628_0830_forgetAndForgetFree001,20260611,20260628,31,0.32152210652456414
dropout_clean_fixed31,relative_velocity,37,20260817,1,R1->R2,TSAL20260609_0830_forgetAndForgetFree001,TSAL20260626_0830_forgetAndForgetFree001,20260609,20260626,31,0.3824076933999696
dropout_clean_fixed31,relative_velocity,37,20260817,1,R2->R1,TSAL20260609_0830_forgetAndForgetFree001,TSAL20260626_0830_forgetAndForgetFree001,20260609,20260626,31,0.3564084456393678
dropout_clean_fixed31,relative_velocity,37,20260817,2,R1->R2,TSAL20260609_0830_forgetAndForgetFree001,TSAL20260627_0830_forgetAndForgetFree001,20260609,20260627,31,0.29806804088138106
dropout_clean_fixed31,relative_velocity,37,20260817,2,R2->R1,TSAL20260609_0830_forgetAndForgetFree001,TSAL20260627_0830_forgetAndForgetFree001,20260609,20260627,31,0.2780195685869958
dropout_clean_fixed31,relative_velocity,37,20260817,3,R1->R2,TSAL20260609_0830_forgetAndForgetFree001,TSAL20260628_0830_forgetAndForgetFree001,20260609,20260628,31,0.3787702844710312
dropout_clean_fixed31,relative_velocity,37,20260817,3,R2->R1,TSAL20260609_0830_forgetAndForgetFree001,TSAL20260628_0830_forgetAndForgetFree001,20260609,20260628,31,0.42995235395147186
dropout_clean_fixed31,relative_velocity,37,20260817,4,R1->R2,TSAL20260610_0830_forgetAndForgetFree001,TSAL20260626_0830_forgetAndForgetFree001,20260610,20260626,31,0.3856183878946459
dropout_clean_fixed31,relative_velocity,37,20260817,4,R2->R1,TSAL20260610_0830_forgetAndForgetFree001,TSAL20260626_0830_forgetAndForgetFree001,20260610,20260626,31,0.26856485988106227
dropout_clean_fixed31,relative_velocity,37,20260817,5,R1->R2,TSAL20260610_0830_forgetAndForgetFree001,TSAL20260627_0830_forgetAndForgetFree001,20260610,20260627,31,0.22412600050731188
dropout_clean_fixed31,relative_velocity,37,20260817,5,R2->R1,TSAL20260610_0830_forgetAndForgetFree001,TSAL20260627_0830_forgetAndForgetFree001,20260610,20260627,31,0.24709224381519923
dropout_clean_fixed31,relative_velocity,37,20260817,6,R1->R2,TSAL20260610_0830_forgetAndForgetFree001,TSAL20260628_0830_forgetAndForgetFree001,20260610,20260628,31,0.3099874412237401
dropout_clean_fixed31,relative_velocity,37,20260817,6,R2->R1,TSAL20260610_0830_forgetAndForgetFree001,TSAL20260628_0830_forgetAndForgetFree001,20260610,20260628,31,0.43162037616377463
dropout_clean_fixed31,relative_velocity,37,20260817,7,R1->R2,TSAL20260611_0830_forgetAndForgetFree001,TSAL20260626_0830_forgetAndForgetFree001,20260611,20260626,31,0.37631534826807633
dropout_clean_fixed31,relative_velocity,37,20260817,7,R2->R1,TSAL20260611_0830_forgetAndForgetFree001,TSAL20260626_0830_forgetAndForgetFree001,20260611,20260626,31,0.2125996059906427
dropout_clean_fixed31,relative_velocity,37,20260817,8,R1->R2,TSAL20260611_0830_forgetAndForgetFree001,TSAL20260627_0830_forgetAndForgetFree001,20260611,20260627,31,0.15607707451003416
dropout_clean_fixed31,relative_velocity,37,20260817,8,R2->R1,TSAL20260611_0830_forgetAndForgetFree001,TSAL20260627_0830_forgetAndForgetFree001,20260611,20260627,31,0.28780317222998203
dropout_clean_fixed31,relative_velocity,37,20260817,9,R1->R2,TSAL20260611_0830_forgetAndForgetFree001,TSAL20260628_0830_forgetAndForgetFree001,20260611,20260628,31,0.15776177039340544
dropout_clean_fixed31,relative_velocity,37,20260817,9,R2->R1,TSAL20260611_0830_forgetAndForgetFree001,TSAL20260628_0830_forgetAndForgetFree001,20260611,20260628,31,0.3095870511630541
dropout_clean_fixed31,relative_velocity,38,20260817,1,R1->R2,TSAL20260609_0830_forgetAndForgetFree001,TSAL20260626_0830_forgetAndForgetFree001,20260609,20260626,31,0.2963501866049268
dropout_clean_fixed31,relative_velocity,38,20260817,1,R2->R1,TSAL20260609_0830_forgetAndForgetFree001,TSAL20260626_0830_forgetAndForgetFree001,20260609,20260626,31,0.2800713670989503
dropout_clean_fixed31,relative_velocity,38,20260817,2,R1->R2,TSAL20260609_0830_forgetAndForgetFree001,TSAL20260627_0830_forgetAndForgetFree001,20260609,20260627,31,0.24627462142227505
dropout_clean_fixed31,relative_velocity,38,20260817,2,R2->R1,TSAL20260609_0830_forgetAndForgetFree001,TSAL20260627_0830_forgetAndForgetFree001,20260609,20260627,31,0.30672662219928015
dropout_clean_fixed31,relative_velocity,38,20260817,3,R1->R2,TSAL20260609_0830_forgetAndForgetFree001,TSAL20260628_0830_forgetAndForgetFree001,20260609,20260628,31,0.21829997671116624
dropout_clean_fixed31,relative_velocity,38,20260817,3,R2->R1,TSAL20260609_0830_forgetAndForgetFree001,TSAL20260628_0830_forgetAndForgetFree001,20260609,20260628,31,0.3481440145696414
dropout_clean_fixed31,relative_velocity,38,20260817,4,R1->R2,TSAL20260610_0830_forgetAndForgetFree001,TSAL20260626_0830_forgetAndForgetFree001,20260610,20260626,31,0.2828790745208688
dropout_clean_fixed31,relative_velocity,38,20260817,4,R2->R1,TSAL20260610_0830_forgetAndForgetFree001,TSAL20260626_0830_forgetAndForgetFree001,20260610,20260626,31,0.39317668553670204
dropout_clean_fixed31,relative_velocity,38,20260817,5,R1->R2,TSAL20260610_0830_forgetAndForgetFree001,TSAL20260627_0830_forgetAndForgetFree001,20260610,20260627,31,0.32864663562618707
dropout_clean_fixed31,relative_velocity,38,20260817,5,R2->R1,TSAL20260610_0830_forgetAndForgetFree001,TSAL20260627_0830_forgetAndForgetFree001,20260610,20260627,31,0.279386137297045
dropout_clean_fixed31,relative_velocity,38,20260817,6,R1->R2,TSAL20260610_0830_forgetAndForgetFree001,TSAL20260628_0830_forgetAndForgetFree001,20260610,20260628,31,0.27074057167421944
dropout_clean_fixed31,relative_velocity,38,20260817,6,R2->R1,TSAL20260610_0830_forgetAndForgetFree001,TSAL20260628_0830_forgetAndForgetFree001,20260610,20260628,31,0.4122745392307649
dropout_clean_fixed31,relative_velocity,38,20260817,7,R1->R2,TSAL20260611_0830_forgetAndForgetFree001,TSAL20260626_0830_forgetAndForgetFree001,20260611,20260626,31,0.20331353672893443
dropout_clean_fixed31,relative_velocity,38,20260817,7,R2->R1,TSAL20260611_0830_forgetAndForgetFree001,TSAL20260626_0830_forgetAndForgetFree001,20260611,20260626,31,0.19406961498056308
dropout_clean_fixed31,relative_velocity,38,20260817,8,R1->R2,TSAL20260611_0830_forgetAndForgetFree001,TSAL20260627_0830_forgetAndForgetFree001,20260611,20260627,31,0.2383061547044952
dropout_clean_fixed31,relative_velocity,38,20260817,8,R2->R1,TSAL20260611_0830_forgetAndForgetFree001,TSAL20260627_0830_forgetAndForgetFree001,20260611,20260627,31,0.2165025793779955
dropout_clean_fixed31,relative_velocity,38,20260817,9,R1->R2,TSAL20260611_0830_forgetAndForgetFree001,TSAL20260628_0830_forgetAndForgetFree001,20260611,20260628,31,0.30524475146922514
dropout_clean_fixed31,relative_velocity,38,20260817,9,R2->R1,TSAL20260611_0830_forgetAndForgetFree001,TSAL20260628_0830_forgetAndForgetFree001,20260611,20260628,31,0.22709242465607368
dropout_clean_fixed31,relative_velocity,39,20260817,1,R1->R2,TSAL20260609_0830_forgetAndForgetFree001,TSAL20260626_0830_forgetAndForgetFree001,20260609,20260626,31,0.35887140765583625
dropout_clean_fixed31,relative_velocity,39,20260817,1,R2->R1,TSAL20260609_0830_forgetAndForgetFree001,TSAL20260626_0830_forgetAndForgetFree001,20260609,20260626,31,0.3348431116856613
dropout_clean_fixed31,relative_velocity,39,20260817,2,R1->R2,TSAL20260609_0830_forgetAndForgetFree001,TSAL20260627_0830_forgetAndForgetFree001,20260609,20260627,31,0.17262033745387192
dropout_clean_fixed31,relative_velocity,39,20260817,2,R2->R1,TSAL20260609_0830_forgetAndForgetFree001,TSAL20260627_0830_forgetAndForgetFree001,20260609,20260627,31,0.13392576931930536
dropout_clean_fixed31,relative_velocity,39,20260817,3,R1->R2,TSAL20260609_0830_forgetAndForgetFree001,TSAL20260628_0830_forgetAndForgetFree001,20260609,20260628,31,0.26059273739881117
dropout_clean_fixed31,relative_velocity,39,20260817,3,R2->R1,TSAL20260609_0830_forgetAndForgetFree001,TSAL20260628_0830_forgetAndForgetFree001,20260609,20260628,31,0.41151466814089877
dropout_clean_fixed31,relative_velocity,39,20260817,4,R1->R2,TSAL20260610_0830_forgetAndForgetFree001,TSAL20260626_0830_forgetAndForgetFree001,20260610,20260626,31,0.2924605783580926
dropout_clean_fixed31,relative_velocity,39,20260817,4,R2->R1,TSAL20260610_0830_forgetAndForgetFree001,TSAL20260626_0830_forgetAndForgetFree001,20260610,20260626,31,0.3139926696001708
dropout_clean_fixed31,relative_velocity,39,20260817,5,R1->R2,TSAL20260610_0830_forgetAndForgetFree001,TSAL20260627_0830_forgetAndForgetFree001,20260610,20260627,31,0.3392115842380045
dropout_clean_fixed31,relative_velocity,39,20260817,5,R2->R1,TSAL20260610_0830_forgetAndForgetFree001,TSAL20260627_0830_forgetAndForgetFree001,20260610,20260627,31,0.08290262633840113
dropout_clean_fixed31,relative_velocity,39,20260817,6,R1->R2,TSAL20260610_0830_forgetAndForgetFree001,TSAL20260628_0830_forgetAndForgetFree001,20260610,20260628,31,0.35777977437060593
dropout_clean_fixed31,relative_velocity,39,20260817,6,R2->R1,TSAL20260610_0830_forgetAndForgetFree001,TSAL20260628_0830_forgetAndForgetFree001,20260610,20260628,31,0.42216092574308806
dropout_clean_fixed31,relative_velocity,39,20260817,7,R1->R2,TSAL20260611_0830_forgetAndForgetFree001,TSAL20260626_0830_forgetAndForgetFree001,20260611,20260626,31,0.24535692572167275
dropout_clean_fixed31,relative_velocity,39,20260817,7,R2->R1,TSAL20260611_0830_forgetAndForgetFree001,TSAL20260626_0830_forgetAndForgetFree001,20260611,20260626,31,0.29440083020930413
dropout_clean_fixed31,relative_velocity,39,20260817,8,R1->R2,TSAL20260611_0830_forgetAndForgetFree001,TSAL20260627_0830_forgetAndForgetFree001,20260611,20260627,31,0.1885069549804014
dropout_clean_fixed31,relative_velocity,39,20260817,8,R2->R1,TSAL20260611_0830_forgetAndForgetFree001,TSAL20260627_0830_forgetAndForgetFree001,20260611,20260627,31,0.12466519028556024
dropout_clean_fixed31,relative_velocity,39,20260817,9,R1->R2,TSAL20260611_0830_forgetAndForgetFree001,TSAL20260628_0830_forgetAndForgetFree001,20260611,20260628,31,0.1668208685054214
dropout_clean_fixed31,relative_velocity,39,20260817,9,R2->R1,TSAL20260611_0830_forgetAndForgetFree001,TSAL20260628_0830_forgetAndForgetFree001,20260611,20260628,31,0.4054100740302254
dropout_clean_fixed31,relative_velocity,40,20260817,1,R1->R2,TSAL20260609_0830_forgetAndForgetFree001,TSAL20260626_0830_forgetAndForgetFree001,20260609,20260626,31,0.39119587466708466
dropout_clean_fixed31,relative_velocity,40,20260817,1,R2->R1,TSAL20260609_0830_forgetAndForgetFree001,TSAL20260626_0830_forgetAndForgetFree001,20260609,20260626,31,0.4432491501178059
dropout_clean_fixed31,relative_velocity,40,20260817,2,R1->R2,TSAL20260609_0830_forgetAndForgetFree001,TSAL20260627_0830_forgetAndForgetFree001,20260609,20260627,31,0.2806126794022151
dropout_clean_fixed31,relative_velocity,40,20260817,2,R2->R1,TSAL20260609_0830_forgetAndForgetFree001,TSAL20260627_0830_forgetAndForgetFree001,20260609,20260627,31,0.2836829045426938
dropout_clean_fixed31,relative_velocity,40,20260817,3,R1->R2,TSAL20260609_0830_forgetAndForgetFree001,TSAL20260628_0830_forgetAndForgetFree001,20260609,20260628,31,0.33772840234471607
dropout_clean_fixed31,relative_velocity,40,20260817,3,R2->R1,TSAL20260609_0830_forgetAndForgetFree001,TSAL20260628_0830_forgetAndForgetFree001,20260609,20260628,31,0.37386288902290277
dropout_clean_fixed31,relative_velocity,40,20260817,4,R1->R2,TSAL20260610_0830_forgetAndForgetFree001,TSAL20260626_0830_forgetAndForgetFree001,20260610,20260626,31,0.2954377791878908
dropout_clean_fixed31,relative_velocity,40,20260817,4,R2->R1,TSAL20260610_0830_forgetAndForgetFree001,TSAL20260626_0830_forgetAndForgetFree001,20260610,20260626,31,0.4110735743531111
dropout_clean_fixed31,relative_velocity,40,20260817,5,R1->R2,TSAL20260610_0830_forgetAndForgetFree001,TSAL20260627_0830_forgetAndForgetFree001,20260610,20260627,31,0.22677511041378062
dropout_clean_fixed31,relative_velocity,40,20260817,5,R2->R1,TSAL20260610_0830_forgetAndForgetFree001,TSAL20260627_0830_forgetAndForgetFree001,20260610,20260627,31,0.05401348228518393
dropout_clean_fixed31,relative_velocity,40,20260817,6,R1->R2,TSAL20260610_0830_forgetAndForgetFree001,TSAL20260628_0830_forgetAndForgetFree001,20260610,20260628,31,0.4093393522931109
dropout_clean_fixed31,relative_velocity,40,20260817,6,R2->R1,TSAL20260610_0830_forgetAndForgetFree001,TSAL20260628_0830_forgetAndForgetFree001,20260610,20260628,31,0.4019619299733758
dropout_clean_fixed31,relative_velocity,40,20260817,7,R1->R2,TSAL20260611_0830_forgetAndForgetFree001,TSAL20260626_0830_forgetAndForgetFree001,20260611,20260626,31,0.3265053269279051
dropout_clean_fixed31,relative_velocity,40,20260817,7,R2->R1,TSAL20260611_0830_forgetAndForgetFree001,TSAL20260626_0830_forgetAndForgetFree001,20260611,20260626,31,0.27406778766835355
dropout_clean_fixed31,relative_velocity,40,20260817,8,R1->R2,TSAL20260611_0830_forgetAndForgetFree001,TSAL20260627_0830_forgetAndForgetFree001,20260611,20260627,31,0.24816509030470307
dropout_clean_fixed31,relative_velocity,40,20260817,8,R2->R1,TSAL20260611_0830_forgetAndForgetFree001,TSAL20260627_0830_forgetAndForgetFree001,20260611,20260627,31,0.35780418747611786
dropout_clean_fixed31,relative_velocity,40,20260817,9,R1->R2,TSAL20260611_0830_forgetAndForgetFree001,TSAL20260628_0830_forgetAndForgetFree001,20260611,20260628,31,0.24706451028689466
dropout_clean_fixed31,relative_velocity,40,20260817,9,R2->R1,TSAL20260611_0830_forgetAndForgetFree001,TSAL20260628_0830_forgetAndForgetFree001,20260611,20260628,31,0.37433966093512794
dropout_clean_fixed31,relative_velocity,41,20260817,1,R1->R2,TSAL20260609_0830_forgetAndForgetFree001,TSAL20260626_0830_forgetAndForgetFree001,20260609,20260626,31,0.36391234669304307
dropout_clean_fixed31,relative_velocity,41,20260817,1,R2->R1,TSAL20260609_0830_forgetAndForgetFree001,TSAL20260626_0830_forgetAndForgetFree001,20260609,20260626,31,0.42062464787975384
dropout_clean_fixed31,relative_velocity,41,20260817,2,R1->R2,TSAL20260609_0830_forgetAndForgetFree001,TSAL20260627_0830_forgetAndForgetFree001,20260609,20260627,31,0.34281516688122987
dropout_clean_fixed31,relative_velocity,41,20260817,2,R2->R1,TSAL20260609_0830_forgetAndForgetFree001,TSAL20260627_0830_forgetAndForgetFree001,20260609,20260627,31,0.3337323611001316
dropout_clean_fixed31,relative_velocity,41,20260817,3,R1->R2,TSAL20260609_0830_forgetAndForgetFree001,TSAL20260628_0830_forgetAndForgetFree001,20260609,20260628,31,0.30741426812514605
dropout_clean_fixed31,relative_velocity,41,20260817,3,R2->R1,TSAL20260609_0830_forgetAndForgetFree001,TSAL20260628_0830_forgetAndForgetFree001,20260609,20260628,31,0.34620721856626063
dropout_clean_fixed31,relative_velocity,41,20260817,4,R1->R2,TSAL20260610_0830_forgetAndForgetFree001,TSAL20260626_0830_forgetAndForgetFree001,20260610,20260626,31,0.3555430251460497
dropout_clean_fixed31,relative_velocity,41,20260817,4,R2->R1,TSAL20260610_0830_forgetAndForgetFree001,TSAL20260626_0830_forgetAndForgetFree001,20260610,20260626,31,0.505452056550063
dropout_clean_fixed31,relative_velocity,41,20260817,5,R1->R2,TSAL20260610_0830_forgetAndForgetFree001,TSAL20260627_0830_forgetAndForgetFree001,20260610,20260627,31,0.19683821474962673
dropout_clean_fixed31,relative_velocity,41,20260817,5,R2->R1,TSAL20260610_0830_forgetAndForgetFree001,TSAL20260627_0830_forgetAndForgetFree001,20260610,20260627,31,0.32476645848094793
dropout_clean_fixed31,relative_velocity,41,20260817,6,R1->R2,TSAL20260610_0830_forgetAndForgetFree001,TSAL20260628_0830_forgetAndForgetFree001,20260610,20260628,31,0.3451102981528702
dropout_clean_fixed31,relative_velocity,41,20260817,6,R2->R1,TSAL20260610_0830_forgetAndForgetFree001,TSAL20260628_0830_forgetAndForgetFree001,20260610,20260628,31,0.25446903127884296
dropout_clean_fixed31,relative_velocity,41,20260817,7,R1->R2,TSAL20260611_0830_forgetAndForgetFree001,TSAL20260626_0830_forgetAndForgetFree001,20260611,20260626,31,0.2507416494188649
dropout_clean_fixed31,relative_velocity,41,20260817,7,R2->R1,TSAL20260611_0830_forgetAndForgetFree001,TSAL20260626_0830_forgetAndForgetFree001,20260611,20260626,31,0.27953873804965623
dropout_clean_fixed31,relative_velocity,41,20260817,8,R1->R2,TSAL20260611_0830_forgetAndForgetFree001,TSAL20260627_0830_forgetAndForgetFree001,20260611,20260627,31,0.1010561780420619
dropout_clean_fixed31,relative_velocity,41,20260817,8,R2->R1,TSAL20260611_0830_forgetAndForgetFree001,TSAL20260627_0830_forgetAndForgetFree001,20260611,20260627,31,0.3023231133919401
dropout_clean_fixed31,relative_velocity,41,20260817,9,R1->R2,TSAL20260611_0830_forgetAndForgetFree001,TSAL20260628_0830_forgetAndForgetFree001,20260611,20260628,31,0.3566446472965786
dropout_clean_fixed31,relative_velocity,41,20260817,9,R2->R1,TSAL20260611_0830_forgetAndForgetFree001,TSAL20260628_0830_forgetAndForgetFree001,20260611,20260628,31,0.3226675162601485
dropout_clean_fixed31,relative_velocity,42,20260817,1,R1->R2,TSAL20260609_0830_forgetAndForgetFree001,TSAL20260626_0830_forgetAndForgetFree001,20260609,20260626,31,0.36756369956218454
dropout_clean_fixed31,relative_velocity,42,20260817,1,R2->R1,TSAL20260609_0830_forgetAndForgetFree001,TSAL20260626_0830_forgetAndForgetFree001,20260609,20260626,31,0.3140696254165702
dropout_clean_fixed31,relative_velocity,42,20260817,2,R1->R2,TSAL20260609_0830_forgetAndForgetFree001,TSAL20260627_0830_forgetAndForgetFree001,20260609,20260627,31,0.37014771707401783
dropout_clean_fixed31,relative_velocity,42,20260817,2,R2->R1,TSAL20260609_0830_forgetAndForgetFree001,TSAL20260627_0830_forgetAndForgetFree001,20260609,20260627,31,0.23735437208424476
dropout_clean_fixed31,relative_velocity,42,20260817,3,R1->R2,TSAL20260609_0830_forgetAndForgetFree001,TSAL20260628_0830_forgetAndForgetFree001,20260609,20260628,31,0.25532823132387017
dropout_clean_fixed31,relative_velocity,42,20260817,3,R2->R1,TSAL20260609_0830_forgetAndForgetFree001,TSAL20260628_0830_forgetAndForgetFree001,20260609,20260628,31,0.4688661257215242
dropout_clean_fixed31,relative_velocity,42,20260817,4,R1->R2,TSAL20260610_0830_forgetAndForgetFree001,TSAL20260626_0830_forgetAndForgetFree001,20260610,20260626,31,0.44485060962177697
dropout_clean_fixed31,relative_velocity,42,20260817,4,R2->R1,TSAL20260610_0830_forgetAndForgetFree001,TSAL20260626_0830_forgetAndForgetFree001,20260610,20260626,31,0.34674026215787784
dropout_clean_fixed31,relative_velocity,42,20260817,5,R1->R2,TSAL20260610_0830_forgetAndForgetFree001,TSAL20260627_0830_forgetAndForgetFree001,20260610,20260627,31,0.2142354260452176
dropout_clean_fixed31,relative_velocity,42,20260817,5,R2->R1,TSAL20260610_0830_forgetAndForgetFree001,TSAL20260627_0830_forgetAndForgetFree001,20260610,20260627,31,0.10005630253535344
dropout_clean_fixed31,relative_velocity,42,20260817,6,R1->R2,TSAL20260610_0830_forgetAndForgetFree001,TSAL20260628_0830_forgetAndForgetFree001,20260610,20260628,31,0.305449412180832
dropout_clean_fixed31,relative_velocity,42,20260817,6,R2->R1,TSAL20260610_0830_forgetAndForgetFree001,TSAL20260628_0830_forgetAndForgetFree001,20260610,20260628,31,0.176252393305237
dropout_clean_fixed31,relative_velocity,42,20260817,7,R1->R2,TSAL20260611_0830_forgetAndForgetFree001,TSAL20260626_0830_forgetAndForgetFree001,20260611,20260626,31,0.2087485209498823
dropout_clean_fixed31,relative_velocity,42,20260817,7,R2->R1,TSAL20260611_0830_forgetAndForgetFree001,TSAL20260626_0830_forgetAndForgetFree001,20260611,20260626,31,0.26002257614482466
dropout_clean_fixed31,relative_velocity,42,20260817,8,R1->R2,TSAL20260611_0830_forgetAndForgetFree001,TSAL20260627_0830_forgetAndForgetFree001,20260611,20260627,31,0.24194368878533107
dropout_clean_fixed31,relative_velocity,42,20260817,8,R2->R1,TSAL20260611_0830_forgetAndForgetFree001,TSAL20260627_0830_forgetAndForgetFree001,20260611,20260627,31,0.25001715172488553
dropout_clean_fixed31,relative_velocity,42,20260817,9,R1->R2,TSAL20260611_0830_forgetAndForgetFree001,TSAL20260628_0830_forgetAndForgetFree001,20260611,20260628,31,0.2979325278575318
dropout_clean_fixed31,relative_velocity,42,20260817,9,R2->R1,TSAL20260611_0830_forgetAndForgetFree001,TSAL20260628_0830_forgetAndForgetFree001,20260611,20260628,31,0.3266732254195191
dropout_clean_fixed31,relative_velocity,43,20260817,1,R1->R2,TSAL20260609_0830_forgetAndForgetFree001,TSAL20260626_0830_forgetAndForgetFree001,20260609,20260626,31,0.3571873930070164
dropout_clean_fixed31,relative_velocity,43,20260817,1,R2->R1,TSAL20260609_0830_forgetAndForgetFree001,TSAL20260626_0830_forgetAndForgetFree001,20260609,20260626,31,0.2530047562114474
dropout_clean_fixed31,relative_velocity,43,20260817,2,R1->R2,TSAL20260609_0830_forgetAndForgetFree001,TSAL20260627_0830_forgetAndForgetFree001,20260609,20260627,31,0.253166901172551
dropout_clean_fixed31,relative_velocity,43,20260817,2,R2->R1,TSAL20260609_0830_forgetAndForgetFree001,TSAL20260627_0830_forgetAndForgetFree001,20260609,20260627,31,0.3682571185034036
dropout_clean_fixed31,relative_velocity,43,20260817,3,R1->R2,TSAL20260609_0830_forgetAndForgetFree001,TSAL20260628_0830_forgetAndForgetFree001,20260609,20260628,31,0.30212879370141094
dropout_clean_fixed31,relative_velocity,43,20260817,3,R2->R1,TSAL20260609_0830_forgetAndForgetFree001,TSAL20260628_0830_forgetAndForgetFree001,20260609,20260628,31,0.4066742495155939
dropout_clean_fixed31,relative_velocity,43,20260817,4,R1->R2,TSAL20260610_0830_forgetAndForgetFree001,TSAL20260626_0830_forgetAndForgetFree001,20260610,20260626,31,0.38333109931999887
dropout_clean_fixed31,relative_velocity,43,20260817,4,R2->R1,TSAL20260610_0830_forgetAndForgetFree001,TSAL20260626_0830_forgetAndForgetFree001,20260610,20260626,31,0.3383190718709445
dropout_clean_fixed31,relative_velocity,43,20260817,5,R1->R2,TSAL20260610_0830_forgetAndForgetFree001,TSAL20260627_0830_forgetAndForgetFree001,20260610,20260627,31,0.2410991403644299
dropout_clean_fixed31,relative_velocity,43,20260817,5,R2->R1,TSAL20260610_0830_forgetAndForgetFree001,TSAL20260627_0830_forgetAndForgetFree001,20260610,20260627,31,0.29926632094266714
dropout_clean_fixed31,relative_velocity,43,20260817,6,R1->R2,TSAL20260610_0830_forgetAndForgetFree001,TSAL20260628_0830_forgetAndForgetFree001,20260610,20260628,31,0.3784753922041604
dropout_clean_fixed31,relative_velocity,43,20260817,6,R2->R1,TSAL20260610_0830_forgetAndForgetFree001,TSAL20260628_0830_forgetAndForgetFree001,20260610,20260628,31,0.4607133477893463
dropout_clean_fixed31,relative_velocity,43,20260817,7,R1->R2,TSAL20260611_0830_forgetAndForgetFree001,TSAL20260626_0830_forgetAndForgetFree001,20260611,20260626,31,0.15337508047134885
dropout_clean_fixed31,relative_velocity,43,20260817,7,R2->R1,TSAL20260611_0830_forgetAndForgetFree001,TSAL20260626_0830_forgetAndForgetFree001,20260611,20260626,31,0.1820584744820585
dropout_clean_fixed31,relative_velocity,43,20260817,8,R1->R2,TSAL20260611_0830_forgetAndForgetFree001,TSAL20260627_0830_forgetAndForgetFree001,20260611,20260627,31,0.25873665725465583
dropout_clean_fixed31,relative_velocity,43,20260817,8,R2->R1,TSAL20260611_0830_forgetAndForgetFree001,TSAL20260627_0830_forgetAndForgetFree001,20260611,20260627,31,0.34168232255551684
dropout_clean_fixed31,relative_velocity,43,20260817,9,R1->R2,TSAL20260611_0830_forgetAndForgetFree001,TSAL20260628_0830_forgetAndForgetFree001,20260611,20260628,31,0.29029161839299766
dropout_clean_fixed31,relative_velocity,43,20260817,9,R2->R1,TSAL20260611_0830_forgetAndForgetFree001,TSAL20260628_0830_forgetAndForgetFree001,20260611,20260628,31,0.28066940709796884
dropout_clean_fixed31,relative_velocity,44,20260817,1,R1->R2,TSAL20260609_0830_forgetAndForgetFree001,TSAL20260626_0830_forgetAndForgetFree001,20260609,20260626,31,0.29531899752908125
dropout_clean_fixed31,relative_velocity,44,20260817,1,R2->R1,TSAL20260609_0830_forgetAndForgetFree001,TSAL20260626_0830_forgetAndForgetFree001,20260609,20260626,31,0.35514927210393
dropout_clean_fixed31,relative_velocity,44,20260817,2,R1->R2,TSAL20260609_0830_forgetAndForgetFree001,TSAL20260627_0830_forgetAndForgetFree001,20260609,20260627,31,0.30081862511778207
dropout_clean_fixed31,relative_velocity,44,20260817,2,R2->R1,TSAL20260609_0830_forgetAndForgetFree001,TSAL20260627_0830_forgetAndForgetFree001,20260609,20260627,31,0.2705607063256192
dropout_clean_fixed31,relative_velocity,44,20260817,3,R1->R2,TSAL20260609_0830_forgetAndForgetFree001,TSAL20260628_0830_forgetAndForgetFree001,20260609,20260628,31,0.3663792290638971
dropout_clean_fixed31,relative_velocity,44,20260817,3,R2->R1,TSAL20260609_0830_forgetAndForgetFree001,TSAL20260628_0830_forgetAndForgetFree001,20260609,20260628,31,0.4506442406042683
dropout_clean_fixed31,relative_velocity,44,20260817,4,R1->R2,TSAL20260610_0830_forgetAndForgetFree001,TSAL20260626_0830_forgetAndForgetFree001,20260610,20260626,31,0.4102935458445749
dropout_clean_fixed31,relative_velocity,44,20260817,4,R2->R1,TSAL20260610_0830_forgetAndForgetFree001,TSAL20260626_0830_forgetAndForgetFree001,20260610,20260626,31,0.3254036359706557
dropout_clean_fixed31,relative_velocity,44,20260817,5,R1->R2,TSAL20260610_0830_forgetAndForgetFree001,TSAL20260627_0830_forgetAndForgetFree001,20260610,20260627,31,0.28610230095010636
dropout_clean_fixed31,relative_velocity,44,20260817,5,R2->R1,TSAL20260610_0830_forgetAndForgetFree001,TSAL20260627_0830_forgetAndForgetFree001,20260610,20260627,31,0.19560677974697063
dropout_clean_fixed31,relative_velocity,44,20260817,6,R1->R2,TSAL20260610_0830_forgetAndForgetFree001,TSAL20260628_0830_forgetAndForgetFree001,20260610,20260628,31,0.3050729417123867
dropout_clean_fixed31,relative_velocity,44,20260817,6,R2->R1,TSAL20260610_0830_forgetAndForgetFree001,TSAL20260628_0830_forgetAndForgetFree001,20260610,20260628,31,0.41277516368096645
dropout_clean_fixed31,relative_velocity,44,20260817,7,R1->R2,TSAL20260611_0830_forgetAndForgetFree001,TSAL20260626_0830_forgetAndForgetFree001,20260611,20260626,31,0.34700879605474133
dropout_clean_fixed31,relative_velocity,44,20260817,7,R2->R1,TSAL20260611_0830_forgetAndForgetFree001,TSAL20260626_0830_forgetAndForgetFree001,20260611,20260626,31,0.28434541987821604
dropout_clean_fixed31,relative_velocity,44,20260817,8,R1->R2,TSAL20260611_0830_forgetAndForgetFree001,TSAL20260627_0830_forgetAndForgetFree001,20260611,20260627,31,0.2314928072860668
dropout_clean_fixed31,relative_velocity,44,20260817,8,R2->R1,TSAL20260611_0830_forgetAndForgetFree001,TSAL20260627_0830_forgetAndForgetFree001,20260611,20260627,31,0.12818992931084278
dropout_clean_fixed31,relative_velocity,44,20260817,9,R1->R2,TSAL20260611_0830_forgetAndForgetFree001,TSAL20260628_0830_forgetAndForgetFree001,20260611,20260628,31,0.21419380588618195
dropout_clean_fixed31,relative_velocity,44,20260817,9,R2->R1,TSAL20260611_0830_forgetAndForgetFree001,TSAL20260628_0830_forgetAndForgetFree001,20260611,20260628,31,0.272876963418118
dropout_clean_fixed31,relative_velocity,45,20260817,1,R1->R2,TSAL20260609_0830_forgetAndForgetFree001,TSAL20260626_0830_forgetAndForgetFree001,20260609,20260626,31,0.3365721830162001
dropout_clean_fixed31,relative_velocity,45,20260817,1,R2->R1,TSAL20260609_0830_forgetAndForgetFree001,TSAL20260626_0830_forgetAndForgetFree001,20260609,20260626,31,0.3358632951796055
dropout_clean_fixed31,relative_velocity,45,20260817,2,R1->R2,TSAL20260609_0830_forgetAndForgetFree001,TSAL20260627_0830_forgetAndForgetFree001,20260609,20260627,31,0.2873898877193636
dropout_clean_fixed31,relative_velocity,45,20260817,2,R2->R1,TSAL20260609_0830_forgetAndForgetFree001,TSAL20260627_0830_forgetAndForgetFree001,20260609,20260627,31,0.14797076594623637
dropout_clean_fixed31,relative_velocity,45,20260817,3,R1->R2,TSAL20260609_0830_forgetAndForgetFree001,TSAL20260628_0830_forgetAndForgetFree001,20260609,20260628,31,0.22321475886623496
dropout_clean_fixed31,relative_velocity,45,20260817,3,R2->R1,TSAL20260609_0830_forgetAndForgetFree001,TSAL20260628_0830_forgetAndForgetFree001,20260609,20260628,31,0.4193741002949674
dropout_clean_fixed31,relative_velocity,45,20260817,4,R1->R2,TSAL20260610_0830_forgetAndForgetFree001,TSAL20260626_0830_forgetAndForgetFree001,20260610,20260626,31,0.30367457796614594
dropout_clean_fixed31,relative_velocity,45,20260817,4,R2->R1,TSAL20260610_0830_forgetAndForgetFree001,TSAL20260626_0830_forgetAndForgetFree001,20260610,20260626,31,0.3509627328890831
dropout_clean_fixed31,relative_velocity,45,20260817,5,R1->R2,TSAL20260610_0830_forgetAndForgetFree001,TSAL20260627_0830_forgetAndForgetFree001,20260610,20260627,31,0.2815786424217789
dropout_clean_fixed31,relative_velocity,45,20260817,5,R2->R1,TSAL20260610_0830_forgetAndForgetFree001,TSAL20260627_0830_forgetAndForgetFree001,20260610,20260627,31,0.19541254030653699
dropout_clean_fixed31,relative_velocity,45,20260817,6,R1->R2,TSAL20260610_0830_forgetAndForgetFree001,TSAL20260628_0830_forgetAndForgetFree001,20260610,20260628,31,0.36098466994772244
dropout_clean_fixed31,relative_velocity,45,20260817,6,R2->R1,TSAL20260610_0830_forgetAndForgetFree001,TSAL20260628_0830_forgetAndForgetFree001,20260610,20260628,31,0.3594109242526626
dropout_clean_fixed31,relative_velocity,45,20260817,7,R1->R2,TSAL20260611_0830_forgetAndForgetFree001,TSAL20260626_0830_forgetAndForgetFree001,20260611,20260626,31,0.30712704720375517
dropout_clean_fixed31,relative_velocity,45,20260817,7,R2->R1,TSAL20260611_0830_forgetAndForgetFree001,TSAL20260626_0830_forgetAndForgetFree001,20260611,20260626,31,0.2995482978013389
dropout_clean_fixed31,relative_velocity,45,20260817,8,R1->R2,TSAL20260611_0830_forgetAndForgetFree001,TSAL20260627_0830_forgetAndForgetFree001,20260611,20260627,31,0.3077007848278713
dropout_clean_fixed31,relative_velocity,45,20260817,8,R2->R1,TSAL20260611_0830_forgetAndForgetFree001,TSAL20260627_0830_forgetAndForgetFree001,20260611,20260627,31,0.07628818428480805
dropout_clean_fixed31,relative_velocity,45,20260817,9,R1->R2,TSAL20260611_0830_forgetAndForgetFree001,TSAL20260628_0830_forgetAndForgetFree001,20260611,20260628,31,0.3289144566086058
dropout_clean_fixed31,relative_velocity,45,20260817,9,R2->R1,TSAL20260611_0830_forgetAndForgetFree001,TSAL20260628_0830_forgetAndForgetFree001,20260611,20260628,31,0.2827267715810663
dropout_clean_fixed31,relative_velocity,46,20260817,1,R1->R2,TSAL20260609_0830_forgetAndForgetFree001,TSAL20260626_0830_forgetAndForgetFree001,20260609,20260626,31,0.35628483462739113
dropout_clean_fixed31,relative_velocity,46,20260817,1,R2->R1,TSAL20260609_0830_forgetAndForgetFree001,TSAL20260626_0830_forgetAndForgetFree001,20260609,20260626,31,0.2482843305371825
dropout_clean_fixed31,relative_velocity,46,20260817,2,R1->R2,TSAL20260609_0830_forgetAndForgetFree001,TSAL20260627_0830_forgetAndForgetFree001,20260609,20260627,31,0.30326899723765555
dropout_clean_fixed31,relative_velocity,46,20260817,2,R2->R1,TSAL20260609_0830_forgetAndForgetFree001,TSAL20260627_0830_forgetAndForgetFree001,20260609,20260627,31,0.3041713892078581
dropout_clean_fixed31,relative_velocity,46,20260817,3,R1->R2,TSAL20260609_0830_forgetAndForgetFree001,TSAL20260628_0830_forgetAndForgetFree001,20260609,20260628,31,0.3550515858515818
dropout_clean_fixed31,relative_velocity,46,20260817,3,R2->R1,TSAL20260609_0830_forgetAndForgetFree001,TSAL20260628_0830_forgetAndForgetFree001,20260609,20260628,31,0.3863478807675551
dropout_clean_fixed31,relative_velocity,46,20260817,4,R1->R2,TSAL20260610_0830_forgetAndForgetFree001,TSAL20260626_0830_forgetAndForgetFree001,20260610,20260626,31,0.3460288158959951
dropout_clean_fixed31,relative_velocity,46,20260817,4,R2->R1,TSAL20260610_0830_forgetAndForgetFree001,TSAL20260626_0830_forgetAndForgetFree001,20260610,20260626,31,0.39407653967873957
dropout_clean_fixed31,relative_velocity,46,20260817,5,R1->R2,TSAL20260610_0830_forgetAndForgetFree001,TSAL20260627_0830_forgetAndForgetFree001,20260610,20260627,31,0.2565198887676516
dropout_clean_fixed31,relative_velocity,46,20260817,5,R2->R1,TSAL20260610_0830_forgetAndForgetFree001,TSAL20260627_0830_forgetAndForgetFree001,20260610,20260627,31,0.4170716139661918
dropout_clean_fixed31,relative_velocity,46,20260817,6,R1->R2,TSAL20260610_0830_forgetAndForgetFree001,TSAL20260628_0830_forgetAndForgetFree001,20260610,20260628,31,0.25155400882040396
dropout_clean_fixed31,relative_velocity,46,20260817,6,R2->R1,TSAL20260610_0830_forgetAndForgetFree001,TSAL20260628_0830_forgetAndForgetFree001,20260610,20260628,31,0.3393955781701392
dropout_clean_fixed31,relative_velocity,46,20260817,7,R1->R2,TSAL20260611_0830_forgetAndForgetFree001,TSAL20260626_0830_forgetAndForgetFree001,20260611,20260626,31,0.2864477462696616
dropout_clean_fixed31,relative_velocity,46,20260817,7,R2->R1,TSAL20260611_0830_forgetAndForgetFree001,TSAL20260626_0830_forgetAndForgetFree001,20260611,20260626,31,0.25334095765369635
dropout_clean_fixed31,relative_velocity,46,20260817,8,R1->R2,TSAL20260611_0830_forgetAndForgetFree001,TSAL20260627_0830_forgetAndForgetFree001,20260611,20260627,31,0.21929685847903946
dropout_clean_fixed31,relative_velocity,46,20260817,8,R2->R1,TSAL20260611_0830_forgetAndForgetFree001,TSAL20260627_0830_forgetAndForgetFree001,20260611,20260627,31,0.32960384480210114
dropout_clean_fixed31,relative_velocity,46,20260817,9,R1->R2,TSAL20260611_0830_forgetAndForgetFree001,TSAL20260628_0830_forgetAndForgetFree001,20260611,20260628,31,0.3278663450403791
dropout_clean_fixed31,relative_velocity,46,20260817,9,R2->R1,TSAL20260611_0830_forgetAndForgetFree001,TSAL20260628_0830_forgetAndForgetFree001,20260611,20260628,31,0.2110151578791835
dropout_clean_fixed31,relative_velocity,47,20260817,1,R1->R2,TSAL20260609_0830_forgetAndForgetFree001,TSAL20260626_0830_forgetAndForgetFree001,20260609,20260626,31,0.36940038756107063
dropout_clean_fixed31,relative_velocity,47,20260817,1,R2->R1,TSAL20260609_0830_forgetAndForgetFree001,TSAL20260626_0830_forgetAndForgetFree001,20260609,20260626,31,0.38067378602493485
dropout_clean_fixed31,relative_velocity,47,20260817,2,R1->R2,TSAL20260609_0830_forgetAndForgetFree001,TSAL20260627_0830_forgetAndForgetFree001,20260609,20260627,31,0.23681889371753187
dropout_clean_fixed31,relative_velocity,47,20260817,2,R2->R1,TSAL20260609_0830_forgetAndForgetFree001,TSAL20260627_0830_forgetAndForgetFree001,20260609,20260627,31,0.15709008020901657
dropout_clean_fixed31,relative_velocity,47,20260817,3,R1->R2,TSAL20260609_0830_forgetAndForgetFree001,TSAL20260628_0830_forgetAndForgetFree001,20260609,20260628,31,0.32275437974632104
dropout_clean_fixed31,relative_velocity,47,20260817,3,R2->R1,TSAL20260609_0830_forgetAndForgetFree001,TSAL20260628_0830_forgetAndForgetFree001,20260609,20260628,31,0.4037293065416271
dropout_clean_fixed31,relative_velocity,47,20260817,4,R1->R2,TSAL20260610_0830_forgetAndForgetFree001,TSAL20260626_0830_forgetAndForgetFree001,20260610,20260626,31,0.25759703419409696
dropout_clean_fixed31,relative_velocity,47,20260817,4,R2->R1,TSAL20260610_0830_forgetAndForgetFree001,TSAL20260626_0830_forgetAndForgetFree001,20260610,20260626,31,0.37003832208328513
dropout_clean_fixed31,relative_velocity,47,20260817,5,R1->R2,TSAL20260610_0830_forgetAndForgetFree001,TSAL20260627_0830_forgetAndForgetFree001,20260610,20260627,31,0.24282667200068137
dropout_clean_fixed31,relative_velocity,47,20260817,5,R2->R1,TSAL20260610_0830_forgetAndForgetFree001,TSAL20260627_0830_forgetAndForgetFree001,20260610,20260627,31,0.3076456256143597
dropout_clean_fixed31,relative_velocity,47,20260817,6,R1->R2,TSAL20260610_0830_forgetAndForgetFree001,TSAL20260628_0830_forgetAndForgetFree001,20260610,20260628,31,0.290090170326093
dropout_clean_fixed31,relative_velocity,47,20260817,6,R2->R1,TSAL20260610_0830_forgetAndForgetFree001,TSAL20260628_0830_forgetAndForgetFree001,20260610,20260628,31,0.3706328824948258
dropout_clean_fixed31,relative_velocity,47,20260817,7,R1->R2,TSAL20260611_0830_forgetAndForgetFree001,TSAL20260626_0830_forgetAndForgetFree001,20260611,20260626,31,0.342272817585114
dropout_clean_fixed31,relative_velocity,47,20260817,7,R2->R1,TSAL20260611_0830_forgetAndForgetFree001,TSAL20260626_0830_forgetAndForgetFree001,20260611,20260626,31,0.29943958426965706
dropout_clean_fixed31,relative_velocity,47,20260817,8,R1->R2,TSAL20260611_0830_forgetAndForgetFree001,TSAL20260627_0830_forgetAndForgetFree001,20260611,20260627,31,0.24250952750676233
dropout_clean_fixed31,relative_velocity,47,20260817,8,R2->R1,TSAL20260611_0830_forgetAndForgetFree001,TSAL20260627_0830_forgetAndForgetFree001,20260611,20260627,31,0.07945077882482966
dropout_clean_fixed31,relative_velocity,47,20260817,9,R1->R2,TSAL20260611_0830_forgetAndForgetFree001,TSAL20260628_0830_forgetAndForgetFree001,20260611,20260628,31,0.1968169717051129
dropout_clean_fixed31,relative_velocity,47,20260817,9,R2->R1,TSAL20260611_0830_forgetAndForgetFree001,TSAL20260628_0830_forgetAndForgetFree001,20260611,20260628,31,0.28434755838650033
dropout_clean_fixed31,relative_velocity,48,20260817,1,R1->R2,TSAL20260609_0830_forgetAndForgetFree001,TSAL20260626_0830_forgetAndForgetFree001,20260609,20260626,31,0.3816649673333517
dropout_clean_fixed31,relative_velocity,48,20260817,1,R2->R1,TSAL20260609_0830_forgetAndForgetFree001,TSAL20260626_0830_forgetAndForgetFree001,20260609,20260626,31,0.4670884857904359
dropout_clean_fixed31,relative_velocity,48,20260817,2,R1->R2,TSAL20260609_0830_forgetAndForgetFree001,TSAL20260627_0830_forgetAndForgetFree001,20260609,20260627,31,0.16033723789880297
dropout_clean_fixed31,relative_velocity,48,20260817,2,R2->R1,TSAL20260609_0830_forgetAndForgetFree001,TSAL20260627_0830_forgetAndForgetFree001,20260609,20260627,31,0.13360182181896446
dropout_clean_fixed31,relative_velocity,48,20260817,3,R1->R2,TSAL20260609_0830_forgetAndForgetFree001,TSAL20260628_0830_forgetAndForgetFree001,20260609,20260628,31,0.2877091339593528
dropout_clean_fixed31,relative_velocity,48,20260817,3,R2->R1,TSAL20260609_0830_forgetAndForgetFree001,TSAL20260628_0830_forgetAndForgetFree001,20260609,20260628,31,0.37002680877712024
dropout_clean_fixed31,relative_velocity,48,20260817,4,R1->R2,TSAL20260610_0830_forgetAndForgetFree001,TSAL20260626_0830_forgetAndForgetFree001,20260610,20260626,31,0.33402822825736744
dropout_clean_fixed31,relative_velocity,48,20260817,4,R2->R1,TSAL20260610_0830_forgetAndForgetFree001,TSAL20260626_0830_forgetAndForgetFree001,20260610,20260626,31,0.39293024573928664
dropout_clean_fixed31,relative_velocity,48,20260817,5,R1->R2,TSAL20260610_0830_forgetAndForgetFree001,TSAL20260627_0830_forgetAndForgetFree001,20260610,20260627,31,0.2373121697552722
dropout_clean_fixed31,relative_velocity,48,20260817,5,R2->R1,TSAL20260610_0830_forgetAndForgetFree001,TSAL20260627_0830_forgetAndForgetFree001,20260610,20260627,31,0.18023029465244775
dropout_clean_fixed31,relative_velocity,48,20260817,6,R1->R2,TSAL20260610_0830_forgetAndForgetFree001,TSAL20260628_0830_forgetAndForgetFree001,20260610,20260628,31,0.33937439209850173
dropout_clean_fixed31,relative_velocity,48,20260817,6,R2->R1,TSAL20260610_0830_forgetAndForgetFree001,TSAL20260628_0830_forgetAndForgetFree001,20260610,20260628,31,0.4637053078547985
dropout_clean_fixed31,relative_velocity,48,20260817,7,R1->R2,TSAL20260611_0830_forgetAndForgetFree001,TSAL20260626_0830_forgetAndForgetFree001,20260611,20260626,31,0.2303056233951253
dropout_clean_fixed31,relative_velocity,48,20260817,7,R2->R1,TSAL20260611_0830_forgetAndForgetFree001,TSAL20260626_0830_forgetAndForgetFree001,20260611,20260626,31,0.3677393539448054
dropout_clean_fixed31,relative_velocity,48,20260817,8,R1->R2,TSAL20260611_0830_forgetAndForgetFree001,TSAL20260627_0830_forgetAndForgetFree001,20260611,20260627,31,0.2597830536595232
dropout_clean_fixed31,relative_velocity,48,20260817,8,R2->R1,TSAL20260611_0830_forgetAndForgetFree001,TSAL20260627_0830_forgetAndForgetFree001,20260611,20260627,31,0.05923986288902512
dropout_clean_fixed31,relative_velocity,48,20260817,9,R1->R2,TSAL20260611_0830_forgetAndForgetFree001,TSAL20260628_0830_forgetAndForgetFree001,20260611,20260628,31,0.3264182729068867
dropout_clean_fixed31,relative_velocity,48,20260817,9,R2->R1,TSAL20260611_0830_forgetAndForgetFree001,TSAL20260628_0830_forgetAndForgetFree001,20260611,20260628,31,0.29555238915749765
dropout_clean_fixed31,relative_velocity,49,20260817,1,R1->R2,TSAL20260609_0830_forgetAndForgetFree001,TSAL20260626_0830_forgetAndForgetFree001,20260609,20260626,31,0.3440012115559644
dropout_clean_fixed31,relative_velocity,49,20260817,1,R2->R1,TSAL20260609_0830_forgetAndForgetFree001,TSAL20260626_0830_forgetAndForgetFree001,20260609,20260626,31,0.3209598821658456
dropout_clean_fixed31,relative_velocity,49,20260817,2,R1->R2,TSAL20260609_0830_forgetAndForgetFree001,TSAL20260627_0830_forgetAndForgetFree001,20260609,20260627,31,0.34105929709363925
dropout_clean_fixed31,relative_velocity,49,20260817,2,R2->R1,TSAL20260609_0830_forgetAndForgetFree001,TSAL20260627_0830_forgetAndForgetFree001,20260609,20260627,31,0.3440375889901329
dropout_clean_fixed31,relative_velocity,49,20260817,3,R1->R2,TSAL20260609_0830_forgetAndForgetFree001,TSAL20260628_0830_forgetAndForgetFree001,20260609,20260628,31,0.2740890799217555
dropout_clean_fixed31,relative_velocity,49,20260817,3,R2->R1,TSAL20260609_0830_forgetAndForgetFree001,TSAL20260628_0830_forgetAndForgetFree001,20260609,20260628,31,0.33686041403620953
dropout_clean_fixed31,relative_velocity,49,20260817,4,R1->R2,TSAL20260610_0830_forgetAndForgetFree001,TSAL20260626_0830_forgetAndForgetFree001,20260610,20260626,31,0.3979577864680169
dropout_clean_fixed31,relative_velocity,49,20260817,4,R2->R1,TSAL20260610_0830_forgetAndForgetFree001,TSAL20260626_0830_forgetAndForgetFree001,20260610,20260626,31,0.3598592811772026
dropout_clean_fixed31,relative_velocity,49,20260817,5,R1->R2,TSAL20260610_0830_forgetAndForgetFree001,TSAL20260627_0830_forgetAndForgetFree001,20260610,20260627,31,0.3136802391036127
dropout_clean_fixed31,relative_velocity,49,20260817,5,R2->R1,TSAL20260610_0830_forgetAndForgetFree001,TSAL20260627_0830_forgetAndForgetFree001,20260610,20260627,31,0.26778397577435437
dropout_clean_fixed31,relative_velocity,49,20260817,6,R1->R2,TSAL20260610_0830_forgetAndForgetFree001,TSAL20260628_0830_forgetAndForgetFree001,20260610,20260628,31,0.30825992467637586
dropout_clean_fixed31,relative_velocity,49,20260817,6,R2->R1,TSAL20260610_0830_forgetAndForgetFree001,TSAL20260628_0830_forgetAndForgetFree001,20260610,20260628,31,0.31388474605659106
dropout_clean_fixed31,relative_velocity,49,20260817,7,R1->R2,TSAL20260611_0830_forgetAndForgetFree001,TSAL20260626_0830_forgetAndForgetFree001,20260611,20260626,31,0.21795056786379557
dropout_clean_fixed31,relative_velocity,49,20260817,7,R2->R1,TSAL20260611_0830_forgetAndForgetFree001,TSAL20260626_0830_forgetAndForgetFree001,20260611,20260626,31,0.34525586808742986
dropout_clean_fixed31,relative_velocity,49,20260817,8,R1->R2,TSAL20260611_0830_forgetAndForgetFree001,TSAL20260627_0830_forgetAndForgetFree001,20260611,20260627,31,0.3024133851068635
dropout_clean_fixed31,relative_velocity,49,20260817,8,R2->R1,TSAL20260611_0830_forgetAndForgetFree001,TSAL20260627_0830_forgetAndForgetFree001,20260611,20260627,31,0.30856738231940084
dropout_clean_fixed31,relative_velocity,49,20260817,9,R1->R2,TSAL20260611_0830_forgetAndForgetFree001,TSAL20260628_0830_forgetAndForgetFree001,20260611,20260628,31,0.2934259734929678
dropout_clean_fixed31,relative_velocity,49,20260817,9,R2->R1,TSAL20260611_0830_forgetAndForgetFree001,TSAL20260628_0830_forgetAndForgetFree001,20260611,20260628,31,0.27908395485572374
