analysis_mode,target_mode,repeat,seed,pair_id,direction,r1_session,r2_session,r1_date,r2_date,n_trials_each,random_corr
fixed31,relative_position,0,20260817,1,R1->R2,TSAL20260609_0830_forgetAndForgetFree001,TSAL20260626_0830_forgetAndForgetFree001,20260609,20260626,31,0.47281769564416665
fixed31,relative_position,0,20260817,1,R2->R1,TSAL20260609_0830_forgetAndForgetFree001,TSAL20260626_0830_forgetAndForgetFree001,20260609,20260626,31,0.27568060082409607
fixed31,relative_position,0,20260817,2,R1->R2,TSAL20260609_0830_forgetAndForgetFree001,TSAL20260627_0830_forgetAndForgetFree001,20260609,20260627,31,0.46222690978493786
fixed31,relative_position,0,20260817,2,R2->R1,TSAL20260609_0830_forgetAndForgetFree001,TSAL20260627_0830_forgetAndForgetFree001,20260609,20260627,31,0.5530057825509601
fixed31,relative_position,0,20260817,3,R1->R2,TSAL20260609_0830_forgetAndForgetFree001,TSAL20260628_0830_forgetAndForgetFree001,20260609,20260628,31,0.42355339537624676
fixed31,relative_position,0,20260817,3,R2->R1,TSAL20260609_0830_forgetAndForgetFree001,TSAL20260628_0830_forgetAndForgetFree001,20260609,20260628,31,0.6759532935552152
fixed31,relative_position,0,20260817,4,R1->R2,TSAL20260610_0830_forgetAndForgetFree001,TSAL20260626_0830_forgetAndForgetFree001,20260610,20260626,31,0.45679139111122286
fixed31,relative_position,0,20260817,4,R2->R1,TSAL20260610_0830_forgetAndForgetFree001,TSAL20260626_0830_forgetAndForgetFree001,20260610,20260626,31,0.44311974757957073
fixed31,relative_position,0,20260817,5,R1->R2,TSAL20260610_0830_forgetAndForgetFree001,TSAL20260627_0830_forgetAndForgetFree001,20260610,20260627,31,0.4703573929696102
fixed31,relative_position,0,20260817,5,R2->R1,TSAL20260610_0830_forgetAndForgetFree001,TSAL20260627_0830_forgetAndForgetFree001,20260610,20260627,31,0.47378889593281576
fixed31,relative_position,0,20260817,6,R1->R2,TSAL20260610_0830_forgetAndForgetFree001,TSAL20260628_0830_forgetAndForgetFree001,20260610,20260628,31,0.3814783662167141
fixed31,relative_position,0,20260817,6,R2->R1,TSAL20260610_0830_forgetAndForgetFree001,TSAL20260628_0830_forgetAndForgetFree001,20260610,20260628,31,0.628896780564354
fixed31,relative_position,0,20260817,7,R1->R2,TSAL20260611_0830_forgetAndForgetFree001,TSAL20260626_0830_forgetAndForgetFree001,20260611,20260626,31,0.577756441171311
fixed31,relative_position,0,20260817,7,R2->R1,TSAL20260611_0830_forgetAndForgetFree001,TSAL20260626_0830_forgetAndForgetFree001,20260611,20260626,31,0.34649385694863005
fixed31,relative_position,0,20260817,8,R1->R2,TSAL20260611_0830_forgetAndForgetFree001,TSAL20260627_0830_forgetAndForgetFree001,20260611,20260627,31,0.4804577752557037
fixed31,relative_position,0,20260817,8,R2->R1,TSAL20260611_0830_forgetAndForgetFree001,TSAL20260627_0830_forgetAndForgetFree001,20260611,20260627,31,0.43604438561360054
fixed31,relative_position,0,20260817,9,R1->R2,TSAL20260611_0830_forgetAndForgetFree001,TSAL20260628_0830_forgetAndForgetFree001,20260611,20260628,31,0.4392364453303641
fixed31,relative_position,0,20260817,9,R2->R1,TSAL20260611_0830_forgetAndForgetFree001,TSAL20260628_0830_forgetAndForgetFree001,20260611,20260628,31,0.5345942653399167
fixed31,relative_position,1,20260817,1,R1->R2,TSAL20260609_0830_forgetAndForgetFree001,TSAL20260626_0830_forgetAndForgetFree001,20260609,20260626,31,0.4544584772931925
fixed31,relative_position,1,20260817,1,R2->R1,TSAL20260609_0830_forgetAndForgetFree001,TSAL20260626_0830_forgetAndForgetFree001,20260609,20260626,31,0.46164610023499547
fixed31,relative_position,1,20260817,2,R1->R2,TSAL20260609_0830_forgetAndForgetFree001,TSAL20260627_0830_forgetAndForgetFree001,20260609,20260627,31,0.33619640541376355
fixed31,relative_position,1,20260817,2,R2->R1,TSAL20260609_0830_forgetAndForgetFree001,TSAL20260627_0830_forgetAndForgetFree001,20260609,20260627,31,0.3977272459200604
fixed31,relative_position,1,20260817,3,R1->R2,TSAL20260609_0830_forgetAndForgetFree001,TSAL20260628_0830_forgetAndForgetFree001,20260609,20260628,31,0.5122098422993608
fixed31,relative_position,1,20260817,3,R2->R1,TSAL20260609_0830_forgetAndForgetFree001,TSAL20260628_0830_forgetAndForgetFree001,20260609,20260628,31,0.5860012626926546
fixed31,relative_position,1,20260817,4,R1->R2,TSAL20260610_0830_forgetAndForgetFree001,TSAL20260626_0830_forgetAndForgetFree001,20260610,20260626,31,0.4703721343023013
fixed31,relative_position,1,20260817,4,R2->R1,TSAL20260610_0830_forgetAndForgetFree001,TSAL20260626_0830_forgetAndForgetFree001,20260610,20260626,31,0.4692379115221731
fixed31,relative_position,1,20260817,5,R1->R2,TSAL20260610_0830_forgetAndForgetFree001,TSAL20260627_0830_forgetAndForgetFree001,20260610,20260627,31,0.5509718450076506
fixed31,relative_position,1,20260817,5,R2->R1,TSAL20260610_0830_forgetAndForgetFree001,TSAL20260627_0830_forgetAndForgetFree001,20260610,20260627,31,0.5069875141866653
fixed31,relative_position,1,20260817,6,R1->R2,TSAL20260610_0830_forgetAndForgetFree001,TSAL20260628_0830_forgetAndForgetFree001,20260610,20260628,31,0.32261518063875133
fixed31,relative_position,1,20260817,6,R2->R1,TSAL20260610_0830_forgetAndForgetFree001,TSAL20260628_0830_forgetAndForgetFree001,20260610,20260628,31,0.5616123322233689
fixed31,relative_position,1,20260817,7,R1->R2,TSAL20260611_0830_forgetAndForgetFree001,TSAL20260626_0830_forgetAndForgetFree001,20260611,20260626,31,0.46374559562799605
fixed31,relative_position,1,20260817,7,R2->R1,TSAL20260611_0830_forgetAndForgetFree001,TSAL20260626_0830_forgetAndForgetFree001,20260611,20260626,31,0.35251593037597195
fixed31,relative_position,1,20260817,8,R1->R2,TSAL20260611_0830_forgetAndForgetFree001,TSAL20260627_0830_forgetAndForgetFree001,20260611,20260627,31,0.5397089646315925
fixed31,relative_position,1,20260817,8,R2->R1,TSAL20260611_0830_forgetAndForgetFree001,TSAL20260627_0830_forgetAndForgetFree001,20260611,20260627,31,0.40361926299130624
fixed31,relative_position,1,20260817,9,R1->R2,TSAL20260611_0830_forgetAndForgetFree001,TSAL20260628_0830_forgetAndForgetFree001,20260611,20260628,31,0.6373651892762829
fixed31,relative_position,1,20260817,9,R2->R1,TSAL20260611_0830_forgetAndForgetFree001,TSAL20260628_0830_forgetAndForgetFree001,20260611,20260628,31,0.6209539830543228
fixed31,relative_position,2,20260817,1,R1->R2,TSAL20260609_0830_forgetAndForgetFree001,TSAL20260626_0830_forgetAndForgetFree001,20260609,20260626,31,0.6163800464854428
fixed31,relative_position,2,20260817,1,R2->R1,TSAL20260609_0830_forgetAndForgetFree001,TSAL20260626_0830_forgetAndForgetFree001,20260609,20260626,31,0.4546596148860784
fixed31,relative_position,2,20260817,2,R1->R2,TSAL20260609_0830_forgetAndForgetFree001,TSAL20260627_0830_forgetAndForgetFree001,20260609,20260627,31,0.3438086134414138
fixed31,relative_position,2,20260817,2,R2->R1,TSAL20260609_0830_forgetAndForgetFree001,TSAL20260627_0830_forgetAndForgetFree001,20260609,20260627,31,0.4226454032766161
fixed31,relative_position,2,20260817,3,R1->R2,TSAL20260609_0830_forgetAndForgetFree001,TSAL20260628_0830_forgetAndForgetFree001,20260609,20260628,31,0.41691825800916843
fixed31,relative_position,2,20260817,3,R2->R1,TSAL20260609_0830_forgetAndForgetFree001,TSAL20260628_0830_forgetAndForgetFree001,20260609,20260628,31,0.6313258849838675
fixed31,relative_position,2,20260817,4,R1->R2,TSAL20260610_0830_forgetAndForgetFree001,TSAL20260626_0830_forgetAndForgetFree001,20260610,20260626,31,0.5406179797585913
fixed31,relative_position,2,20260817,4,R2->R1,TSAL20260610_0830_forgetAndForgetFree001,TSAL20260626_0830_forgetAndForgetFree001,20260610,20260626,31,0.43483309851692986
fixed31,relative_position,2,20260817,5,R1->R2,TSAL20260610_0830_forgetAndForgetFree001,TSAL20260627_0830_forgetAndForgetFree001,20260610,20260627,31,0.5559282918751475
fixed31,relative_position,2,20260817,5,R2->R1,TSAL20260610_0830_forgetAndForgetFree001,TSAL20260627_0830_forgetAndForgetFree001,20260610,20260627,31,0.5597290366094436
fixed31,relative_position,2,20260817,6,R1->R2,TSAL20260610_0830_forgetAndForgetFree001,TSAL20260628_0830_forgetAndForgetFree001,20260610,20260628,31,0.4371521365268245
fixed31,relative_position,2,20260817,6,R2->R1,TSAL20260610_0830_forgetAndForgetFree001,TSAL20260628_0830_forgetAndForgetFree001,20260610,20260628,31,0.6967475431712796
fixed31,relative_position,2,20260817,7,R1->R2,TSAL20260611_0830_forgetAndForgetFree001,TSAL20260626_0830_forgetAndForgetFree001,20260611,20260626,31,0.48892873566482825
fixed31,relative_position,2,20260817,7,R2->R1,TSAL20260611_0830_forgetAndForgetFree001,TSAL20260626_0830_forgetAndForgetFree001,20260611,20260626,31,0.3760739117647997
fixed31,relative_position,2,20260817,8,R1->R2,TSAL20260611_0830_forgetAndForgetFree001,TSAL20260627_0830_forgetAndForgetFree001,20260611,20260627,31,0.5380694737006851
fixed31,relative_position,2,20260817,8,R2->R1,TSAL20260611_0830_forgetAndForgetFree001,TSAL20260627_0830_forgetAndForgetFree001,20260611,20260627,31,0.5677988358092464
fixed31,relative_position,2,20260817,9,R1->R2,TSAL20260611_0830_forgetAndForgetFree001,TSAL20260628_0830_forgetAndForgetFree001,20260611,20260628,31,0.4090983775475389
fixed31,relative_position,2,20260817,9,R2->R1,TSAL20260611_0830_forgetAndForgetFree001,TSAL20260628_0830_forgetAndForgetFree001,20260611,20260628,31,0.4751945831500127
fixed31,relative_position,3,20260817,1,R1->R2,TSAL20260609_0830_forgetAndForgetFree001,TSAL20260626_0830_forgetAndForgetFree001,20260609,20260626,31,0.5451982751568663
fixed31,relative_position,3,20260817,1,R2->R1,TSAL20260609_0830_forgetAndForgetFree001,TSAL20260626_0830_forgetAndForgetFree001,20260609,20260626,31,0.45363559642715134
fixed31,relative_position,3,20260817,2,R1->R2,TSAL20260609_0830_forgetAndForgetFree001,TSAL20260627_0830_forgetAndForgetFree001,20260609,20260627,31,0.5039450918817129
fixed31,relative_position,3,20260817,2,R2->R1,TSAL20260609_0830_forgetAndForgetFree001,TSAL20260627_0830_forgetAndForgetFree001,20260609,20260627,31,0.4481070230533663
fixed31,relative_position,3,20260817,3,R1->R2,TSAL20260609_0830_forgetAndForgetFree001,TSAL20260628_0830_forgetAndForgetFree001,20260609,20260628,31,0.4153414685729806
fixed31,relative_position,3,20260817,3,R2->R1,TSAL20260609_0830_forgetAndForgetFree001,TSAL20260628_0830_forgetAndForgetFree001,20260609,20260628,31,0.701678187235863
fixed31,relative_position,3,20260817,4,R1->R2,TSAL20260610_0830_forgetAndForgetFree001,TSAL20260626_0830_forgetAndForgetFree001,20260610,20260626,31,0.43116243738360055
fixed31,relative_position,3,20260817,4,R2->R1,TSAL20260610_0830_forgetAndForgetFree001,TSAL20260626_0830_forgetAndForgetFree001,20260610,20260626,31,0.2959775970750079
fixed31,relative_position,3,20260817,5,R1->R2,TSAL20260610_0830_forgetAndForgetFree001,TSAL20260627_0830_forgetAndForgetFree001,20260610,20260627,31,0.44608195287641383
fixed31,relative_position,3,20260817,5,R2->R1,TSAL20260610_0830_forgetAndForgetFree001,TSAL20260627_0830_forgetAndForgetFree001,20260610,20260627,31,0.3788025844814163
fixed31,relative_position,3,20260817,6,R1->R2,TSAL20260610_0830_forgetAndForgetFree001,TSAL20260628_0830_forgetAndForgetFree001,20260610,20260628,31,0.5126792630547575
fixed31,relative_position,3,20260817,6,R2->R1,TSAL20260610_0830_forgetAndForgetFree001,TSAL20260628_0830_forgetAndForgetFree001,20260610,20260628,31,0.5781582772047245
fixed31,relative_position,3,20260817,7,R1->R2,TSAL20260611_0830_forgetAndForgetFree001,TSAL20260626_0830_forgetAndForgetFree001,20260611,20260626,31,0.4538976377821339
fixed31,relative_position,3,20260817,7,R2->R1,TSAL20260611_0830_forgetAndForgetFree001,TSAL20260626_0830_forgetAndForgetFree001,20260611,20260626,31,0.3799023323585702
fixed31,relative_position,3,20260817,8,R1->R2,TSAL20260611_0830_forgetAndForgetFree001,TSAL20260627_0830_forgetAndForgetFree001,20260611,20260627,31,0.48061413606854664
fixed31,relative_position,3,20260817,8,R2->R1,TSAL20260611_0830_forgetAndForgetFree001,TSAL20260627_0830_forgetAndForgetFree001,20260611,20260627,31,0.5716999926832265
fixed31,relative_position,3,20260817,9,R1->R2,TSAL20260611_0830_forgetAndForgetFree001,TSAL20260628_0830_forgetAndForgetFree001,20260611,20260628,31,0.43637257924657574
fixed31,relative_position,3,20260817,9,R2->R1,TSAL20260611_0830_forgetAndForgetFree001,TSAL20260628_0830_forgetAndForgetFree001,20260611,20260628,31,0.6377564943440127
fixed31,relative_position,4,20260817,1,R1->R2,TSAL20260609_0830_forgetAndForgetFree001,TSAL20260626_0830_forgetAndForgetFree001,20260609,20260626,31,0.542981757756564
fixed31,relative_position,4,20260817,1,R2->R1,TSAL20260609_0830_forgetAndForgetFree001,TSAL20260626_0830_forgetAndForgetFree001,20260609,20260626,31,0.39339920327113875
fixed31,relative_position,4,20260817,2,R1->R2,TSAL20260609_0830_forgetAndForgetFree001,TSAL20260627_0830_forgetAndForgetFree001,20260609,20260627,31,0.5835522242753349
fixed31,relative_position,4,20260817,2,R2->R1,TSAL20260609_0830_forgetAndForgetFree001,TSAL20260627_0830_forgetAndForgetFree001,20260609,20260627,31,0.4766527218764769
fixed31,relative_position,4,20260817,3,R1->R2,TSAL20260609_0830_forgetAndForgetFree001,TSAL20260628_0830_forgetAndForgetFree001,20260609,20260628,31,0.46513885810828126
fixed31,relative_position,4,20260817,3,R2->R1,TSAL20260609_0830_forgetAndForgetFree001,TSAL20260628_0830_forgetAndForgetFree001,20260609,20260628,31,0.7239487752488376
fixed31,relative_position,4,20260817,4,R1->R2,TSAL20260610_0830_forgetAndForgetFree001,TSAL20260626_0830_forgetAndForgetFree001,20260610,20260626,31,0.41159317349599744
fixed31,relative_position,4,20260817,4,R2->R1,TSAL20260610_0830_forgetAndForgetFree001,TSAL20260626_0830_forgetAndForgetFree001,20260610,20260626,31,0.35399474156308053
fixed31,relative_position,4,20260817,5,R1->R2,TSAL20260610_0830_forgetAndForgetFree001,TSAL20260627_0830_forgetAndForgetFree001,20260610,20260627,31,0.5460601032200941
fixed31,relative_position,4,20260817,5,R2->R1,TSAL20260610_0830_forgetAndForgetFree001,TSAL20260627_0830_forgetAndForgetFree001,20260610,20260627,31,0.5247039397319588
fixed31,relative_position,4,20260817,6,R1->R2,TSAL20260610_0830_forgetAndForgetFree001,TSAL20260628_0830_forgetAndForgetFree001,20260610,20260628,31,0.43037867949457653
fixed31,relative_position,4,20260817,6,R2->R1,TSAL20260610_0830_forgetAndForgetFree001,TSAL20260628_0830_forgetAndForgetFree001,20260610,20260628,31,0.6515026689168348
fixed31,relative_position,4,20260817,7,R1->R2,TSAL20260611_0830_forgetAndForgetFree001,TSAL20260626_0830_forgetAndForgetFree001,20260611,20260626,31,0.3290756540326659
fixed31,relative_position,4,20260817,7,R2->R1,TSAL20260611_0830_forgetAndForgetFree001,TSAL20260626_0830_forgetAndForgetFree001,20260611,20260626,31,0.39195477355293773
fixed31,relative_position,4,20260817,8,R1->R2,TSAL20260611_0830_forgetAndForgetFree001,TSAL20260627_0830_forgetAndForgetFree001,20260611,20260627,31,0.4060300293337685
fixed31,relative_position,4,20260817,8,R2->R1,TSAL20260611_0830_forgetAndForgetFree001,TSAL20260627_0830_forgetAndForgetFree001,20260611,20260627,31,0.49105265609986065
fixed31,relative_position,4,20260817,9,R1->R2,TSAL20260611_0830_forgetAndForgetFree001,TSAL20260628_0830_forgetAndForgetFree001,20260611,20260628,31,0.5047487072016091
fixed31,relative_position,4,20260817,9,R2->R1,TSAL20260611_0830_forgetAndForgetFree001,TSAL20260628_0830_forgetAndForgetFree001,20260611,20260628,31,0.6067749325583021
fixed31,relative_position,5,20260817,1,R1->R2,TSAL20260609_0830_forgetAndForgetFree001,TSAL20260626_0830_forgetAndForgetFree001,20260609,20260626,31,0.5249726785459969
fixed31,relative_position,5,20260817,1,R2->R1,TSAL20260609_0830_forgetAndForgetFree001,TSAL20260626_0830_forgetAndForgetFree001,20260609,20260626,31,0.5955700617932264
fixed31,relative_position,5,20260817,2,R1->R2,TSAL20260609_0830_forgetAndForgetFree001,TSAL20260627_0830_forgetAndForgetFree001,20260609,20260627,31,0.35659503488001215
fixed31,relative_position,5,20260817,2,R2->R1,TSAL20260609_0830_forgetAndForgetFree001,TSAL20260627_0830_forgetAndForgetFree001,20260609,20260627,31,0.5693381855575042
fixed31,relative_position,5,20260817,3,R1->R2,TSAL20260609_0830_forgetAndForgetFree001,TSAL20260628_0830_forgetAndForgetFree001,20260609,20260628,31,0.4466128554468187
fixed31,relative_position,5,20260817,3,R2->R1,TSAL20260609_0830_forgetAndForgetFree001,TSAL20260628_0830_forgetAndForgetFree001,20260609,20260628,31,0.6039654889411341
fixed31,relative_position,5,20260817,4,R1->R2,TSAL20260610_0830_forgetAndForgetFree001,TSAL20260626_0830_forgetAndForgetFree001,20260610,20260626,31,0.3110891593052906
fixed31,relative_position,5,20260817,4,R2->R1,TSAL20260610_0830_forgetAndForgetFree001,TSAL20260626_0830_forgetAndForgetFree001,20260610,20260626,31,0.1425242882367865
fixed31,relative_position,5,20260817,5,R1->R2,TSAL20260610_0830_forgetAndForgetFree001,TSAL20260627_0830_forgetAndForgetFree001,20260610,20260627,31,0.43053052463760544
fixed31,relative_position,5,20260817,5,R2->R1,TSAL20260610_0830_forgetAndForgetFree001,TSAL20260627_0830_forgetAndForgetFree001,20260610,20260627,31,0.3169953563356637
fixed31,relative_position,5,20260817,6,R1->R2,TSAL20260610_0830_forgetAndForgetFree001,TSAL20260628_0830_forgetAndForgetFree001,20260610,20260628,31,0.4502726426489653
fixed31,relative_position,5,20260817,6,R2->R1,TSAL20260610_0830_forgetAndForgetFree001,TSAL20260628_0830_forgetAndForgetFree001,20260610,20260628,31,0.6127498286786718
fixed31,relative_position,5,20260817,7,R1->R2,TSAL20260611_0830_forgetAndForgetFree001,TSAL20260626_0830_forgetAndForgetFree001,20260611,20260626,31,0.5405525236320743
fixed31,relative_position,5,20260817,7,R2->R1,TSAL20260611_0830_forgetAndForgetFree001,TSAL20260626_0830_forgetAndForgetFree001,20260611,20260626,31,0.4147110118164778
fixed31,relative_position,5,20260817,8,R1->R2,TSAL20260611_0830_forgetAndForgetFree001,TSAL20260627_0830_forgetAndForgetFree001,20260611,20260627,31,0.5173589595984796
fixed31,relative_position,5,20260817,8,R2->R1,TSAL20260611_0830_forgetAndForgetFree001,TSAL20260627_0830_forgetAndForgetFree001,20260611,20260627,31,0.41531894238294614
fixed31,relative_position,5,20260817,9,R1->R2,TSAL20260611_0830_forgetAndForgetFree001,TSAL20260628_0830_forgetAndForgetFree001,20260611,20260628,31,0.6659392454035474
fixed31,relative_position,5,20260817,9,R2->R1,TSAL20260611_0830_forgetAndForgetFree001,TSAL20260628_0830_forgetAndForgetFree001,20260611,20260628,31,0.6311891813448648
fixed31,relative_position,6,20260817,1,R1->R2,TSAL20260609_0830_forgetAndForgetFree001,TSAL20260626_0830_forgetAndForgetFree001,20260609,20260626,31,0.5170518431478397
fixed31,relative_position,6,20260817,1,R2->R1,TSAL20260609_0830_forgetAndForgetFree001,TSAL20260626_0830_forgetAndForgetFree001,20260609,20260626,31,0.4389879752537581
fixed31,relative_position,6,20260817,2,R1->R2,TSAL20260609_0830_forgetAndForgetFree001,TSAL20260627_0830_forgetAndForgetFree001,20260609,20260627,31,0.521081063012453
fixed31,relative_position,6,20260817,2,R2->R1,TSAL20260609_0830_forgetAndForgetFree001,TSAL20260627_0830_forgetAndForgetFree001,20260609,20260627,31,0.3637854730036311
fixed31,relative_position,6,20260817,3,R1->R2,TSAL20260609_0830_forgetAndForgetFree001,TSAL20260628_0830_forgetAndForgetFree001,20260609,20260628,31,0.2793854256562746
fixed31,relative_position,6,20260817,3,R2->R1,TSAL20260609_0830_forgetAndForgetFree001,TSAL20260628_0830_forgetAndForgetFree001,20260609,20260628,31,0.6621982785388523
fixed31,relative_position,6,20260817,4,R1->R2,TSAL20260610_0830_forgetAndForgetFree001,TSAL20260626_0830_forgetAndForgetFree001,20260610,20260626,31,0.4241237282112986
fixed31,relative_position,6,20260817,4,R2->R1,TSAL20260610_0830_forgetAndForgetFree001,TSAL20260626_0830_forgetAndForgetFree001,20260610,20260626,31,0.38594650839514144
fixed31,relative_position,6,20260817,5,R1->R2,TSAL20260610_0830_forgetAndForgetFree001,TSAL20260627_0830_forgetAndForgetFree001,20260610,20260627,31,0.5246140714102194
fixed31,relative_position,6,20260817,5,R2->R1,TSAL20260610_0830_forgetAndForgetFree001,TSAL20260627_0830_forgetAndForgetFree001,20260610,20260627,31,0.5572299262327619
fixed31,relative_position,6,20260817,6,R1->R2,TSAL20260610_0830_forgetAndForgetFree001,TSAL20260628_0830_forgetAndForgetFree001,20260610,20260628,31,0.4358705541423928
fixed31,relative_position,6,20260817,6,R2->R1,TSAL20260610_0830_forgetAndForgetFree001,TSAL20260628_0830_forgetAndForgetFree001,20260610,20260628,31,0.519848708780837
fixed31,relative_position,6,20260817,7,R1->R2,TSAL20260611_0830_forgetAndForgetFree001,TSAL20260626_0830_forgetAndForgetFree001,20260611,20260626,31,0.5003554155117086
fixed31,relative_position,6,20260817,7,R2->R1,TSAL20260611_0830_forgetAndForgetFree001,TSAL20260626_0830_forgetAndForgetFree001,20260611,20260626,31,0.4151690013723422
fixed31,relative_position,6,20260817,8,R1->R2,TSAL20260611_0830_forgetAndForgetFree001,TSAL20260627_0830_forgetAndForgetFree001,20260611,20260627,31,0.5105473493555646
fixed31,relative_position,6,20260817,8,R2->R1,TSAL20260611_0830_forgetAndForgetFree001,TSAL20260627_0830_forgetAndForgetFree001,20260611,20260627,31,0.5923709403828862
fixed31,relative_position,6,20260817,9,R1->R2,TSAL20260611_0830_forgetAndForgetFree001,TSAL20260628_0830_forgetAndForgetFree001,20260611,20260628,31,0.5779140395931813
fixed31,relative_position,6,20260817,9,R2->R1,TSAL20260611_0830_forgetAndForgetFree001,TSAL20260628_0830_forgetAndForgetFree001,20260611,20260628,31,0.5806137933504394
fixed31,relative_position,7,20260817,1,R1->R2,TSAL20260609_0830_forgetAndForgetFree001,TSAL20260626_0830_forgetAndForgetFree001,20260609,20260626,31,0.4736615620323203
fixed31,relative_position,7,20260817,1,R2->R1,TSAL20260609_0830_forgetAndForgetFree001,TSAL20260626_0830_forgetAndForgetFree001,20260609,20260626,31,0.35960237561669106
fixed31,relative_position,7,20260817,2,R1->R2,TSAL20260609_0830_forgetAndForgetFree001,TSAL20260627_0830_forgetAndForgetFree001,20260609,20260627,31,0.4673819791544875
fixed31,relative_position,7,20260817,2,R2->R1,TSAL20260609_0830_forgetAndForgetFree001,TSAL20260627_0830_forgetAndForgetFree001,20260609,20260627,31,0.4002038497245022
fixed31,relative_position,7,20260817,3,R1->R2,TSAL20260609_0830_forgetAndForgetFree001,TSAL20260628_0830_forgetAndForgetFree001,20260609,20260628,31,0.6009923040841808
fixed31,relative_position,7,20260817,3,R2->R1,TSAL20260609_0830_forgetAndForgetFree001,TSAL20260628_0830_forgetAndForgetFree001,20260609,20260628,31,0.5848137130352848
fixed31,relative_position,7,20260817,4,R1->R2,TSAL20260610_0830_forgetAndForgetFree001,TSAL20260626_0830_forgetAndForgetFree001,20260610,20260626,31,0.46672753428564623
fixed31,relative_position,7,20260817,4,R2->R1,TSAL20260610_0830_forgetAndForgetFree001,TSAL20260626_0830_forgetAndForgetFree001,20260610,20260626,31,0.4245162725101455
fixed31,relative_position,7,20260817,5,R1->R2,TSAL20260610_0830_forgetAndForgetFree001,TSAL20260627_0830_forgetAndForgetFree001,20260610,20260627,31,0.4697790269534756
fixed31,relative_position,7,20260817,5,R2->R1,TSAL20260610_0830_forgetAndForgetFree001,TSAL20260627_0830_forgetAndForgetFree001,20260610,20260627,31,0.4491870471643768
fixed31,relative_position,7,20260817,6,R1->R2,TSAL20260610_0830_forgetAndForgetFree001,TSAL20260628_0830_forgetAndForgetFree001,20260610,20260628,31,0.3987408048345336
fixed31,relative_position,7,20260817,6,R2->R1,TSAL20260610_0830_forgetAndForgetFree001,TSAL20260628_0830_forgetAndForgetFree001,20260610,20260628,31,0.6541114231106377
fixed31,relative_position,7,20260817,7,R1->R2,TSAL20260611_0830_forgetAndForgetFree001,TSAL20260626_0830_forgetAndForgetFree001,20260611,20260626,31,0.4971203402081219
fixed31,relative_position,7,20260817,7,R2->R1,TSAL20260611_0830_forgetAndForgetFree001,TSAL20260626_0830_forgetAndForgetFree001,20260611,20260626,31,0.4552858553550487
fixed31,relative_position,7,20260817,8,R1->R2,TSAL20260611_0830_forgetAndForgetFree001,TSAL20260627_0830_forgetAndForgetFree001,20260611,20260627,31,0.4898204562662177
fixed31,relative_position,7,20260817,8,R2->R1,TSAL20260611_0830_forgetAndForgetFree001,TSAL20260627_0830_forgetAndForgetFree001,20260611,20260627,31,0.23710059342136286
fixed31,relative_position,7,20260817,9,R1->R2,TSAL20260611_0830_forgetAndForgetFree001,TSAL20260628_0830_forgetAndForgetFree001,20260611,20260628,31,0.6232964641335116
fixed31,relative_position,7,20260817,9,R2->R1,TSAL20260611_0830_forgetAndForgetFree001,TSAL20260628_0830_forgetAndForgetFree001,20260611,20260628,31,0.676218774093003
fixed31,relative_position,8,20260817,1,R1->R2,TSAL20260609_0830_forgetAndForgetFree001,TSAL20260626_0830_forgetAndForgetFree001,20260609,20260626,31,0.5599575483154418
fixed31,relative_position,8,20260817,1,R2->R1,TSAL20260609_0830_forgetAndForgetFree001,TSAL20260626_0830_forgetAndForgetFree001,20260609,20260626,31,0.4787849376205992
fixed31,relative_position,8,20260817,2,R1->R2,TSAL20260609_0830_forgetAndForgetFree001,TSAL20260627_0830_forgetAndForgetFree001,20260609,20260627,31,0.45043540857375136
fixed31,relative_position,8,20260817,2,R2->R1,TSAL20260609_0830_forgetAndForgetFree001,TSAL20260627_0830_forgetAndForgetFree001,20260609,20260627,31,0.41285916202604833
fixed31,relative_position,8,20260817,3,R1->R2,TSAL20260609_0830_forgetAndForgetFree001,TSAL20260628_0830_forgetAndForgetFree001,20260609,20260628,31,0.4430967059624432
fixed31,relative_position,8,20260817,3,R2->R1,TSAL20260609_0830_forgetAndForgetFree001,TSAL20260628_0830_forgetAndForgetFree001,20260609,20260628,31,0.5375295445481784
fixed31,relative_position,8,20260817,4,R1->R2,TSAL20260610_0830_forgetAndForgetFree001,TSAL20260626_0830_forgetAndForgetFree001,20260610,20260626,31,0.37118886266670925
fixed31,relative_position,8,20260817,4,R2->R1,TSAL20260610_0830_forgetAndForgetFree001,TSAL20260626_0830_forgetAndForgetFree001,20260610,20260626,31,0.33461676756988473
fixed31,relative_position,8,20260817,5,R1->R2,TSAL20260610_0830_forgetAndForgetFree001,TSAL20260627_0830_forgetAndForgetFree001,20260610,20260627,31,0.42748456125694784
fixed31,relative_position,8,20260817,5,R2->R1,TSAL20260610_0830_forgetAndForgetFree001,TSAL20260627_0830_forgetAndForgetFree001,20260610,20260627,31,0.4510297485854141
fixed31,relative_position,8,20260817,6,R1->R2,TSAL20260610_0830_forgetAndForgetFree001,TSAL20260628_0830_forgetAndForgetFree001,20260610,20260628,31,0.4482177047430034
fixed31,relative_position,8,20260817,6,R2->R1,TSAL20260610_0830_forgetAndForgetFree001,TSAL20260628_0830_forgetAndForgetFree001,20260610,20260628,31,0.5626559319467568
fixed31,relative_position,8,20260817,7,R1->R2,TSAL20260611_0830_forgetAndForgetFree001,TSAL20260626_0830_forgetAndForgetFree001,20260611,20260626,31,0.45010116064221156
fixed31,relative_position,8,20260817,7,R2->R1,TSAL20260611_0830_forgetAndForgetFree001,TSAL20260626_0830_forgetAndForgetFree001,20260611,20260626,31,0.4014609615534975
fixed31,relative_position,8,20260817,8,R1->R2,TSAL20260611_0830_forgetAndForgetFree001,TSAL20260627_0830_forgetAndForgetFree001,20260611,20260627,31,0.5847354711542831
fixed31,relative_position,8,20260817,8,R2->R1,TSAL20260611_0830_forgetAndForgetFree001,TSAL20260627_0830_forgetAndForgetFree001,20260611,20260627,31,0.4668361155048134
fixed31,relative_position,8,20260817,9,R1->R2,TSAL20260611_0830_forgetAndForgetFree001,TSAL20260628_0830_forgetAndForgetFree001,20260611,20260628,31,0.5014587394626656
fixed31,relative_position,8,20260817,9,R2->R1,TSAL20260611_0830_forgetAndForgetFree001,TSAL20260628_0830_forgetAndForgetFree001,20260611,20260628,31,0.5729199792111356
fixed31,relative_position,9,20260817,1,R1->R2,TSAL20260609_0830_forgetAndForgetFree001,TSAL20260626_0830_forgetAndForgetFree001,20260609,20260626,31,0.5667813627326679
fixed31,relative_position,9,20260817,1,R2->R1,TSAL20260609_0830_forgetAndForgetFree001,TSAL20260626_0830_forgetAndForgetFree001,20260609,20260626,31,0.5727564695942358
fixed31,relative_position,9,20260817,2,R1->R2,TSAL20260609_0830_forgetAndForgetFree001,TSAL20260627_0830_forgetAndForgetFree001,20260609,20260627,31,0.35415082573613493
fixed31,relative_position,9,20260817,2,R2->R1,TSAL20260609_0830_forgetAndForgetFree001,TSAL20260627_0830_forgetAndForgetFree001,20260609,20260627,31,0.4012959649237623
fixed31,relative_position,9,20260817,3,R1->R2,TSAL20260609_0830_forgetAndForgetFree001,TSAL20260628_0830_forgetAndForgetFree001,20260609,20260628,31,0.3258502824249826
fixed31,relative_position,9,20260817,3,R2->R1,TSAL20260609_0830_forgetAndForgetFree001,TSAL20260628_0830_forgetAndForgetFree001,20260609,20260628,31,0.7357368609113268
fixed31,relative_position,9,20260817,4,R1->R2,TSAL20260610_0830_forgetAndForgetFree001,TSAL20260626_0830_forgetAndForgetFree001,20260610,20260626,31,0.4586845358329297
fixed31,relative_position,9,20260817,4,R2->R1,TSAL20260610_0830_forgetAndForgetFree001,TSAL20260626_0830_forgetAndForgetFree001,20260610,20260626,31,0.22749949710445797
fixed31,relative_position,9,20260817,5,R1->R2,TSAL20260610_0830_forgetAndForgetFree001,TSAL20260627_0830_forgetAndForgetFree001,20260610,20260627,31,0.5360766902478233
fixed31,relative_position,9,20260817,5,R2->R1,TSAL20260610_0830_forgetAndForgetFree001,TSAL20260627_0830_forgetAndForgetFree001,20260610,20260627,31,0.4529750709541247
fixed31,relative_position,9,20260817,6,R1->R2,TSAL20260610_0830_forgetAndForgetFree001,TSAL20260628_0830_forgetAndForgetFree001,20260610,20260628,31,0.3622027003500404
fixed31,relative_position,9,20260817,6,R2->R1,TSAL20260610_0830_forgetAndForgetFree001,TSAL20260628_0830_forgetAndForgetFree001,20260610,20260628,31,0.533523349101492
fixed31,relative_position,9,20260817,7,R1->R2,TSAL20260611_0830_forgetAndForgetFree001,TSAL20260626_0830_forgetAndForgetFree001,20260611,20260626,31,0.44291223444314176
fixed31,relative_position,9,20260817,7,R2->R1,TSAL20260611_0830_forgetAndForgetFree001,TSAL20260626_0830_forgetAndForgetFree001,20260611,20260626,31,0.2631150722323754
fixed31,relative_position,9,20260817,8,R1->R2,TSAL20260611_0830_forgetAndForgetFree001,TSAL20260627_0830_forgetAndForgetFree001,20260611,20260627,31,0.5690474133205417
fixed31,relative_position,9,20260817,8,R2->R1,TSAL20260611_0830_forgetAndForgetFree001,TSAL20260627_0830_forgetAndForgetFree001,20260611,20260627,31,0.5622481361111502
fixed31,relative_position,9,20260817,9,R1->R2,TSAL20260611_0830_forgetAndForgetFree001,TSAL20260628_0830_forgetAndForgetFree001,20260611,20260628,31,0.3408515496405813
fixed31,relative_position,9,20260817,9,R2->R1,TSAL20260611_0830_forgetAndForgetFree001,TSAL20260628_0830_forgetAndForgetFree001,20260611,20260628,31,0.4627458567045863
fixed31,relative_position,10,20260817,1,R1->R2,TSAL20260609_0830_forgetAndForgetFree001,TSAL20260626_0830_forgetAndForgetFree001,20260609,20260626,31,0.5320116353460479
fixed31,relative_position,10,20260817,1,R2->R1,TSAL20260609_0830_forgetAndForgetFree001,TSAL20260626_0830_forgetAndForgetFree001,20260609,20260626,31,0.474786908646232
fixed31,relative_position,10,20260817,2,R1->R2,TSAL20260609_0830_forgetAndForgetFree001,TSAL20260627_0830_forgetAndForgetFree001,20260609,20260627,31,0.34460228092499334
fixed31,relative_position,10,20260817,2,R2->R1,TSAL20260609_0830_forgetAndForgetFree001,TSAL20260627_0830_forgetAndForgetFree001,20260609,20260627,31,0.6653721540176504
fixed31,relative_position,10,20260817,3,R1->R2,TSAL20260609_0830_forgetAndForgetFree001,TSAL20260628_0830_forgetAndForgetFree001,20260609,20260628,31,0.510547100453753
fixed31,relative_position,10,20260817,3,R2->R1,TSAL20260609_0830_forgetAndForgetFree001,TSAL20260628_0830_forgetAndForgetFree001,20260609,20260628,31,0.6950152002327575
fixed31,relative_position,10,20260817,4,R1->R2,TSAL20260610_0830_forgetAndForgetFree001,TSAL20260626_0830_forgetAndForgetFree001,20260610,20260626,31,0.46503955195047614
fixed31,relative_position,10,20260817,4,R2->R1,TSAL20260610_0830_forgetAndForgetFree001,TSAL20260626_0830_forgetAndForgetFree001,20260610,20260626,31,0.4735112105041309
fixed31,relative_position,10,20260817,5,R1->R2,TSAL20260610_0830_forgetAndForgetFree001,TSAL20260627_0830_forgetAndForgetFree001,20260610,20260627,31,0.4158810407863137
fixed31,relative_position,10,20260817,5,R2->R1,TSAL20260610_0830_forgetAndForgetFree001,TSAL20260627_0830_forgetAndForgetFree001,20260610,20260627,31,0.4735965458794471
fixed31,relative_position,10,20260817,6,R1->R2,TSAL20260610_0830_forgetAndForgetFree001,TSAL20260628_0830_forgetAndForgetFree001,20260610,20260628,31,0.5033761711900429
fixed31,relative_position,10,20260817,6,R2->R1,TSAL20260610_0830_forgetAndForgetFree001,TSAL20260628_0830_forgetAndForgetFree001,20260610,20260628,31,0.6335319392406451
fixed31,relative_position,10,20260817,7,R1->R2,TSAL20260611_0830_forgetAndForgetFree001,TSAL20260626_0830_forgetAndForgetFree001,20260611,20260626,31,0.40620875901826875
fixed31,relative_position,10,20260817,7,R2->R1,TSAL20260611_0830_forgetAndForgetFree001,TSAL20260626_0830_forgetAndForgetFree001,20260611,20260626,31,0.2828978459429891
fixed31,relative_position,10,20260817,8,R1->R2,TSAL20260611_0830_forgetAndForgetFree001,TSAL20260627_0830_forgetAndForgetFree001,20260611,20260627,31,0.5743489093858469
fixed31,relative_position,10,20260817,8,R2->R1,TSAL20260611_0830_forgetAndForgetFree001,TSAL20260627_0830_forgetAndForgetFree001,20260611,20260627,31,0.3725633967397
fixed31,relative_position,10,20260817,9,R1->R2,TSAL20260611_0830_forgetAndForgetFree001,TSAL20260628_0830_forgetAndForgetFree001,20260611,20260628,31,0.2815283790903464
fixed31,relative_position,10,20260817,9,R2->R1,TSAL20260611_0830_forgetAndForgetFree001,TSAL20260628_0830_forgetAndForgetFree001,20260611,20260628,31,0.6162055574885994
fixed31,relative_position,11,20260817,1,R1->R2,TSAL20260609_0830_forgetAndForgetFree001,TSAL20260626_0830_forgetAndForgetFree001,20260609,20260626,31,0.32217297071112627
fixed31,relative_position,11,20260817,1,R2->R1,TSAL20260609_0830_forgetAndForgetFree001,TSAL20260626_0830_forgetAndForgetFree001,20260609,20260626,31,0.19600101770570097
fixed31,relative_position,11,20260817,2,R1->R2,TSAL20260609_0830_forgetAndForgetFree001,TSAL20260627_0830_forgetAndForgetFree001,20260609,20260627,31,0.37536383088083625
fixed31,relative_position,11,20260817,2,R2->R1,TSAL20260609_0830_forgetAndForgetFree001,TSAL20260627_0830_forgetAndForgetFree001,20260609,20260627,31,0.5458245733695388
fixed31,relative_position,11,20260817,3,R1->R2,TSAL20260609_0830_forgetAndForgetFree001,TSAL20260628_0830_forgetAndForgetFree001,20260609,20260628,31,0.457091265554493
fixed31,relative_position,11,20260817,3,R2->R1,TSAL20260609_0830_forgetAndForgetFree001,TSAL20260628_0830_forgetAndForgetFree001,20260609,20260628,31,0.6510397275098357
fixed31,relative_position,11,20260817,4,R1->R2,TSAL20260610_0830_forgetAndForgetFree001,TSAL20260626_0830_forgetAndForgetFree001,20260610,20260626,31,0.427527335656806
fixed31,relative_position,11,20260817,4,R2->R1,TSAL20260610_0830_forgetAndForgetFree001,TSAL20260626_0830_forgetAndForgetFree001,20260610,20260626,31,0.3743084629752008
fixed31,relative_position,11,20260817,5,R1->R2,TSAL20260610_0830_forgetAndForgetFree001,TSAL20260627_0830_forgetAndForgetFree001,20260610,20260627,31,0.5146142892018304
fixed31,relative_position,11,20260817,5,R2->R1,TSAL20260610_0830_forgetAndForgetFree001,TSAL20260627_0830_forgetAndForgetFree001,20260610,20260627,31,0.4698392970330982
fixed31,relative_position,11,20260817,6,R1->R2,TSAL20260610_0830_forgetAndForgetFree001,TSAL20260628_0830_forgetAndForgetFree001,20260610,20260628,31,0.47219985428428213
fixed31,relative_position,11,20260817,6,R2->R1,TSAL20260610_0830_forgetAndForgetFree001,TSAL20260628_0830_forgetAndForgetFree001,20260610,20260628,31,0.5805257684000463
fixed31,relative_position,11,20260817,7,R1->R2,TSAL20260611_0830_forgetAndForgetFree001,TSAL20260626_0830_forgetAndForgetFree001,20260611,20260626,31,0.4376964140070724
fixed31,relative_position,11,20260817,7,R2->R1,TSAL20260611_0830_forgetAndForgetFree001,TSAL20260626_0830_forgetAndForgetFree001,20260611,20260626,31,0.20680369448125557
fixed31,relative_position,11,20260817,8,R1->R2,TSAL20260611_0830_forgetAndForgetFree001,TSAL20260627_0830_forgetAndForgetFree001,20260611,20260627,31,0.37159957580900477
fixed31,relative_position,11,20260817,8,R2->R1,TSAL20260611_0830_forgetAndForgetFree001,TSAL20260627_0830_forgetAndForgetFree001,20260611,20260627,31,0.46358359272290167
fixed31,relative_position,11,20260817,9,R1->R2,TSAL20260611_0830_forgetAndForgetFree001,TSAL20260628_0830_forgetAndForgetFree001,20260611,20260628,31,0.5955409342972984
fixed31,relative_position,11,20260817,9,R2->R1,TSAL20260611_0830_forgetAndForgetFree001,TSAL20260628_0830_forgetAndForgetFree001,20260611,20260628,31,0.46191779894189944
fixed31,relative_position,12,20260817,1,R1->R2,TSAL20260609_0830_forgetAndForgetFree001,TSAL20260626_0830_forgetAndForgetFree001,20260609,20260626,31,0.43252080035371443
fixed31,relative_position,12,20260817,1,R2->R1,TSAL20260609_0830_forgetAndForgetFree001,TSAL20260626_0830_forgetAndForgetFree001,20260609,20260626,31,0.38509037830975457
fixed31,relative_position,12,20260817,2,R1->R2,TSAL20260609_0830_forgetAndForgetFree001,TSAL20260627_0830_forgetAndForgetFree001,20260609,20260627,31,0.39122272438075434
fixed31,relative_position,12,20260817,2,R2->R1,TSAL20260609_0830_forgetAndForgetFree001,TSAL20260627_0830_forgetAndForgetFree001,20260609,20260627,31,0.3388986965958297
fixed31,relative_position,12,20260817,3,R1->R2,TSAL20260609_0830_forgetAndForgetFree001,TSAL20260628_0830_forgetAndForgetFree001,20260609,20260628,31,0.45313808651162796
fixed31,relative_position,12,20260817,3,R2->R1,TSAL20260609_0830_forgetAndForgetFree001,TSAL20260628_0830_forgetAndForgetFree001,20260609,20260628,31,0.6093064729056749
fixed31,relative_position,12,20260817,4,R1->R2,TSAL20260610_0830_forgetAndForgetFree001,TSAL20260626_0830_forgetAndForgetFree001,20260610,20260626,31,0.4586176598568817
fixed31,relative_position,12,20260817,4,R2->R1,TSAL20260610_0830_forgetAndForgetFree001,TSAL20260626_0830_forgetAndForgetFree001,20260610,20260626,31,0.40117822473199144
fixed31,relative_position,12,20260817,5,R1->R2,TSAL20260610_0830_forgetAndForgetFree001,TSAL20260627_0830_forgetAndForgetFree001,20260610,20260627,31,0.3372825087281647
fixed31,relative_position,12,20260817,5,R2->R1,TSAL20260610_0830_forgetAndForgetFree001,TSAL20260627_0830_forgetAndForgetFree001,20260610,20260627,31,0.5501713704194766
fixed31,relative_position,12,20260817,6,R1->R2,TSAL20260610_0830_forgetAndForgetFree001,TSAL20260628_0830_forgetAndForgetFree001,20260610,20260628,31,0.42486784205636696
fixed31,relative_position,12,20260817,6,R2->R1,TSAL20260610_0830_forgetAndForgetFree001,TSAL20260628_0830_forgetAndForgetFree001,20260610,20260628,31,0.5315234137324207
fixed31,relative_position,12,20260817,7,R1->R2,TSAL20260611_0830_forgetAndForgetFree001,TSAL20260626_0830_forgetAndForgetFree001,20260611,20260626,31,0.6111168832339082
fixed31,relative_position,12,20260817,7,R2->R1,TSAL20260611_0830_forgetAndForgetFree001,TSAL20260626_0830_forgetAndForgetFree001,20260611,20260626,31,0.3760045485901886
fixed31,relative_position,12,20260817,8,R1->R2,TSAL20260611_0830_forgetAndForgetFree001,TSAL20260627_0830_forgetAndForgetFree001,20260611,20260627,31,0.24165636113385838
fixed31,relative_position,12,20260817,8,R2->R1,TSAL20260611_0830_forgetAndForgetFree001,TSAL20260627_0830_forgetAndForgetFree001,20260611,20260627,31,0.6036306987873125
fixed31,relative_position,12,20260817,9,R1->R2,TSAL20260611_0830_forgetAndForgetFree001,TSAL20260628_0830_forgetAndForgetFree001,20260611,20260628,31,0.49791472532791287
fixed31,relative_position,12,20260817,9,R2->R1,TSAL20260611_0830_forgetAndForgetFree001,TSAL20260628_0830_forgetAndForgetFree001,20260611,20260628,31,0.5959341653261505
fixed31,relative_position,13,20260817,1,R1->R2,TSAL20260609_0830_forgetAndForgetFree001,TSAL20260626_0830_forgetAndForgetFree001,20260609,20260626,31,0.4992212817494183
fixed31,relative_position,13,20260817,1,R2->R1,TSAL20260609_0830_forgetAndForgetFree001,TSAL20260626_0830_forgetAndForgetFree001,20260609,20260626,31,0.3307818117253511
fixed31,relative_position,13,20260817,2,R1->R2,TSAL20260609_0830_forgetAndForgetFree001,TSAL20260627_0830_forgetAndForgetFree001,20260609,20260627,31,0.4376915859505088
fixed31,relative_position,13,20260817,2,R2->R1,TSAL20260609_0830_forgetAndForgetFree001,TSAL20260627_0830_forgetAndForgetFree001,20260609,20260627,31,0.5531180902465348
fixed31,relative_position,13,20260817,3,R1->R2,TSAL20260609_0830_forgetAndForgetFree001,TSAL20260628_0830_forgetAndForgetFree001,20260609,20260628,31,0.43237232191051744
fixed31,relative_position,13,20260817,3,R2->R1,TSAL20260609_0830_forgetAndForgetFree001,TSAL20260628_0830_forgetAndForgetFree001,20260609,20260628,31,0.7131555142428384
fixed31,relative_position,13,20260817,4,R1->R2,TSAL20260610_0830_forgetAndForgetFree001,TSAL20260626_0830_forgetAndForgetFree001,20260610,20260626,31,0.4984337935843669
fixed31,relative_position,13,20260817,4,R2->R1,TSAL20260610_0830_forgetAndForgetFree001,TSAL20260626_0830_forgetAndForgetFree001,20260610,20260626,31,0.35523711863205965
fixed31,relative_position,13,20260817,5,R1->R2,TSAL20260610_0830_forgetAndForgetFree001,TSAL20260627_0830_forgetAndForgetFree001,20260610,20260627,31,0.48819543817520183
fixed31,relative_position,13,20260817,5,R2->R1,TSAL20260610_0830_forgetAndForgetFree001,TSAL20260627_0830_forgetAndForgetFree001,20260610,20260627,31,0.4766387607373156
fixed31,relative_position,13,20260817,6,R1->R2,TSAL20260610_0830_forgetAndForgetFree001,TSAL20260628_0830_forgetAndForgetFree001,20260610,20260628,31,0.35406257668905977
fixed31,relative_position,13,20260817,6,R2->R1,TSAL20260610_0830_forgetAndForgetFree001,TSAL20260628_0830_forgetAndForgetFree001,20260610,20260628,31,0.5692944615318474
fixed31,relative_position,13,20260817,7,R1->R2,TSAL20260611_0830_forgetAndForgetFree001,TSAL20260626_0830_forgetAndForgetFree001,20260611,20260626,31,0.3612121630482274
fixed31,relative_position,13,20260817,7,R2->R1,TSAL20260611_0830_forgetAndForgetFree001,TSAL20260626_0830_forgetAndForgetFree001,20260611,20260626,31,0.4720127213834055
fixed31,relative_position,13,20260817,8,R1->R2,TSAL20260611_0830_forgetAndForgetFree001,TSAL20260627_0830_forgetAndForgetFree001,20260611,20260627,31,0.4826784256415239
fixed31,relative_position,13,20260817,8,R2->R1,TSAL20260611_0830_forgetAndForgetFree001,TSAL20260627_0830_forgetAndForgetFree001,20260611,20260627,31,0.39226297745354255
fixed31,relative_position,13,20260817,9,R1->R2,TSAL20260611_0830_forgetAndForgetFree001,TSAL20260628_0830_forgetAndForgetFree001,20260611,20260628,31,0.546453086737203
fixed31,relative_position,13,20260817,9,R2->R1,TSAL20260611_0830_forgetAndForgetFree001,TSAL20260628_0830_forgetAndForgetFree001,20260611,20260628,31,0.48899752171108934
fixed31,relative_position,14,20260817,1,R1->R2,TSAL20260609_0830_forgetAndForgetFree001,TSAL20260626_0830_forgetAndForgetFree001,20260609,20260626,31,0.4855292780821048
fixed31,relative_position,14,20260817,1,R2->R1,TSAL20260609_0830_forgetAndForgetFree001,TSAL20260626_0830_forgetAndForgetFree001,20260609,20260626,31,0.4292660713117059
fixed31,relative_position,14,20260817,2,R1->R2,TSAL20260609_0830_forgetAndForgetFree001,TSAL20260627_0830_forgetAndForgetFree001,20260609,20260627,31,0.4869573016760616
fixed31,relative_position,14,20260817,2,R2->R1,TSAL20260609_0830_forgetAndForgetFree001,TSAL20260627_0830_forgetAndForgetFree001,20260609,20260627,31,0.22184461870821023
fixed31,relative_position,14,20260817,3,R1->R2,TSAL20260609_0830_forgetAndForgetFree001,TSAL20260628_0830_forgetAndForgetFree001,20260609,20260628,31,0.37998427026021797
fixed31,relative_position,14,20260817,3,R2->R1,TSAL20260609_0830_forgetAndForgetFree001,TSAL20260628_0830_forgetAndForgetFree001,20260609,20260628,31,0.652198038709721
fixed31,relative_position,14,20260817,4,R1->R2,TSAL20260610_0830_forgetAndForgetFree001,TSAL20260626_0830_forgetAndForgetFree001,20260610,20260626,31,0.4934369646826611
fixed31,relative_position,14,20260817,4,R2->R1,TSAL20260610_0830_forgetAndForgetFree001,TSAL20260626_0830_forgetAndForgetFree001,20260610,20260626,31,0.4262108622507654
fixed31,relative_position,14,20260817,5,R1->R2,TSAL20260610_0830_forgetAndForgetFree001,TSAL20260627_0830_forgetAndForgetFree001,20260610,20260627,31,0.491827297459295
fixed31,relative_position,14,20260817,5,R2->R1,TSAL20260610_0830_forgetAndForgetFree001,TSAL20260627_0830_forgetAndForgetFree001,20260610,20260627,31,0.5837915513629822
fixed31,relative_position,14,20260817,6,R1->R2,TSAL20260610_0830_forgetAndForgetFree001,TSAL20260628_0830_forgetAndForgetFree001,20260610,20260628,31,0.4955098025569684
fixed31,relative_position,14,20260817,6,R2->R1,TSAL20260610_0830_forgetAndForgetFree001,TSAL20260628_0830_forgetAndForgetFree001,20260610,20260628,31,0.6262443092647714
fixed31,relative_position,14,20260817,7,R1->R2,TSAL20260611_0830_forgetAndForgetFree001,TSAL20260626_0830_forgetAndForgetFree001,20260611,20260626,31,0.3945813490833916
fixed31,relative_position,14,20260817,7,R2->R1,TSAL20260611_0830_forgetAndForgetFree001,TSAL20260626_0830_forgetAndForgetFree001,20260611,20260626,31,0.3105132888430738
fixed31,relative_position,14,20260817,8,R1->R2,TSAL20260611_0830_forgetAndForgetFree001,TSAL20260627_0830_forgetAndForgetFree001,20260611,20260627,31,0.49707423019476377
fixed31,relative_position,14,20260817,8,R2->R1,TSAL20260611_0830_forgetAndForgetFree001,TSAL20260627_0830_forgetAndForgetFree001,20260611,20260627,31,0.6543327710285515
fixed31,relative_position,14,20260817,9,R1->R2,TSAL20260611_0830_forgetAndForgetFree001,TSAL20260628_0830_forgetAndForgetFree001,20260611,20260628,31,0.5918769894775519
fixed31,relative_position,14,20260817,9,R2->R1,TSAL20260611_0830_forgetAndForgetFree001,TSAL20260628_0830_forgetAndForgetFree001,20260611,20260628,31,0.6994246800323164
fixed31,relative_position,15,20260817,1,R1->R2,TSAL20260609_0830_forgetAndForgetFree001,TSAL20260626_0830_forgetAndForgetFree001,20260609,20260626,31,0.4539760112131327
fixed31,relative_position,15,20260817,1,R2->R1,TSAL20260609_0830_forgetAndForgetFree001,TSAL20260626_0830_forgetAndForgetFree001,20260609,20260626,31,0.443837378448924
fixed31,relative_position,15,20260817,2,R1->R2,TSAL20260609_0830_forgetAndForgetFree001,TSAL20260627_0830_forgetAndForgetFree001,20260609,20260627,31,0.5326499425824367
fixed31,relative_position,15,20260817,2,R2->R1,TSAL20260609_0830_forgetAndForgetFree001,TSAL20260627_0830_forgetAndForgetFree001,20260609,20260627,31,0.51655851345999
fixed31,relative_position,15,20260817,3,R1->R2,TSAL20260609_0830_forgetAndForgetFree001,TSAL20260628_0830_forgetAndForgetFree001,20260609,20260628,31,0.5262159967418814
fixed31,relative_position,15,20260817,3,R2->R1,TSAL20260609_0830_forgetAndForgetFree001,TSAL20260628_0830_forgetAndForgetFree001,20260609,20260628,31,0.6230575924797894
fixed31,relative_position,15,20260817,4,R1->R2,TSAL20260610_0830_forgetAndForgetFree001,TSAL20260626_0830_forgetAndForgetFree001,20260610,20260626,31,0.3839703569554356
fixed31,relative_position,15,20260817,4,R2->R1,TSAL20260610_0830_forgetAndForgetFree001,TSAL20260626_0830_forgetAndForgetFree001,20260610,20260626,31,0.3234580041597877
fixed31,relative_position,15,20260817,5,R1->R2,TSAL20260610_0830_forgetAndForgetFree001,TSAL20260627_0830_forgetAndForgetFree001,20260610,20260627,31,0.4688136021921303
fixed31,relative_position,15,20260817,5,R2->R1,TSAL20260610_0830_forgetAndForgetFree001,TSAL20260627_0830_forgetAndForgetFree001,20260610,20260627,31,0.5964567528043272
fixed31,relative_position,15,20260817,6,R1->R2,TSAL20260610_0830_forgetAndForgetFree001,TSAL20260628_0830_forgetAndForgetFree001,20260610,20260628,31,0.22921783281822292
fixed31,relative_position,15,20260817,6,R2->R1,TSAL20260610_0830_forgetAndForgetFree001,TSAL20260628_0830_forgetAndForgetFree001,20260610,20260628,31,0.5154760746062366
fixed31,relative_position,15,20260817,7,R1->R2,TSAL20260611_0830_forgetAndForgetFree001,TSAL20260626_0830_forgetAndForgetFree001,20260611,20260626,31,0.5021493204513294
fixed31,relative_position,15,20260817,7,R2->R1,TSAL20260611_0830_forgetAndForgetFree001,TSAL20260626_0830_forgetAndForgetFree001,20260611,20260626,31,0.46689137876626596
fixed31,relative_position,15,20260817,8,R1->R2,TSAL20260611_0830_forgetAndForgetFree001,TSAL20260627_0830_forgetAndForgetFree001,20260611,20260627,31,0.5710265286081733
fixed31,relative_position,15,20260817,8,R2->R1,TSAL20260611_0830_forgetAndForgetFree001,TSAL20260627_0830_forgetAndForgetFree001,20260611,20260627,31,0.37135598972486455
fixed31,relative_position,15,20260817,9,R1->R2,TSAL20260611_0830_forgetAndForgetFree001,TSAL20260628_0830_forgetAndForgetFree001,20260611,20260628,31,0.582715136417178
fixed31,relative_position,15,20260817,9,R2->R1,TSAL20260611_0830_forgetAndForgetFree001,TSAL20260628_0830_forgetAndForgetFree001,20260611,20260628,31,0.5482324340587458
fixed31,relative_position,16,20260817,1,R1->R2,TSAL20260609_0830_forgetAndForgetFree001,TSAL20260626_0830_forgetAndForgetFree001,20260609,20260626,31,0.5101260483127097
fixed31,relative_position,16,20260817,1,R2->R1,TSAL20260609_0830_forgetAndForgetFree001,TSAL20260626_0830_forgetAndForgetFree001,20260609,20260626,31,0.32732067159608264
fixed31,relative_position,16,20260817,2,R1->R2,TSAL20260609_0830_forgetAndForgetFree001,TSAL20260627_0830_forgetAndForgetFree001,20260609,20260627,31,0.3932771695628336
fixed31,relative_position,16,20260817,2,R2->R1,TSAL20260609_0830_forgetAndForgetFree001,TSAL20260627_0830_forgetAndForgetFree001,20260609,20260627,31,0.4425785353603851
fixed31,relative_position,16,20260817,3,R1->R2,TSAL20260609_0830_forgetAndForgetFree001,TSAL20260628_0830_forgetAndForgetFree001,20260609,20260628,31,0.40332200621942055
fixed31,relative_position,16,20260817,3,R2->R1,TSAL20260609_0830_forgetAndForgetFree001,TSAL20260628_0830_forgetAndForgetFree001,20260609,20260628,31,0.5415084604097347
fixed31,relative_position,16,20260817,4,R1->R2,TSAL20260610_0830_forgetAndForgetFree001,TSAL20260626_0830_forgetAndForgetFree001,20260610,20260626,31,0.4899783601075049
fixed31,relative_position,16,20260817,4,R2->R1,TSAL20260610_0830_forgetAndForgetFree001,TSAL20260626_0830_forgetAndForgetFree001,20260610,20260626,31,0.43353474539212883
fixed31,relative_position,16,20260817,5,R1->R2,TSAL20260610_0830_forgetAndForgetFree001,TSAL20260627_0830_forgetAndForgetFree001,20260610,20260627,31,0.483482777633125
fixed31,relative_position,16,20260817,5,R2->R1,TSAL20260610_0830_forgetAndForgetFree001,TSAL20260627_0830_forgetAndForgetFree001,20260610,20260627,31,0.3538209517191192
fixed31,relative_position,16,20260817,6,R1->R2,TSAL20260610_0830_forgetAndForgetFree001,TSAL20260628_0830_forgetAndForgetFree001,20260610,20260628,31,0.3529583919147092
fixed31,relative_position,16,20260817,6,R2->R1,TSAL20260610_0830_forgetAndForgetFree001,TSAL20260628_0830_forgetAndForgetFree001,20260610,20260628,31,0.6092207129559709
fixed31,relative_position,16,20260817,7,R1->R2,TSAL20260611_0830_forgetAndForgetFree001,TSAL20260626_0830_forgetAndForgetFree001,20260611,20260626,31,0.47468484817133577
fixed31,relative_position,16,20260817,7,R2->R1,TSAL20260611_0830_forgetAndForgetFree001,TSAL20260626_0830_forgetAndForgetFree001,20260611,20260626,31,0.4629259026258436
fixed31,relative_position,16,20260817,8,R1->R2,TSAL20260611_0830_forgetAndForgetFree001,TSAL20260627_0830_forgetAndForgetFree001,20260611,20260627,31,0.22050357806177195
fixed31,relative_position,16,20260817,8,R2->R1,TSAL20260611_0830_forgetAndForgetFree001,TSAL20260627_0830_forgetAndForgetFree001,20260611,20260627,31,0.4613112539017141
fixed31,relative_position,16,20260817,9,R1->R2,TSAL20260611_0830_forgetAndForgetFree001,TSAL20260628_0830_forgetAndForgetFree001,20260611,20260628,31,0.6491427183810565
fixed31,relative_position,16,20260817,9,R2->R1,TSAL20260611_0830_forgetAndForgetFree001,TSAL20260628_0830_forgetAndForgetFree001,20260611,20260628,31,0.6792303406237395
fixed31,relative_position,17,20260817,1,R1->R2,TSAL20260609_0830_forgetAndForgetFree001,TSAL20260626_0830_forgetAndForgetFree001,20260609,20260626,31,0.5576869226629307
fixed31,relative_position,17,20260817,1,R2->R1,TSAL20260609_0830_forgetAndForgetFree001,TSAL20260626_0830_forgetAndForgetFree001,20260609,20260626,31,0.40372045961701297
fixed31,relative_position,17,20260817,2,R1->R2,TSAL20260609_0830_forgetAndForgetFree001,TSAL20260627_0830_forgetAndForgetFree001,20260609,20260627,31,0.4759299888703656
fixed31,relative_position,17,20260817,2,R2->R1,TSAL20260609_0830_forgetAndForgetFree001,TSAL20260627_0830_forgetAndForgetFree001,20260609,20260627,31,0.28820562057006616
fixed31,relative_position,17,20260817,3,R1->R2,TSAL20260609_0830_forgetAndForgetFree001,TSAL20260628_0830_forgetAndForgetFree001,20260609,20260628,31,0.34982302298692886
fixed31,relative_position,17,20260817,3,R2->R1,TSAL20260609_0830_forgetAndForgetFree001,TSAL20260628_0830_forgetAndForgetFree001,20260609,20260628,31,0.6827530123978768
fixed31,relative_position,17,20260817,4,R1->R2,TSAL20260610_0830_forgetAndForgetFree001,TSAL20260626_0830_forgetAndForgetFree001,20260610,20260626,31,0.5148073911910604
fixed31,relative_position,17,20260817,4,R2->R1,TSAL20260610_0830_forgetAndForgetFree001,TSAL20260626_0830_forgetAndForgetFree001,20260610,20260626,31,0.4722404922018965
fixed31,relative_position,17,20260817,5,R1->R2,TSAL20260610_0830_forgetAndForgetFree001,TSAL20260627_0830_forgetAndForgetFree001,20260610,20260627,31,0.4930509687636874
fixed31,relative_position,17,20260817,5,R2->R1,TSAL20260610_0830_forgetAndForgetFree001,TSAL20260627_0830_forgetAndForgetFree001,20260610,20260627,31,0.42971313233850905
fixed31,relative_position,17,20260817,6,R1->R2,TSAL20260610_0830_forgetAndForgetFree001,TSAL20260628_0830_forgetAndForgetFree001,20260610,20260628,31,0.2676427724550917
fixed31,relative_position,17,20260817,6,R2->R1,TSAL20260610_0830_forgetAndForgetFree001,TSAL20260628_0830_forgetAndForgetFree001,20260610,20260628,31,0.6457378330950108
fixed31,relative_position,17,20260817,7,R1->R2,TSAL20260611_0830_forgetAndForgetFree001,TSAL20260626_0830_forgetAndForgetFree001,20260611,20260626,31,0.4448032020610471
fixed31,relative_position,17,20260817,7,R2->R1,TSAL20260611_0830_forgetAndForgetFree001,TSAL20260626_0830_forgetAndForgetFree001,20260611,20260626,31,0.22135394958973276
fixed31,relative_position,17,20260817,8,R1->R2,TSAL20260611_0830_forgetAndForgetFree001,TSAL20260627_0830_forgetAndForgetFree001,20260611,20260627,31,0.37936716773878304
fixed31,relative_position,17,20260817,8,R2->R1,TSAL20260611_0830_forgetAndForgetFree001,TSAL20260627_0830_forgetAndForgetFree001,20260611,20260627,31,0.38852454279290904
fixed31,relative_position,17,20260817,9,R1->R2,TSAL20260611_0830_forgetAndForgetFree001,TSAL20260628_0830_forgetAndForgetFree001,20260611,20260628,31,0.5985834744301923
fixed31,relative_position,17,20260817,9,R2->R1,TSAL20260611_0830_forgetAndForgetFree001,TSAL20260628_0830_forgetAndForgetFree001,20260611,20260628,31,0.6649871584157632
fixed31,relative_position,18,20260817,1,R1->R2,TSAL20260609_0830_forgetAndForgetFree001,TSAL20260626_0830_forgetAndForgetFree001,20260609,20260626,31,0.5750535398868406
fixed31,relative_position,18,20260817,1,R2->R1,TSAL20260609_0830_forgetAndForgetFree001,TSAL20260626_0830_forgetAndForgetFree001,20260609,20260626,31,0.5740174150632801
fixed31,relative_position,18,20260817,2,R1->R2,TSAL20260609_0830_forgetAndForgetFree001,TSAL20260627_0830_forgetAndForgetFree001,20260609,20260627,31,0.38558933130588124
fixed31,relative_position,18,20260817,2,R2->R1,TSAL20260609_0830_forgetAndForgetFree001,TSAL20260627_0830_forgetAndForgetFree001,20260609,20260627,31,0.477397100844981
fixed31,relative_position,18,20260817,3,R1->R2,TSAL20260609_0830_forgetAndForgetFree001,TSAL20260628_0830_forgetAndForgetFree001,20260609,20260628,31,0.5193286325698667
fixed31,relative_position,18,20260817,3,R2->R1,TSAL20260609_0830_forgetAndForgetFree001,TSAL20260628_0830_forgetAndForgetFree001,20260609,20260628,31,0.6400461555329021
fixed31,relative_position,18,20260817,4,R1->R2,TSAL20260610_0830_forgetAndForgetFree001,TSAL20260626_0830_forgetAndForgetFree001,20260610,20260626,31,0.4123248149964726
fixed31,relative_position,18,20260817,4,R2->R1,TSAL20260610_0830_forgetAndForgetFree001,TSAL20260626_0830_forgetAndForgetFree001,20260610,20260626,31,0.4663234217626374
fixed31,relative_position,18,20260817,5,R1->R2,TSAL20260610_0830_forgetAndForgetFree001,TSAL20260627_0830_forgetAndForgetFree001,20260610,20260627,31,0.4718977825137497
fixed31,relative_position,18,20260817,5,R2->R1,TSAL20260610_0830_forgetAndForgetFree001,TSAL20260627_0830_forgetAndForgetFree001,20260610,20260627,31,0.48695281865219675
fixed31,relative_position,18,20260817,6,R1->R2,TSAL20260610_0830_forgetAndForgetFree001,TSAL20260628_0830_forgetAndForgetFree001,20260610,20260628,31,0.3251150594261501
fixed31,relative_position,18,20260817,6,R2->R1,TSAL20260610_0830_forgetAndForgetFree001,TSAL20260628_0830_forgetAndForgetFree001,20260610,20260628,31,0.6282828440168267
fixed31,relative_position,18,20260817,7,R1->R2,TSAL20260611_0830_forgetAndForgetFree001,TSAL20260626_0830_forgetAndForgetFree001,20260611,20260626,31,0.4091988661473912
fixed31,relative_position,18,20260817,7,R2->R1,TSAL20260611_0830_forgetAndForgetFree001,TSAL20260626_0830_forgetAndForgetFree001,20260611,20260626,31,0.3260193444143227
fixed31,relative_position,18,20260817,8,R1->R2,TSAL20260611_0830_forgetAndForgetFree001,TSAL20260627_0830_forgetAndForgetFree001,20260611,20260627,31,0.46887487251217047
fixed31,relative_position,18,20260817,8,R2->R1,TSAL20260611_0830_forgetAndForgetFree001,TSAL20260627_0830_forgetAndForgetFree001,20260611,20260627,31,0.40788428156321027
fixed31,relative_position,18,20260817,9,R1->R2,TSAL20260611_0830_forgetAndForgetFree001,TSAL20260628_0830_forgetAndForgetFree001,20260611,20260628,31,0.2737589374088186
fixed31,relative_position,18,20260817,9,R2->R1,TSAL20260611_0830_forgetAndForgetFree001,TSAL20260628_0830_forgetAndForgetFree001,20260611,20260628,31,0.561778146722466
fixed31,relative_position,19,20260817,1,R1->R2,TSAL20260609_0830_forgetAndForgetFree001,TSAL20260626_0830_forgetAndForgetFree001,20260609,20260626,31,0.385059889010035
fixed31,relative_position,19,20260817,1,R2->R1,TSAL20260609_0830_forgetAndForgetFree001,TSAL20260626_0830_forgetAndForgetFree001,20260609,20260626,31,0.4882979675948677
fixed31,relative_position,19,20260817,2,R1->R2,TSAL20260609_0830_forgetAndForgetFree001,TSAL20260627_0830_forgetAndForgetFree001,20260609,20260627,31,0.5217608359257687
fixed31,relative_position,19,20260817,2,R2->R1,TSAL20260609_0830_forgetAndForgetFree001,TSAL20260627_0830_forgetAndForgetFree001,20260609,20260627,31,0.3959269322722145
fixed31,relative_position,19,20260817,3,R1->R2,TSAL20260609_0830_forgetAndForgetFree001,TSAL20260628_0830_forgetAndForgetFree001,20260609,20260628,31,0.4836111441170138
fixed31,relative_position,19,20260817,3,R2->R1,TSAL20260609_0830_forgetAndForgetFree001,TSAL20260628_0830_forgetAndForgetFree001,20260609,20260628,31,0.6499681941116654
fixed31,relative_position,19,20260817,4,R1->R2,TSAL20260610_0830_forgetAndForgetFree001,TSAL20260626_0830_forgetAndForgetFree001,20260610,20260626,31,0.4016905225438224
fixed31,relative_position,19,20260817,4,R2->R1,TSAL20260610_0830_forgetAndForgetFree001,TSAL20260626_0830_forgetAndForgetFree001,20260610,20260626,31,0.40606851983269626
fixed31,relative_position,19,20260817,5,R1->R2,TSAL20260610_0830_forgetAndForgetFree001,TSAL20260627_0830_forgetAndForgetFree001,20260610,20260627,31,0.4212254167802748
fixed31,relative_position,19,20260817,5,R2->R1,TSAL20260610_0830_forgetAndForgetFree001,TSAL20260627_0830_forgetAndForgetFree001,20260610,20260627,31,0.6079537604224515
fixed31,relative_position,19,20260817,6,R1->R2,TSAL20260610_0830_forgetAndForgetFree001,TSAL20260628_0830_forgetAndForgetFree001,20260610,20260628,31,0.3057359486856733
fixed31,relative_position,19,20260817,6,R2->R1,TSAL20260610_0830_forgetAndForgetFree001,TSAL20260628_0830_forgetAndForgetFree001,20260610,20260628,31,0.5948522257445458
fixed31,relative_position,19,20260817,7,R1->R2,TSAL20260611_0830_forgetAndForgetFree001,TSAL20260626_0830_forgetAndForgetFree001,20260611,20260626,31,0.4334917920491366
fixed31,relative_position,19,20260817,7,R2->R1,TSAL20260611_0830_forgetAndForgetFree001,TSAL20260626_0830_forgetAndForgetFree001,20260611,20260626,31,0.3720864788735964
fixed31,relative_position,19,20260817,8,R1->R2,TSAL20260611_0830_forgetAndForgetFree001,TSAL20260627_0830_forgetAndForgetFree001,20260611,20260627,31,0.5207302781592457
fixed31,relative_position,19,20260817,8,R2->R1,TSAL20260611_0830_forgetAndForgetFree001,TSAL20260627_0830_forgetAndForgetFree001,20260611,20260627,31,0.2668034191975948
fixed31,relative_position,19,20260817,9,R1->R2,TSAL20260611_0830_forgetAndForgetFree001,TSAL20260628_0830_forgetAndForgetFree001,20260611,20260628,31,0.515848449484493
fixed31,relative_position,19,20260817,9,R2->R1,TSAL20260611_0830_forgetAndForgetFree001,TSAL20260628_0830_forgetAndForgetFree001,20260611,20260628,31,0.513662433335657
fixed31,relative_position,20,20260817,1,R1->R2,TSAL20260609_0830_forgetAndForgetFree001,TSAL20260626_0830_forgetAndForgetFree001,20260609,20260626,31,0.3290686445129804
fixed31,relative_position,20,20260817,1,R2->R1,TSAL20260609_0830_forgetAndForgetFree001,TSAL20260626_0830_forgetAndForgetFree001,20260609,20260626,31,0.47550391958530686
fixed31,relative_position,20,20260817,2,R1->R2,TSAL20260609_0830_forgetAndForgetFree001,TSAL20260627_0830_forgetAndForgetFree001,20260609,20260627,31,0.361795786842415
fixed31,relative_position,20,20260817,2,R2->R1,TSAL20260609_0830_forgetAndForgetFree001,TSAL20260627_0830_forgetAndForgetFree001,20260609,20260627,31,0.5163041314666698
fixed31,relative_position,20,20260817,3,R1->R2,TSAL20260609_0830_forgetAndForgetFree001,TSAL20260628_0830_forgetAndForgetFree001,20260609,20260628,31,0.4138541157475706
fixed31,relative_position,20,20260817,3,R2->R1,TSAL20260609_0830_forgetAndForgetFree001,TSAL20260628_0830_forgetAndForgetFree001,20260609,20260628,31,0.5762834842211999
fixed31,relative_position,20,20260817,4,R1->R2,TSAL20260610_0830_forgetAndForgetFree001,TSAL20260626_0830_forgetAndForgetFree001,20260610,20260626,31,0.4249379555378704
fixed31,relative_position,20,20260817,4,R2->R1,TSAL20260610_0830_forgetAndForgetFree001,TSAL20260626_0830_forgetAndForgetFree001,20260610,20260626,31,0.4665721436341435
fixed31,relative_position,20,20260817,5,R1->R2,TSAL20260610_0830_forgetAndForgetFree001,TSAL20260627_0830_forgetAndForgetFree001,20260610,20260627,31,0.3978491487236799
fixed31,relative_position,20,20260817,5,R2->R1,TSAL20260610_0830_forgetAndForgetFree001,TSAL20260627_0830_forgetAndForgetFree001,20260610,20260627,31,0.5141457481588982
fixed31,relative_position,20,20260817,6,R1->R2,TSAL20260610_0830_forgetAndForgetFree001,TSAL20260628_0830_forgetAndForgetFree001,20260610,20260628,31,0.4292556197633618
fixed31,relative_position,20,20260817,6,R2->R1,TSAL20260610_0830_forgetAndForgetFree001,TSAL20260628_0830_forgetAndForgetFree001,20260610,20260628,31,0.6715788423523987
fixed31,relative_position,20,20260817,7,R1->R2,TSAL20260611_0830_forgetAndForgetFree001,TSAL20260626_0830_forgetAndForgetFree001,20260611,20260626,31,0.3941242389813605
fixed31,relative_position,20,20260817,7,R2->R1,TSAL20260611_0830_forgetAndForgetFree001,TSAL20260626_0830_forgetAndForgetFree001,20260611,20260626,31,0.3931252468561055
fixed31,relative_position,20,20260817,8,R1->R2,TSAL20260611_0830_forgetAndForgetFree001,TSAL20260627_0830_forgetAndForgetFree001,20260611,20260627,31,0.26912160943286967
fixed31,relative_position,20,20260817,8,R2->R1,TSAL20260611_0830_forgetAndForgetFree001,TSAL20260627_0830_forgetAndForgetFree001,20260611,20260627,31,0.5006616951832706
fixed31,relative_position,20,20260817,9,R1->R2,TSAL20260611_0830_forgetAndForgetFree001,TSAL20260628_0830_forgetAndForgetFree001,20260611,20260628,31,0.48720633771603605
fixed31,relative_position,20,20260817,9,R2->R1,TSAL20260611_0830_forgetAndForgetFree001,TSAL20260628_0830_forgetAndForgetFree001,20260611,20260628,31,0.5894214636238689
fixed31,relative_position,21,20260817,1,R1->R2,TSAL20260609_0830_forgetAndForgetFree001,TSAL20260626_0830_forgetAndForgetFree001,20260609,20260626,31,0.5523292956664151
fixed31,relative_position,21,20260817,1,R2->R1,TSAL20260609_0830_forgetAndForgetFree001,TSAL20260626_0830_forgetAndForgetFree001,20260609,20260626,31,0.34362954275320523
fixed31,relative_position,21,20260817,2,R1->R2,TSAL20260609_0830_forgetAndForgetFree001,TSAL20260627_0830_forgetAndForgetFree001,20260609,20260627,31,0.49628183776743523
fixed31,relative_position,21,20260817,2,R2->R1,TSAL20260609_0830_forgetAndForgetFree001,TSAL20260627_0830_forgetAndForgetFree001,20260609,20260627,31,0.5637338361819098
fixed31,relative_position,21,20260817,3,R1->R2,TSAL20260609_0830_forgetAndForgetFree001,TSAL20260628_0830_forgetAndForgetFree001,20260609,20260628,31,0.33246197538359
fixed31,relative_position,21,20260817,3,R2->R1,TSAL20260609_0830_forgetAndForgetFree001,TSAL20260628_0830_forgetAndForgetFree001,20260609,20260628,31,0.6485010648029756
fixed31,relative_position,21,20260817,4,R1->R2,TSAL20260610_0830_forgetAndForgetFree001,TSAL20260626_0830_forgetAndForgetFree001,20260610,20260626,31,0.43605757806930506
fixed31,relative_position,21,20260817,4,R2->R1,TSAL20260610_0830_forgetAndForgetFree001,TSAL20260626_0830_forgetAndForgetFree001,20260610,20260626,31,0.416905602067227
fixed31,relative_position,21,20260817,5,R1->R2,TSAL20260610_0830_forgetAndForgetFree001,TSAL20260627_0830_forgetAndForgetFree001,20260610,20260627,31,0.5215175162323782
fixed31,relative_position,21,20260817,5,R2->R1,TSAL20260610_0830_forgetAndForgetFree001,TSAL20260627_0830_forgetAndForgetFree001,20260610,20260627,31,0.3862742115082903
fixed31,relative_position,21,20260817,6,R1->R2,TSAL20260610_0830_forgetAndForgetFree001,TSAL20260628_0830_forgetAndForgetFree001,20260610,20260628,31,0.39750351399265166
fixed31,relative_position,21,20260817,6,R2->R1,TSAL20260610_0830_forgetAndForgetFree001,TSAL20260628_0830_forgetAndForgetFree001,20260610,20260628,31,0.6425881125268756
fixed31,relative_position,21,20260817,7,R1->R2,TSAL20260611_0830_forgetAndForgetFree001,TSAL20260626_0830_forgetAndForgetFree001,20260611,20260626,31,0.49884395258684694
fixed31,relative_position,21,20260817,7,R2->R1,TSAL20260611_0830_forgetAndForgetFree001,TSAL20260626_0830_forgetAndForgetFree001,20260611,20260626,31,0.3911272735668459
fixed31,relative_position,21,20260817,8,R1->R2,TSAL20260611_0830_forgetAndForgetFree001,TSAL20260627_0830_forgetAndForgetFree001,20260611,20260627,31,0.4888049716505116
fixed31,relative_position,21,20260817,8,R2->R1,TSAL20260611_0830_forgetAndForgetFree001,TSAL20260627_0830_forgetAndForgetFree001,20260611,20260627,31,0.53339598221492
fixed31,relative_position,21,20260817,9,R1->R2,TSAL20260611_0830_forgetAndForgetFree001,TSAL20260628_0830_forgetAndForgetFree001,20260611,20260628,31,0.49172489674698394
fixed31,relative_position,21,20260817,9,R2->R1,TSAL20260611_0830_forgetAndForgetFree001,TSAL20260628_0830_forgetAndForgetFree001,20260611,20260628,31,0.44735407735172955
fixed31,relative_position,22,20260817,1,R1->R2,TSAL20260609_0830_forgetAndForgetFree001,TSAL20260626_0830_forgetAndForgetFree001,20260609,20260626,31,0.511227138755474
fixed31,relative_position,22,20260817,1,R2->R1,TSAL20260609_0830_forgetAndForgetFree001,TSAL20260626_0830_forgetAndForgetFree001,20260609,20260626,31,0.4131445462644032
fixed31,relative_position,22,20260817,2,R1->R2,TSAL20260609_0830_forgetAndForgetFree001,TSAL20260627_0830_forgetAndForgetFree001,20260609,20260627,31,0.5197034655291469
fixed31,relative_position,22,20260817,2,R2->R1,TSAL20260609_0830_forgetAndForgetFree001,TSAL20260627_0830_forgetAndForgetFree001,20260609,20260627,31,0.5992775935201741
fixed31,relative_position,22,20260817,3,R1->R2,TSAL20260609_0830_forgetAndForgetFree001,TSAL20260628_0830_forgetAndForgetFree001,20260609,20260628,31,0.39278969562620397
fixed31,relative_position,22,20260817,3,R2->R1,TSAL20260609_0830_forgetAndForgetFree001,TSAL20260628_0830_forgetAndForgetFree001,20260609,20260628,31,0.6551446779671471
fixed31,relative_position,22,20260817,4,R1->R2,TSAL20260610_0830_forgetAndForgetFree001,TSAL20260626_0830_forgetAndForgetFree001,20260610,20260626,31,0.40829157875315825
fixed31,relative_position,22,20260817,4,R2->R1,TSAL20260610_0830_forgetAndForgetFree001,TSAL20260626_0830_forgetAndForgetFree001,20260610,20260626,31,0.3995682020093592
fixed31,relative_position,22,20260817,5,R1->R2,TSAL20260610_0830_forgetAndForgetFree001,TSAL20260627_0830_forgetAndForgetFree001,20260610,20260627,31,0.4318679414312283
fixed31,relative_position,22,20260817,5,R2->R1,TSAL20260610_0830_forgetAndForgetFree001,TSAL20260627_0830_forgetAndForgetFree001,20260610,20260627,31,0.5787085542482492
fixed31,relative_position,22,20260817,6,R1->R2,TSAL20260610_0830_forgetAndForgetFree001,TSAL20260628_0830_forgetAndForgetFree001,20260610,20260628,31,0.40021359098935133
fixed31,relative_position,22,20260817,6,R2->R1,TSAL20260610_0830_forgetAndForgetFree001,TSAL20260628_0830_forgetAndForgetFree001,20260610,20260628,31,0.6356230759400974
fixed31,relative_position,22,20260817,7,R1->R2,TSAL20260611_0830_forgetAndForgetFree001,TSAL20260626_0830_forgetAndForgetFree001,20260611,20260626,31,0.4079082461521217
fixed31,relative_position,22,20260817,7,R2->R1,TSAL20260611_0830_forgetAndForgetFree001,TSAL20260626_0830_forgetAndForgetFree001,20260611,20260626,31,0.3181724955518978
fixed31,relative_position,22,20260817,8,R1->R2,TSAL20260611_0830_forgetAndForgetFree001,TSAL20260627_0830_forgetAndForgetFree001,20260611,20260627,31,0.5686924259082703
fixed31,relative_position,22,20260817,8,R2->R1,TSAL20260611_0830_forgetAndForgetFree001,TSAL20260627_0830_forgetAndForgetFree001,20260611,20260627,31,0.45562807427107477
fixed31,relative_position,22,20260817,9,R1->R2,TSAL20260611_0830_forgetAndForgetFree001,TSAL20260628_0830_forgetAndForgetFree001,20260611,20260628,31,0.34519558275639073
fixed31,relative_position,22,20260817,9,R2->R1,TSAL20260611_0830_forgetAndForgetFree001,TSAL20260628_0830_forgetAndForgetFree001,20260611,20260628,31,0.5444681996093018
fixed31,relative_position,23,20260817,1,R1->R2,TSAL20260609_0830_forgetAndForgetFree001,TSAL20260626_0830_forgetAndForgetFree001,20260609,20260626,31,0.432790720695867
fixed31,relative_position,23,20260817,1,R2->R1,TSAL20260609_0830_forgetAndForgetFree001,TSAL20260626_0830_forgetAndForgetFree001,20260609,20260626,31,0.4922578586653089
fixed31,relative_position,23,20260817,2,R1->R2,TSAL20260609_0830_forgetAndForgetFree001,TSAL20260627_0830_forgetAndForgetFree001,20260609,20260627,31,0.4545180527277316
fixed31,relative_position,23,20260817,2,R2->R1,TSAL20260609_0830_forgetAndForgetFree001,TSAL20260627_0830_forgetAndForgetFree001,20260609,20260627,31,0.4335218653476104
fixed31,relative_position,23,20260817,3,R1->R2,TSAL20260609_0830_forgetAndForgetFree001,TSAL20260628_0830_forgetAndForgetFree001,20260609,20260628,31,0.4335814673213751
fixed31,relative_position,23,20260817,3,R2->R1,TSAL20260609_0830_forgetAndForgetFree001,TSAL20260628_0830_forgetAndForgetFree001,20260609,20260628,31,0.5634417184821242
fixed31,relative_position,23,20260817,4,R1->R2,TSAL20260610_0830_forgetAndForgetFree001,TSAL20260626_0830_forgetAndForgetFree001,20260610,20260626,31,0.526336167317166
fixed31,relative_position,23,20260817,4,R2->R1,TSAL20260610_0830_forgetAndForgetFree001,TSAL20260626_0830_forgetAndForgetFree001,20260610,20260626,31,0.39252649422430724
fixed31,relative_position,23,20260817,5,R1->R2,TSAL20260610_0830_forgetAndForgetFree001,TSAL20260627_0830_forgetAndForgetFree001,20260610,20260627,31,0.5268294051758983
fixed31,relative_position,23,20260817,5,R2->R1,TSAL20260610_0830_forgetAndForgetFree001,TSAL20260627_0830_forgetAndForgetFree001,20260610,20260627,31,0.4035067439784127
fixed31,relative_position,23,20260817,6,R1->R2,TSAL20260610_0830_forgetAndForgetFree001,TSAL20260628_0830_forgetAndForgetFree001,20260610,20260628,31,0.40800101484929796
fixed31,relative_position,23,20260817,6,R2->R1,TSAL20260610_0830_forgetAndForgetFree001,TSAL20260628_0830_forgetAndForgetFree001,20260610,20260628,31,0.6457353611525413
fixed31,relative_position,23,20260817,7,R1->R2,TSAL20260611_0830_forgetAndForgetFree001,TSAL20260626_0830_forgetAndForgetFree001,20260611,20260626,31,0.4411581887853004
fixed31,relative_position,23,20260817,7,R2->R1,TSAL20260611_0830_forgetAndForgetFree001,TSAL20260626_0830_forgetAndForgetFree001,20260611,20260626,31,0.29368998541947233
fixed31,relative_position,23,20260817,8,R1->R2,TSAL20260611_0830_forgetAndForgetFree001,TSAL20260627_0830_forgetAndForgetFree001,20260611,20260627,31,0.5067237237523897
fixed31,relative_position,23,20260817,8,R2->R1,TSAL20260611_0830_forgetAndForgetFree001,TSAL20260627_0830_forgetAndForgetFree001,20260611,20260627,31,0.4196027846106337
fixed31,relative_position,23,20260817,9,R1->R2,TSAL20260611_0830_forgetAndForgetFree001,TSAL20260628_0830_forgetAndForgetFree001,20260611,20260628,31,0.42984428985910417
fixed31,relative_position,23,20260817,9,R2->R1,TSAL20260611_0830_forgetAndForgetFree001,TSAL20260628_0830_forgetAndForgetFree001,20260611,20260628,31,0.5615759626970996
fixed31,relative_position,24,20260817,1,R1->R2,TSAL20260609_0830_forgetAndForgetFree001,TSAL20260626_0830_forgetAndForgetFree001,20260609,20260626,31,0.5000103384605549
fixed31,relative_position,24,20260817,1,R2->R1,TSAL20260609_0830_forgetAndForgetFree001,TSAL20260626_0830_forgetAndForgetFree001,20260609,20260626,31,0.601816124771108
fixed31,relative_position,24,20260817,2,R1->R2,TSAL20260609_0830_forgetAndForgetFree001,TSAL20260627_0830_forgetAndForgetFree001,20260609,20260627,31,0.5559718087834795
fixed31,relative_position,24,20260817,2,R2->R1,TSAL20260609_0830_forgetAndForgetFree001,TSAL20260627_0830_forgetAndForgetFree001,20260609,20260627,31,0.4799365596200114
fixed31,relative_position,24,20260817,3,R1->R2,TSAL20260609_0830_forgetAndForgetFree001,TSAL20260628_0830_forgetAndForgetFree001,20260609,20260628,31,0.3944612357401216
fixed31,relative_position,24,20260817,3,R2->R1,TSAL20260609_0830_forgetAndForgetFree001,TSAL20260628_0830_forgetAndForgetFree001,20260609,20260628,31,0.7283494389592161
fixed31,relative_position,24,20260817,4,R1->R2,TSAL20260610_0830_forgetAndForgetFree001,TSAL20260626_0830_forgetAndForgetFree001,20260610,20260626,31,0.5102427384218232
fixed31,relative_position,24,20260817,4,R2->R1,TSAL20260610_0830_forgetAndForgetFree001,TSAL20260626_0830_forgetAndForgetFree001,20260610,20260626,31,0.36068695358173775
fixed31,relative_position,24,20260817,5,R1->R2,TSAL20260610_0830_forgetAndForgetFree001,TSAL20260627_0830_forgetAndForgetFree001,20260610,20260627,31,0.48390764996132357
fixed31,relative_position,24,20260817,5,R2->R1,TSAL20260610_0830_forgetAndForgetFree001,TSAL20260627_0830_forgetAndForgetFree001,20260610,20260627,31,0.5648663015421801
fixed31,relative_position,24,20260817,6,R1->R2,TSAL20260610_0830_forgetAndForgetFree001,TSAL20260628_0830_forgetAndForgetFree001,20260610,20260628,31,0.4203881448810276
fixed31,relative_position,24,20260817,6,R2->R1,TSAL20260610_0830_forgetAndForgetFree001,TSAL20260628_0830_forgetAndForgetFree001,20260610,20260628,31,0.5564023347036856
fixed31,relative_position,24,20260817,7,R1->R2,TSAL20260611_0830_forgetAndForgetFree001,TSAL20260626_0830_forgetAndForgetFree001,20260611,20260626,31,0.39470732350389975
fixed31,relative_position,24,20260817,7,R2->R1,TSAL20260611_0830_forgetAndForgetFree001,TSAL20260626_0830_forgetAndForgetFree001,20260611,20260626,31,0.375297404870517
fixed31,relative_position,24,20260817,8,R1->R2,TSAL20260611_0830_forgetAndForgetFree001,TSAL20260627_0830_forgetAndForgetFree001,20260611,20260627,31,0.55521916449881
fixed31,relative_position,24,20260817,8,R2->R1,TSAL20260611_0830_forgetAndForgetFree001,TSAL20260627_0830_forgetAndForgetFree001,20260611,20260627,31,0.5574642571809074
fixed31,relative_position,24,20260817,9,R1->R2,TSAL20260611_0830_forgetAndForgetFree001,TSAL20260628_0830_forgetAndForgetFree001,20260611,20260628,31,0.5344979686191608
fixed31,relative_position,24,20260817,9,R2->R1,TSAL20260611_0830_forgetAndForgetFree001,TSAL20260628_0830_forgetAndForgetFree001,20260611,20260628,31,0.6575381471036972
fixed31,relative_position,25,20260817,1,R1->R2,TSAL20260609_0830_forgetAndForgetFree001,TSAL20260626_0830_forgetAndForgetFree001,20260609,20260626,31,0.5729226075106996
fixed31,relative_position,25,20260817,1,R2->R1,TSAL20260609_0830_forgetAndForgetFree001,TSAL20260626_0830_forgetAndForgetFree001,20260609,20260626,31,0.447326107313915
fixed31,relative_position,25,20260817,2,R1->R2,TSAL20260609_0830_forgetAndForgetFree001,TSAL20260627_0830_forgetAndForgetFree001,20260609,20260627,31,0.5342004837330355
fixed31,relative_position,25,20260817,2,R2->R1,TSAL20260609_0830_forgetAndForgetFree001,TSAL20260627_0830_forgetAndForgetFree001,20260609,20260627,31,0.4947562977933816
fixed31,relative_position,25,20260817,3,R1->R2,TSAL20260609_0830_forgetAndForgetFree001,TSAL20260628_0830_forgetAndForgetFree001,20260609,20260628,31,0.43068183949856026
fixed31,relative_position,25,20260817,3,R2->R1,TSAL20260609_0830_forgetAndForgetFree001,TSAL20260628_0830_forgetAndForgetFree001,20260609,20260628,31,0.6578599711809426
fixed31,relative_position,25,20260817,4,R1->R2,TSAL20260610_0830_forgetAndForgetFree001,TSAL20260626_0830_forgetAndForgetFree001,20260610,20260626,31,0.4972736831951072
fixed31,relative_position,25,20260817,4,R2->R1,TSAL20260610_0830_forgetAndForgetFree001,TSAL20260626_0830_forgetAndForgetFree001,20260610,20260626,31,0.41142159019544955
fixed31,relative_position,25,20260817,5,R1->R2,TSAL20260610_0830_forgetAndForgetFree001,TSAL20260627_0830_forgetAndForgetFree001,20260610,20260627,31,0.48909263458065927
fixed31,relative_position,25,20260817,5,R2->R1,TSAL20260610_0830_forgetAndForgetFree001,TSAL20260627_0830_forgetAndForgetFree001,20260610,20260627,31,0.4867018267911957
fixed31,relative_position,25,20260817,6,R1->R2,TSAL20260610_0830_forgetAndForgetFree001,TSAL20260628_0830_forgetAndForgetFree001,20260610,20260628,31,0.4067558991697913
fixed31,relative_position,25,20260817,6,R2->R1,TSAL20260610_0830_forgetAndForgetFree001,TSAL20260628_0830_forgetAndForgetFree001,20260610,20260628,31,0.6623090738608335
fixed31,relative_position,25,20260817,7,R1->R2,TSAL20260611_0830_forgetAndForgetFree001,TSAL20260626_0830_forgetAndForgetFree001,20260611,20260626,31,0.4114079649513317
fixed31,relative_position,25,20260817,7,R2->R1,TSAL20260611_0830_forgetAndForgetFree001,TSAL20260626_0830_forgetAndForgetFree001,20260611,20260626,31,0.3318721549426416
fixed31,relative_position,25,20260817,8,R1->R2,TSAL20260611_0830_forgetAndForgetFree001,TSAL20260627_0830_forgetAndForgetFree001,20260611,20260627,31,0.5093066229456206
fixed31,relative_position,25,20260817,8,R2->R1,TSAL20260611_0830_forgetAndForgetFree001,TSAL20260627_0830_forgetAndForgetFree001,20260611,20260627,31,0.24729253592926737
fixed31,relative_position,25,20260817,9,R1->R2,TSAL20260611_0830_forgetAndForgetFree001,TSAL20260628_0830_forgetAndForgetFree001,20260611,20260628,31,0.5500793841929433
fixed31,relative_position,25,20260817,9,R2->R1,TSAL20260611_0830_forgetAndForgetFree001,TSAL20260628_0830_forgetAndForgetFree001,20260611,20260628,31,0.5175721372278189
fixed31,relative_position,26,20260817,1,R1->R2,TSAL20260609_0830_forgetAndForgetFree001,TSAL20260626_0830_forgetAndForgetFree001,20260609,20260626,31,0.5103031504184773
fixed31,relative_position,26,20260817,1,R2->R1,TSAL20260609_0830_forgetAndForgetFree001,TSAL20260626_0830_forgetAndForgetFree001,20260609,20260626,31,0.5307360688958861
fixed31,relative_position,26,20260817,2,R1->R2,TSAL20260609_0830_forgetAndForgetFree001,TSAL20260627_0830_forgetAndForgetFree001,20260609,20260627,31,0.30479029963247495
fixed31,relative_position,26,20260817,2,R2->R1,TSAL20260609_0830_forgetAndForgetFree001,TSAL20260627_0830_forgetAndForgetFree001,20260609,20260627,31,0.5317940628546147
fixed31,relative_position,26,20260817,3,R1->R2,TSAL20260609_0830_forgetAndForgetFree001,TSAL20260628_0830_forgetAndForgetFree001,20260609,20260628,31,0.557705533680226
fixed31,relative_position,26,20260817,3,R2->R1,TSAL20260609_0830_forgetAndForgetFree001,TSAL20260628_0830_forgetAndForgetFree001,20260609,20260628,31,0.5250460953228677
fixed31,relative_position,26,20260817,4,R1->R2,TSAL20260610_0830_forgetAndForgetFree001,TSAL20260626_0830_forgetAndForgetFree001,20260610,20260626,31,0.4930539706012187
fixed31,relative_position,26,20260817,4,R2->R1,TSAL20260610_0830_forgetAndForgetFree001,TSAL20260626_0830_forgetAndForgetFree001,20260610,20260626,31,0.5012009033428904
fixed31,relative_position,26,20260817,5,R1->R2,TSAL20260610_0830_forgetAndForgetFree001,TSAL20260627_0830_forgetAndForgetFree001,20260610,20260627,31,0.5127977537463322
fixed31,relative_position,26,20260817,5,R2->R1,TSAL20260610_0830_forgetAndForgetFree001,TSAL20260627_0830_forgetAndForgetFree001,20260610,20260627,31,0.5142432747446228
fixed31,relative_position,26,20260817,6,R1->R2,TSAL20260610_0830_forgetAndForgetFree001,TSAL20260628_0830_forgetAndForgetFree001,20260610,20260628,31,0.4274902674961004
fixed31,relative_position,26,20260817,6,R2->R1,TSAL20260610_0830_forgetAndForgetFree001,TSAL20260628_0830_forgetAndForgetFree001,20260610,20260628,31,0.4948631968865277
fixed31,relative_position,26,20260817,7,R1->R2,TSAL20260611_0830_forgetAndForgetFree001,TSAL20260626_0830_forgetAndForgetFree001,20260611,20260626,31,0.5045634611623806
fixed31,relative_position,26,20260817,7,R2->R1,TSAL20260611_0830_forgetAndForgetFree001,TSAL20260626_0830_forgetAndForgetFree001,20260611,20260626,31,0.4542653464114206
fixed31,relative_position,26,20260817,8,R1->R2,TSAL20260611_0830_forgetAndForgetFree001,TSAL20260627_0830_forgetAndForgetFree001,20260611,20260627,31,0.5957278361111681
fixed31,relative_position,26,20260817,8,R2->R1,TSAL20260611_0830_forgetAndForgetFree001,TSAL20260627_0830_forgetAndForgetFree001,20260611,20260627,31,0.5477898692116271
fixed31,relative_position,26,20260817,9,R1->R2,TSAL20260611_0830_forgetAndForgetFree001,TSAL20260628_0830_forgetAndForgetFree001,20260611,20260628,31,0.46846520484969245
fixed31,relative_position,26,20260817,9,R2->R1,TSAL20260611_0830_forgetAndForgetFree001,TSAL20260628_0830_forgetAndForgetFree001,20260611,20260628,31,0.6299453250631805
fixed31,relative_position,27,20260817,1,R1->R2,TSAL20260609_0830_forgetAndForgetFree001,TSAL20260626_0830_forgetAndForgetFree001,20260609,20260626,31,0.5758101468300145
fixed31,relative_position,27,20260817,1,R2->R1,TSAL20260609_0830_forgetAndForgetFree001,TSAL20260626_0830_forgetAndForgetFree001,20260609,20260626,31,0.45656429785697245
fixed31,relative_position,27,20260817,2,R1->R2,TSAL20260609_0830_forgetAndForgetFree001,TSAL20260627_0830_forgetAndForgetFree001,20260609,20260627,31,0.33955558434421385
fixed31,relative_position,27,20260817,2,R2->R1,TSAL20260609_0830_forgetAndForgetFree001,TSAL20260627_0830_forgetAndForgetFree001,20260609,20260627,31,0.3074379059060893
fixed31,relative_position,27,20260817,3,R1->R2,TSAL20260609_0830_forgetAndForgetFree001,TSAL20260628_0830_forgetAndForgetFree001,20260609,20260628,31,0.4065347987658142
fixed31,relative_position,27,20260817,3,R2->R1,TSAL20260609_0830_forgetAndForgetFree001,TSAL20260628_0830_forgetAndForgetFree001,20260609,20260628,31,0.5933529927889273
fixed31,relative_position,27,20260817,4,R1->R2,TSAL20260610_0830_forgetAndForgetFree001,TSAL20260626_0830_forgetAndForgetFree001,20260610,20260626,31,0.44411306599467076
fixed31,relative_position,27,20260817,4,R2->R1,TSAL20260610_0830_forgetAndForgetFree001,TSAL20260626_0830_forgetAndForgetFree001,20260610,20260626,31,0.2832388843286325
fixed31,relative_position,27,20260817,5,R1->R2,TSAL20260610_0830_forgetAndForgetFree001,TSAL20260627_0830_forgetAndForgetFree001,20260610,20260627,31,0.42820452716107044
fixed31,relative_position,27,20260817,5,R2->R1,TSAL20260610_0830_forgetAndForgetFree001,TSAL20260627_0830_forgetAndForgetFree001,20260610,20260627,31,0.5238827904516377
fixed31,relative_position,27,20260817,6,R1->R2,TSAL20260610_0830_forgetAndForgetFree001,TSAL20260628_0830_forgetAndForgetFree001,20260610,20260628,31,0.4335134552373156
fixed31,relative_position,27,20260817,6,R2->R1,TSAL20260610_0830_forgetAndForgetFree001,TSAL20260628_0830_forgetAndForgetFree001,20260610,20260628,31,0.5925639029282725
fixed31,relative_position,27,20260817,7,R1->R2,TSAL20260611_0830_forgetAndForgetFree001,TSAL20260626_0830_forgetAndForgetFree001,20260611,20260626,31,0.3523797908875202
fixed31,relative_position,27,20260817,7,R2->R1,TSAL20260611_0830_forgetAndForgetFree001,TSAL20260626_0830_forgetAndForgetFree001,20260611,20260626,31,0.2088316243781385
fixed31,relative_position,27,20260817,8,R1->R2,TSAL20260611_0830_forgetAndForgetFree001,TSAL20260627_0830_forgetAndForgetFree001,20260611,20260627,31,0.5708666454444492
fixed31,relative_position,27,20260817,8,R2->R1,TSAL20260611_0830_forgetAndForgetFree001,TSAL20260627_0830_forgetAndForgetFree001,20260611,20260627,31,0.27539937351769433
fixed31,relative_position,27,20260817,9,R1->R2,TSAL20260611_0830_forgetAndForgetFree001,TSAL20260628_0830_forgetAndForgetFree001,20260611,20260628,31,0.5967231548729982
fixed31,relative_position,27,20260817,9,R2->R1,TSAL20260611_0830_forgetAndForgetFree001,TSAL20260628_0830_forgetAndForgetFree001,20260611,20260628,31,0.6139538586183587
fixed31,relative_position,28,20260817,1,R1->R2,TSAL20260609_0830_forgetAndForgetFree001,TSAL20260626_0830_forgetAndForgetFree001,20260609,20260626,31,0.4133302931841312
fixed31,relative_position,28,20260817,1,R2->R1,TSAL20260609_0830_forgetAndForgetFree001,TSAL20260626_0830_forgetAndForgetFree001,20260609,20260626,31,0.42187382737962137
fixed31,relative_position,28,20260817,2,R1->R2,TSAL20260609_0830_forgetAndForgetFree001,TSAL20260627_0830_forgetAndForgetFree001,20260609,20260627,31,0.4611398548282815
fixed31,relative_position,28,20260817,2,R2->R1,TSAL20260609_0830_forgetAndForgetFree001,TSAL20260627_0830_forgetAndForgetFree001,20260609,20260627,31,0.5675680226947556
fixed31,relative_position,28,20260817,3,R1->R2,TSAL20260609_0830_forgetAndForgetFree001,TSAL20260628_0830_forgetAndForgetFree001,20260609,20260628,31,0.3677961597536801
fixed31,relative_position,28,20260817,3,R2->R1,TSAL20260609_0830_forgetAndForgetFree001,TSAL20260628_0830_forgetAndForgetFree001,20260609,20260628,31,0.6581889885047709
fixed31,relative_position,28,20260817,4,R1->R2,TSAL20260610_0830_forgetAndForgetFree001,TSAL20260626_0830_forgetAndForgetFree001,20260610,20260626,31,0.533741708540698
fixed31,relative_position,28,20260817,4,R2->R1,TSAL20260610_0830_forgetAndForgetFree001,TSAL20260626_0830_forgetAndForgetFree001,20260610,20260626,31,0.44301434017546726
fixed31,relative_position,28,20260817,5,R1->R2,TSAL20260610_0830_forgetAndForgetFree001,TSAL20260627_0830_forgetAndForgetFree001,20260610,20260627,31,0.4486995228908691
fixed31,relative_position,28,20260817,5,R2->R1,TSAL20260610_0830_forgetAndForgetFree001,TSAL20260627_0830_forgetAndForgetFree001,20260610,20260627,31,0.5708641505787313
fixed31,relative_position,28,20260817,6,R1->R2,TSAL20260610_0830_forgetAndForgetFree001,TSAL20260628_0830_forgetAndForgetFree001,20260610,20260628,31,0.4491343478404498
fixed31,relative_position,28,20260817,6,R2->R1,TSAL20260610_0830_forgetAndForgetFree001,TSAL20260628_0830_forgetAndForgetFree001,20260610,20260628,31,0.5650929006710723
fixed31,relative_position,28,20260817,7,R1->R2,TSAL20260611_0830_forgetAndForgetFree001,TSAL20260626_0830_forgetAndForgetFree001,20260611,20260626,31,0.46071979614610037
fixed31,relative_position,28,20260817,7,R2->R1,TSAL20260611_0830_forgetAndForgetFree001,TSAL20260626_0830_forgetAndForgetFree001,20260611,20260626,31,0.4507629815230591
fixed31,relative_position,28,20260817,8,R1->R2,TSAL20260611_0830_forgetAndForgetFree001,TSAL20260627_0830_forgetAndForgetFree001,20260611,20260627,31,0.5813459891501125
fixed31,relative_position,28,20260817,8,R2->R1,TSAL20260611_0830_forgetAndForgetFree001,TSAL20260627_0830_forgetAndForgetFree001,20260611,20260627,31,0.13632839612435108
fixed31,relative_position,28,20260817,9,R1->R2,TSAL20260611_0830_forgetAndForgetFree001,TSAL20260628_0830_forgetAndForgetFree001,20260611,20260628,31,0.49987202448966805
fixed31,relative_position,28,20260817,9,R2->R1,TSAL20260611_0830_forgetAndForgetFree001,TSAL20260628_0830_forgetAndForgetFree001,20260611,20260628,31,0.5498057787615938
fixed31,relative_position,29,20260817,1,R1->R2,TSAL20260609_0830_forgetAndForgetFree001,TSAL20260626_0830_forgetAndForgetFree001,20260609,20260626,31,0.40609706137414975
fixed31,relative_position,29,20260817,1,R2->R1,TSAL20260609_0830_forgetAndForgetFree001,TSAL20260626_0830_forgetAndForgetFree001,20260609,20260626,31,0.35498001511072774
fixed31,relative_position,29,20260817,2,R1->R2,TSAL20260609_0830_forgetAndForgetFree001,TSAL20260627_0830_forgetAndForgetFree001,20260609,20260627,31,0.46540564041804733
fixed31,relative_position,29,20260817,2,R2->R1,TSAL20260609_0830_forgetAndForgetFree001,TSAL20260627_0830_forgetAndForgetFree001,20260609,20260627,31,0.5471564295265083
fixed31,relative_position,29,20260817,3,R1->R2,TSAL20260609_0830_forgetAndForgetFree001,TSAL20260628_0830_forgetAndForgetFree001,20260609,20260628,31,0.336949582924937
fixed31,relative_position,29,20260817,3,R2->R1,TSAL20260609_0830_forgetAndForgetFree001,TSAL20260628_0830_forgetAndForgetFree001,20260609,20260628,31,0.4733646531598183
fixed31,relative_position,29,20260817,4,R1->R2,TSAL20260610_0830_forgetAndForgetFree001,TSAL20260626_0830_forgetAndForgetFree001,20260610,20260626,31,0.47899039592793746
fixed31,relative_position,29,20260817,4,R2->R1,TSAL20260610_0830_forgetAndForgetFree001,TSAL20260626_0830_forgetAndForgetFree001,20260610,20260626,31,0.29103433220259645
fixed31,relative_position,29,20260817,5,R1->R2,TSAL20260610_0830_forgetAndForgetFree001,TSAL20260627_0830_forgetAndForgetFree001,20260610,20260627,31,0.3950097242602835
fixed31,relative_position,29,20260817,5,R2->R1,TSAL20260610_0830_forgetAndForgetFree001,TSAL20260627_0830_forgetAndForgetFree001,20260610,20260627,31,0.4441866907347124
fixed31,relative_position,29,20260817,6,R1->R2,TSAL20260610_0830_forgetAndForgetFree001,TSAL20260628_0830_forgetAndForgetFree001,20260610,20260628,31,0.38864386488964475
fixed31,relative_position,29,20260817,6,R2->R1,TSAL20260610_0830_forgetAndForgetFree001,TSAL20260628_0830_forgetAndForgetFree001,20260610,20260628,31,0.6457581637470127
fixed31,relative_position,29,20260817,7,R1->R2,TSAL20260611_0830_forgetAndForgetFree001,TSAL20260626_0830_forgetAndForgetFree001,20260611,20260626,31,0.397794915252961
fixed31,relative_position,29,20260817,7,R2->R1,TSAL20260611_0830_forgetAndForgetFree001,TSAL20260626_0830_forgetAndForgetFree001,20260611,20260626,31,0.2932749411833708
fixed31,relative_position,29,20260817,8,R1->R2,TSAL20260611_0830_forgetAndForgetFree001,TSAL20260627_0830_forgetAndForgetFree001,20260611,20260627,31,0.5451009568527626
fixed31,relative_position,29,20260817,8,R2->R1,TSAL20260611_0830_forgetAndForgetFree001,TSAL20260627_0830_forgetAndForgetFree001,20260611,20260627,31,0.5007766114142341
fixed31,relative_position,29,20260817,9,R1->R2,TSAL20260611_0830_forgetAndForgetFree001,TSAL20260628_0830_forgetAndForgetFree001,20260611,20260628,31,0.45164589135101374
fixed31,relative_position,29,20260817,9,R2->R1,TSAL20260611_0830_forgetAndForgetFree001,TSAL20260628_0830_forgetAndForgetFree001,20260611,20260628,31,0.3066491680551736
fixed31,relative_position,30,20260817,1,R1->R2,TSAL20260609_0830_forgetAndForgetFree001,TSAL20260626_0830_forgetAndForgetFree001,20260609,20260626,31,0.4849498403445986
fixed31,relative_position,30,20260817,1,R2->R1,TSAL20260609_0830_forgetAndForgetFree001,TSAL20260626_0830_forgetAndForgetFree001,20260609,20260626,31,0.5028641011418579
fixed31,relative_position,30,20260817,2,R1->R2,TSAL20260609_0830_forgetAndForgetFree001,TSAL20260627_0830_forgetAndForgetFree001,20260609,20260627,31,0.441537830584231
fixed31,relative_position,30,20260817,2,R2->R1,TSAL20260609_0830_forgetAndForgetFree001,TSAL20260627_0830_forgetAndForgetFree001,20260609,20260627,31,0.36003164651905817
fixed31,relative_position,30,20260817,3,R1->R2,TSAL20260609_0830_forgetAndForgetFree001,TSAL20260628_0830_forgetAndForgetFree001,20260609,20260628,31,0.3383250107601648
fixed31,relative_position,30,20260817,3,R2->R1,TSAL20260609_0830_forgetAndForgetFree001,TSAL20260628_0830_forgetAndForgetFree001,20260609,20260628,31,0.6338224586744784
fixed31,relative_position,30,20260817,4,R1->R2,TSAL20260610_0830_forgetAndForgetFree001,TSAL20260626_0830_forgetAndForgetFree001,20260610,20260626,31,0.5343140008736835
fixed31,relative_position,30,20260817,4,R2->R1,TSAL20260610_0830_forgetAndForgetFree001,TSAL20260626_0830_forgetAndForgetFree001,20260610,20260626,31,0.387170507477398
fixed31,relative_position,30,20260817,5,R1->R2,TSAL20260610_0830_forgetAndForgetFree001,TSAL20260627_0830_forgetAndForgetFree001,20260610,20260627,31,0.5011914083272474
fixed31,relative_position,30,20260817,5,R2->R1,TSAL20260610_0830_forgetAndForgetFree001,TSAL20260627_0830_forgetAndForgetFree001,20260610,20260627,31,0.5166981238372631
fixed31,relative_position,30,20260817,6,R1->R2,TSAL20260610_0830_forgetAndForgetFree001,TSAL20260628_0830_forgetAndForgetFree001,20260610,20260628,31,0.4575300440078305
fixed31,relative_position,30,20260817,6,R2->R1,TSAL20260610_0830_forgetAndForgetFree001,TSAL20260628_0830_forgetAndForgetFree001,20260610,20260628,31,0.6646288732986294
fixed31,relative_position,30,20260817,7,R1->R2,TSAL20260611_0830_forgetAndForgetFree001,TSAL20260626_0830_forgetAndForgetFree001,20260611,20260626,31,0.33349260155642685
fixed31,relative_position,30,20260817,7,R2->R1,TSAL20260611_0830_forgetAndForgetFree001,TSAL20260626_0830_forgetAndForgetFree001,20260611,20260626,31,0.31155493501392667
fixed31,relative_position,30,20260817,8,R1->R2,TSAL20260611_0830_forgetAndForgetFree001,TSAL20260627_0830_forgetAndForgetFree001,20260611,20260627,31,0.5592941800662916
fixed31,relative_position,30,20260817,8,R2->R1,TSAL20260611_0830_forgetAndForgetFree001,TSAL20260627_0830_forgetAndForgetFree001,20260611,20260627,31,0.5362239187672643
fixed31,relative_position,30,20260817,9,R1->R2,TSAL20260611_0830_forgetAndForgetFree001,TSAL20260628_0830_forgetAndForgetFree001,20260611,20260628,31,0.4541690417858586
fixed31,relative_position,30,20260817,9,R2->R1,TSAL20260611_0830_forgetAndForgetFree001,TSAL20260628_0830_forgetAndForgetFree001,20260611,20260628,31,0.44732306054656873
fixed31,relative_position,31,20260817,1,R1->R2,TSAL20260609_0830_forgetAndForgetFree001,TSAL20260626_0830_forgetAndForgetFree001,20260609,20260626,31,0.3932539956933251
fixed31,relative_position,31,20260817,1,R2->R1,TSAL20260609_0830_forgetAndForgetFree001,TSAL20260626_0830_forgetAndForgetFree001,20260609,20260626,31,0.5508082290610228
fixed31,relative_position,31,20260817,2,R1->R2,TSAL20260609_0830_forgetAndForgetFree001,TSAL20260627_0830_forgetAndForgetFree001,20260609,20260627,31,0.42371683736580007
fixed31,relative_position,31,20260817,2,R2->R1,TSAL20260609_0830_forgetAndForgetFree001,TSAL20260627_0830_forgetAndForgetFree001,20260609,20260627,31,0.30532311444047694
fixed31,relative_position,31,20260817,3,R1->R2,TSAL20260609_0830_forgetAndForgetFree001,TSAL20260628_0830_forgetAndForgetFree001,20260609,20260628,31,0.3610823957172516
fixed31,relative_position,31,20260817,3,R2->R1,TSAL20260609_0830_forgetAndForgetFree001,TSAL20260628_0830_forgetAndForgetFree001,20260609,20260628,31,0.6707809175734296
fixed31,relative_position,31,20260817,4,R1->R2,TSAL20260610_0830_forgetAndForgetFree001,TSAL20260626_0830_forgetAndForgetFree001,20260610,20260626,31,0.451489754290293
fixed31,relative_position,31,20260817,4,R2->R1,TSAL20260610_0830_forgetAndForgetFree001,TSAL20260626_0830_forgetAndForgetFree001,20260610,20260626,31,0.43559202898371824
fixed31,relative_position,31,20260817,5,R1->R2,TSAL20260610_0830_forgetAndForgetFree001,TSAL20260627_0830_forgetAndForgetFree001,20260610,20260627,31,0.5313621429580301
fixed31,relative_position,31,20260817,5,R2->R1,TSAL20260610_0830_forgetAndForgetFree001,TSAL20260627_0830_forgetAndForgetFree001,20260610,20260627,31,0.5906361077154076
fixed31,relative_position,31,20260817,6,R1->R2,TSAL20260610_0830_forgetAndForgetFree001,TSAL20260628_0830_forgetAndForgetFree001,20260610,20260628,31,0.41319331005749066
fixed31,relative_position,31,20260817,6,R2->R1,TSAL20260610_0830_forgetAndForgetFree001,TSAL20260628_0830_forgetAndForgetFree001,20260610,20260628,31,0.5627268724880549
fixed31,relative_position,31,20260817,7,R1->R2,TSAL20260611_0830_forgetAndForgetFree001,TSAL20260626_0830_forgetAndForgetFree001,20260611,20260626,31,0.451008239556883
fixed31,relative_position,31,20260817,7,R2->R1,TSAL20260611_0830_forgetAndForgetFree001,TSAL20260626_0830_forgetAndForgetFree001,20260611,20260626,31,0.23982441597480977
fixed31,relative_position,31,20260817,8,R1->R2,TSAL20260611_0830_forgetAndForgetFree001,TSAL20260627_0830_forgetAndForgetFree001,20260611,20260627,31,0.5344401354696422
fixed31,relative_position,31,20260817,8,R2->R1,TSAL20260611_0830_forgetAndForgetFree001,TSAL20260627_0830_forgetAndForgetFree001,20260611,20260627,31,0.18385857221502747
fixed31,relative_position,31,20260817,9,R1->R2,TSAL20260611_0830_forgetAndForgetFree001,TSAL20260628_0830_forgetAndForgetFree001,20260611,20260628,31,0.23766534463119188
fixed31,relative_position,31,20260817,9,R2->R1,TSAL20260611_0830_forgetAndForgetFree001,TSAL20260628_0830_forgetAndForgetFree001,20260611,20260628,31,0.4930459889186779
fixed31,relative_position,32,20260817,1,R1->R2,TSAL20260609_0830_forgetAndForgetFree001,TSAL20260626_0830_forgetAndForgetFree001,20260609,20260626,31,0.5200463362560017
fixed31,relative_position,32,20260817,1,R2->R1,TSAL20260609_0830_forgetAndForgetFree001,TSAL20260626_0830_forgetAndForgetFree001,20260609,20260626,31,0.5400115019002945
fixed31,relative_position,32,20260817,2,R1->R2,TSAL20260609_0830_forgetAndForgetFree001,TSAL20260627_0830_forgetAndForgetFree001,20260609,20260627,31,0.30479738903272313
fixed31,relative_position,32,20260817,2,R2->R1,TSAL20260609_0830_forgetAndForgetFree001,TSAL20260627_0830_forgetAndForgetFree001,20260609,20260627,31,0.6047559624549538
fixed31,relative_position,32,20260817,3,R1->R2,TSAL20260609_0830_forgetAndForgetFree001,TSAL20260628_0830_forgetAndForgetFree001,20260609,20260628,31,0.3137742343937781
fixed31,relative_position,32,20260817,3,R2->R1,TSAL20260609_0830_forgetAndForgetFree001,TSAL20260628_0830_forgetAndForgetFree001,20260609,20260628,31,0.6420799868839672
fixed31,relative_position,32,20260817,4,R1->R2,TSAL20260610_0830_forgetAndForgetFree001,TSAL20260626_0830_forgetAndForgetFree001,20260610,20260626,31,0.48311173014174275
fixed31,relative_position,32,20260817,4,R2->R1,TSAL20260610_0830_forgetAndForgetFree001,TSAL20260626_0830_forgetAndForgetFree001,20260610,20260626,31,0.3005434530121198
fixed31,relative_position,32,20260817,5,R1->R2,TSAL20260610_0830_forgetAndForgetFree001,TSAL20260627_0830_forgetAndForgetFree001,20260610,20260627,31,0.47023388494747964
fixed31,relative_position,32,20260817,5,R2->R1,TSAL20260610_0830_forgetAndForgetFree001,TSAL20260627_0830_forgetAndForgetFree001,20260610,20260627,31,0.32931641471235484
fixed31,relative_position,32,20260817,6,R1->R2,TSAL20260610_0830_forgetAndForgetFree001,TSAL20260628_0830_forgetAndForgetFree001,20260610,20260628,31,0.478110056041836
fixed31,relative_position,32,20260817,6,R2->R1,TSAL20260610_0830_forgetAndForgetFree001,TSAL20260628_0830_forgetAndForgetFree001,20260610,20260628,31,0.5756021698124442
fixed31,relative_position,32,20260817,7,R1->R2,TSAL20260611_0830_forgetAndForgetFree001,TSAL20260626_0830_forgetAndForgetFree001,20260611,20260626,31,0.47570472245363427
fixed31,relative_position,32,20260817,7,R2->R1,TSAL20260611_0830_forgetAndForgetFree001,TSAL20260626_0830_forgetAndForgetFree001,20260611,20260626,31,0.36905557879795114
fixed31,relative_position,32,20260817,8,R1->R2,TSAL20260611_0830_forgetAndForgetFree001,TSAL20260627_0830_forgetAndForgetFree001,20260611,20260627,31,0.5500568100464357
fixed31,relative_position,32,20260817,8,R2->R1,TSAL20260611_0830_forgetAndForgetFree001,TSAL20260627_0830_forgetAndForgetFree001,20260611,20260627,31,0.5887467365651864
fixed31,relative_position,32,20260817,9,R1->R2,TSAL20260611_0830_forgetAndForgetFree001,TSAL20260628_0830_forgetAndForgetFree001,20260611,20260628,31,0.4479136072747404
fixed31,relative_position,32,20260817,9,R2->R1,TSAL20260611_0830_forgetAndForgetFree001,TSAL20260628_0830_forgetAndForgetFree001,20260611,20260628,31,0.559299147761503
fixed31,relative_position,33,20260817,1,R1->R2,TSAL20260609_0830_forgetAndForgetFree001,TSAL20260626_0830_forgetAndForgetFree001,20260609,20260626,31,0.49698990240509766
fixed31,relative_position,33,20260817,1,R2->R1,TSAL20260609_0830_forgetAndForgetFree001,TSAL20260626_0830_forgetAndForgetFree001,20260609,20260626,31,0.4600401702772779
fixed31,relative_position,33,20260817,2,R1->R2,TSAL20260609_0830_forgetAndForgetFree001,TSAL20260627_0830_forgetAndForgetFree001,20260609,20260627,31,0.4984254591204206
fixed31,relative_position,33,20260817,2,R2->R1,TSAL20260609_0830_forgetAndForgetFree001,TSAL20260627_0830_forgetAndForgetFree001,20260609,20260627,31,0.297596901753066
fixed31,relative_position,33,20260817,3,R1->R2,TSAL20260609_0830_forgetAndForgetFree001,TSAL20260628_0830_forgetAndForgetFree001,20260609,20260628,31,0.46257268615200886
fixed31,relative_position,33,20260817,3,R2->R1,TSAL20260609_0830_forgetAndForgetFree001,TSAL20260628_0830_forgetAndForgetFree001,20260609,20260628,31,0.6567993792499869
fixed31,relative_position,33,20260817,4,R1->R2,TSAL20260610_0830_forgetAndForgetFree001,TSAL20260626_0830_forgetAndForgetFree001,20260610,20260626,31,0.43907127631608023
fixed31,relative_position,33,20260817,4,R2->R1,TSAL20260610_0830_forgetAndForgetFree001,TSAL20260626_0830_forgetAndForgetFree001,20260610,20260626,31,0.3740603906476743
fixed31,relative_position,33,20260817,5,R1->R2,TSAL20260610_0830_forgetAndForgetFree001,TSAL20260627_0830_forgetAndForgetFree001,20260610,20260627,31,0.45605602899296904
fixed31,relative_position,33,20260817,5,R2->R1,TSAL20260610_0830_forgetAndForgetFree001,TSAL20260627_0830_forgetAndForgetFree001,20260610,20260627,31,0.43765473099510804
fixed31,relative_position,33,20260817,6,R1->R2,TSAL20260610_0830_forgetAndForgetFree001,TSAL20260628_0830_forgetAndForgetFree001,20260610,20260628,31,0.3994758888841799
fixed31,relative_position,33,20260817,6,R2->R1,TSAL20260610_0830_forgetAndForgetFree001,TSAL20260628_0830_forgetAndForgetFree001,20260610,20260628,31,0.6355581518726005
fixed31,relative_position,33,20260817,7,R1->R2,TSAL20260611_0830_forgetAndForgetFree001,TSAL20260626_0830_forgetAndForgetFree001,20260611,20260626,31,0.4296924931579356
fixed31,relative_position,33,20260817,7,R2->R1,TSAL20260611_0830_forgetAndForgetFree001,TSAL20260626_0830_forgetAndForgetFree001,20260611,20260626,31,0.4262858417024063
fixed31,relative_position,33,20260817,8,R1->R2,TSAL20260611_0830_forgetAndForgetFree001,TSAL20260627_0830_forgetAndForgetFree001,20260611,20260627,31,0.4972608222197348
fixed31,relative_position,33,20260817,8,R2->R1,TSAL20260611_0830_forgetAndForgetFree001,TSAL20260627_0830_forgetAndForgetFree001,20260611,20260627,31,0.29468504215114366
fixed31,relative_position,33,20260817,9,R1->R2,TSAL20260611_0830_forgetAndForgetFree001,TSAL20260628_0830_forgetAndForgetFree001,20260611,20260628,31,0.28430265249479136
fixed31,relative_position,33,20260817,9,R2->R1,TSAL20260611_0830_forgetAndForgetFree001,TSAL20260628_0830_forgetAndForgetFree001,20260611,20260628,31,0.607847198073244
fixed31,relative_position,34,20260817,1,R1->R2,TSAL20260609_0830_forgetAndForgetFree001,TSAL20260626_0830_forgetAndForgetFree001,20260609,20260626,31,0.49854049307116044
fixed31,relative_position,34,20260817,1,R2->R1,TSAL20260609_0830_forgetAndForgetFree001,TSAL20260626_0830_forgetAndForgetFree001,20260609,20260626,31,0.3076175322909296
fixed31,relative_position,34,20260817,2,R1->R2,TSAL20260609_0830_forgetAndForgetFree001,TSAL20260627_0830_forgetAndForgetFree001,20260609,20260627,31,0.399495108916475
fixed31,relative_position,34,20260817,2,R2->R1,TSAL20260609_0830_forgetAndForgetFree001,TSAL20260627_0830_forgetAndForgetFree001,20260609,20260627,31,0.5193243422096352
fixed31,relative_position,34,20260817,3,R1->R2,TSAL20260609_0830_forgetAndForgetFree001,TSAL20260628_0830_forgetAndForgetFree001,20260609,20260628,31,0.38957759293212363
fixed31,relative_position,34,20260817,3,R2->R1,TSAL20260609_0830_forgetAndForgetFree001,TSAL20260628_0830_forgetAndForgetFree001,20260609,20260628,31,0.6742712961178953
fixed31,relative_position,34,20260817,4,R1->R2,TSAL20260610_0830_forgetAndForgetFree001,TSAL20260626_0830_forgetAndForgetFree001,20260610,20260626,31,0.4365845768269675
fixed31,relative_position,34,20260817,4,R2->R1,TSAL20260610_0830_forgetAndForgetFree001,TSAL20260626_0830_forgetAndForgetFree001,20260610,20260626,31,0.4592618515654628
fixed31,relative_position,34,20260817,5,R1->R2,TSAL20260610_0830_forgetAndForgetFree001,TSAL20260627_0830_forgetAndForgetFree001,20260610,20260627,31,0.4194142280124981
fixed31,relative_position,34,20260817,5,R2->R1,TSAL20260610_0830_forgetAndForgetFree001,TSAL20260627_0830_forgetAndForgetFree001,20260610,20260627,31,0.41609109426349317
fixed31,relative_position,34,20260817,6,R1->R2,TSAL20260610_0830_forgetAndForgetFree001,TSAL20260628_0830_forgetAndForgetFree001,20260610,20260628,31,0.3410892136079601
fixed31,relative_position,34,20260817,6,R2->R1,TSAL20260610_0830_forgetAndForgetFree001,TSAL20260628_0830_forgetAndForgetFree001,20260610,20260628,31,0.5580327982671333
fixed31,relative_position,34,20260817,7,R1->R2,TSAL20260611_0830_forgetAndForgetFree001,TSAL20260626_0830_forgetAndForgetFree001,20260611,20260626,31,0.5175880913530245
fixed31,relative_position,34,20260817,7,R2->R1,TSAL20260611_0830_forgetAndForgetFree001,TSAL20260626_0830_forgetAndForgetFree001,20260611,20260626,31,0.4346290433137965
fixed31,relative_position,34,20260817,8,R1->R2,TSAL20260611_0830_forgetAndForgetFree001,TSAL20260627_0830_forgetAndForgetFree001,20260611,20260627,31,0.5727067820671811
fixed31,relative_position,34,20260817,8,R2->R1,TSAL20260611_0830_forgetAndForgetFree001,TSAL20260627_0830_forgetAndForgetFree001,20260611,20260627,31,0.5681379512537246
fixed31,relative_position,34,20260817,9,R1->R2,TSAL20260611_0830_forgetAndForgetFree001,TSAL20260628_0830_forgetAndForgetFree001,20260611,20260628,31,0.5072584070358614
fixed31,relative_position,34,20260817,9,R2->R1,TSAL20260611_0830_forgetAndForgetFree001,TSAL20260628_0830_forgetAndForgetFree001,20260611,20260628,31,0.5236189567307293
fixed31,relative_position,35,20260817,1,R1->R2,TSAL20260609_0830_forgetAndForgetFree001,TSAL20260626_0830_forgetAndForgetFree001,20260609,20260626,31,0.5105034613364227
fixed31,relative_position,35,20260817,1,R2->R1,TSAL20260609_0830_forgetAndForgetFree001,TSAL20260626_0830_forgetAndForgetFree001,20260609,20260626,31,0.4598254157109466
fixed31,relative_position,35,20260817,2,R1->R2,TSAL20260609_0830_forgetAndForgetFree001,TSAL20260627_0830_forgetAndForgetFree001,20260609,20260627,31,0.4733452544764937
fixed31,relative_position,35,20260817,2,R2->R1,TSAL20260609_0830_forgetAndForgetFree001,TSAL20260627_0830_forgetAndForgetFree001,20260609,20260627,31,0.6356379046354816
fixed31,relative_position,35,20260817,3,R1->R2,TSAL20260609_0830_forgetAndForgetFree001,TSAL20260628_0830_forgetAndForgetFree001,20260609,20260628,31,0.32059618085229047
fixed31,relative_position,35,20260817,3,R2->R1,TSAL20260609_0830_forgetAndForgetFree001,TSAL20260628_0830_forgetAndForgetFree001,20260609,20260628,31,0.5286962330357311
fixed31,relative_position,35,20260817,4,R1->R2,TSAL20260610_0830_forgetAndForgetFree001,TSAL20260626_0830_forgetAndForgetFree001,20260610,20260626,31,0.4979806690687549
fixed31,relative_position,35,20260817,4,R2->R1,TSAL20260610_0830_forgetAndForgetFree001,TSAL20260626_0830_forgetAndForgetFree001,20260610,20260626,31,0.42048587575314617
fixed31,relative_position,35,20260817,5,R1->R2,TSAL20260610_0830_forgetAndForgetFree001,TSAL20260627_0830_forgetAndForgetFree001,20260610,20260627,31,0.4507033042393776
fixed31,relative_position,35,20260817,5,R2->R1,TSAL20260610_0830_forgetAndForgetFree001,TSAL20260627_0830_forgetAndForgetFree001,20260610,20260627,31,0.5847586747432734
fixed31,relative_position,35,20260817,6,R1->R2,TSAL20260610_0830_forgetAndForgetFree001,TSAL20260628_0830_forgetAndForgetFree001,20260610,20260628,31,0.4769941438022392
fixed31,relative_position,35,20260817,6,R2->R1,TSAL20260610_0830_forgetAndForgetFree001,TSAL20260628_0830_forgetAndForgetFree001,20260610,20260628,31,0.4948186453280682
fixed31,relative_position,35,20260817,7,R1->R2,TSAL20260611_0830_forgetAndForgetFree001,TSAL20260626_0830_forgetAndForgetFree001,20260611,20260626,31,0.4262997225785879
fixed31,relative_position,35,20260817,7,R2->R1,TSAL20260611_0830_forgetAndForgetFree001,TSAL20260626_0830_forgetAndForgetFree001,20260611,20260626,31,0.3106234093089535
fixed31,relative_position,35,20260817,8,R1->R2,TSAL20260611_0830_forgetAndForgetFree001,TSAL20260627_0830_forgetAndForgetFree001,20260611,20260627,31,0.6173057127882573
fixed31,relative_position,35,20260817,8,R2->R1,TSAL20260611_0830_forgetAndForgetFree001,TSAL20260627_0830_forgetAndForgetFree001,20260611,20260627,31,0.4502122670663837
fixed31,relative_position,35,20260817,9,R1->R2,TSAL20260611_0830_forgetAndForgetFree001,TSAL20260628_0830_forgetAndForgetFree001,20260611,20260628,31,0.277240456634816
fixed31,relative_position,35,20260817,9,R2->R1,TSAL20260611_0830_forgetAndForgetFree001,TSAL20260628_0830_forgetAndForgetFree001,20260611,20260628,31,0.6215293792032657
fixed31,relative_position,36,20260817,1,R1->R2,TSAL20260609_0830_forgetAndForgetFree001,TSAL20260626_0830_forgetAndForgetFree001,20260609,20260626,31,0.48816595358103326
fixed31,relative_position,36,20260817,1,R2->R1,TSAL20260609_0830_forgetAndForgetFree001,TSAL20260626_0830_forgetAndForgetFree001,20260609,20260626,31,0.41389668607986774
fixed31,relative_position,36,20260817,2,R1->R2,TSAL20260609_0830_forgetAndForgetFree001,TSAL20260627_0830_forgetAndForgetFree001,20260609,20260627,31,0.49443816727672296
fixed31,relative_position,36,20260817,2,R2->R1,TSAL20260609_0830_forgetAndForgetFree001,TSAL20260627_0830_forgetAndForgetFree001,20260609,20260627,31,0.5207132666135219
fixed31,relative_position,36,20260817,3,R1->R2,TSAL20260609_0830_forgetAndForgetFree001,TSAL20260628_0830_forgetAndForgetFree001,20260609,20260628,31,0.5656656027648569
fixed31,relative_position,36,20260817,3,R2->R1,TSAL20260609_0830_forgetAndForgetFree001,TSAL20260628_0830_forgetAndForgetFree001,20260609,20260628,31,0.7043678337872954
fixed31,relative_position,36,20260817,4,R1->R2,TSAL20260610_0830_forgetAndForgetFree001,TSAL20260626_0830_forgetAndForgetFree001,20260610,20260626,31,0.4574501980685054
fixed31,relative_position,36,20260817,4,R2->R1,TSAL20260610_0830_forgetAndForgetFree001,TSAL20260626_0830_forgetAndForgetFree001,20260610,20260626,31,0.4331417328059707
fixed31,relative_position,36,20260817,5,R1->R2,TSAL20260610_0830_forgetAndForgetFree001,TSAL20260627_0830_forgetAndForgetFree001,20260610,20260627,31,0.4695478187831331
fixed31,relative_position,36,20260817,5,R2->R1,TSAL20260610_0830_forgetAndForgetFree001,TSAL20260627_0830_forgetAndForgetFree001,20260610,20260627,31,0.5619854251777205
fixed31,relative_position,36,20260817,6,R1->R2,TSAL20260610_0830_forgetAndForgetFree001,TSAL20260628_0830_forgetAndForgetFree001,20260610,20260628,31,0.49024328494270225
fixed31,relative_position,36,20260817,6,R2->R1,TSAL20260610_0830_forgetAndForgetFree001,TSAL20260628_0830_forgetAndForgetFree001,20260610,20260628,31,0.6737241241592379
fixed31,relative_position,36,20260817,7,R1->R2,TSAL20260611_0830_forgetAndForgetFree001,TSAL20260626_0830_forgetAndForgetFree001,20260611,20260626,31,0.45790878562490867
fixed31,relative_position,36,20260817,7,R2->R1,TSAL20260611_0830_forgetAndForgetFree001,TSAL20260626_0830_forgetAndForgetFree001,20260611,20260626,31,0.33096124619226347
fixed31,relative_position,36,20260817,8,R1->R2,TSAL20260611_0830_forgetAndForgetFree001,TSAL20260627_0830_forgetAndForgetFree001,20260611,20260627,31,0.41962558998910804
fixed31,relative_position,36,20260817,8,R2->R1,TSAL20260611_0830_forgetAndForgetFree001,TSAL20260627_0830_forgetAndForgetFree001,20260611,20260627,31,0.27018297316040346
fixed31,relative_position,36,20260817,9,R1->R2,TSAL20260611_0830_forgetAndForgetFree001,TSAL20260628_0830_forgetAndForgetFree001,20260611,20260628,31,0.5250945497733807
fixed31,relative_position,36,20260817,9,R2->R1,TSAL20260611_0830_forgetAndForgetFree001,TSAL20260628_0830_forgetAndForgetFree001,20260611,20260628,31,0.6182971200153569
fixed31,relative_position,37,20260817,1,R1->R2,TSAL20260609_0830_forgetAndForgetFree001,TSAL20260626_0830_forgetAndForgetFree001,20260609,20260626,31,0.4300309807417727
fixed31,relative_position,37,20260817,1,R2->R1,TSAL20260609_0830_forgetAndForgetFree001,TSAL20260626_0830_forgetAndForgetFree001,20260609,20260626,31,0.44766913149545645
fixed31,relative_position,37,20260817,2,R1->R2,TSAL20260609_0830_forgetAndForgetFree001,TSAL20260627_0830_forgetAndForgetFree001,20260609,20260627,31,0.5912353501665619
fixed31,relative_position,37,20260817,2,R2->R1,TSAL20260609_0830_forgetAndForgetFree001,TSAL20260627_0830_forgetAndForgetFree001,20260609,20260627,31,0.3941972062593263
fixed31,relative_position,37,20260817,3,R1->R2,TSAL20260609_0830_forgetAndForgetFree001,TSAL20260628_0830_forgetAndForgetFree001,20260609,20260628,31,0.38754389446373094
fixed31,relative_position,37,20260817,3,R2->R1,TSAL20260609_0830_forgetAndForgetFree001,TSAL20260628_0830_forgetAndForgetFree001,20260609,20260628,31,0.5663163615311724
fixed31,relative_position,37,20260817,4,R1->R2,TSAL20260610_0830_forgetAndForgetFree001,TSAL20260626_0830_forgetAndForgetFree001,20260610,20260626,31,0.5519203155697813
fixed31,relative_position,37,20260817,4,R2->R1,TSAL20260610_0830_forgetAndForgetFree001,TSAL20260626_0830_forgetAndForgetFree001,20260610,20260626,31,0.44288946813205043
fixed31,relative_position,37,20260817,5,R1->R2,TSAL20260610_0830_forgetAndForgetFree001,TSAL20260627_0830_forgetAndForgetFree001,20260610,20260627,31,0.4670498989985774
fixed31,relative_position,37,20260817,5,R2->R1,TSAL20260610_0830_forgetAndForgetFree001,TSAL20260627_0830_forgetAndForgetFree001,20260610,20260627,31,0.4430011177968918
fixed31,relative_position,37,20260817,6,R1->R2,TSAL20260610_0830_forgetAndForgetFree001,TSAL20260628_0830_forgetAndForgetFree001,20260610,20260628,31,0.4213537987455278
fixed31,relative_position,37,20260817,6,R2->R1,TSAL20260610_0830_forgetAndForgetFree001,TSAL20260628_0830_forgetAndForgetFree001,20260610,20260628,31,0.6163796480490886
fixed31,relative_position,37,20260817,7,R1->R2,TSAL20260611_0830_forgetAndForgetFree001,TSAL20260626_0830_forgetAndForgetFree001,20260611,20260626,31,0.4564394991804796
fixed31,relative_position,37,20260817,7,R2->R1,TSAL20260611_0830_forgetAndForgetFree001,TSAL20260626_0830_forgetAndForgetFree001,20260611,20260626,31,0.4472113238578328
fixed31,relative_position,37,20260817,8,R1->R2,TSAL20260611_0830_forgetAndForgetFree001,TSAL20260627_0830_forgetAndForgetFree001,20260611,20260627,31,0.6485109822214445
fixed31,relative_position,37,20260817,8,R2->R1,TSAL20260611_0830_forgetAndForgetFree001,TSAL20260627_0830_forgetAndForgetFree001,20260611,20260627,31,0.29450421150653966
fixed31,relative_position,37,20260817,9,R1->R2,TSAL20260611_0830_forgetAndForgetFree001,TSAL20260628_0830_forgetAndForgetFree001,20260611,20260628,31,0.3745098485129862
fixed31,relative_position,37,20260817,9,R2->R1,TSAL20260611_0830_forgetAndForgetFree001,TSAL20260628_0830_forgetAndForgetFree001,20260611,20260628,31,0.5557355615279799
fixed31,relative_position,38,20260817,1,R1->R2,TSAL20260609_0830_forgetAndForgetFree001,TSAL20260626_0830_forgetAndForgetFree001,20260609,20260626,31,0.44728178126615636
fixed31,relative_position,38,20260817,1,R2->R1,TSAL20260609_0830_forgetAndForgetFree001,TSAL20260626_0830_forgetAndForgetFree001,20260609,20260626,31,0.6743898131471691
fixed31,relative_position,38,20260817,2,R1->R2,TSAL20260609_0830_forgetAndForgetFree001,TSAL20260627_0830_forgetAndForgetFree001,20260609,20260627,31,0.38886153868270507
fixed31,relative_position,38,20260817,2,R2->R1,TSAL20260609_0830_forgetAndForgetFree001,TSAL20260627_0830_forgetAndForgetFree001,20260609,20260627,31,0.5455760848106791
fixed31,relative_position,38,20260817,3,R1->R2,TSAL20260609_0830_forgetAndForgetFree001,TSAL20260628_0830_forgetAndForgetFree001,20260609,20260628,31,0.46038938390179796
fixed31,relative_position,38,20260817,3,R2->R1,TSAL20260609_0830_forgetAndForgetFree001,TSAL20260628_0830_forgetAndForgetFree001,20260609,20260628,31,0.6551583288046003
fixed31,relative_position,38,20260817,4,R1->R2,TSAL20260610_0830_forgetAndForgetFree001,TSAL20260626_0830_forgetAndForgetFree001,20260610,20260626,31,0.49662525739843694
fixed31,relative_position,38,20260817,4,R2->R1,TSAL20260610_0830_forgetAndForgetFree001,TSAL20260626_0830_forgetAndForgetFree001,20260610,20260626,31,0.3806766304854716
fixed31,relative_position,38,20260817,5,R1->R2,TSAL20260610_0830_forgetAndForgetFree001,TSAL20260627_0830_forgetAndForgetFree001,20260610,20260627,31,0.469524089249464
fixed31,relative_position,38,20260817,5,R2->R1,TSAL20260610_0830_forgetAndForgetFree001,TSAL20260627_0830_forgetAndForgetFree001,20260610,20260627,31,0.4181488310648241
fixed31,relative_position,38,20260817,6,R1->R2,TSAL20260610_0830_forgetAndForgetFree001,TSAL20260628_0830_forgetAndForgetFree001,20260610,20260628,31,0.4550948131672148
fixed31,relative_position,38,20260817,6,R2->R1,TSAL20260610_0830_forgetAndForgetFree001,TSAL20260628_0830_forgetAndForgetFree001,20260610,20260628,31,0.4809106663807173
fixed31,relative_position,38,20260817,7,R1->R2,TSAL20260611_0830_forgetAndForgetFree001,TSAL20260626_0830_forgetAndForgetFree001,20260611,20260626,31,0.46864849565428696
fixed31,relative_position,38,20260817,7,R2->R1,TSAL20260611_0830_forgetAndForgetFree001,TSAL20260626_0830_forgetAndForgetFree001,20260611,20260626,31,0.3505568654596
fixed31,relative_position,38,20260817,8,R1->R2,TSAL20260611_0830_forgetAndForgetFree001,TSAL20260627_0830_forgetAndForgetFree001,20260611,20260627,31,0.4445224773763355
fixed31,relative_position,38,20260817,8,R2->R1,TSAL20260611_0830_forgetAndForgetFree001,TSAL20260627_0830_forgetAndForgetFree001,20260611,20260627,31,0.5256445582420695
fixed31,relative_position,38,20260817,9,R1->R2,TSAL20260611_0830_forgetAndForgetFree001,TSAL20260628_0830_forgetAndForgetFree001,20260611,20260628,31,0.49815654697371164
fixed31,relative_position,38,20260817,9,R2->R1,TSAL20260611_0830_forgetAndForgetFree001,TSAL20260628_0830_forgetAndForgetFree001,20260611,20260628,31,0.5146742323374203
fixed31,relative_position,39,20260817,1,R1->R2,TSAL20260609_0830_forgetAndForgetFree001,TSAL20260626_0830_forgetAndForgetFree001,20260609,20260626,31,0.49439781756319573
fixed31,relative_position,39,20260817,1,R2->R1,TSAL20260609_0830_forgetAndForgetFree001,TSAL20260626_0830_forgetAndForgetFree001,20260609,20260626,31,0.33705633501642684
fixed31,relative_position,39,20260817,2,R1->R2,TSAL20260609_0830_forgetAndForgetFree001,TSAL20260627_0830_forgetAndForgetFree001,20260609,20260627,31,0.38384101977049695
fixed31,relative_position,39,20260817,2,R2->R1,TSAL20260609_0830_forgetAndForgetFree001,TSAL20260627_0830_forgetAndForgetFree001,20260609,20260627,31,0.5548562129006641
fixed31,relative_position,39,20260817,3,R1->R2,TSAL20260609_0830_forgetAndForgetFree001,TSAL20260628_0830_forgetAndForgetFree001,20260609,20260628,31,0.5135787022213681
fixed31,relative_position,39,20260817,3,R2->R1,TSAL20260609_0830_forgetAndForgetFree001,TSAL20260628_0830_forgetAndForgetFree001,20260609,20260628,31,0.6238491545151545
fixed31,relative_position,39,20260817,4,R1->R2,TSAL20260610_0830_forgetAndForgetFree001,TSAL20260626_0830_forgetAndForgetFree001,20260610,20260626,31,0.5067395723591668
fixed31,relative_position,39,20260817,4,R2->R1,TSAL20260610_0830_forgetAndForgetFree001,TSAL20260626_0830_forgetAndForgetFree001,20260610,20260626,31,0.3273675981875832
fixed31,relative_position,39,20260817,5,R1->R2,TSAL20260610_0830_forgetAndForgetFree001,TSAL20260627_0830_forgetAndForgetFree001,20260610,20260627,31,0.33797423857790254
fixed31,relative_position,39,20260817,5,R2->R1,TSAL20260610_0830_forgetAndForgetFree001,TSAL20260627_0830_forgetAndForgetFree001,20260610,20260627,31,0.5284388632329575
fixed31,relative_position,39,20260817,6,R1->R2,TSAL20260610_0830_forgetAndForgetFree001,TSAL20260628_0830_forgetAndForgetFree001,20260610,20260628,31,0.3967855025701723
fixed31,relative_position,39,20260817,6,R2->R1,TSAL20260610_0830_forgetAndForgetFree001,TSAL20260628_0830_forgetAndForgetFree001,20260610,20260628,31,0.5865183136184603
fixed31,relative_position,39,20260817,7,R1->R2,TSAL20260611_0830_forgetAndForgetFree001,TSAL20260626_0830_forgetAndForgetFree001,20260611,20260626,31,0.4560483551009914
fixed31,relative_position,39,20260817,7,R2->R1,TSAL20260611_0830_forgetAndForgetFree001,TSAL20260626_0830_forgetAndForgetFree001,20260611,20260626,31,0.38027792983670916
fixed31,relative_position,39,20260817,8,R1->R2,TSAL20260611_0830_forgetAndForgetFree001,TSAL20260627_0830_forgetAndForgetFree001,20260611,20260627,31,0.4997399783701878
fixed31,relative_position,39,20260817,8,R2->R1,TSAL20260611_0830_forgetAndForgetFree001,TSAL20260627_0830_forgetAndForgetFree001,20260611,20260627,31,0.40455595839140823
fixed31,relative_position,39,20260817,9,R1->R2,TSAL20260611_0830_forgetAndForgetFree001,TSAL20260628_0830_forgetAndForgetFree001,20260611,20260628,31,0.49699496125563647
fixed31,relative_position,39,20260817,9,R2->R1,TSAL20260611_0830_forgetAndForgetFree001,TSAL20260628_0830_forgetAndForgetFree001,20260611,20260628,31,0.5095580453463194
fixed31,relative_position,40,20260817,1,R1->R2,TSAL20260609_0830_forgetAndForgetFree001,TSAL20260626_0830_forgetAndForgetFree001,20260609,20260626,31,0.45135662033122925
fixed31,relative_position,40,20260817,1,R2->R1,TSAL20260609_0830_forgetAndForgetFree001,TSAL20260626_0830_forgetAndForgetFree001,20260609,20260626,31,0.5695514156161537
fixed31,relative_position,40,20260817,2,R1->R2,TSAL20260609_0830_forgetAndForgetFree001,TSAL20260627_0830_forgetAndForgetFree001,20260609,20260627,31,0.3783960750573081
fixed31,relative_position,40,20260817,2,R2->R1,TSAL20260609_0830_forgetAndForgetFree001,TSAL20260627_0830_forgetAndForgetFree001,20260609,20260627,31,0.6036617588204768
fixed31,relative_position,40,20260817,3,R1->R2,TSAL20260609_0830_forgetAndForgetFree001,TSAL20260628_0830_forgetAndForgetFree001,20260609,20260628,31,0.46386385481838366
fixed31,relative_position,40,20260817,3,R2->R1,TSAL20260609_0830_forgetAndForgetFree001,TSAL20260628_0830_forgetAndForgetFree001,20260609,20260628,31,0.6751324381842008
fixed31,relative_position,40,20260817,4,R1->R2,TSAL20260610_0830_forgetAndForgetFree001,TSAL20260626_0830_forgetAndForgetFree001,20260610,20260626,31,0.4355955049601428
fixed31,relative_position,40,20260817,4,R2->R1,TSAL20260610_0830_forgetAndForgetFree001,TSAL20260626_0830_forgetAndForgetFree001,20260610,20260626,31,0.4514569516264178
fixed31,relative_position,40,20260817,5,R1->R2,TSAL20260610_0830_forgetAndForgetFree001,TSAL20260627_0830_forgetAndForgetFree001,20260610,20260627,31,0.4360469452556877
fixed31,relative_position,40,20260817,5,R2->R1,TSAL20260610_0830_forgetAndForgetFree001,TSAL20260627_0830_forgetAndForgetFree001,20260610,20260627,31,0.6255666100643683
fixed31,relative_position,40,20260817,6,R1->R2,TSAL20260610_0830_forgetAndForgetFree001,TSAL20260628_0830_forgetAndForgetFree001,20260610,20260628,31,0.42531926126849234
fixed31,relative_position,40,20260817,6,R2->R1,TSAL20260610_0830_forgetAndForgetFree001,TSAL20260628_0830_forgetAndForgetFree001,20260610,20260628,31,0.5441161647103562
fixed31,relative_position,40,20260817,7,R1->R2,TSAL20260611_0830_forgetAndForgetFree001,TSAL20260626_0830_forgetAndForgetFree001,20260611,20260626,31,0.5104358612574247
fixed31,relative_position,40,20260817,7,R2->R1,TSAL20260611_0830_forgetAndForgetFree001,TSAL20260626_0830_forgetAndForgetFree001,20260611,20260626,31,0.250638571738422
fixed31,relative_position,40,20260817,8,R1->R2,TSAL20260611_0830_forgetAndForgetFree001,TSAL20260627_0830_forgetAndForgetFree001,20260611,20260627,31,0.411371803614655
fixed31,relative_position,40,20260817,8,R2->R1,TSAL20260611_0830_forgetAndForgetFree001,TSAL20260627_0830_forgetAndForgetFree001,20260611,20260627,31,0.542487924059359
fixed31,relative_position,40,20260817,9,R1->R2,TSAL20260611_0830_forgetAndForgetFree001,TSAL20260628_0830_forgetAndForgetFree001,20260611,20260628,31,0.2935341497459286
fixed31,relative_position,40,20260817,9,R2->R1,TSAL20260611_0830_forgetAndForgetFree001,TSAL20260628_0830_forgetAndForgetFree001,20260611,20260628,31,0.5888770671432205
fixed31,relative_position,41,20260817,1,R1->R2,TSAL20260609_0830_forgetAndForgetFree001,TSAL20260626_0830_forgetAndForgetFree001,20260609,20260626,31,0.5608114274110334
fixed31,relative_position,41,20260817,1,R2->R1,TSAL20260609_0830_forgetAndForgetFree001,TSAL20260626_0830_forgetAndForgetFree001,20260609,20260626,31,0.3498602857468216
fixed31,relative_position,41,20260817,2,R1->R2,TSAL20260609_0830_forgetAndForgetFree001,TSAL20260627_0830_forgetAndForgetFree001,20260609,20260627,31,0.3965359554298258
fixed31,relative_position,41,20260817,2,R2->R1,TSAL20260609_0830_forgetAndForgetFree001,TSAL20260627_0830_forgetAndForgetFree001,20260609,20260627,31,0.3554500544264386
fixed31,relative_position,41,20260817,3,R1->R2,TSAL20260609_0830_forgetAndForgetFree001,TSAL20260628_0830_forgetAndForgetFree001,20260609,20260628,31,0.2956805064224587
fixed31,relative_position,41,20260817,3,R2->R1,TSAL20260609_0830_forgetAndForgetFree001,TSAL20260628_0830_forgetAndForgetFree001,20260609,20260628,31,0.5574052097344265
fixed31,relative_position,41,20260817,4,R1->R2,TSAL20260610_0830_forgetAndForgetFree001,TSAL20260626_0830_forgetAndForgetFree001,20260610,20260626,31,0.48647086584861693
fixed31,relative_position,41,20260817,4,R2->R1,TSAL20260610_0830_forgetAndForgetFree001,TSAL20260626_0830_forgetAndForgetFree001,20260610,20260626,31,0.4647547525175407
fixed31,relative_position,41,20260817,5,R1->R2,TSAL20260610_0830_forgetAndForgetFree001,TSAL20260627_0830_forgetAndForgetFree001,20260610,20260627,31,0.42195110703830796
fixed31,relative_position,41,20260817,5,R2->R1,TSAL20260610_0830_forgetAndForgetFree001,TSAL20260627_0830_forgetAndForgetFree001,20260610,20260627,31,0.2719577876263659
fixed31,relative_position,41,20260817,6,R1->R2,TSAL20260610_0830_forgetAndForgetFree001,TSAL20260628_0830_forgetAndForgetFree001,20260610,20260628,31,0.3819573422503778
fixed31,relative_position,41,20260817,6,R2->R1,TSAL20260610_0830_forgetAndForgetFree001,TSAL20260628_0830_forgetAndForgetFree001,20260610,20260628,31,0.6451449974050713
fixed31,relative_position,41,20260817,7,R1->R2,TSAL20260611_0830_forgetAndForgetFree001,TSAL20260626_0830_forgetAndForgetFree001,20260611,20260626,31,0.4519877327690602
fixed31,relative_position,41,20260817,7,R2->R1,TSAL20260611_0830_forgetAndForgetFree001,TSAL20260626_0830_forgetAndForgetFree001,20260611,20260626,31,0.4965470086535569
fixed31,relative_position,41,20260817,8,R1->R2,TSAL20260611_0830_forgetAndForgetFree001,TSAL20260627_0830_forgetAndForgetFree001,20260611,20260627,31,0.5580963432619966
fixed31,relative_position,41,20260817,8,R2->R1,TSAL20260611_0830_forgetAndForgetFree001,TSAL20260627_0830_forgetAndForgetFree001,20260611,20260627,31,0.47925440658784374
fixed31,relative_position,41,20260817,9,R1->R2,TSAL20260611_0830_forgetAndForgetFree001,TSAL20260628_0830_forgetAndForgetFree001,20260611,20260628,31,0.48352231033270066
fixed31,relative_position,41,20260817,9,R2->R1,TSAL20260611_0830_forgetAndForgetFree001,TSAL20260628_0830_forgetAndForgetFree001,20260611,20260628,31,0.5962912648418638
fixed31,relative_position,42,20260817,1,R1->R2,TSAL20260609_0830_forgetAndForgetFree001,TSAL20260626_0830_forgetAndForgetFree001,20260609,20260626,31,0.45616839169831436
fixed31,relative_position,42,20260817,1,R2->R1,TSAL20260609_0830_forgetAndForgetFree001,TSAL20260626_0830_forgetAndForgetFree001,20260609,20260626,31,0.4243567864247384
fixed31,relative_position,42,20260817,2,R1->R2,TSAL20260609_0830_forgetAndForgetFree001,TSAL20260627_0830_forgetAndForgetFree001,20260609,20260627,31,0.3428386938037386
fixed31,relative_position,42,20260817,2,R2->R1,TSAL20260609_0830_forgetAndForgetFree001,TSAL20260627_0830_forgetAndForgetFree001,20260609,20260627,31,0.5797122166914823
fixed31,relative_position,42,20260817,3,R1->R2,TSAL20260609_0830_forgetAndForgetFree001,TSAL20260628_0830_forgetAndForgetFree001,20260609,20260628,31,0.5243623740281382
fixed31,relative_position,42,20260817,3,R2->R1,TSAL20260609_0830_forgetAndForgetFree001,TSAL20260628_0830_forgetAndForgetFree001,20260609,20260628,31,0.49767652654955347
fixed31,relative_position,42,20260817,4,R1->R2,TSAL20260610_0830_forgetAndForgetFree001,TSAL20260626_0830_forgetAndForgetFree001,20260610,20260626,31,0.564909066893451
fixed31,relative_position,42,20260817,4,R2->R1,TSAL20260610_0830_forgetAndForgetFree001,TSAL20260626_0830_forgetAndForgetFree001,20260610,20260626,31,0.5206926461148425
fixed31,relative_position,42,20260817,5,R1->R2,TSAL20260610_0830_forgetAndForgetFree001,TSAL20260627_0830_forgetAndForgetFree001,20260610,20260627,31,0.4407851957005254
fixed31,relative_position,42,20260817,5,R2->R1,TSAL20260610_0830_forgetAndForgetFree001,TSAL20260627_0830_forgetAndForgetFree001,20260610,20260627,31,0.34843309264049815
fixed31,relative_position,42,20260817,6,R1->R2,TSAL20260610_0830_forgetAndForgetFree001,TSAL20260628_0830_forgetAndForgetFree001,20260610,20260628,31,0.5717839332140094
fixed31,relative_position,42,20260817,6,R2->R1,TSAL20260610_0830_forgetAndForgetFree001,TSAL20260628_0830_forgetAndForgetFree001,20260610,20260628,31,0.6094515311757702
fixed31,relative_position,42,20260817,7,R1->R2,TSAL20260611_0830_forgetAndForgetFree001,TSAL20260626_0830_forgetAndForgetFree001,20260611,20260626,31,0.3997637392036327
fixed31,relative_position,42,20260817,7,R2->R1,TSAL20260611_0830_forgetAndForgetFree001,TSAL20260626_0830_forgetAndForgetFree001,20260611,20260626,31,0.3816190561325274
fixed31,relative_position,42,20260817,8,R1->R2,TSAL20260611_0830_forgetAndForgetFree001,TSAL20260627_0830_forgetAndForgetFree001,20260611,20260627,31,0.6277826254618408
fixed31,relative_position,42,20260817,8,R2->R1,TSAL20260611_0830_forgetAndForgetFree001,TSAL20260627_0830_forgetAndForgetFree001,20260611,20260627,31,0.3374486861789572
fixed31,relative_position,42,20260817,9,R1->R2,TSAL20260611_0830_forgetAndForgetFree001,TSAL20260628_0830_forgetAndForgetFree001,20260611,20260628,31,0.5175205126648044
fixed31,relative_position,42,20260817,9,R2->R1,TSAL20260611_0830_forgetAndForgetFree001,TSAL20260628_0830_forgetAndForgetFree001,20260611,20260628,31,0.5775795468786306
fixed31,relative_position,43,20260817,1,R1->R2,TSAL20260609_0830_forgetAndForgetFree001,TSAL20260626_0830_forgetAndForgetFree001,20260609,20260626,31,0.44662199831549065
fixed31,relative_position,43,20260817,1,R2->R1,TSAL20260609_0830_forgetAndForgetFree001,TSAL20260626_0830_forgetAndForgetFree001,20260609,20260626,31,0.508650600143224
fixed31,relative_position,43,20260817,2,R1->R2,TSAL20260609_0830_forgetAndForgetFree001,TSAL20260627_0830_forgetAndForgetFree001,20260609,20260627,31,0.39848377312455446
fixed31,relative_position,43,20260817,2,R2->R1,TSAL20260609_0830_forgetAndForgetFree001,TSAL20260627_0830_forgetAndForgetFree001,20260609,20260627,31,0.6100145111257695
fixed31,relative_position,43,20260817,3,R1->R2,TSAL20260609_0830_forgetAndForgetFree001,TSAL20260628_0830_forgetAndForgetFree001,20260609,20260628,31,0.5006071026022929
fixed31,relative_position,43,20260817,3,R2->R1,TSAL20260609_0830_forgetAndForgetFree001,TSAL20260628_0830_forgetAndForgetFree001,20260609,20260628,31,0.6319036712084909
fixed31,relative_position,43,20260817,4,R1->R2,TSAL20260610_0830_forgetAndForgetFree001,TSAL20260626_0830_forgetAndForgetFree001,20260610,20260626,31,0.5149419278859585
fixed31,relative_position,43,20260817,4,R2->R1,TSAL20260610_0830_forgetAndForgetFree001,TSAL20260626_0830_forgetAndForgetFree001,20260610,20260626,31,0.38407669310271614
fixed31,relative_position,43,20260817,5,R1->R2,TSAL20260610_0830_forgetAndForgetFree001,TSAL20260627_0830_forgetAndForgetFree001,20260610,20260627,31,0.5417798308317985
fixed31,relative_position,43,20260817,5,R2->R1,TSAL20260610_0830_forgetAndForgetFree001,TSAL20260627_0830_forgetAndForgetFree001,20260610,20260627,31,0.6141753385776403
fixed31,relative_position,43,20260817,6,R1->R2,TSAL20260610_0830_forgetAndForgetFree001,TSAL20260628_0830_forgetAndForgetFree001,20260610,20260628,31,0.4253613446983847
fixed31,relative_position,43,20260817,6,R2->R1,TSAL20260610_0830_forgetAndForgetFree001,TSAL20260628_0830_forgetAndForgetFree001,20260610,20260628,31,0.6401034159552128
fixed31,relative_position,43,20260817,7,R1->R2,TSAL20260611_0830_forgetAndForgetFree001,TSAL20260626_0830_forgetAndForgetFree001,20260611,20260626,31,0.4345488150327407
fixed31,relative_position,43,20260817,7,R2->R1,TSAL20260611_0830_forgetAndForgetFree001,TSAL20260626_0830_forgetAndForgetFree001,20260611,20260626,31,0.3312202409278181
fixed31,relative_position,43,20260817,8,R1->R2,TSAL20260611_0830_forgetAndForgetFree001,TSAL20260627_0830_forgetAndForgetFree001,20260611,20260627,31,0.6271316811060224
fixed31,relative_position,43,20260817,8,R2->R1,TSAL20260611_0830_forgetAndForgetFree001,TSAL20260627_0830_forgetAndForgetFree001,20260611,20260627,31,0.5184468113321128
fixed31,relative_position,43,20260817,9,R1->R2,TSAL20260611_0830_forgetAndForgetFree001,TSAL20260628_0830_forgetAndForgetFree001,20260611,20260628,31,0.5813175023105519
fixed31,relative_position,43,20260817,9,R2->R1,TSAL20260611_0830_forgetAndForgetFree001,TSAL20260628_0830_forgetAndForgetFree001,20260611,20260628,31,0.5007511485625864
fixed31,relative_position,44,20260817,1,R1->R2,TSAL20260609_0830_forgetAndForgetFree001,TSAL20260626_0830_forgetAndForgetFree001,20260609,20260626,31,0.5132348894934754
fixed31,relative_position,44,20260817,1,R2->R1,TSAL20260609_0830_forgetAndForgetFree001,TSAL20260626_0830_forgetAndForgetFree001,20260609,20260626,31,0.27560420845539735
fixed31,relative_position,44,20260817,2,R1->R2,TSAL20260609_0830_forgetAndForgetFree001,TSAL20260627_0830_forgetAndForgetFree001,20260609,20260627,31,0.5410664392701263
fixed31,relative_position,44,20260817,2,R2->R1,TSAL20260609_0830_forgetAndForgetFree001,TSAL20260627_0830_forgetAndForgetFree001,20260609,20260627,31,0.24662223315390586
fixed31,relative_position,44,20260817,3,R1->R2,TSAL20260609_0830_forgetAndForgetFree001,TSAL20260628_0830_forgetAndForgetFree001,20260609,20260628,31,0.47727924245413034
fixed31,relative_position,44,20260817,3,R2->R1,TSAL20260609_0830_forgetAndForgetFree001,TSAL20260628_0830_forgetAndForgetFree001,20260609,20260628,31,0.6200533412295358
fixed31,relative_position,44,20260817,4,R1->R2,TSAL20260610_0830_forgetAndForgetFree001,TSAL20260626_0830_forgetAndForgetFree001,20260610,20260626,31,0.4540558819818386
fixed31,relative_position,44,20260817,4,R2->R1,TSAL20260610_0830_forgetAndForgetFree001,TSAL20260626_0830_forgetAndForgetFree001,20260610,20260626,31,0.47680380873079997
fixed31,relative_position,44,20260817,5,R1->R2,TSAL20260610_0830_forgetAndForgetFree001,TSAL20260627_0830_forgetAndForgetFree001,20260610,20260627,31,0.5594578015489473
fixed31,relative_position,44,20260817,5,R2->R1,TSAL20260610_0830_forgetAndForgetFree001,TSAL20260627_0830_forgetAndForgetFree001,20260610,20260627,31,0.5785292099378196
fixed31,relative_position,44,20260817,6,R1->R2,TSAL20260610_0830_forgetAndForgetFree001,TSAL20260628_0830_forgetAndForgetFree001,20260610,20260628,31,0.4108111589030372
fixed31,relative_position,44,20260817,6,R2->R1,TSAL20260610_0830_forgetAndForgetFree001,TSAL20260628_0830_forgetAndForgetFree001,20260610,20260628,31,0.6278859164955164
fixed31,relative_position,44,20260817,7,R1->R2,TSAL20260611_0830_forgetAndForgetFree001,TSAL20260626_0830_forgetAndForgetFree001,20260611,20260626,31,0.38895423302210635
fixed31,relative_position,44,20260817,7,R2->R1,TSAL20260611_0830_forgetAndForgetFree001,TSAL20260626_0830_forgetAndForgetFree001,20260611,20260626,31,0.35136908133149053
fixed31,relative_position,44,20260817,8,R1->R2,TSAL20260611_0830_forgetAndForgetFree001,TSAL20260627_0830_forgetAndForgetFree001,20260611,20260627,31,0.5986833395076828
fixed31,relative_position,44,20260817,8,R2->R1,TSAL20260611_0830_forgetAndForgetFree001,TSAL20260627_0830_forgetAndForgetFree001,20260611,20260627,31,0.5406213904280864
fixed31,relative_position,44,20260817,9,R1->R2,TSAL20260611_0830_forgetAndForgetFree001,TSAL20260628_0830_forgetAndForgetFree001,20260611,20260628,31,0.6030384584416766
fixed31,relative_position,44,20260817,9,R2->R1,TSAL20260611_0830_forgetAndForgetFree001,TSAL20260628_0830_forgetAndForgetFree001,20260611,20260628,31,0.594258768792156
fixed31,relative_position,45,20260817,1,R1->R2,TSAL20260609_0830_forgetAndForgetFree001,TSAL20260626_0830_forgetAndForgetFree001,20260609,20260626,31,0.47255400667493375
fixed31,relative_position,45,20260817,1,R2->R1,TSAL20260609_0830_forgetAndForgetFree001,TSAL20260626_0830_forgetAndForgetFree001,20260609,20260626,31,0.5319685643226703
fixed31,relative_position,45,20260817,2,R1->R2,TSAL20260609_0830_forgetAndForgetFree001,TSAL20260627_0830_forgetAndForgetFree001,20260609,20260627,31,0.4161999214560652
fixed31,relative_position,45,20260817,2,R2->R1,TSAL20260609_0830_forgetAndForgetFree001,TSAL20260627_0830_forgetAndForgetFree001,20260609,20260627,31,0.4637964775742856
fixed31,relative_position,45,20260817,3,R1->R2,TSAL20260609_0830_forgetAndForgetFree001,TSAL20260628_0830_forgetAndForgetFree001,20260609,20260628,31,0.324280819192674
fixed31,relative_position,45,20260817,3,R2->R1,TSAL20260609_0830_forgetAndForgetFree001,TSAL20260628_0830_forgetAndForgetFree001,20260609,20260628,31,0.6961229611771238
fixed31,relative_position,45,20260817,4,R1->R2,TSAL20260610_0830_forgetAndForgetFree001,TSAL20260626_0830_forgetAndForgetFree001,20260610,20260626,31,0.45129272547473215
fixed31,relative_position,45,20260817,4,R2->R1,TSAL20260610_0830_forgetAndForgetFree001,TSAL20260626_0830_forgetAndForgetFree001,20260610,20260626,31,0.40816133654500336
fixed31,relative_position,45,20260817,5,R1->R2,TSAL20260610_0830_forgetAndForgetFree001,TSAL20260627_0830_forgetAndForgetFree001,20260610,20260627,31,0.481033091321069
fixed31,relative_position,45,20260817,5,R2->R1,TSAL20260610_0830_forgetAndForgetFree001,TSAL20260627_0830_forgetAndForgetFree001,20260610,20260627,31,0.4321556375570048
fixed31,relative_position,45,20260817,6,R1->R2,TSAL20260610_0830_forgetAndForgetFree001,TSAL20260628_0830_forgetAndForgetFree001,20260610,20260628,31,0.2968821185622368
fixed31,relative_position,45,20260817,6,R2->R1,TSAL20260610_0830_forgetAndForgetFree001,TSAL20260628_0830_forgetAndForgetFree001,20260610,20260628,31,0.6180625252543929
fixed31,relative_position,45,20260817,7,R1->R2,TSAL20260611_0830_forgetAndForgetFree001,TSAL20260626_0830_forgetAndForgetFree001,20260611,20260626,31,0.43617237152495597
fixed31,relative_position,45,20260817,7,R2->R1,TSAL20260611_0830_forgetAndForgetFree001,TSAL20260626_0830_forgetAndForgetFree001,20260611,20260626,31,0.39885519054090124
fixed31,relative_position,45,20260817,8,R1->R2,TSAL20260611_0830_forgetAndForgetFree001,TSAL20260627_0830_forgetAndForgetFree001,20260611,20260627,31,0.4205691037285295
fixed31,relative_position,45,20260817,8,R2->R1,TSAL20260611_0830_forgetAndForgetFree001,TSAL20260627_0830_forgetAndForgetFree001,20260611,20260627,31,0.549833450817914
fixed31,relative_position,45,20260817,9,R1->R2,TSAL20260611_0830_forgetAndForgetFree001,TSAL20260628_0830_forgetAndForgetFree001,20260611,20260628,31,0.4884135195588069
fixed31,relative_position,45,20260817,9,R2->R1,TSAL20260611_0830_forgetAndForgetFree001,TSAL20260628_0830_forgetAndForgetFree001,20260611,20260628,31,0.5949077663896873
fixed31,relative_position,46,20260817,1,R1->R2,TSAL20260609_0830_forgetAndForgetFree001,TSAL20260626_0830_forgetAndForgetFree001,20260609,20260626,31,0.4400098489418145
fixed31,relative_position,46,20260817,1,R2->R1,TSAL20260609_0830_forgetAndForgetFree001,TSAL20260626_0830_forgetAndForgetFree001,20260609,20260626,31,0.33748545112987466
fixed31,relative_position,46,20260817,2,R1->R2,TSAL20260609_0830_forgetAndForgetFree001,TSAL20260627_0830_forgetAndForgetFree001,20260609,20260627,31,0.554616857135312
fixed31,relative_position,46,20260817,2,R2->R1,TSAL20260609_0830_forgetAndForgetFree001,TSAL20260627_0830_forgetAndForgetFree001,20260609,20260627,31,0.32091502261944715
fixed31,relative_position,46,20260817,3,R1->R2,TSAL20260609_0830_forgetAndForgetFree001,TSAL20260628_0830_forgetAndForgetFree001,20260609,20260628,31,0.45517813844141014
fixed31,relative_position,46,20260817,3,R2->R1,TSAL20260609_0830_forgetAndForgetFree001,TSAL20260628_0830_forgetAndForgetFree001,20260609,20260628,31,0.6842807737329867
fixed31,relative_position,46,20260817,4,R1->R2,TSAL20260610_0830_forgetAndForgetFree001,TSAL20260626_0830_forgetAndForgetFree001,20260610,20260626,31,0.41068960532765864
fixed31,relative_position,46,20260817,4,R2->R1,TSAL20260610_0830_forgetAndForgetFree001,TSAL20260626_0830_forgetAndForgetFree001,20260610,20260626,31,0.4301685462787508
fixed31,relative_position,46,20260817,5,R1->R2,TSAL20260610_0830_forgetAndForgetFree001,TSAL20260627_0830_forgetAndForgetFree001,20260610,20260627,31,0.41248911821830897
fixed31,relative_position,46,20260817,5,R2->R1,TSAL20260610_0830_forgetAndForgetFree001,TSAL20260627_0830_forgetAndForgetFree001,20260610,20260627,31,0.48773291623715304
fixed31,relative_position,46,20260817,6,R1->R2,TSAL20260610_0830_forgetAndForgetFree001,TSAL20260628_0830_forgetAndForgetFree001,20260610,20260628,31,0.46325124587595135
fixed31,relative_position,46,20260817,6,R2->R1,TSAL20260610_0830_forgetAndForgetFree001,TSAL20260628_0830_forgetAndForgetFree001,20260610,20260628,31,0.6332860678782676
fixed31,relative_position,46,20260817,7,R1->R2,TSAL20260611_0830_forgetAndForgetFree001,TSAL20260626_0830_forgetAndForgetFree001,20260611,20260626,31,0.5078746968850847
fixed31,relative_position,46,20260817,7,R2->R1,TSAL20260611_0830_forgetAndForgetFree001,TSAL20260626_0830_forgetAndForgetFree001,20260611,20260626,31,0.28750201578837153
fixed31,relative_position,46,20260817,8,R1->R2,TSAL20260611_0830_forgetAndForgetFree001,TSAL20260627_0830_forgetAndForgetFree001,20260611,20260627,31,0.16158797699258984
fixed31,relative_position,46,20260817,8,R2->R1,TSAL20260611_0830_forgetAndForgetFree001,TSAL20260627_0830_forgetAndForgetFree001,20260611,20260627,31,0.569340669082211
fixed31,relative_position,46,20260817,9,R1->R2,TSAL20260611_0830_forgetAndForgetFree001,TSAL20260628_0830_forgetAndForgetFree001,20260611,20260628,31,0.5320890009695691
fixed31,relative_position,46,20260817,9,R2->R1,TSAL20260611_0830_forgetAndForgetFree001,TSAL20260628_0830_forgetAndForgetFree001,20260611,20260628,31,0.5942447140644902
fixed31,relative_position,47,20260817,1,R1->R2,TSAL20260609_0830_forgetAndForgetFree001,TSAL20260626_0830_forgetAndForgetFree001,20260609,20260626,31,0.5098228075679707
fixed31,relative_position,47,20260817,1,R2->R1,TSAL20260609_0830_forgetAndForgetFree001,TSAL20260626_0830_forgetAndForgetFree001,20260609,20260626,31,0.450331264335521
fixed31,relative_position,47,20260817,2,R1->R2,TSAL20260609_0830_forgetAndForgetFree001,TSAL20260627_0830_forgetAndForgetFree001,20260609,20260627,31,0.21152038372205972
fixed31,relative_position,47,20260817,2,R2->R1,TSAL20260609_0830_forgetAndForgetFree001,TSAL20260627_0830_forgetAndForgetFree001,20260609,20260627,31,0.1092692256025446
fixed31,relative_position,47,20260817,3,R1->R2,TSAL20260609_0830_forgetAndForgetFree001,TSAL20260628_0830_forgetAndForgetFree001,20260609,20260628,31,0.4007396442662275
fixed31,relative_position,47,20260817,3,R2->R1,TSAL20260609_0830_forgetAndForgetFree001,TSAL20260628_0830_forgetAndForgetFree001,20260609,20260628,31,0.6123311851083302
fixed31,relative_position,47,20260817,4,R1->R2,TSAL20260610_0830_forgetAndForgetFree001,TSAL20260626_0830_forgetAndForgetFree001,20260610,20260626,31,0.4212878256130166
fixed31,relative_position,47,20260817,4,R2->R1,TSAL20260610_0830_forgetAndForgetFree001,TSAL20260626_0830_forgetAndForgetFree001,20260610,20260626,31,0.36616749033515567
fixed31,relative_position,47,20260817,5,R1->R2,TSAL20260610_0830_forgetAndForgetFree001,TSAL20260627_0830_forgetAndForgetFree001,20260610,20260627,31,0.48059151966532215
fixed31,relative_position,47,20260817,5,R2->R1,TSAL20260610_0830_forgetAndForgetFree001,TSAL20260627_0830_forgetAndForgetFree001,20260610,20260627,31,0.6332406661014954
fixed31,relative_position,47,20260817,6,R1->R2,TSAL20260610_0830_forgetAndForgetFree001,TSAL20260628_0830_forgetAndForgetFree001,20260610,20260628,31,0.48210159367215566
fixed31,relative_position,47,20260817,6,R2->R1,TSAL20260610_0830_forgetAndForgetFree001,TSAL20260628_0830_forgetAndForgetFree001,20260610,20260628,31,0.6407546885314219
fixed31,relative_position,47,20260817,7,R1->R2,TSAL20260611_0830_forgetAndForgetFree001,TSAL20260626_0830_forgetAndForgetFree001,20260611,20260626,31,0.40620872917806017
fixed31,relative_position,47,20260817,7,R2->R1,TSAL20260611_0830_forgetAndForgetFree001,TSAL20260626_0830_forgetAndForgetFree001,20260611,20260626,31,0.3152310955650919
fixed31,relative_position,47,20260817,8,R1->R2,TSAL20260611_0830_forgetAndForgetFree001,TSAL20260627_0830_forgetAndForgetFree001,20260611,20260627,31,0.4116707394512685
fixed31,relative_position,47,20260817,8,R2->R1,TSAL20260611_0830_forgetAndForgetFree001,TSAL20260627_0830_forgetAndForgetFree001,20260611,20260627,31,0.43732670179532274
fixed31,relative_position,47,20260817,9,R1->R2,TSAL20260611_0830_forgetAndForgetFree001,TSAL20260628_0830_forgetAndForgetFree001,20260611,20260628,31,0.4299284068983159
fixed31,relative_position,47,20260817,9,R2->R1,TSAL20260611_0830_forgetAndForgetFree001,TSAL20260628_0830_forgetAndForgetFree001,20260611,20260628,31,0.5740714999842992
fixed31,relative_position,48,20260817,1,R1->R2,TSAL20260609_0830_forgetAndForgetFree001,TSAL20260626_0830_forgetAndForgetFree001,20260609,20260626,31,0.5963277876019434
fixed31,relative_position,48,20260817,1,R2->R1,TSAL20260609_0830_forgetAndForgetFree001,TSAL20260626_0830_forgetAndForgetFree001,20260609,20260626,31,0.535731989998259
fixed31,relative_position,48,20260817,2,R1->R2,TSAL20260609_0830_forgetAndForgetFree001,TSAL20260627_0830_forgetAndForgetFree001,20260609,20260627,31,0.34556146788502
fixed31,relative_position,48,20260817,2,R2->R1,TSAL20260609_0830_forgetAndForgetFree001,TSAL20260627_0830_forgetAndForgetFree001,20260609,20260627,31,0.40814099819802097
fixed31,relative_position,48,20260817,3,R1->R2,TSAL20260609_0830_forgetAndForgetFree001,TSAL20260628_0830_forgetAndForgetFree001,20260609,20260628,31,0.2578944754899972
fixed31,relative_position,48,20260817,3,R2->R1,TSAL20260609_0830_forgetAndForgetFree001,TSAL20260628_0830_forgetAndForgetFree001,20260609,20260628,31,0.44147825923467093
fixed31,relative_position,48,20260817,4,R1->R2,TSAL20260610_0830_forgetAndForgetFree001,TSAL20260626_0830_forgetAndForgetFree001,20260610,20260626,31,0.43954770341415456
fixed31,relative_position,48,20260817,4,R2->R1,TSAL20260610_0830_forgetAndForgetFree001,TSAL20260626_0830_forgetAndForgetFree001,20260610,20260626,31,0.3920246703401144
fixed31,relative_position,48,20260817,5,R1->R2,TSAL20260610_0830_forgetAndForgetFree001,TSAL20260627_0830_forgetAndForgetFree001,20260610,20260627,31,0.45597190099083307
fixed31,relative_position,48,20260817,5,R2->R1,TSAL20260610_0830_forgetAndForgetFree001,TSAL20260627_0830_forgetAndForgetFree001,20260610,20260627,31,0.5812547651148767
fixed31,relative_position,48,20260817,6,R1->R2,TSAL20260610_0830_forgetAndForgetFree001,TSAL20260628_0830_forgetAndForgetFree001,20260610,20260628,31,0.38197445576700595
fixed31,relative_position,48,20260817,6,R2->R1,TSAL20260610_0830_forgetAndForgetFree001,TSAL20260628_0830_forgetAndForgetFree001,20260610,20260628,31,0.66721255804499
fixed31,relative_position,48,20260817,7,R1->R2,TSAL20260611_0830_forgetAndForgetFree001,TSAL20260626_0830_forgetAndForgetFree001,20260611,20260626,31,0.3896008022455097
fixed31,relative_position,48,20260817,7,R2->R1,TSAL20260611_0830_forgetAndForgetFree001,TSAL20260626_0830_forgetAndForgetFree001,20260611,20260626,31,0.19663019056991635
fixed31,relative_position,48,20260817,8,R1->R2,TSAL20260611_0830_forgetAndForgetFree001,TSAL20260627_0830_forgetAndForgetFree001,20260611,20260627,31,0.43636584398668793
fixed31,relative_position,48,20260817,8,R2->R1,TSAL20260611_0830_forgetAndForgetFree001,TSAL20260627_0830_forgetAndForgetFree001,20260611,20260627,31,0.3644609992599387
fixed31,relative_position,48,20260817,9,R1->R2,TSAL20260611_0830_forgetAndForgetFree001,TSAL20260628_0830_forgetAndForgetFree001,20260611,20260628,31,0.42386120831367763
fixed31,relative_position,48,20260817,9,R2->R1,TSAL20260611_0830_forgetAndForgetFree001,TSAL20260628_0830_forgetAndForgetFree001,20260611,20260628,31,0.5845270052476047
fixed31,relative_position,49,20260817,1,R1->R2,TSAL20260609_0830_forgetAndForgetFree001,TSAL20260626_0830_forgetAndForgetFree001,20260609,20260626,31,0.395518067575162
fixed31,relative_position,49,20260817,1,R2->R1,TSAL20260609_0830_forgetAndForgetFree001,TSAL20260626_0830_forgetAndForgetFree001,20260609,20260626,31,0.4722801788850781
fixed31,relative_position,49,20260817,2,R1->R2,TSAL20260609_0830_forgetAndForgetFree001,TSAL20260627_0830_forgetAndForgetFree001,20260609,20260627,31,0.5694488630368623
fixed31,relative_position,49,20260817,2,R2->R1,TSAL20260609_0830_forgetAndForgetFree001,TSAL20260627_0830_forgetAndForgetFree001,20260609,20260627,31,0.528468088433595
fixed31,relative_position,49,20260817,3,R1->R2,TSAL20260609_0830_forgetAndForgetFree001,TSAL20260628_0830_forgetAndForgetFree001,20260609,20260628,31,0.4793256798676103
fixed31,relative_position,49,20260817,3,R2->R1,TSAL20260609_0830_forgetAndForgetFree001,TSAL20260628_0830_forgetAndForgetFree001,20260609,20260628,31,0.6145923641580048
fixed31,relative_position,49,20260817,4,R1->R2,TSAL20260610_0830_forgetAndForgetFree001,TSAL20260626_0830_forgetAndForgetFree001,20260610,20260626,31,0.47550533597138334
fixed31,relative_position,49,20260817,4,R2->R1,TSAL20260610_0830_forgetAndForgetFree001,TSAL20260626_0830_forgetAndForgetFree001,20260610,20260626,31,0.3909388942870863
fixed31,relative_position,49,20260817,5,R1->R2,TSAL20260610_0830_forgetAndForgetFree001,TSAL20260627_0830_forgetAndForgetFree001,20260610,20260627,31,0.5018575483804506
fixed31,relative_position,49,20260817,5,R2->R1,TSAL20260610_0830_forgetAndForgetFree001,TSAL20260627_0830_forgetAndForgetFree001,20260610,20260627,31,0.5783937229588538
fixed31,relative_position,49,20260817,6,R1->R2,TSAL20260610_0830_forgetAndForgetFree001,TSAL20260628_0830_forgetAndForgetFree001,20260610,20260628,31,0.3544063914906999
fixed31,relative_position,49,20260817,6,R2->R1,TSAL20260610_0830_forgetAndForgetFree001,TSAL20260628_0830_forgetAndForgetFree001,20260610,20260628,31,0.6214530729542703
fixed31,relative_position,49,20260817,7,R1->R2,TSAL20260611_0830_forgetAndForgetFree001,TSAL20260626_0830_forgetAndForgetFree001,20260611,20260626,31,0.5027478467578921
fixed31,relative_position,49,20260817,7,R2->R1,TSAL20260611_0830_forgetAndForgetFree001,TSAL20260626_0830_forgetAndForgetFree001,20260611,20260626,31,0.32561933999290216
fixed31,relative_position,49,20260817,8,R1->R2,TSAL20260611_0830_forgetAndForgetFree001,TSAL20260627_0830_forgetAndForgetFree001,20260611,20260627,31,0.49177145802872635
fixed31,relative_position,49,20260817,8,R2->R1,TSAL20260611_0830_forgetAndForgetFree001,TSAL20260627_0830_forgetAndForgetFree001,20260611,20260627,31,0.4741117192171806
fixed31,relative_position,49,20260817,9,R1->R2,TSAL20260611_0830_forgetAndForgetFree001,TSAL20260628_0830_forgetAndForgetFree001,20260611,20260628,31,0.38438720438831303
fixed31,relative_position,49,20260817,9,R2->R1,TSAL20260611_0830_forgetAndForgetFree001,TSAL20260628_0830_forgetAndForgetFree001,20260611,20260628,31,0.4237727988870125
