animal,pair_id,r1_date,r2_date,match_direction,trimmed_session,trial,selected,removal_step,contribution_at_removal
TS,1,20250731,20250828,trim_r2_to_r1,TSAL20250828_0830_interferenceAndInterferenceFree001,0,False,13.0,0.9328758805711543
TS,1,20250731,20250828,trim_r2_to_r1,TSAL20250828_0830_interferenceAndInterferenceFree001,1,False,27.0,0.8804520818664984
TS,1,20250731,20250828,trim_r2_to_r1,TSAL20250828_0830_interferenceAndInterferenceFree001,2,False,23.0,0.8916672805300823
TS,1,20250731,20250828,trim_r2_to_r1,TSAL20250828_0830_interferenceAndInterferenceFree001,3,True,,
TS,1,20250731,20250828,trim_r2_to_r1,TSAL20250828_0830_interferenceAndInterferenceFree001,4,True,,
TS,1,20250731,20250828,trim_r2_to_r1,TSAL20250828_0830_interferenceAndInterferenceFree001,5,False,17.0,0.9193654957714394
TS,1,20250731,20250828,trim_r2_to_r1,TSAL20250828_0830_interferenceAndInterferenceFree001,6,False,31.0,0.8727619226993827
TS,1,20250731,20250828,trim_r2_to_r1,TSAL20250828_0830_interferenceAndInterferenceFree001,7,False,28.0,0.879892038343384
TS,1,20250731,20250828,trim_r2_to_r1,TSAL20250828_0830_interferenceAndInterferenceFree001,8,False,22.0,0.8929268714063134
TS,1,20250731,20250828,trim_r2_to_r1,TSAL20250828_0830_interferenceAndInterferenceFree001,9,False,16.0,0.9278487054730683
TS,1,20250731,20250828,trim_r2_to_r1,TSAL20250828_0830_interferenceAndInterferenceFree001,10,False,7.0,0.9687159576304307
TS,1,20250731,20250828,trim_r2_to_r1,TSAL20250828_0830_interferenceAndInterferenceFree001,11,False,8.0,0.9662147508901726
TS,1,20250731,20250828,trim_r2_to_r1,TSAL20250828_0830_interferenceAndInterferenceFree001,12,False,19.0,0.8912185866766044
TS,1,20250731,20250828,trim_r2_to_r1,TSAL20250828_0830_interferenceAndInterferenceFree001,13,False,26.0,0.8820106986332331
TS,1,20250731,20250828,trim_r2_to_r1,TSAL20250828_0830_interferenceAndInterferenceFree001,14,False,21.0,0.8962151769012942
TS,1,20250731,20250828,trim_r2_to_r1,TSAL20250828_0830_interferenceAndInterferenceFree001,15,False,30.0,0.8792597486797697
TS,1,20250731,20250828,trim_r2_to_r1,TSAL20250828_0830_interferenceAndInterferenceFree001,16,False,32.0,0.8780444139241316
TS,1,20250731,20250828,trim_r2_to_r1,TSAL20250828_0830_interferenceAndInterferenceFree001,17,False,34.0,0.8691568513896865
TS,1,20250731,20250828,trim_r2_to_r1,TSAL20250828_0830_interferenceAndInterferenceFree001,18,False,20.0,0.8941206103798168
TS,1,20250731,20250828,trim_r2_to_r1,TSAL20250828_0830_interferenceAndInterferenceFree001,19,False,25.0,0.8853457713729647
TS,1,20250731,20250828,trim_r2_to_r1,TSAL20250828_0830_interferenceAndInterferenceFree001,20,True,,
TS,1,20250731,20250828,trim_r2_to_r1,TSAL20250828_0830_interferenceAndInterferenceFree001,21,False,33.0,0.8790074500641246
TS,1,20250731,20250828,trim_r2_to_r1,TSAL20250828_0830_interferenceAndInterferenceFree001,22,False,29.0,0.8768629287314258
TS,1,20250731,20250828,trim_r2_to_r1,TSAL20250828_0830_interferenceAndInterferenceFree001,23,False,35.0,0.8639319721548765
TS,1,20250731,20250828,trim_r2_to_r1,TSAL20250828_0830_interferenceAndInterferenceFree001,24,True,,
TS,1,20250731,20250828,trim_r2_to_r1,TSAL20250828_0830_interferenceAndInterferenceFree001,25,True,,
TS,1,20250731,20250828,trim_r2_to_r1,TSAL20250828_0830_interferenceAndInterferenceFree001,26,True,,
TS,1,20250731,20250828,trim_r2_to_r1,TSAL20250828_0830_interferenceAndInterferenceFree001,27,False,1.0,1.1038034032743222
TS,1,20250731,20250828,trim_r2_to_r1,TSAL20250828_0830_interferenceAndInterferenceFree001,28,True,,
TS,1,20250731,20250828,trim_r2_to_r1,TSAL20250828_0830_interferenceAndInterferenceFree001,29,True,,
TS,1,20250731,20250828,trim_r2_to_r1,TSAL20250828_0830_interferenceAndInterferenceFree001,30,True,,
TS,1,20250731,20250828,trim_r2_to_r1,TSAL20250828_0830_interferenceAndInterferenceFree001,31,True,,
TS,1,20250731,20250828,trim_r2_to_r1,TSAL20250828_0830_interferenceAndInterferenceFree001,32,True,,
TS,1,20250731,20250828,trim_r2_to_r1,TSAL20250828_0830_interferenceAndInterferenceFree001,33,True,,
TS,1,20250731,20250828,trim_r2_to_r1,TSAL20250828_0830_interferenceAndInterferenceFree001,34,True,,
TS,1,20250731,20250828,trim_r2_to_r1,TSAL20250828_0830_interferenceAndInterferenceFree001,35,True,,
TS,1,20250731,20250828,trim_r2_to_r1,TSAL20250828_0830_interferenceAndInterferenceFree001,36,True,,
TS,1,20250731,20250828,trim_r2_to_r1,TSAL20250828_0830_interferenceAndInterferenceFree001,37,True,,
TS,1,20250731,20250828,trim_r2_to_r1,TSAL20250828_0830_interferenceAndInterferenceFree001,38,True,,
TS,1,20250731,20250828,trim_r2_to_r1,TSAL20250828_0830_interferenceAndInterferenceFree001,42,True,,
TS,1,20250731,20250828,trim_r2_to_r1,TSAL20250828_0830_interferenceAndInterferenceFree001,43,True,,
TS,1,20250731,20250828,trim_r2_to_r1,TSAL20250828_0830_interferenceAndInterferenceFree001,44,True,,
TS,1,20250731,20250828,trim_r2_to_r1,TSAL20250828_0830_interferenceAndInterferenceFree001,45,True,,
TS,1,20250731,20250828,trim_r2_to_r1,TSAL20250828_0830_interferenceAndInterferenceFree001,46,True,,
TS,1,20250731,20250828,trim_r2_to_r1,TSAL20250828_0830_interferenceAndInterferenceFree001,47,True,,
TS,1,20250731,20250828,trim_r2_to_r1,TSAL20250828_0830_interferenceAndInterferenceFree001,48,True,,
TS,1,20250731,20250828,trim_r2_to_r1,TSAL20250828_0830_interferenceAndInterferenceFree001,49,True,,
TS,1,20250731,20250828,trim_r2_to_r1,TSAL20250828_0830_interferenceAndInterferenceFree001,50,True,,
TS,1,20250731,20250828,trim_r2_to_r1,TSAL20250828_0830_interferenceAndInterferenceFree001,51,True,,
TS,1,20250731,20250828,trim_r2_to_r1,TSAL20250828_0830_interferenceAndInterferenceFree001,52,True,,
TS,1,20250731,20250828,trim_r2_to_r1,TSAL20250828_0830_interferenceAndInterferenceFree001,53,True,,
TS,1,20250731,20250828,trim_r2_to_r1,TSAL20250828_0830_interferenceAndInterferenceFree001,54,True,,
TS,1,20250731,20250828,trim_r2_to_r1,TSAL20250828_0830_interferenceAndInterferenceFree001,55,True,,
TS,1,20250731,20250828,trim_r2_to_r1,TSAL20250828_0830_interferenceAndInterferenceFree001,56,True,,
TS,1,20250731,20250828,trim_r2_to_r1,TSAL20250828_0830_interferenceAndInterferenceFree001,57,True,,
TS,1,20250731,20250828,trim_r2_to_r1,TSAL20250828_0830_interferenceAndInterferenceFree001,58,True,,
TS,1,20250731,20250828,trim_r2_to_r1,TSAL20250828_0830_interferenceAndInterferenceFree001,59,True,,
TS,1,20250731,20250828,trim_r2_to_r1,TSAL20250828_0830_interferenceAndInterferenceFree001,60,True,,
TS,1,20250731,20250828,trim_r2_to_r1,TSAL20250828_0830_interferenceAndInterferenceFree001,61,True,,
TS,1,20250731,20250828,trim_r2_to_r1,TSAL20250828_0830_interferenceAndInterferenceFree001,62,False,4.0,1.012928335512573
TS,1,20250731,20250828,trim_r2_to_r1,TSAL20250828_0830_interferenceAndInterferenceFree001,63,True,,
TS,1,20250731,20250828,trim_r2_to_r1,TSAL20250828_0830_interferenceAndInterferenceFree001,64,True,,
TS,1,20250731,20250828,trim_r2_to_r1,TSAL20250828_0830_interferenceAndInterferenceFree001,65,False,3.0,1.0239435849859566
TS,1,20250731,20250828,trim_r2_to_r1,TSAL20250828_0830_interferenceAndInterferenceFree001,66,True,,
TS,1,20250731,20250828,trim_r2_to_r1,TSAL20250828_0830_interferenceAndInterferenceFree001,67,True,,
TS,1,20250731,20250828,trim_r2_to_r1,TSAL20250828_0830_interferenceAndInterferenceFree001,68,True,,
TS,1,20250731,20250828,trim_r2_to_r1,TSAL20250828_0830_interferenceAndInterferenceFree001,69,True,,
TS,1,20250731,20250828,trim_r2_to_r1,TSAL20250828_0830_interferenceAndInterferenceFree001,70,False,14.0,0.9276525249902825
TS,1,20250731,20250828,trim_r2_to_r1,TSAL20250828_0830_interferenceAndInterferenceFree001,71,True,,
TS,1,20250731,20250828,trim_r2_to_r1,TSAL20250828_0830_interferenceAndInterferenceFree001,72,True,,
TS,1,20250731,20250828,trim_r2_to_r1,TSAL20250828_0830_interferenceAndInterferenceFree001,73,True,,
TS,1,20250731,20250828,trim_r2_to_r1,TSAL20250828_0830_interferenceAndInterferenceFree001,74,False,36.0,0.8566548434093106
TS,1,20250731,20250828,trim_r2_to_r1,TSAL20250828_0830_interferenceAndInterferenceFree001,75,True,,
TS,1,20250731,20250828,trim_r2_to_r1,TSAL20250828_0830_interferenceAndInterferenceFree001,76,True,,
TS,1,20250731,20250828,trim_r2_to_r1,TSAL20250828_0830_interferenceAndInterferenceFree001,77,False,11.0,0.9595094988865672
TS,1,20250731,20250828,trim_r2_to_r1,TSAL20250828_0830_interferenceAndInterferenceFree001,78,False,2.0,1.070760740418474
TS,1,20250731,20250828,trim_r2_to_r1,TSAL20250828_0830_interferenceAndInterferenceFree001,79,False,5.0,1.0043629107529695
TS,1,20250731,20250828,trim_r2_to_r1,TSAL20250828_0830_interferenceAndInterferenceFree001,80,False,18.0,0.9172170652860027
TS,1,20250731,20250828,trim_r2_to_r1,TSAL20250828_0830_interferenceAndInterferenceFree001,81,False,12.0,0.9499383199619792
TS,1,20250731,20250828,trim_r2_to_r1,TSAL20250828_0830_interferenceAndInterferenceFree001,82,False,9.0,0.965804824603299
TS,1,20250731,20250828,trim_r2_to_r1,TSAL20250828_0830_interferenceAndInterferenceFree001,83,True,,
TS,1,20250731,20250828,trim_r2_to_r1,TSAL20250828_0830_interferenceAndInterferenceFree001,84,False,10.0,0.9605375515625395
TS,1,20250731,20250828,trim_r2_to_r1,TSAL20250828_0830_interferenceAndInterferenceFree001,85,True,,
TS,1,20250731,20250828,trim_r2_to_r1,TSAL20250828_0830_interferenceAndInterferenceFree001,86,False,6.0,0.9989446709824561
TS,1,20250731,20250828,trim_r2_to_r1,TSAL20250828_0830_interferenceAndInterferenceFree001,87,False,15.0,0.9324138903599839
TS,1,20250731,20250828,trim_r2_to_r1,TSAL20250828_0830_interferenceAndInterferenceFree001,88,False,24.0,0.888355015015328
TS,1,20250731,20250828,trim_r2_to_r1,TSAL20250828_0830_interferenceAndInterferenceFree001,89,True,,
TS,1,20250731,20250828,trim_r2_to_r1,TSAL20250828_0830_interferenceAndInterferenceFree001,91,True,,
TS,1,20250731,20250828,trim_r2_to_r1,TSAL20250828_0830_interferenceAndInterferenceFree001,92,True,,
TS,1,20250731,20250828,trim_r2_to_r1,TSAL20250828_0830_interferenceAndInterferenceFree001,93,True,,
TS,1,20250731,20250828,trim_r1_to_r2,TSAL20250731_0830_staticAndStaticFree,0,True,,
TS,1,20250731,20250828,trim_r1_to_r2,TSAL20250731_0830_staticAndStaticFree,1,True,,
TS,1,20250731,20250828,trim_r1_to_r2,TSAL20250731_0830_staticAndStaticFree,2,True,,
TS,1,20250731,20250828,trim_r1_to_r2,TSAL20250731_0830_staticAndStaticFree,3,True,,
TS,1,20250731,20250828,trim_r1_to_r2,TSAL20250731_0830_staticAndStaticFree,4,True,,
TS,1,20250731,20250828,trim_r1_to_r2,TSAL20250731_0830_staticAndStaticFree,7,True,,
TS,1,20250731,20250828,trim_r1_to_r2,TSAL20250731_0830_staticAndStaticFree,8,False,3.0,0.49148062085849215
TS,1,20250731,20250828,trim_r1_to_r2,TSAL20250731_0830_staticAndStaticFree,9,False,5.0,0.49970109207041863
TS,1,20250731,20250828,trim_r1_to_r2,TSAL20250731_0830_staticAndStaticFree,10,True,,
TS,1,20250731,20250828,trim_r1_to_r2,TSAL20250731_0830_staticAndStaticFree,12,False,13.0,0.5598723727221554
TS,1,20250731,20250828,trim_r1_to_r2,TSAL20250731_0830_staticAndStaticFree,15,True,,
TS,1,20250731,20250828,trim_r1_to_r2,TSAL20250731_0830_staticAndStaticFree,18,True,,
TS,1,20250731,20250828,trim_r1_to_r2,TSAL20250731_0830_staticAndStaticFree,19,True,,
TS,1,20250731,20250828,trim_r1_to_r2,TSAL20250731_0830_staticAndStaticFree,21,False,10.0,0.5443006005676461
TS,1,20250731,20250828,trim_r1_to_r2,TSAL20250731_0830_staticAndStaticFree,22,False,1.0,0.4741811045316608
TS,1,20250731,20250828,trim_r1_to_r2,TSAL20250731_0830_staticAndStaticFree,24,False,11.0,0.5539892350723784
TS,1,20250731,20250828,trim_r1_to_r2,TSAL20250731_0830_staticAndStaticFree,25,False,9.0,0.5375553938121537
TS,1,20250731,20250828,trim_r1_to_r2,TSAL20250731_0830_staticAndStaticFree,27,True,,
TS,1,20250731,20250828,trim_r1_to_r2,TSAL20250731_0830_staticAndStaticFree,28,True,,
TS,1,20250731,20250828,trim_r1_to_r2,TSAL20250731_0830_staticAndStaticFree,29,False,14.0,0.5621802839369606
TS,1,20250731,20250828,trim_r1_to_r2,TSAL20250731_0830_staticAndStaticFree,32,True,,
TS,1,20250731,20250828,trim_r1_to_r2,TSAL20250731_0830_staticAndStaticFree,33,True,,
TS,1,20250731,20250828,trim_r1_to_r2,TSAL20250731_0830_staticAndStaticFree,34,True,,
TS,1,20250731,20250828,trim_r1_to_r2,TSAL20250731_0830_staticAndStaticFree,36,True,,
TS,1,20250731,20250828,trim_r1_to_r2,TSAL20250731_0830_staticAndStaticFree,37,False,4.0,0.49780297158786796
TS,1,20250731,20250828,trim_r1_to_r2,TSAL20250731_0830_staticAndStaticFree,38,True,,
TS,1,20250731,20250828,trim_r1_to_r2,TSAL20250731_0830_staticAndStaticFree,41,True,,
TS,1,20250731,20250828,trim_r1_to_r2,TSAL20250731_0830_staticAndStaticFree,42,False,8.0,0.5330946189724374
TS,1,20250731,20250828,trim_r1_to_r2,TSAL20250731_0830_staticAndStaticFree,43,False,2.0,0.4838314156641828
TS,1,20250731,20250828,trim_r1_to_r2,TSAL20250731_0830_staticAndStaticFree,44,True,,
TS,1,20250731,20250828,trim_r1_to_r2,TSAL20250731_0830_staticAndStaticFree,47,False,7.0,0.5283639530176749
TS,1,20250731,20250828,trim_r1_to_r2,TSAL20250731_0830_staticAndStaticFree,48,True,,
TS,1,20250731,20250828,trim_r1_to_r2,TSAL20250731_0830_staticAndStaticFree,49,False,6.0,0.5203195335245899
TS,1,20250731,20250828,trim_r1_to_r2,TSAL20250731_0830_staticAndStaticFree,51,True,,
TS,1,20250731,20250828,trim_r1_to_r2,TSAL20250731_0830_staticAndStaticFree,53,True,,
TS,1,20250731,20250828,trim_r1_to_r2,TSAL20250731_0830_staticAndStaticFree,54,True,,
TS,1,20250731,20250828,trim_r1_to_r2,TSAL20250731_0830_staticAndStaticFree,55,True,,
TS,1,20250731,20250828,trim_r1_to_r2,TSAL20250731_0830_staticAndStaticFree,57,True,,
TS,1,20250731,20250828,trim_r1_to_r2,TSAL20250731_0830_staticAndStaticFree,58,False,12.0,0.5564830709353802
TS,1,20250731,20250828,trim_r1_to_r2,TSAL20250731_0830_staticAndStaticFree,59,True,,
TS,1,20250731,20250828,trim_r1_to_r2,TSAL20250731_0830_staticAndStaticFree,60,True,,
TS,1,20250731,20250828,trim_r1_to_r2,TSAL20250731_0830_staticAndStaticFree,61,True,,
TS,1,20250731,20250828,trim_r1_to_r2,TSAL20250731_0830_staticAndStaticFree,62,True,,
TS,2,20250731,20250829,trim_r2_to_r1,TSAL20250829_0830_interferenceAndInterferenceFree001,0,True,,
TS,2,20250731,20250829,trim_r2_to_r1,TSAL20250829_0830_interferenceAndInterferenceFree001,1,True,,
TS,2,20250731,20250829,trim_r2_to_r1,TSAL20250829_0830_interferenceAndInterferenceFree001,2,True,,
TS,2,20250731,20250829,trim_r2_to_r1,TSAL20250829_0830_interferenceAndInterferenceFree001,3,True,,
TS,2,20250731,20250829,trim_r2_to_r1,TSAL20250829_0830_interferenceAndInterferenceFree001,4,True,,
TS,2,20250731,20250829,trim_r2_to_r1,TSAL20250829_0830_interferenceAndInterferenceFree001,5,True,,
TS,2,20250731,20250829,trim_r2_to_r1,TSAL20250829_0830_interferenceAndInterferenceFree001,6,True,,
TS,2,20250731,20250829,trim_r2_to_r1,TSAL20250829_0830_interferenceAndInterferenceFree001,7,True,,
TS,2,20250731,20250829,trim_r2_to_r1,TSAL20250829_0830_interferenceAndInterferenceFree001,8,True,,
TS,2,20250731,20250829,trim_r2_to_r1,TSAL20250829_0830_interferenceAndInterferenceFree001,9,True,,
TS,2,20250731,20250829,trim_r2_to_r1,TSAL20250829_0830_interferenceAndInterferenceFree001,10,True,,
TS,2,20250731,20250829,trim_r2_to_r1,TSAL20250829_0830_interferenceAndInterferenceFree001,11,True,,
TS,2,20250731,20250829,trim_r2_to_r1,TSAL20250829_0830_interferenceAndInterferenceFree001,12,True,,
TS,2,20250731,20250829,trim_r2_to_r1,TSAL20250829_0830_interferenceAndInterferenceFree001,13,True,,
TS,2,20250731,20250829,trim_r2_to_r1,TSAL20250829_0830_interferenceAndInterferenceFree001,14,True,,
TS,2,20250731,20250829,trim_r2_to_r1,TSAL20250829_0830_interferenceAndInterferenceFree001,15,True,,
TS,2,20250731,20250829,trim_r2_to_r1,TSAL20250829_0830_interferenceAndInterferenceFree001,16,True,,
TS,2,20250731,20250829,trim_r2_to_r1,TSAL20250829_0830_interferenceAndInterferenceFree001,17,True,,
TS,2,20250731,20250829,trim_r2_to_r1,TSAL20250829_0830_interferenceAndInterferenceFree001,18,True,,
TS,2,20250731,20250829,trim_r2_to_r1,TSAL20250829_0830_interferenceAndInterferenceFree001,19,True,,
TS,2,20250731,20250829,trim_r2_to_r1,TSAL20250829_0830_interferenceAndInterferenceFree001,20,True,,
TS,2,20250731,20250829,trim_r2_to_r1,TSAL20250829_0830_interferenceAndInterferenceFree001,21,True,,
TS,2,20250731,20250829,trim_r2_to_r1,TSAL20250829_0830_interferenceAndInterferenceFree001,22,True,,
TS,2,20250731,20250829,trim_r2_to_r1,TSAL20250829_0830_interferenceAndInterferenceFree001,23,True,,
TS,2,20250731,20250829,trim_r2_to_r1,TSAL20250829_0830_interferenceAndInterferenceFree001,24,True,,
TS,2,20250731,20250829,trim_r2_to_r1,TSAL20250829_0830_interferenceAndInterferenceFree001,25,True,,
TS,2,20250731,20250829,trim_r2_to_r1,TSAL20250829_0830_interferenceAndInterferenceFree001,26,True,,
TS,2,20250731,20250829,trim_r2_to_r1,TSAL20250829_0830_interferenceAndInterferenceFree001,27,True,,
TS,2,20250731,20250829,trim_r2_to_r1,TSAL20250829_0830_interferenceAndInterferenceFree001,28,True,,
TS,2,20250731,20250829,trim_r2_to_r1,TSAL20250829_0830_interferenceAndInterferenceFree001,29,True,,
TS,2,20250731,20250829,trim_r2_to_r1,TSAL20250829_0830_interferenceAndInterferenceFree001,30,True,,
TS,2,20250731,20250829,trim_r2_to_r1,TSAL20250829_0830_interferenceAndInterferenceFree001,31,True,,
TS,2,20250731,20250829,trim_r2_to_r1,TSAL20250829_0830_interferenceAndInterferenceFree001,32,True,,
TS,2,20250731,20250829,trim_r2_to_r1,TSAL20250829_0830_interferenceAndInterferenceFree001,33,True,,
TS,2,20250731,20250829,trim_r2_to_r1,TSAL20250829_0830_interferenceAndInterferenceFree001,34,True,,
TS,2,20250731,20250829,trim_r2_to_r1,TSAL20250829_0830_interferenceAndInterferenceFree001,35,True,,
TS,2,20250731,20250829,trim_r2_to_r1,TSAL20250829_0830_interferenceAndInterferenceFree001,36,True,,
TS,2,20250731,20250829,trim_r2_to_r1,TSAL20250829_0830_interferenceAndInterferenceFree001,37,True,,
TS,2,20250731,20250829,trim_r2_to_r1,TSAL20250829_0830_interferenceAndInterferenceFree001,38,True,,
TS,2,20250731,20250829,trim_r2_to_r1,TSAL20250829_0830_interferenceAndInterferenceFree001,40,True,,
TS,2,20250731,20250829,trim_r2_to_r1,TSAL20250829_0830_interferenceAndInterferenceFree001,41,True,,
TS,2,20250731,20250829,trim_r2_to_r1,TSAL20250829_0830_interferenceAndInterferenceFree001,42,True,,
TS,2,20250731,20250829,trim_r2_to_r1,TSAL20250829_0830_interferenceAndInterferenceFree001,43,True,,
TS,2,20250731,20250829,trim_r2_to_r1,TSAL20250829_0830_interferenceAndInterferenceFree001,44,False,6.0,0.9417187379945096
TS,2,20250731,20250829,trim_r2_to_r1,TSAL20250829_0830_interferenceAndInterferenceFree001,45,False,1.0,1.6081293910607353
TS,2,20250731,20250829,trim_r2_to_r1,TSAL20250829_0830_interferenceAndInterferenceFree001,46,False,26.0,0.8750950422720816
TS,2,20250731,20250829,trim_r2_to_r1,TSAL20250829_0830_interferenceAndInterferenceFree001,47,True,,
TS,2,20250731,20250829,trim_r2_to_r1,TSAL20250829_0830_interferenceAndInterferenceFree001,48,True,,
TS,2,20250731,20250829,trim_r2_to_r1,TSAL20250829_0830_interferenceAndInterferenceFree001,49,False,22.0,0.8858964454321321
TS,2,20250731,20250829,trim_r2_to_r1,TSAL20250829_0830_interferenceAndInterferenceFree001,50,True,,
TS,2,20250731,20250829,trim_r2_to_r1,TSAL20250829_0830_interferenceAndInterferenceFree001,51,True,,
TS,2,20250731,20250829,trim_r2_to_r1,TSAL20250829_0830_interferenceAndInterferenceFree001,52,True,,
TS,2,20250731,20250829,trim_r2_to_r1,TSAL20250829_0830_interferenceAndInterferenceFree001,53,True,,
TS,2,20250731,20250829,trim_r2_to_r1,TSAL20250829_0830_interferenceAndInterferenceFree001,54,True,,
TS,2,20250731,20250829,trim_r2_to_r1,TSAL20250829_0830_interferenceAndInterferenceFree001,55,False,9.0,0.9452137609847254
TS,2,20250731,20250829,trim_r2_to_r1,TSAL20250829_0830_interferenceAndInterferenceFree001,56,False,28.0,0.8730140247625211
TS,2,20250731,20250829,trim_r2_to_r1,TSAL20250829_0830_interferenceAndInterferenceFree001,57,False,5.0,0.9657343963635234
TS,2,20250731,20250829,trim_r2_to_r1,TSAL20250829_0830_interferenceAndInterferenceFree001,58,True,,
TS,2,20250731,20250829,trim_r2_to_r1,TSAL20250829_0830_interferenceAndInterferenceFree001,59,True,,
TS,2,20250731,20250829,trim_r2_to_r1,TSAL20250829_0830_interferenceAndInterferenceFree001,60,False,17.0,0.8915452026627136
TS,2,20250731,20250829,trim_r2_to_r1,TSAL20250829_0830_interferenceAndInterferenceFree001,61,True,,
TS,2,20250731,20250829,trim_r2_to_r1,TSAL20250829_0830_interferenceAndInterferenceFree001,62,True,,
TS,2,20250731,20250829,trim_r2_to_r1,TSAL20250829_0830_interferenceAndInterferenceFree001,63,False,13.0,0.9136363067203823
TS,2,20250731,20250829,trim_r2_to_r1,TSAL20250829_0830_interferenceAndInterferenceFree001,64,True,,
TS,2,20250731,20250829,trim_r2_to_r1,TSAL20250829_0830_interferenceAndInterferenceFree001,65,True,,
TS,2,20250731,20250829,trim_r2_to_r1,TSAL20250829_0830_interferenceAndInterferenceFree001,66,True,,
TS,2,20250731,20250829,trim_r2_to_r1,TSAL20250829_0830_interferenceAndInterferenceFree001,67,False,19.0,0.8862489251799076
TS,2,20250731,20250829,trim_r2_to_r1,TSAL20250829_0830_interferenceAndInterferenceFree001,68,True,,
TS,2,20250731,20250829,trim_r2_to_r1,TSAL20250829_0830_interferenceAndInterferenceFree001,69,True,,
TS,2,20250731,20250829,trim_r2_to_r1,TSAL20250829_0830_interferenceAndInterferenceFree001,70,False,15.0,0.9017229387076201
TS,2,20250731,20250829,trim_r2_to_r1,TSAL20250829_0830_interferenceAndInterferenceFree001,71,True,,
TS,2,20250731,20250829,trim_r2_to_r1,TSAL20250829_0830_interferenceAndInterferenceFree001,72,True,,
TS,2,20250731,20250829,trim_r2_to_r1,TSAL20250829_0830_interferenceAndInterferenceFree001,73,False,24.0,0.8754912266653292
TS,2,20250731,20250829,trim_r2_to_r1,TSAL20250829_0830_interferenceAndInterferenceFree001,74,True,,
TS,2,20250731,20250829,trim_r2_to_r1,TSAL20250829_0830_interferenceAndInterferenceFree001,75,False,14.0,0.9044508396777416
TS,2,20250731,20250829,trim_r2_to_r1,TSAL20250829_0830_interferenceAndInterferenceFree001,76,True,,
TS,2,20250731,20250829,trim_r2_to_r1,TSAL20250829_0830_interferenceAndInterferenceFree001,77,False,21.0,0.8871836495582134
TS,2,20250731,20250829,trim_r2_to_r1,TSAL20250829_0830_interferenceAndInterferenceFree001,78,True,,
TS,2,20250731,20250829,trim_r2_to_r1,TSAL20250829_0830_interferenceAndInterferenceFree001,79,False,20.0,0.8904460905040421
TS,2,20250731,20250829,trim_r2_to_r1,TSAL20250829_0830_interferenceAndInterferenceFree001,81,False,10.0,0.9360968690438147
TS,2,20250731,20250829,trim_r2_to_r1,TSAL20250829_0830_interferenceAndInterferenceFree001,83,False,7.0,0.9415211856261998
TS,2,20250731,20250829,trim_r2_to_r1,TSAL20250829_0830_interferenceAndInterferenceFree001,84,False,11.0,0.935071267557698
TS,2,20250731,20250829,trim_r2_to_r1,TSAL20250829_0830_interferenceAndInterferenceFree001,85,False,16.0,0.8995147574430503
TS,2,20250731,20250829,trim_r2_to_r1,TSAL20250829_0830_interferenceAndInterferenceFree001,86,False,8.0,0.9404946843726187
TS,2,20250731,20250829,trim_r2_to_r1,TSAL20250829_0830_interferenceAndInterferenceFree001,88,True,,
TS,2,20250731,20250829,trim_r2_to_r1,TSAL20250829_0830_interferenceAndInterferenceFree001,89,False,25.0,0.8742900919828056
TS,2,20250731,20250829,trim_r2_to_r1,TSAL20250829_0830_interferenceAndInterferenceFree001,90,True,,
TS,2,20250731,20250829,trim_r2_to_r1,TSAL20250829_0830_interferenceAndInterferenceFree001,91,False,2.0,1.3532300801840176
TS,2,20250731,20250829,trim_r2_to_r1,TSAL20250829_0830_interferenceAndInterferenceFree001,92,True,,
TS,2,20250731,20250829,trim_r2_to_r1,TSAL20250829_0830_interferenceAndInterferenceFree001,93,False,18.0,0.8876904636177033
TS,2,20250731,20250829,trim_r2_to_r1,TSAL20250829_0830_interferenceAndInterferenceFree001,94,False,4.0,1.0414702525450104
TS,2,20250731,20250829,trim_r2_to_r1,TSAL20250829_0830_interferenceAndInterferenceFree001,95,False,23.0,0.8813678462245156
TS,2,20250731,20250829,trim_r2_to_r1,TSAL20250829_0830_interferenceAndInterferenceFree001,96,False,12.0,0.92156189100744
TS,2,20250731,20250829,trim_r2_to_r1,TSAL20250829_0830_interferenceAndInterferenceFree001,97,False,3.0,1.1923843486320234
TS,2,20250731,20250829,trim_r2_to_r1,TSAL20250829_0830_interferenceAndInterferenceFree001,98,False,27.0,0.8740150812547309
TS,2,20250731,20250829,trim_r1_to_r2,TSAL20250731_0830_staticAndStaticFree,0,True,,
TS,2,20250731,20250829,trim_r1_to_r2,TSAL20250731_0830_staticAndStaticFree,1,True,,
TS,2,20250731,20250829,trim_r1_to_r2,TSAL20250731_0830_staticAndStaticFree,2,True,,
TS,2,20250731,20250829,trim_r1_to_r2,TSAL20250731_0830_staticAndStaticFree,3,True,,
TS,2,20250731,20250829,trim_r1_to_r2,TSAL20250731_0830_staticAndStaticFree,4,True,,
TS,2,20250731,20250829,trim_r1_to_r2,TSAL20250731_0830_staticAndStaticFree,7,True,,
TS,2,20250731,20250829,trim_r1_to_r2,TSAL20250731_0830_staticAndStaticFree,8,False,3.0,0.49148062085849215
TS,2,20250731,20250829,trim_r1_to_r2,TSAL20250731_0830_staticAndStaticFree,9,True,,
TS,2,20250731,20250829,trim_r1_to_r2,TSAL20250731_0830_staticAndStaticFree,10,True,,
TS,2,20250731,20250829,trim_r1_to_r2,TSAL20250731_0830_staticAndStaticFree,12,True,,
TS,2,20250731,20250829,trim_r1_to_r2,TSAL20250731_0830_staticAndStaticFree,15,True,,
TS,2,20250731,20250829,trim_r1_to_r2,TSAL20250731_0830_staticAndStaticFree,18,True,,
TS,2,20250731,20250829,trim_r1_to_r2,TSAL20250731_0830_staticAndStaticFree,19,True,,
TS,2,20250731,20250829,trim_r1_to_r2,TSAL20250731_0830_staticAndStaticFree,21,True,,
TS,2,20250731,20250829,trim_r1_to_r2,TSAL20250731_0830_staticAndStaticFree,22,False,1.0,0.4741811045316608
TS,2,20250731,20250829,trim_r1_to_r2,TSAL20250731_0830_staticAndStaticFree,24,True,,
TS,2,20250731,20250829,trim_r1_to_r2,TSAL20250731_0830_staticAndStaticFree,25,True,,
TS,2,20250731,20250829,trim_r1_to_r2,TSAL20250731_0830_staticAndStaticFree,27,True,,
TS,2,20250731,20250829,trim_r1_to_r2,TSAL20250731_0830_staticAndStaticFree,28,True,,
TS,2,20250731,20250829,trim_r1_to_r2,TSAL20250731_0830_staticAndStaticFree,29,True,,
TS,2,20250731,20250829,trim_r1_to_r2,TSAL20250731_0830_staticAndStaticFree,32,True,,
TS,2,20250731,20250829,trim_r1_to_r2,TSAL20250731_0830_staticAndStaticFree,33,True,,
TS,2,20250731,20250829,trim_r1_to_r2,TSAL20250731_0830_staticAndStaticFree,34,True,,
TS,2,20250731,20250829,trim_r1_to_r2,TSAL20250731_0830_staticAndStaticFree,36,True,,
TS,2,20250731,20250829,trim_r1_to_r2,TSAL20250731_0830_staticAndStaticFree,37,True,,
TS,2,20250731,20250829,trim_r1_to_r2,TSAL20250731_0830_staticAndStaticFree,38,True,,
TS,2,20250731,20250829,trim_r1_to_r2,TSAL20250731_0830_staticAndStaticFree,41,True,,
TS,2,20250731,20250829,trim_r1_to_r2,TSAL20250731_0830_staticAndStaticFree,42,True,,
TS,2,20250731,20250829,trim_r1_to_r2,TSAL20250731_0830_staticAndStaticFree,43,False,2.0,0.4838314156641828
TS,2,20250731,20250829,trim_r1_to_r2,TSAL20250731_0830_staticAndStaticFree,44,True,,
TS,2,20250731,20250829,trim_r1_to_r2,TSAL20250731_0830_staticAndStaticFree,47,True,,
TS,2,20250731,20250829,trim_r1_to_r2,TSAL20250731_0830_staticAndStaticFree,48,True,,
TS,2,20250731,20250829,trim_r1_to_r2,TSAL20250731_0830_staticAndStaticFree,49,True,,
TS,2,20250731,20250829,trim_r1_to_r2,TSAL20250731_0830_staticAndStaticFree,51,True,,
TS,2,20250731,20250829,trim_r1_to_r2,TSAL20250731_0830_staticAndStaticFree,53,True,,
TS,2,20250731,20250829,trim_r1_to_r2,TSAL20250731_0830_staticAndStaticFree,54,True,,
TS,2,20250731,20250829,trim_r1_to_r2,TSAL20250731_0830_staticAndStaticFree,55,True,,
TS,2,20250731,20250829,trim_r1_to_r2,TSAL20250731_0830_staticAndStaticFree,57,True,,
TS,2,20250731,20250829,trim_r1_to_r2,TSAL20250731_0830_staticAndStaticFree,58,True,,
TS,2,20250731,20250829,trim_r1_to_r2,TSAL20250731_0830_staticAndStaticFree,59,True,,
TS,2,20250731,20250829,trim_r1_to_r2,TSAL20250731_0830_staticAndStaticFree,60,True,,
TS,2,20250731,20250829,trim_r1_to_r2,TSAL20250731_0830_staticAndStaticFree,61,True,,
TS,2,20250731,20250829,trim_r1_to_r2,TSAL20250731_0830_staticAndStaticFree,62,True,,
TS,3,20250731,20250830,trim_r2_to_r1,TSAL20250830_0830_interferenceAndInterferenceFree001,1,True,,
TS,3,20250731,20250830,trim_r2_to_r1,TSAL20250830_0830_interferenceAndInterferenceFree001,2,True,,
TS,3,20250731,20250830,trim_r2_to_r1,TSAL20250830_0830_interferenceAndInterferenceFree001,3,True,,
TS,3,20250731,20250830,trim_r2_to_r1,TSAL20250830_0830_interferenceAndInterferenceFree001,4,True,,
TS,3,20250731,20250830,trim_r2_to_r1,TSAL20250830_0830_interferenceAndInterferenceFree001,5,True,,
TS,3,20250731,20250830,trim_r2_to_r1,TSAL20250830_0830_interferenceAndInterferenceFree001,6,True,,
TS,3,20250731,20250830,trim_r2_to_r1,TSAL20250830_0830_interferenceAndInterferenceFree001,7,True,,
TS,3,20250731,20250830,trim_r2_to_r1,TSAL20250830_0830_interferenceAndInterferenceFree001,8,True,,
TS,3,20250731,20250830,trim_r2_to_r1,TSAL20250830_0830_interferenceAndInterferenceFree001,9,True,,
TS,3,20250731,20250830,trim_r2_to_r1,TSAL20250830_0830_interferenceAndInterferenceFree001,10,True,,
TS,3,20250731,20250830,trim_r2_to_r1,TSAL20250830_0830_interferenceAndInterferenceFree001,12,True,,
TS,3,20250731,20250830,trim_r2_to_r1,TSAL20250830_0830_interferenceAndInterferenceFree001,13,True,,
TS,3,20250731,20250830,trim_r2_to_r1,TSAL20250830_0830_interferenceAndInterferenceFree001,14,True,,
TS,3,20250731,20250830,trim_r2_to_r1,TSAL20250830_0830_interferenceAndInterferenceFree001,15,True,,
TS,3,20250731,20250830,trim_r2_to_r1,TSAL20250830_0830_interferenceAndInterferenceFree001,16,True,,
TS,3,20250731,20250830,trim_r2_to_r1,TSAL20250830_0830_interferenceAndInterferenceFree001,17,False,1.0,1.0492151016052262
TS,3,20250731,20250830,trim_r2_to_r1,TSAL20250830_0830_interferenceAndInterferenceFree001,18,True,,
TS,3,20250731,20250830,trim_r2_to_r1,TSAL20250830_0830_interferenceAndInterferenceFree001,19,True,,
TS,3,20250731,20250830,trim_r2_to_r1,TSAL20250830_0830_interferenceAndInterferenceFree001,20,True,,
TS,3,20250731,20250830,trim_r2_to_r1,TSAL20250830_0830_interferenceAndInterferenceFree001,21,True,,
TS,3,20250731,20250830,trim_r2_to_r1,TSAL20250830_0830_interferenceAndInterferenceFree001,23,True,,
TS,3,20250731,20250830,trim_r2_to_r1,TSAL20250830_0830_interferenceAndInterferenceFree001,24,True,,
TS,3,20250731,20250830,trim_r2_to_r1,TSAL20250830_0830_interferenceAndInterferenceFree001,25,True,,
TS,3,20250731,20250830,trim_r2_to_r1,TSAL20250830_0830_interferenceAndInterferenceFree001,26,True,,
TS,3,20250731,20250830,trim_r2_to_r1,TSAL20250830_0830_interferenceAndInterferenceFree001,27,True,,
TS,3,20250731,20250830,trim_r2_to_r1,TSAL20250830_0830_interferenceAndInterferenceFree001,28,False,2.0,1.0247479159019566
TS,3,20250731,20250830,trim_r2_to_r1,TSAL20250830_0830_interferenceAndInterferenceFree001,29,True,,
TS,3,20250731,20250830,trim_r2_to_r1,TSAL20250830_0830_interferenceAndInterferenceFree001,30,True,,
TS,3,20250731,20250830,trim_r2_to_r1,TSAL20250830_0830_interferenceAndInterferenceFree001,31,True,,
TS,3,20250731,20250830,trim_r2_to_r1,TSAL20250830_0830_interferenceAndInterferenceFree001,32,True,,
TS,3,20250731,20250830,trim_r2_to_r1,TSAL20250830_0830_interferenceAndInterferenceFree001,33,True,,
TS,3,20250731,20250830,trim_r2_to_r1,TSAL20250830_0830_interferenceAndInterferenceFree001,34,True,,
TS,3,20250731,20250830,trim_r2_to_r1,TSAL20250830_0830_interferenceAndInterferenceFree001,35,True,,
TS,3,20250731,20250830,trim_r2_to_r1,TSAL20250830_0830_interferenceAndInterferenceFree001,36,True,,
TS,3,20250731,20250830,trim_r2_to_r1,TSAL20250830_0830_interferenceAndInterferenceFree001,37,True,,
TS,3,20250731,20250830,trim_r2_to_r1,TSAL20250830_0830_interferenceAndInterferenceFree001,38,True,,
TS,3,20250731,20250830,trim_r2_to_r1,TSAL20250830_0830_interferenceAndInterferenceFree001,40,True,,
TS,3,20250731,20250830,trim_r2_to_r1,TSAL20250830_0830_interferenceAndInterferenceFree001,41,True,,
TS,3,20250731,20250830,trim_r2_to_r1,TSAL20250830_0830_interferenceAndInterferenceFree001,42,True,,
TS,3,20250731,20250830,trim_r2_to_r1,TSAL20250830_0830_interferenceAndInterferenceFree001,43,True,,
TS,3,20250731,20250830,trim_r2_to_r1,TSAL20250830_0830_interferenceAndInterferenceFree001,44,True,,
TS,3,20250731,20250830,trim_r2_to_r1,TSAL20250830_0830_interferenceAndInterferenceFree001,45,True,,
TS,3,20250731,20250830,trim_r2_to_r1,TSAL20250830_0830_interferenceAndInterferenceFree001,46,True,,
TS,3,20250731,20250830,trim_r2_to_r1,TSAL20250830_0830_interferenceAndInterferenceFree001,47,True,,
TS,3,20250731,20250830,trim_r2_to_r1,TSAL20250830_0830_interferenceAndInterferenceFree001,48,True,,
TS,3,20250731,20250830,trim_r2_to_r1,TSAL20250830_0830_interferenceAndInterferenceFree001,49,True,,
TS,3,20250731,20250830,trim_r2_to_r1,TSAL20250830_0830_interferenceAndInterferenceFree001,50,True,,
TS,3,20250731,20250830,trim_r2_to_r1,TSAL20250830_0830_interferenceAndInterferenceFree001,52,True,,
TS,3,20250731,20250830,trim_r2_to_r1,TSAL20250830_0830_interferenceAndInterferenceFree001,53,True,,
TS,3,20250731,20250830,trim_r2_to_r1,TSAL20250830_0830_interferenceAndInterferenceFree001,54,True,,
TS,3,20250731,20250830,trim_r2_to_r1,TSAL20250830_0830_interferenceAndInterferenceFree001,55,True,,
TS,3,20250731,20250830,trim_r2_to_r1,TSAL20250830_0830_interferenceAndInterferenceFree001,56,True,,
TS,3,20250731,20250830,trim_r2_to_r1,TSAL20250830_0830_interferenceAndInterferenceFree001,57,True,,
TS,3,20250731,20250830,trim_r2_to_r1,TSAL20250830_0830_interferenceAndInterferenceFree001,58,True,,
TS,3,20250731,20250830,trim_r2_to_r1,TSAL20250830_0830_interferenceAndInterferenceFree001,60,True,,
TS,3,20250731,20250830,trim_r2_to_r1,TSAL20250830_0830_interferenceAndInterferenceFree001,61,True,,
TS,3,20250731,20250830,trim_r2_to_r1,TSAL20250830_0830_interferenceAndInterferenceFree001,62,True,,
TS,3,20250731,20250830,trim_r2_to_r1,TSAL20250830_0830_interferenceAndInterferenceFree001,63,True,,
TS,3,20250731,20250830,trim_r2_to_r1,TSAL20250830_0830_interferenceAndInterferenceFree001,64,True,,
TS,3,20250731,20250830,trim_r2_to_r1,TSAL20250830_0830_interferenceAndInterferenceFree001,65,True,,
TS,3,20250731,20250830,trim_r2_to_r1,TSAL20250830_0830_interferenceAndInterferenceFree001,66,True,,
TS,3,20250731,20250830,trim_r2_to_r1,TSAL20250830_0830_interferenceAndInterferenceFree001,67,True,,
TS,3,20250731,20250830,trim_r2_to_r1,TSAL20250830_0830_interferenceAndInterferenceFree001,68,True,,
TS,3,20250731,20250830,trim_r2_to_r1,TSAL20250830_0830_interferenceAndInterferenceFree001,69,True,,
TS,3,20250731,20250830,trim_r2_to_r1,TSAL20250830_0830_interferenceAndInterferenceFree001,70,True,,
TS,3,20250731,20250830,trim_r2_to_r1,TSAL20250830_0830_interferenceAndInterferenceFree001,71,True,,
TS,3,20250731,20250830,trim_r2_to_r1,TSAL20250830_0830_interferenceAndInterferenceFree001,72,True,,
TS,3,20250731,20250830,trim_r2_to_r1,TSAL20250830_0830_interferenceAndInterferenceFree001,73,True,,
TS,3,20250731,20250830,trim_r2_to_r1,TSAL20250830_0830_interferenceAndInterferenceFree001,74,True,,
TS,3,20250731,20250830,trim_r2_to_r1,TSAL20250830_0830_interferenceAndInterferenceFree001,75,True,,
TS,3,20250731,20250830,trim_r2_to_r1,TSAL20250830_0830_interferenceAndInterferenceFree001,76,True,,
TS,3,20250731,20250830,trim_r2_to_r1,TSAL20250830_0830_interferenceAndInterferenceFree001,77,True,,
TS,3,20250731,20250830,trim_r2_to_r1,TSAL20250830_0830_interferenceAndInterferenceFree001,79,True,,
TS,3,20250731,20250830,trim_r2_to_r1,TSAL20250830_0830_interferenceAndInterferenceFree001,81,True,,
TS,3,20250731,20250830,trim_r2_to_r1,TSAL20250830_0830_interferenceAndInterferenceFree001,82,True,,
TS,3,20250731,20250830,trim_r2_to_r1,TSAL20250830_0830_interferenceAndInterferenceFree001,83,True,,
TS,3,20250731,20250830,trim_r2_to_r1,TSAL20250830_0830_interferenceAndInterferenceFree001,86,True,,
TS,3,20250731,20250830,trim_r2_to_r1,TSAL20250830_0830_interferenceAndInterferenceFree001,87,True,,
TS,3,20250731,20250830,trim_r2_to_r1,TSAL20250830_0830_interferenceAndInterferenceFree001,88,True,,
TS,3,20250731,20250830,trim_r1_to_r2,TSAL20250731_0830_staticAndStaticFree,0,True,,
TS,3,20250731,20250830,trim_r1_to_r2,TSAL20250731_0830_staticAndStaticFree,1,True,,
TS,3,20250731,20250830,trim_r1_to_r2,TSAL20250731_0830_staticAndStaticFree,2,True,,
TS,3,20250731,20250830,trim_r1_to_r2,TSAL20250731_0830_staticAndStaticFree,3,True,,
TS,3,20250731,20250830,trim_r1_to_r2,TSAL20250731_0830_staticAndStaticFree,4,True,,
TS,3,20250731,20250830,trim_r1_to_r2,TSAL20250731_0830_staticAndStaticFree,7,True,,
TS,3,20250731,20250830,trim_r1_to_r2,TSAL20250731_0830_staticAndStaticFree,8,True,,
TS,3,20250731,20250830,trim_r1_to_r2,TSAL20250731_0830_staticAndStaticFree,9,True,,
TS,3,20250731,20250830,trim_r1_to_r2,TSAL20250731_0830_staticAndStaticFree,10,True,,
TS,3,20250731,20250830,trim_r1_to_r2,TSAL20250731_0830_staticAndStaticFree,12,True,,
TS,3,20250731,20250830,trim_r1_to_r2,TSAL20250731_0830_staticAndStaticFree,15,True,,
TS,3,20250731,20250830,trim_r1_to_r2,TSAL20250731_0830_staticAndStaticFree,18,True,,
TS,3,20250731,20250830,trim_r1_to_r2,TSAL20250731_0830_staticAndStaticFree,19,True,,
TS,3,20250731,20250830,trim_r1_to_r2,TSAL20250731_0830_staticAndStaticFree,21,True,,
TS,3,20250731,20250830,trim_r1_to_r2,TSAL20250731_0830_staticAndStaticFree,22,True,,
TS,3,20250731,20250830,trim_r1_to_r2,TSAL20250731_0830_staticAndStaticFree,24,True,,
TS,3,20250731,20250830,trim_r1_to_r2,TSAL20250731_0830_staticAndStaticFree,25,True,,
TS,3,20250731,20250830,trim_r1_to_r2,TSAL20250731_0830_staticAndStaticFree,27,True,,
TS,3,20250731,20250830,trim_r1_to_r2,TSAL20250731_0830_staticAndStaticFree,28,True,,
TS,3,20250731,20250830,trim_r1_to_r2,TSAL20250731_0830_staticAndStaticFree,29,True,,
TS,3,20250731,20250830,trim_r1_to_r2,TSAL20250731_0830_staticAndStaticFree,32,True,,
TS,3,20250731,20250830,trim_r1_to_r2,TSAL20250731_0830_staticAndStaticFree,33,True,,
TS,3,20250731,20250830,trim_r1_to_r2,TSAL20250731_0830_staticAndStaticFree,34,True,,
TS,3,20250731,20250830,trim_r1_to_r2,TSAL20250731_0830_staticAndStaticFree,36,True,,
TS,3,20250731,20250830,trim_r1_to_r2,TSAL20250731_0830_staticAndStaticFree,37,True,,
TS,3,20250731,20250830,trim_r1_to_r2,TSAL20250731_0830_staticAndStaticFree,38,True,,
TS,3,20250731,20250830,trim_r1_to_r2,TSAL20250731_0830_staticAndStaticFree,41,True,,
TS,3,20250731,20250830,trim_r1_to_r2,TSAL20250731_0830_staticAndStaticFree,42,True,,
TS,3,20250731,20250830,trim_r1_to_r2,TSAL20250731_0830_staticAndStaticFree,43,True,,
TS,3,20250731,20250830,trim_r1_to_r2,TSAL20250731_0830_staticAndStaticFree,44,True,,
TS,3,20250731,20250830,trim_r1_to_r2,TSAL20250731_0830_staticAndStaticFree,47,True,,
TS,3,20250731,20250830,trim_r1_to_r2,TSAL20250731_0830_staticAndStaticFree,48,True,,
TS,3,20250731,20250830,trim_r1_to_r2,TSAL20250731_0830_staticAndStaticFree,49,True,,
TS,3,20250731,20250830,trim_r1_to_r2,TSAL20250731_0830_staticAndStaticFree,51,True,,
TS,3,20250731,20250830,trim_r1_to_r2,TSAL20250731_0830_staticAndStaticFree,53,True,,
TS,3,20250731,20250830,trim_r1_to_r2,TSAL20250731_0830_staticAndStaticFree,54,True,,
TS,3,20250731,20250830,trim_r1_to_r2,TSAL20250731_0830_staticAndStaticFree,55,True,,
TS,3,20250731,20250830,trim_r1_to_r2,TSAL20250731_0830_staticAndStaticFree,57,True,,
TS,3,20250731,20250830,trim_r1_to_r2,TSAL20250731_0830_staticAndStaticFree,58,True,,
TS,3,20250731,20250830,trim_r1_to_r2,TSAL20250731_0830_staticAndStaticFree,59,True,,
TS,3,20250731,20250830,trim_r1_to_r2,TSAL20250731_0830_staticAndStaticFree,60,True,,
TS,3,20250731,20250830,trim_r1_to_r2,TSAL20250731_0830_staticAndStaticFree,61,True,,
TS,3,20250731,20250830,trim_r1_to_r2,TSAL20250731_0830_staticAndStaticFree,62,True,,
TS,4,20250801,20250828,trim_r2_to_r1,TSAL20250828_0830_interferenceAndInterferenceFree001,0,False,13.0,0.9328758805711543
TS,4,20250801,20250828,trim_r2_to_r1,TSAL20250828_0830_interferenceAndInterferenceFree001,1,False,27.0,0.8804520818664984
TS,4,20250801,20250828,trim_r2_to_r1,TSAL20250828_0830_interferenceAndInterferenceFree001,2,False,23.0,0.8916672805300823
TS,4,20250801,20250828,trim_r2_to_r1,TSAL20250828_0830_interferenceAndInterferenceFree001,3,False,44.0,0.8262183746977938
TS,4,20250801,20250828,trim_r2_to_r1,TSAL20250828_0830_interferenceAndInterferenceFree001,4,False,47.0,0.8314179151540733
TS,4,20250801,20250828,trim_r2_to_r1,TSAL20250828_0830_interferenceAndInterferenceFree001,5,False,17.0,0.9193654957714394
TS,4,20250801,20250828,trim_r2_to_r1,TSAL20250828_0830_interferenceAndInterferenceFree001,6,False,31.0,0.8727619226993827
TS,4,20250801,20250828,trim_r2_to_r1,TSAL20250828_0830_interferenceAndInterferenceFree001,7,False,28.0,0.879892038343384
TS,4,20250801,20250828,trim_r2_to_r1,TSAL20250828_0830_interferenceAndInterferenceFree001,8,False,22.0,0.8929268714063134
TS,4,20250801,20250828,trim_r2_to_r1,TSAL20250828_0830_interferenceAndInterferenceFree001,9,False,16.0,0.9278487054730683
TS,4,20250801,20250828,trim_r2_to_r1,TSAL20250828_0830_interferenceAndInterferenceFree001,10,False,7.0,0.9687159576304307
TS,4,20250801,20250828,trim_r2_to_r1,TSAL20250828_0830_interferenceAndInterferenceFree001,11,False,8.0,0.9662147508901726
TS,4,20250801,20250828,trim_r2_to_r1,TSAL20250828_0830_interferenceAndInterferenceFree001,12,False,19.0,0.8912185866766044
TS,4,20250801,20250828,trim_r2_to_r1,TSAL20250828_0830_interferenceAndInterferenceFree001,13,False,26.0,0.8820106986332331
TS,4,20250801,20250828,trim_r2_to_r1,TSAL20250828_0830_interferenceAndInterferenceFree001,14,False,21.0,0.8962151769012942
TS,4,20250801,20250828,trim_r2_to_r1,TSAL20250828_0830_interferenceAndInterferenceFree001,15,False,30.0,0.8792597486797697
TS,4,20250801,20250828,trim_r2_to_r1,TSAL20250828_0830_interferenceAndInterferenceFree001,16,False,32.0,0.8780444139241316
TS,4,20250801,20250828,trim_r2_to_r1,TSAL20250828_0830_interferenceAndInterferenceFree001,17,False,34.0,0.8691568513896865
TS,4,20250801,20250828,trim_r2_to_r1,TSAL20250828_0830_interferenceAndInterferenceFree001,18,False,20.0,0.8941206103798168
TS,4,20250801,20250828,trim_r2_to_r1,TSAL20250828_0830_interferenceAndInterferenceFree001,19,False,25.0,0.8853457713729647
TS,4,20250801,20250828,trim_r2_to_r1,TSAL20250828_0830_interferenceAndInterferenceFree001,20,False,46.0,0.823236071524928
TS,4,20250801,20250828,trim_r2_to_r1,TSAL20250828_0830_interferenceAndInterferenceFree001,21,False,33.0,0.8790074500641246
TS,4,20250801,20250828,trim_r2_to_r1,TSAL20250828_0830_interferenceAndInterferenceFree001,22,False,29.0,0.8768629287314258
TS,4,20250801,20250828,trim_r2_to_r1,TSAL20250828_0830_interferenceAndInterferenceFree001,23,False,35.0,0.8639319721548765
TS,4,20250801,20250828,trim_r2_to_r1,TSAL20250828_0830_interferenceAndInterferenceFree001,24,False,54.0,0.7774076297380569
TS,4,20250801,20250828,trim_r2_to_r1,TSAL20250828_0830_interferenceAndInterferenceFree001,25,True,,
TS,4,20250801,20250828,trim_r2_to_r1,TSAL20250828_0830_interferenceAndInterferenceFree001,26,True,,
TS,4,20250801,20250828,trim_r2_to_r1,TSAL20250828_0830_interferenceAndInterferenceFree001,27,False,1.0,1.1038034032743222
TS,4,20250801,20250828,trim_r2_to_r1,TSAL20250828_0830_interferenceAndInterferenceFree001,28,True,,
TS,4,20250801,20250828,trim_r2_to_r1,TSAL20250828_0830_interferenceAndInterferenceFree001,29,True,,
TS,4,20250801,20250828,trim_r2_to_r1,TSAL20250828_0830_interferenceAndInterferenceFree001,30,True,,
TS,4,20250801,20250828,trim_r2_to_r1,TSAL20250828_0830_interferenceAndInterferenceFree001,31,False,55.0,0.7519135769002167
TS,4,20250801,20250828,trim_r2_to_r1,TSAL20250828_0830_interferenceAndInterferenceFree001,32,True,,
TS,4,20250801,20250828,trim_r2_to_r1,TSAL20250828_0830_interferenceAndInterferenceFree001,33,True,,
TS,4,20250801,20250828,trim_r2_to_r1,TSAL20250828_0830_interferenceAndInterferenceFree001,34,True,,
TS,4,20250801,20250828,trim_r2_to_r1,TSAL20250828_0830_interferenceAndInterferenceFree001,35,True,,
TS,4,20250801,20250828,trim_r2_to_r1,TSAL20250828_0830_interferenceAndInterferenceFree001,36,True,,
TS,4,20250801,20250828,trim_r2_to_r1,TSAL20250828_0830_interferenceAndInterferenceFree001,37,False,62.0,0.7099988534114833
TS,4,20250801,20250828,trim_r2_to_r1,TSAL20250828_0830_interferenceAndInterferenceFree001,38,False,53.0,0.8001658372252908
TS,4,20250801,20250828,trim_r2_to_r1,TSAL20250828_0830_interferenceAndInterferenceFree001,42,True,,
TS,4,20250801,20250828,trim_r2_to_r1,TSAL20250828_0830_interferenceAndInterferenceFree001,43,True,,
TS,4,20250801,20250828,trim_r2_to_r1,TSAL20250828_0830_interferenceAndInterferenceFree001,44,True,,
TS,4,20250801,20250828,trim_r2_to_r1,TSAL20250828_0830_interferenceAndInterferenceFree001,45,True,,
TS,4,20250801,20250828,trim_r2_to_r1,TSAL20250828_0830_interferenceAndInterferenceFree001,46,True,,
TS,4,20250801,20250828,trim_r2_to_r1,TSAL20250828_0830_interferenceAndInterferenceFree001,47,True,,
TS,4,20250801,20250828,trim_r2_to_r1,TSAL20250828_0830_interferenceAndInterferenceFree001,48,True,,
TS,4,20250801,20250828,trim_r2_to_r1,TSAL20250828_0830_interferenceAndInterferenceFree001,49,True,,
TS,4,20250801,20250828,trim_r2_to_r1,TSAL20250828_0830_interferenceAndInterferenceFree001,50,False,39.0,0.8451810198104147
TS,4,20250801,20250828,trim_r2_to_r1,TSAL20250828_0830_interferenceAndInterferenceFree001,51,True,,
TS,4,20250801,20250828,trim_r2_to_r1,TSAL20250828_0830_interferenceAndInterferenceFree001,52,True,,
TS,4,20250801,20250828,trim_r2_to_r1,TSAL20250828_0830_interferenceAndInterferenceFree001,53,False,61.0,0.70662282606619
TS,4,20250801,20250828,trim_r2_to_r1,TSAL20250828_0830_interferenceAndInterferenceFree001,54,True,,
TS,4,20250801,20250828,trim_r2_to_r1,TSAL20250828_0830_interferenceAndInterferenceFree001,55,False,57.0,0.730047726021223
TS,4,20250801,20250828,trim_r2_to_r1,TSAL20250828_0830_interferenceAndInterferenceFree001,56,True,,
TS,4,20250801,20250828,trim_r2_to_r1,TSAL20250828_0830_interferenceAndInterferenceFree001,57,False,56.0,0.7383805941377649
TS,4,20250801,20250828,trim_r2_to_r1,TSAL20250828_0830_interferenceAndInterferenceFree001,58,True,,
TS,4,20250801,20250828,trim_r2_to_r1,TSAL20250828_0830_interferenceAndInterferenceFree001,59,False,63.0,0.6967277047292086
TS,4,20250801,20250828,trim_r2_to_r1,TSAL20250828_0830_interferenceAndInterferenceFree001,60,True,,
TS,4,20250801,20250828,trim_r2_to_r1,TSAL20250828_0830_interferenceAndInterferenceFree001,61,True,,
TS,4,20250801,20250828,trim_r2_to_r1,TSAL20250828_0830_interferenceAndInterferenceFree001,62,False,4.0,1.012928335512573
TS,4,20250801,20250828,trim_r2_to_r1,TSAL20250828_0830_interferenceAndInterferenceFree001,63,False,41.0,0.8418997327030424
TS,4,20250801,20250828,trim_r2_to_r1,TSAL20250828_0830_interferenceAndInterferenceFree001,64,False,65.0,0.7007498306383908
TS,4,20250801,20250828,trim_r2_to_r1,TSAL20250828_0830_interferenceAndInterferenceFree001,65,False,3.0,1.0239435849859566
TS,4,20250801,20250828,trim_r2_to_r1,TSAL20250828_0830_interferenceAndInterferenceFree001,66,False,58.0,0.7248945605762349
TS,4,20250801,20250828,trim_r2_to_r1,TSAL20250828_0830_interferenceAndInterferenceFree001,67,False,60.0,0.7199669155386464
TS,4,20250801,20250828,trim_r2_to_r1,TSAL20250828_0830_interferenceAndInterferenceFree001,68,False,59.0,0.7152463858160074
TS,4,20250801,20250828,trim_r2_to_r1,TSAL20250828_0830_interferenceAndInterferenceFree001,69,False,64.0,0.6951904517733196
TS,4,20250801,20250828,trim_r2_to_r1,TSAL20250828_0830_interferenceAndInterferenceFree001,70,False,14.0,0.9276525249902825
TS,4,20250801,20250828,trim_r2_to_r1,TSAL20250828_0830_interferenceAndInterferenceFree001,71,False,37.0,0.857070553871851
TS,4,20250801,20250828,trim_r2_to_r1,TSAL20250828_0830_interferenceAndInterferenceFree001,72,False,43.0,0.8277946323517075
TS,4,20250801,20250828,trim_r2_to_r1,TSAL20250828_0830_interferenceAndInterferenceFree001,73,False,48.0,0.8160980463443158
TS,4,20250801,20250828,trim_r2_to_r1,TSAL20250828_0830_interferenceAndInterferenceFree001,74,False,36.0,0.8566548434093106
TS,4,20250801,20250828,trim_r2_to_r1,TSAL20250828_0830_interferenceAndInterferenceFree001,75,False,38.0,0.8470975903511567
TS,4,20250801,20250828,trim_r2_to_r1,TSAL20250828_0830_interferenceAndInterferenceFree001,76,False,45.0,0.8241259061545556
TS,4,20250801,20250828,trim_r2_to_r1,TSAL20250828_0830_interferenceAndInterferenceFree001,77,False,11.0,0.9595094988865672
TS,4,20250801,20250828,trim_r2_to_r1,TSAL20250828_0830_interferenceAndInterferenceFree001,78,False,2.0,1.070760740418474
TS,4,20250801,20250828,trim_r2_to_r1,TSAL20250828_0830_interferenceAndInterferenceFree001,79,False,5.0,1.0043629107529695
TS,4,20250801,20250828,trim_r2_to_r1,TSAL20250828_0830_interferenceAndInterferenceFree001,80,False,18.0,0.9172170652860027
TS,4,20250801,20250828,trim_r2_to_r1,TSAL20250828_0830_interferenceAndInterferenceFree001,81,False,12.0,0.9499383199619792
TS,4,20250801,20250828,trim_r2_to_r1,TSAL20250828_0830_interferenceAndInterferenceFree001,82,False,9.0,0.965804824603299
TS,4,20250801,20250828,trim_r2_to_r1,TSAL20250828_0830_interferenceAndInterferenceFree001,83,False,50.0,0.8097182799228628
TS,4,20250801,20250828,trim_r2_to_r1,TSAL20250828_0830_interferenceAndInterferenceFree001,84,False,10.0,0.9605375515625395
TS,4,20250801,20250828,trim_r2_to_r1,TSAL20250828_0830_interferenceAndInterferenceFree001,85,False,51.0,0.8015088282338063
TS,4,20250801,20250828,trim_r2_to_r1,TSAL20250828_0830_interferenceAndInterferenceFree001,86,False,6.0,0.9989446709824561
TS,4,20250801,20250828,trim_r2_to_r1,TSAL20250828_0830_interferenceAndInterferenceFree001,87,False,15.0,0.9324138903599839
TS,4,20250801,20250828,trim_r2_to_r1,TSAL20250828_0830_interferenceAndInterferenceFree001,88,False,24.0,0.888355015015328
TS,4,20250801,20250828,trim_r2_to_r1,TSAL20250828_0830_interferenceAndInterferenceFree001,89,False,42.0,0.8262543629413841
TS,4,20250801,20250828,trim_r2_to_r1,TSAL20250828_0830_interferenceAndInterferenceFree001,91,False,40.0,0.8394320765076795
TS,4,20250801,20250828,trim_r2_to_r1,TSAL20250828_0830_interferenceAndInterferenceFree001,92,False,49.0,0.8219456352812506
TS,4,20250801,20250828,trim_r2_to_r1,TSAL20250828_0830_interferenceAndInterferenceFree001,93,False,52.0,0.802242667274677
TS,4,20250801,20250828,trim_r1_to_r2,TSAL20250801_0830_staticAndStaticFree,0,False,66.0,0.5802575961830118
TS,4,20250801,20250828,trim_r1_to_r2,TSAL20250801_0830_staticAndStaticFree,1,True,,
TS,4,20250801,20250828,trim_r1_to_r2,TSAL20250801_0830_staticAndStaticFree,2,False,51.0,0.5227258245972772
TS,4,20250801,20250828,trim_r1_to_r2,TSAL20250801_0830_staticAndStaticFree,3,True,,
TS,4,20250801,20250828,trim_r1_to_r2,TSAL20250801_0830_staticAndStaticFree,4,False,64.0,0.5713055445766441
TS,4,20250801,20250828,trim_r1_to_r2,TSAL20250801_0830_staticAndStaticFree,5,False,42.0,0.49866763898152605
TS,4,20250801,20250828,trim_r1_to_r2,TSAL20250801_0830_staticAndStaticFree,7,False,2.0,0.40315971013323554
TS,4,20250801,20250828,trim_r1_to_r2,TSAL20250801_0830_staticAndStaticFree,8,False,40.0,0.49180552685515055
TS,4,20250801,20250828,trim_r1_to_r2,TSAL20250801_0830_staticAndStaticFree,11,False,44.0,0.5013678330357816
TS,4,20250801,20250828,trim_r1_to_r2,TSAL20250801_0830_staticAndStaticFree,12,False,65.0,0.5738303470894318
TS,4,20250801,20250828,trim_r1_to_r2,TSAL20250801_0830_staticAndStaticFree,13,False,46.0,0.5075168004205459
TS,4,20250801,20250828,trim_r1_to_r2,TSAL20250801_0830_staticAndStaticFree,15,False,27.0,0.4620392808964708
TS,4,20250801,20250828,trim_r1_to_r2,TSAL20250801_0830_staticAndStaticFree,16,True,,
TS,4,20250801,20250828,trim_r1_to_r2,TSAL20250801_0830_staticAndStaticFree,17,False,57.0,0.5432552519153255
TS,4,20250801,20250828,trim_r1_to_r2,TSAL20250801_0830_staticAndStaticFree,18,True,,
TS,4,20250801,20250828,trim_r1_to_r2,TSAL20250801_0830_staticAndStaticFree,19,True,,
TS,4,20250801,20250828,trim_r1_to_r2,TSAL20250801_0830_staticAndStaticFree,20,True,,
TS,4,20250801,20250828,trim_r1_to_r2,TSAL20250801_0830_staticAndStaticFree,21,True,,
TS,4,20250801,20250828,trim_r1_to_r2,TSAL20250801_0830_staticAndStaticFree,23,False,26.0,0.4581136570526842
TS,4,20250801,20250828,trim_r1_to_r2,TSAL20250801_0830_staticAndStaticFree,24,False,6.0,0.4137199272855614
TS,4,20250801,20250828,trim_r1_to_r2,TSAL20250801_0830_staticAndStaticFree,25,False,49.0,0.5180040232998772
TS,4,20250801,20250828,trim_r1_to_r2,TSAL20250801_0830_staticAndStaticFree,26,False,10.0,0.42445704538666085
TS,4,20250801,20250828,trim_r1_to_r2,TSAL20250801_0830_staticAndStaticFree,27,False,20.0,0.4435025488692757
TS,4,20250801,20250828,trim_r1_to_r2,TSAL20250801_0830_staticAndStaticFree,28,False,31.0,0.46949045109009496
TS,4,20250801,20250828,trim_r1_to_r2,TSAL20250801_0830_staticAndStaticFree,29,False,14.0,0.432648731973401
TS,4,20250801,20250828,trim_r1_to_r2,TSAL20250801_0830_staticAndStaticFree,30,False,63.0,0.5653534702153047
TS,4,20250801,20250828,trim_r1_to_r2,TSAL20250801_0830_staticAndStaticFree,31,False,38.0,0.48775897500496956
TS,4,20250801,20250828,trim_r1_to_r2,TSAL20250801_0830_staticAndStaticFree,32,False,19.0,0.44226865609557786
TS,4,20250801,20250828,trim_r1_to_r2,TSAL20250801_0830_staticAndStaticFree,33,False,52.0,0.5257273776980169
TS,4,20250801,20250828,trim_r1_to_r2,TSAL20250801_0830_staticAndStaticFree,34,False,7.0,0.4146797811823995
TS,4,20250801,20250828,trim_r1_to_r2,TSAL20250801_0830_staticAndStaticFree,35,False,45.0,0.5054874794800434
TS,4,20250801,20250828,trim_r1_to_r2,TSAL20250801_0830_staticAndStaticFree,36,False,55.0,0.5338547312880471
TS,4,20250801,20250828,trim_r1_to_r2,TSAL20250801_0830_staticAndStaticFree,37,False,29.0,0.4673394940770634
TS,4,20250801,20250828,trim_r1_to_r2,TSAL20250801_0830_staticAndStaticFree,38,False,12.0,0.42812924309813133
TS,4,20250801,20250828,trim_r1_to_r2,TSAL20250801_0830_staticAndStaticFree,39,False,60.0,0.5494682139773372
TS,4,20250801,20250828,trim_r1_to_r2,TSAL20250801_0830_staticAndStaticFree,41,True,,
TS,4,20250801,20250828,trim_r1_to_r2,TSAL20250801_0830_staticAndStaticFree,42,False,39.0,0.48914517717286754
TS,4,20250801,20250828,trim_r1_to_r2,TSAL20250801_0830_staticAndStaticFree,43,True,,
TS,4,20250801,20250828,trim_r1_to_r2,TSAL20250801_0830_staticAndStaticFree,44,False,69.0,0.597160630679528
TS,4,20250801,20250828,trim_r1_to_r2,TSAL20250801_0830_staticAndStaticFree,45,True,,
TS,4,20250801,20250828,trim_r1_to_r2,TSAL20250801_0830_staticAndStaticFree,46,True,,
TS,4,20250801,20250828,trim_r1_to_r2,TSAL20250801_0830_staticAndStaticFree,47,False,56.0,0.5374813166341254
TS,4,20250801,20250828,trim_r1_to_r2,TSAL20250801_0830_staticAndStaticFree,48,False,41.0,0.4968580314673223
TS,4,20250801,20250828,trim_r1_to_r2,TSAL20250801_0830_staticAndStaticFree,49,True,,
TS,4,20250801,20250828,trim_r1_to_r2,TSAL20250801_0830_staticAndStaticFree,51,False,34.0,0.4766674525989875
TS,4,20250801,20250828,trim_r1_to_r2,TSAL20250801_0830_staticAndStaticFree,52,False,62.0,0.5618464634028103
TS,4,20250801,20250828,trim_r1_to_r2,TSAL20250801_0830_staticAndStaticFree,53,False,67.0,0.5859394564519572
TS,4,20250801,20250828,trim_r1_to_r2,TSAL20250801_0830_staticAndStaticFree,54,True,,
TS,4,20250801,20250828,trim_r1_to_r2,TSAL20250801_0830_staticAndStaticFree,55,True,,
TS,4,20250801,20250828,trim_r1_to_r2,TSAL20250801_0830_staticAndStaticFree,56,True,,
TS,4,20250801,20250828,trim_r1_to_r2,TSAL20250801_0830_staticAndStaticFree,57,False,11.0,0.4261152086325425
TS,4,20250801,20250828,trim_r1_to_r2,TSAL20250801_0830_staticAndStaticFree,58,False,5.0,0.41264130796717446
TS,4,20250801,20250828,trim_r1_to_r2,TSAL20250801_0830_staticAndStaticFree,60,False,47.0,0.5078752673319552
TS,4,20250801,20250828,trim_r1_to_r2,TSAL20250801_0830_staticAndStaticFree,62,False,61.0,0.5543566913334819
TS,4,20250801,20250828,trim_r1_to_r2,TSAL20250801_0830_staticAndStaticFree,64,False,16.0,0.43658283632506206
TS,4,20250801,20250828,trim_r1_to_r2,TSAL20250801_0830_staticAndStaticFree,65,False,23.0,0.45084548912353595
TS,4,20250801,20250828,trim_r1_to_r2,TSAL20250801_0830_staticAndStaticFree,66,False,59.0,0.5483451591008839
TS,4,20250801,20250828,trim_r1_to_r2,TSAL20250801_0830_staticAndStaticFree,67,True,,
TS,4,20250801,20250828,trim_r1_to_r2,TSAL20250801_0830_staticAndStaticFree,68,False,58.0,0.5445893840253545
TS,4,20250801,20250828,trim_r1_to_r2,TSAL20250801_0830_staticAndStaticFree,69,False,48.0,0.5096707863384414
TS,4,20250801,20250828,trim_r1_to_r2,TSAL20250801_0830_staticAndStaticFree,70,False,43.0,0.5003684320726737
TS,4,20250801,20250828,trim_r1_to_r2,TSAL20250801_0830_staticAndStaticFree,71,False,18.0,0.44061041499041703
TS,4,20250801,20250828,trim_r1_to_r2,TSAL20250801_0830_staticAndStaticFree,72,False,50.0,0.5202468915258308
TS,4,20250801,20250828,trim_r1_to_r2,TSAL20250801_0830_staticAndStaticFree,73,False,4.0,0.4112200553264545
TS,4,20250801,20250828,trim_r1_to_r2,TSAL20250801_0830_staticAndStaticFree,74,False,35.0,0.47711407999542105
TS,4,20250801,20250828,trim_r1_to_r2,TSAL20250801_0830_staticAndStaticFree,75,False,53.0,0.5287639645432355
TS,4,20250801,20250828,trim_r1_to_r2,TSAL20250801_0830_staticAndStaticFree,76,False,37.0,0.4836864715038441
TS,4,20250801,20250828,trim_r1_to_r2,TSAL20250801_0830_staticAndStaticFree,77,False,15.0,0.433953328727168
TS,4,20250801,20250828,trim_r1_to_r2,TSAL20250801_0830_staticAndStaticFree,78,False,32.0,0.47216175637313873
TS,4,20250801,20250828,trim_r1_to_r2,TSAL20250801_0830_staticAndStaticFree,80,False,68.0,0.5937614990262966
TS,4,20250801,20250828,trim_r1_to_r2,TSAL20250801_0830_staticAndStaticFree,81,False,24.0,0.45204135308817345
TS,4,20250801,20250828,trim_r1_to_r2,TSAL20250801_0830_staticAndStaticFree,82,False,13.0,0.4312982586268031
TS,4,20250801,20250828,trim_r1_to_r2,TSAL20250801_0830_staticAndStaticFree,83,False,30.0,0.46870998629052113
TS,4,20250801,20250828,trim_r1_to_r2,TSAL20250801_0830_staticAndStaticFree,84,False,3.0,0.41021742635507635
TS,4,20250801,20250828,trim_r1_to_r2,TSAL20250801_0830_staticAndStaticFree,85,True,,
TS,4,20250801,20250828,trim_r1_to_r2,TSAL20250801_0830_staticAndStaticFree,86,False,54.0,0.5329007283214413
TS,4,20250801,20250828,trim_r1_to_r2,TSAL20250801_0830_staticAndStaticFree,87,True,,
TS,4,20250801,20250828,trim_r1_to_r2,TSAL20250801_0830_staticAndStaticFree,89,False,8.0,0.42162337061495536
TS,4,20250801,20250828,trim_r1_to_r2,TSAL20250801_0830_staticAndStaticFree,90,False,1.0,0.39511786552009753
TS,4,20250801,20250828,trim_r1_to_r2,TSAL20250801_0830_staticAndStaticFree,91,False,9.0,0.42332767116424413
TS,4,20250801,20250828,trim_r1_to_r2,TSAL20250801_0830_staticAndStaticFree,92,False,33.0,0.47333100041521337
TS,4,20250801,20250828,trim_r1_to_r2,TSAL20250801_0830_staticAndStaticFree,93,True,,
TS,4,20250801,20250828,trim_r1_to_r2,TSAL20250801_0830_staticAndStaticFree,95,False,25.0,0.45412977018495265
TS,4,20250801,20250828,trim_r1_to_r2,TSAL20250801_0830_staticAndStaticFree,96,False,22.0,0.4484227792104914
TS,4,20250801,20250828,trim_r1_to_r2,TSAL20250801_0830_staticAndStaticFree,97,True,,
TS,4,20250801,20250828,trim_r1_to_r2,TSAL20250801_0830_staticAndStaticFree,98,True,,
TS,4,20250801,20250828,trim_r1_to_r2,TSAL20250801_0830_staticAndStaticFree,99,False,17.0,0.43879201315914484
TS,4,20250801,20250828,trim_r1_to_r2,TSAL20250801_0830_staticAndStaticFree,100,False,36.0,0.4790851806796789
TS,4,20250801,20250828,trim_r1_to_r2,TSAL20250801_0830_staticAndStaticFree,101,False,28.0,0.4627735382924701
TS,4,20250801,20250828,trim_r1_to_r2,TSAL20250801_0830_staticAndStaticFree,102,False,21.0,0.44617376801667064
TS,4,20250801,20250828,trim_r1_to_r2,TSAL20250801_0830_staticAndStaticFree,103,True,,
TS,5,20250801,20250829,trim_r2_to_r1,TSAL20250829_0830_interferenceAndInterferenceFree001,0,False,57.0,0.6967987579416959
TS,5,20250801,20250829,trim_r2_to_r1,TSAL20250829_0830_interferenceAndInterferenceFree001,1,True,,
TS,5,20250801,20250829,trim_r2_to_r1,TSAL20250829_0830_interferenceAndInterferenceFree001,2,False,63.0,0.6481983922921752
TS,5,20250801,20250829,trim_r2_to_r1,TSAL20250829_0830_interferenceAndInterferenceFree001,3,True,,
TS,5,20250801,20250829,trim_r2_to_r1,TSAL20250829_0830_interferenceAndInterferenceFree001,4,True,,
TS,5,20250801,20250829,trim_r2_to_r1,TSAL20250829_0830_interferenceAndInterferenceFree001,5,False,56.0,0.701188858987457
TS,5,20250801,20250829,trim_r2_to_r1,TSAL20250829_0830_interferenceAndInterferenceFree001,6,True,,
TS,5,20250801,20250829,trim_r2_to_r1,TSAL20250829_0830_interferenceAndInterferenceFree001,7,True,,
TS,5,20250801,20250829,trim_r2_to_r1,TSAL20250829_0830_interferenceAndInterferenceFree001,8,False,58.0,0.6843083514114245
TS,5,20250801,20250829,trim_r2_to_r1,TSAL20250829_0830_interferenceAndInterferenceFree001,9,False,59.0,0.6889475303943204
TS,5,20250801,20250829,trim_r2_to_r1,TSAL20250829_0830_interferenceAndInterferenceFree001,10,True,,
TS,5,20250801,20250829,trim_r2_to_r1,TSAL20250829_0830_interferenceAndInterferenceFree001,11,True,,
TS,5,20250801,20250829,trim_r2_to_r1,TSAL20250829_0830_interferenceAndInterferenceFree001,12,True,,
TS,5,20250801,20250829,trim_r2_to_r1,TSAL20250829_0830_interferenceAndInterferenceFree001,13,True,,
TS,5,20250801,20250829,trim_r2_to_r1,TSAL20250829_0830_interferenceAndInterferenceFree001,14,False,61.0,0.6612827753015285
TS,5,20250801,20250829,trim_r2_to_r1,TSAL20250829_0830_interferenceAndInterferenceFree001,15,True,,
TS,5,20250801,20250829,trim_r2_to_r1,TSAL20250829_0830_interferenceAndInterferenceFree001,16,True,,
TS,5,20250801,20250829,trim_r2_to_r1,TSAL20250829_0830_interferenceAndInterferenceFree001,17,True,,
TS,5,20250801,20250829,trim_r2_to_r1,TSAL20250829_0830_interferenceAndInterferenceFree001,18,True,,
TS,5,20250801,20250829,trim_r2_to_r1,TSAL20250829_0830_interferenceAndInterferenceFree001,19,True,,
TS,5,20250801,20250829,trim_r2_to_r1,TSAL20250829_0830_interferenceAndInterferenceFree001,20,True,,
TS,5,20250801,20250829,trim_r2_to_r1,TSAL20250829_0830_interferenceAndInterferenceFree001,21,True,,
TS,5,20250801,20250829,trim_r2_to_r1,TSAL20250829_0830_interferenceAndInterferenceFree001,22,False,62.0,0.6545386420335978
TS,5,20250801,20250829,trim_r2_to_r1,TSAL20250829_0830_interferenceAndInterferenceFree001,23,False,60.0,0.6690593868718206
TS,5,20250801,20250829,trim_r2_to_r1,TSAL20250829_0830_interferenceAndInterferenceFree001,24,True,,
TS,5,20250801,20250829,trim_r2_to_r1,TSAL20250829_0830_interferenceAndInterferenceFree001,25,True,,
TS,5,20250801,20250829,trim_r2_to_r1,TSAL20250829_0830_interferenceAndInterferenceFree001,26,True,,
TS,5,20250801,20250829,trim_r2_to_r1,TSAL20250829_0830_interferenceAndInterferenceFree001,27,True,,
TS,5,20250801,20250829,trim_r2_to_r1,TSAL20250829_0830_interferenceAndInterferenceFree001,28,True,,
TS,5,20250801,20250829,trim_r2_to_r1,TSAL20250829_0830_interferenceAndInterferenceFree001,29,True,,
TS,5,20250801,20250829,trim_r2_to_r1,TSAL20250829_0830_interferenceAndInterferenceFree001,30,True,,
TS,5,20250801,20250829,trim_r2_to_r1,TSAL20250829_0830_interferenceAndInterferenceFree001,31,True,,
TS,5,20250801,20250829,trim_r2_to_r1,TSAL20250829_0830_interferenceAndInterferenceFree001,32,True,,
TS,5,20250801,20250829,trim_r2_to_r1,TSAL20250829_0830_interferenceAndInterferenceFree001,33,True,,
TS,5,20250801,20250829,trim_r2_to_r1,TSAL20250829_0830_interferenceAndInterferenceFree001,34,True,,
TS,5,20250801,20250829,trim_r2_to_r1,TSAL20250829_0830_interferenceAndInterferenceFree001,35,True,,
TS,5,20250801,20250829,trim_r2_to_r1,TSAL20250829_0830_interferenceAndInterferenceFree001,36,True,,
TS,5,20250801,20250829,trim_r2_to_r1,TSAL20250829_0830_interferenceAndInterferenceFree001,37,True,,
TS,5,20250801,20250829,trim_r2_to_r1,TSAL20250829_0830_interferenceAndInterferenceFree001,38,False,54.0,0.7244724388079428
TS,5,20250801,20250829,trim_r2_to_r1,TSAL20250829_0830_interferenceAndInterferenceFree001,40,False,55.0,0.7110281073495075
TS,5,20250801,20250829,trim_r2_to_r1,TSAL20250829_0830_interferenceAndInterferenceFree001,41,True,,
TS,5,20250801,20250829,trim_r2_to_r1,TSAL20250829_0830_interferenceAndInterferenceFree001,42,True,,
TS,5,20250801,20250829,trim_r2_to_r1,TSAL20250829_0830_interferenceAndInterferenceFree001,43,False,30.0,0.8739512453184205
TS,5,20250801,20250829,trim_r2_to_r1,TSAL20250829_0830_interferenceAndInterferenceFree001,44,False,6.0,0.9417187379945096
TS,5,20250801,20250829,trim_r2_to_r1,TSAL20250829_0830_interferenceAndInterferenceFree001,45,False,1.0,1.6081293910607353
TS,5,20250801,20250829,trim_r2_to_r1,TSAL20250829_0830_interferenceAndInterferenceFree001,46,False,26.0,0.8750950422720816
TS,5,20250801,20250829,trim_r2_to_r1,TSAL20250829_0830_interferenceAndInterferenceFree001,47,False,40.0,0.8329614629844031
TS,5,20250801,20250829,trim_r2_to_r1,TSAL20250829_0830_interferenceAndInterferenceFree001,48,False,53.0,0.7635786855396322
TS,5,20250801,20250829,trim_r2_to_r1,TSAL20250829_0830_interferenceAndInterferenceFree001,49,False,22.0,0.8858964454321321
TS,5,20250801,20250829,trim_r2_to_r1,TSAL20250829_0830_interferenceAndInterferenceFree001,50,False,35.0,0.8563575120399414
TS,5,20250801,20250829,trim_r2_to_r1,TSAL20250829_0830_interferenceAndInterferenceFree001,51,False,42.0,0.8177713608613284
TS,5,20250801,20250829,trim_r2_to_r1,TSAL20250829_0830_interferenceAndInterferenceFree001,52,False,36.0,0.8499159852148478
TS,5,20250801,20250829,trim_r2_to_r1,TSAL20250829_0830_interferenceAndInterferenceFree001,53,False,50.0,0.7970079646043425
TS,5,20250801,20250829,trim_r2_to_r1,TSAL20250829_0830_interferenceAndInterferenceFree001,54,False,34.0,0.8554284981787099
TS,5,20250801,20250829,trim_r2_to_r1,TSAL20250829_0830_interferenceAndInterferenceFree001,55,False,9.0,0.9452137609847254
TS,5,20250801,20250829,trim_r2_to_r1,TSAL20250829_0830_interferenceAndInterferenceFree001,56,False,28.0,0.8730140247625211
TS,5,20250801,20250829,trim_r2_to_r1,TSAL20250829_0830_interferenceAndInterferenceFree001,57,False,5.0,0.9657343963635234
TS,5,20250801,20250829,trim_r2_to_r1,TSAL20250829_0830_interferenceAndInterferenceFree001,58,False,44.0,0.8040108381131732
TS,5,20250801,20250829,trim_r2_to_r1,TSAL20250829_0830_interferenceAndInterferenceFree001,59,False,52.0,0.7718652749515069
TS,5,20250801,20250829,trim_r2_to_r1,TSAL20250829_0830_interferenceAndInterferenceFree001,60,False,17.0,0.8915452026627136
TS,5,20250801,20250829,trim_r2_to_r1,TSAL20250829_0830_interferenceAndInterferenceFree001,61,False,33.0,0.8552177694643736
TS,5,20250801,20250829,trim_r2_to_r1,TSAL20250829_0830_interferenceAndInterferenceFree001,62,False,51.0,0.7869882383546202
TS,5,20250801,20250829,trim_r2_to_r1,TSAL20250829_0830_interferenceAndInterferenceFree001,63,False,13.0,0.9136363067203823
TS,5,20250801,20250829,trim_r2_to_r1,TSAL20250829_0830_interferenceAndInterferenceFree001,64,False,48.0,0.7965724237121689
TS,5,20250801,20250829,trim_r2_to_r1,TSAL20250829_0830_interferenceAndInterferenceFree001,65,False,49.0,0.8003853107065153
TS,5,20250801,20250829,trim_r2_to_r1,TSAL20250829_0830_interferenceAndInterferenceFree001,66,False,46.0,0.8117737797046728
TS,5,20250801,20250829,trim_r2_to_r1,TSAL20250829_0830_interferenceAndInterferenceFree001,67,False,19.0,0.8862489251799076
TS,5,20250801,20250829,trim_r2_to_r1,TSAL20250829_0830_interferenceAndInterferenceFree001,68,False,38.0,0.8572681651232118
TS,5,20250801,20250829,trim_r2_to_r1,TSAL20250829_0830_interferenceAndInterferenceFree001,69,False,39.0,0.8503536597338835
TS,5,20250801,20250829,trim_r2_to_r1,TSAL20250829_0830_interferenceAndInterferenceFree001,70,False,15.0,0.9017229387076201
TS,5,20250801,20250829,trim_r2_to_r1,TSAL20250829_0830_interferenceAndInterferenceFree001,71,False,37.0,0.8551890079850426
TS,5,20250801,20250829,trim_r2_to_r1,TSAL20250829_0830_interferenceAndInterferenceFree001,72,False,43.0,0.8151594601529918
TS,5,20250801,20250829,trim_r2_to_r1,TSAL20250829_0830_interferenceAndInterferenceFree001,73,False,24.0,0.8754912266653292
TS,5,20250801,20250829,trim_r2_to_r1,TSAL20250829_0830_interferenceAndInterferenceFree001,74,False,47.0,0.8174800094287944
TS,5,20250801,20250829,trim_r2_to_r1,TSAL20250829_0830_interferenceAndInterferenceFree001,75,False,14.0,0.9044508396777416
TS,5,20250801,20250829,trim_r2_to_r1,TSAL20250829_0830_interferenceAndInterferenceFree001,76,False,31.0,0.862626523394946
TS,5,20250801,20250829,trim_r2_to_r1,TSAL20250829_0830_interferenceAndInterferenceFree001,77,False,21.0,0.8871836495582134
TS,5,20250801,20250829,trim_r2_to_r1,TSAL20250829_0830_interferenceAndInterferenceFree001,78,False,32.0,0.8534553959287179
TS,5,20250801,20250829,trim_r2_to_r1,TSAL20250829_0830_interferenceAndInterferenceFree001,79,False,20.0,0.8904460905040421
TS,5,20250801,20250829,trim_r2_to_r1,TSAL20250829_0830_interferenceAndInterferenceFree001,81,False,10.0,0.9360968690438147
TS,5,20250801,20250829,trim_r2_to_r1,TSAL20250829_0830_interferenceAndInterferenceFree001,83,False,7.0,0.9415211856261998
TS,5,20250801,20250829,trim_r2_to_r1,TSAL20250829_0830_interferenceAndInterferenceFree001,84,False,11.0,0.935071267557698
TS,5,20250801,20250829,trim_r2_to_r1,TSAL20250829_0830_interferenceAndInterferenceFree001,85,False,16.0,0.8995147574430503
TS,5,20250801,20250829,trim_r2_to_r1,TSAL20250829_0830_interferenceAndInterferenceFree001,86,False,8.0,0.9404946843726187
TS,5,20250801,20250829,trim_r2_to_r1,TSAL20250829_0830_interferenceAndInterferenceFree001,88,False,29.0,0.8730832511074187
TS,5,20250801,20250829,trim_r2_to_r1,TSAL20250829_0830_interferenceAndInterferenceFree001,89,False,25.0,0.8742900919828056
TS,5,20250801,20250829,trim_r2_to_r1,TSAL20250829_0830_interferenceAndInterferenceFree001,90,False,41.0,0.834126704396119
TS,5,20250801,20250829,trim_r2_to_r1,TSAL20250829_0830_interferenceAndInterferenceFree001,91,False,2.0,1.3532300801840176
TS,5,20250801,20250829,trim_r2_to_r1,TSAL20250829_0830_interferenceAndInterferenceFree001,92,False,45.0,0.8069684020340148
TS,5,20250801,20250829,trim_r2_to_r1,TSAL20250829_0830_interferenceAndInterferenceFree001,93,False,18.0,0.8876904636177033
TS,5,20250801,20250829,trim_r2_to_r1,TSAL20250829_0830_interferenceAndInterferenceFree001,94,False,4.0,1.0414702525450104
TS,5,20250801,20250829,trim_r2_to_r1,TSAL20250829_0830_interferenceAndInterferenceFree001,95,False,23.0,0.8813678462245156
TS,5,20250801,20250829,trim_r2_to_r1,TSAL20250829_0830_interferenceAndInterferenceFree001,96,False,12.0,0.92156189100744
TS,5,20250801,20250829,trim_r2_to_r1,TSAL20250829_0830_interferenceAndInterferenceFree001,97,False,3.0,1.1923843486320234
TS,5,20250801,20250829,trim_r2_to_r1,TSAL20250829_0830_interferenceAndInterferenceFree001,98,False,27.0,0.8740150812547309
TS,5,20250801,20250829,trim_r1_to_r2,TSAL20250801_0830_staticAndStaticFree,0,True,,
TS,5,20250801,20250829,trim_r1_to_r2,TSAL20250801_0830_staticAndStaticFree,1,True,,
TS,5,20250801,20250829,trim_r1_to_r2,TSAL20250801_0830_staticAndStaticFree,2,False,51.0,0.5227258245972772
TS,5,20250801,20250829,trim_r1_to_r2,TSAL20250801_0830_staticAndStaticFree,3,True,,
TS,5,20250801,20250829,trim_r1_to_r2,TSAL20250801_0830_staticAndStaticFree,4,True,,
TS,5,20250801,20250829,trim_r1_to_r2,TSAL20250801_0830_staticAndStaticFree,5,False,42.0,0.49866763898152605
TS,5,20250801,20250829,trim_r1_to_r2,TSAL20250801_0830_staticAndStaticFree,7,False,2.0,0.40315971013323554
TS,5,20250801,20250829,trim_r1_to_r2,TSAL20250801_0830_staticAndStaticFree,8,False,40.0,0.49180552685515055
TS,5,20250801,20250829,trim_r1_to_r2,TSAL20250801_0830_staticAndStaticFree,11,False,44.0,0.5013678330357816
TS,5,20250801,20250829,trim_r1_to_r2,TSAL20250801_0830_staticAndStaticFree,12,True,,
TS,5,20250801,20250829,trim_r1_to_r2,TSAL20250801_0830_staticAndStaticFree,13,False,46.0,0.5075168004205459
TS,5,20250801,20250829,trim_r1_to_r2,TSAL20250801_0830_staticAndStaticFree,15,False,27.0,0.4620392808964708
TS,5,20250801,20250829,trim_r1_to_r2,TSAL20250801_0830_staticAndStaticFree,16,True,,
TS,5,20250801,20250829,trim_r1_to_r2,TSAL20250801_0830_staticAndStaticFree,17,True,,
TS,5,20250801,20250829,trim_r1_to_r2,TSAL20250801_0830_staticAndStaticFree,18,True,,
TS,5,20250801,20250829,trim_r1_to_r2,TSAL20250801_0830_staticAndStaticFree,19,True,,
TS,5,20250801,20250829,trim_r1_to_r2,TSAL20250801_0830_staticAndStaticFree,20,True,,
TS,5,20250801,20250829,trim_r1_to_r2,TSAL20250801_0830_staticAndStaticFree,21,True,,
TS,5,20250801,20250829,trim_r1_to_r2,TSAL20250801_0830_staticAndStaticFree,23,False,26.0,0.4581136570526842
TS,5,20250801,20250829,trim_r1_to_r2,TSAL20250801_0830_staticAndStaticFree,24,False,6.0,0.4137199272855614
TS,5,20250801,20250829,trim_r1_to_r2,TSAL20250801_0830_staticAndStaticFree,25,False,49.0,0.5180040232998772
TS,5,20250801,20250829,trim_r1_to_r2,TSAL20250801_0830_staticAndStaticFree,26,False,10.0,0.42445704538666085
TS,5,20250801,20250829,trim_r1_to_r2,TSAL20250801_0830_staticAndStaticFree,27,False,20.0,0.4435025488692757
TS,5,20250801,20250829,trim_r1_to_r2,TSAL20250801_0830_staticAndStaticFree,28,False,31.0,0.46949045109009496
TS,5,20250801,20250829,trim_r1_to_r2,TSAL20250801_0830_staticAndStaticFree,29,False,14.0,0.432648731973401
TS,5,20250801,20250829,trim_r1_to_r2,TSAL20250801_0830_staticAndStaticFree,30,True,,
TS,5,20250801,20250829,trim_r1_to_r2,TSAL20250801_0830_staticAndStaticFree,31,False,38.0,0.48775897500496956
TS,5,20250801,20250829,trim_r1_to_r2,TSAL20250801_0830_staticAndStaticFree,32,False,19.0,0.44226865609557786
TS,5,20250801,20250829,trim_r1_to_r2,TSAL20250801_0830_staticAndStaticFree,33,False,52.0,0.5257273776980169
TS,5,20250801,20250829,trim_r1_to_r2,TSAL20250801_0830_staticAndStaticFree,34,False,7.0,0.4146797811823995
TS,5,20250801,20250829,trim_r1_to_r2,TSAL20250801_0830_staticAndStaticFree,35,False,45.0,0.5054874794800434
TS,5,20250801,20250829,trim_r1_to_r2,TSAL20250801_0830_staticAndStaticFree,36,False,55.0,0.5338547312880471
TS,5,20250801,20250829,trim_r1_to_r2,TSAL20250801_0830_staticAndStaticFree,37,False,29.0,0.4673394940770634
TS,5,20250801,20250829,trim_r1_to_r2,TSAL20250801_0830_staticAndStaticFree,38,False,12.0,0.42812924309813133
TS,5,20250801,20250829,trim_r1_to_r2,TSAL20250801_0830_staticAndStaticFree,39,True,,
TS,5,20250801,20250829,trim_r1_to_r2,TSAL20250801_0830_staticAndStaticFree,41,True,,
TS,5,20250801,20250829,trim_r1_to_r2,TSAL20250801_0830_staticAndStaticFree,42,False,39.0,0.48914517717286754
TS,5,20250801,20250829,trim_r1_to_r2,TSAL20250801_0830_staticAndStaticFree,43,True,,
TS,5,20250801,20250829,trim_r1_to_r2,TSAL20250801_0830_staticAndStaticFree,44,True,,
TS,5,20250801,20250829,trim_r1_to_r2,TSAL20250801_0830_staticAndStaticFree,45,True,,
TS,5,20250801,20250829,trim_r1_to_r2,TSAL20250801_0830_staticAndStaticFree,46,True,,
TS,5,20250801,20250829,trim_r1_to_r2,TSAL20250801_0830_staticAndStaticFree,47,True,,
TS,5,20250801,20250829,trim_r1_to_r2,TSAL20250801_0830_staticAndStaticFree,48,False,41.0,0.4968580314673223
TS,5,20250801,20250829,trim_r1_to_r2,TSAL20250801_0830_staticAndStaticFree,49,True,,
TS,5,20250801,20250829,trim_r1_to_r2,TSAL20250801_0830_staticAndStaticFree,51,False,34.0,0.4766674525989875
TS,5,20250801,20250829,trim_r1_to_r2,TSAL20250801_0830_staticAndStaticFree,52,True,,
TS,5,20250801,20250829,trim_r1_to_r2,TSAL20250801_0830_staticAndStaticFree,53,True,,
TS,5,20250801,20250829,trim_r1_to_r2,TSAL20250801_0830_staticAndStaticFree,54,True,,
TS,5,20250801,20250829,trim_r1_to_r2,TSAL20250801_0830_staticAndStaticFree,55,True,,
TS,5,20250801,20250829,trim_r1_to_r2,TSAL20250801_0830_staticAndStaticFree,56,True,,
TS,5,20250801,20250829,trim_r1_to_r2,TSAL20250801_0830_staticAndStaticFree,57,False,11.0,0.4261152086325425
TS,5,20250801,20250829,trim_r1_to_r2,TSAL20250801_0830_staticAndStaticFree,58,False,5.0,0.41264130796717446
TS,5,20250801,20250829,trim_r1_to_r2,TSAL20250801_0830_staticAndStaticFree,60,False,47.0,0.5078752673319552
TS,5,20250801,20250829,trim_r1_to_r2,TSAL20250801_0830_staticAndStaticFree,62,True,,
TS,5,20250801,20250829,trim_r1_to_r2,TSAL20250801_0830_staticAndStaticFree,64,False,16.0,0.43658283632506206
TS,5,20250801,20250829,trim_r1_to_r2,TSAL20250801_0830_staticAndStaticFree,65,False,23.0,0.45084548912353595
TS,5,20250801,20250829,trim_r1_to_r2,TSAL20250801_0830_staticAndStaticFree,66,True,,
TS,5,20250801,20250829,trim_r1_to_r2,TSAL20250801_0830_staticAndStaticFree,67,True,,
TS,5,20250801,20250829,trim_r1_to_r2,TSAL20250801_0830_staticAndStaticFree,68,True,,
TS,5,20250801,20250829,trim_r1_to_r2,TSAL20250801_0830_staticAndStaticFree,69,False,48.0,0.5096707863384414
TS,5,20250801,20250829,trim_r1_to_r2,TSAL20250801_0830_staticAndStaticFree,70,False,43.0,0.5003684320726737
TS,5,20250801,20250829,trim_r1_to_r2,TSAL20250801_0830_staticAndStaticFree,71,False,18.0,0.44061041499041703
TS,5,20250801,20250829,trim_r1_to_r2,TSAL20250801_0830_staticAndStaticFree,72,False,50.0,0.5202468915258308
TS,5,20250801,20250829,trim_r1_to_r2,TSAL20250801_0830_staticAndStaticFree,73,False,4.0,0.4112200553264545
TS,5,20250801,20250829,trim_r1_to_r2,TSAL20250801_0830_staticAndStaticFree,74,False,35.0,0.47711407999542105
TS,5,20250801,20250829,trim_r1_to_r2,TSAL20250801_0830_staticAndStaticFree,75,False,53.0,0.5287639645432355
TS,5,20250801,20250829,trim_r1_to_r2,TSAL20250801_0830_staticAndStaticFree,76,False,37.0,0.4836864715038441
TS,5,20250801,20250829,trim_r1_to_r2,TSAL20250801_0830_staticAndStaticFree,77,False,15.0,0.433953328727168
TS,5,20250801,20250829,trim_r1_to_r2,TSAL20250801_0830_staticAndStaticFree,78,False,32.0,0.47216175637313873
TS,5,20250801,20250829,trim_r1_to_r2,TSAL20250801_0830_staticAndStaticFree,80,True,,
TS,5,20250801,20250829,trim_r1_to_r2,TSAL20250801_0830_staticAndStaticFree,81,False,24.0,0.45204135308817345
TS,5,20250801,20250829,trim_r1_to_r2,TSAL20250801_0830_staticAndStaticFree,82,False,13.0,0.4312982586268031
TS,5,20250801,20250829,trim_r1_to_r2,TSAL20250801_0830_staticAndStaticFree,83,False,30.0,0.46870998629052113
TS,5,20250801,20250829,trim_r1_to_r2,TSAL20250801_0830_staticAndStaticFree,84,False,3.0,0.41021742635507635
TS,5,20250801,20250829,trim_r1_to_r2,TSAL20250801_0830_staticAndStaticFree,85,True,,
TS,5,20250801,20250829,trim_r1_to_r2,TSAL20250801_0830_staticAndStaticFree,86,False,54.0,0.5329007283214413
TS,5,20250801,20250829,trim_r1_to_r2,TSAL20250801_0830_staticAndStaticFree,87,True,,
TS,5,20250801,20250829,trim_r1_to_r2,TSAL20250801_0830_staticAndStaticFree,89,False,8.0,0.42162337061495536
TS,5,20250801,20250829,trim_r1_to_r2,TSAL20250801_0830_staticAndStaticFree,90,False,1.0,0.39511786552009753
TS,5,20250801,20250829,trim_r1_to_r2,TSAL20250801_0830_staticAndStaticFree,91,False,9.0,0.42332767116424413
TS,5,20250801,20250829,trim_r1_to_r2,TSAL20250801_0830_staticAndStaticFree,92,False,33.0,0.47333100041521337
TS,5,20250801,20250829,trim_r1_to_r2,TSAL20250801_0830_staticAndStaticFree,93,True,,
TS,5,20250801,20250829,trim_r1_to_r2,TSAL20250801_0830_staticAndStaticFree,95,False,25.0,0.45412977018495265
TS,5,20250801,20250829,trim_r1_to_r2,TSAL20250801_0830_staticAndStaticFree,96,False,22.0,0.4484227792104914
TS,5,20250801,20250829,trim_r1_to_r2,TSAL20250801_0830_staticAndStaticFree,97,True,,
TS,5,20250801,20250829,trim_r1_to_r2,TSAL20250801_0830_staticAndStaticFree,98,True,,
TS,5,20250801,20250829,trim_r1_to_r2,TSAL20250801_0830_staticAndStaticFree,99,False,17.0,0.43879201315914484
TS,5,20250801,20250829,trim_r1_to_r2,TSAL20250801_0830_staticAndStaticFree,100,False,36.0,0.4790851806796789
TS,5,20250801,20250829,trim_r1_to_r2,TSAL20250801_0830_staticAndStaticFree,101,False,28.0,0.4627735382924701
TS,5,20250801,20250829,trim_r1_to_r2,TSAL20250801_0830_staticAndStaticFree,102,False,21.0,0.44617376801667064
TS,5,20250801,20250829,trim_r1_to_r2,TSAL20250801_0830_staticAndStaticFree,103,True,,
TS,6,20250801,20250830,trim_r2_to_r1,TSAL20250830_0830_interferenceAndInterferenceFree001,1,True,,
TS,6,20250801,20250830,trim_r2_to_r1,TSAL20250830_0830_interferenceAndInterferenceFree001,2,True,,
TS,6,20250801,20250830,trim_r2_to_r1,TSAL20250830_0830_interferenceAndInterferenceFree001,3,True,,
TS,6,20250801,20250830,trim_r2_to_r1,TSAL20250830_0830_interferenceAndInterferenceFree001,4,True,,
TS,6,20250801,20250830,trim_r2_to_r1,TSAL20250830_0830_interferenceAndInterferenceFree001,5,False,44.0,0.6463407261568652
TS,6,20250801,20250830,trim_r2_to_r1,TSAL20250830_0830_interferenceAndInterferenceFree001,6,True,,
TS,6,20250801,20250830,trim_r2_to_r1,TSAL20250830_0830_interferenceAndInterferenceFree001,7,True,,
TS,6,20250801,20250830,trim_r2_to_r1,TSAL20250830_0830_interferenceAndInterferenceFree001,8,True,,
TS,6,20250801,20250830,trim_r2_to_r1,TSAL20250830_0830_interferenceAndInterferenceFree001,9,True,,
TS,6,20250801,20250830,trim_r2_to_r1,TSAL20250830_0830_interferenceAndInterferenceFree001,10,True,,
TS,6,20250801,20250830,trim_r2_to_r1,TSAL20250830_0830_interferenceAndInterferenceFree001,12,False,10.0,0.8803871899949374
TS,6,20250801,20250830,trim_r2_to_r1,TSAL20250830_0830_interferenceAndInterferenceFree001,13,True,,
TS,6,20250801,20250830,trim_r2_to_r1,TSAL20250830_0830_interferenceAndInterferenceFree001,14,True,,
TS,6,20250801,20250830,trim_r2_to_r1,TSAL20250830_0830_interferenceAndInterferenceFree001,15,False,26.0,0.7330189491300624
TS,6,20250801,20250830,trim_r2_to_r1,TSAL20250830_0830_interferenceAndInterferenceFree001,16,True,,
TS,6,20250801,20250830,trim_r2_to_r1,TSAL20250830_0830_interferenceAndInterferenceFree001,17,False,1.0,1.0492151016052262
TS,6,20250801,20250830,trim_r2_to_r1,TSAL20250830_0830_interferenceAndInterferenceFree001,18,True,,
TS,6,20250801,20250830,trim_r2_to_r1,TSAL20250830_0830_interferenceAndInterferenceFree001,19,True,,
TS,6,20250801,20250830,trim_r2_to_r1,TSAL20250830_0830_interferenceAndInterferenceFree001,20,False,28.0,0.7142008799070457
TS,6,20250801,20250830,trim_r2_to_r1,TSAL20250830_0830_interferenceAndInterferenceFree001,21,True,,
TS,6,20250801,20250830,trim_r2_to_r1,TSAL20250830_0830_interferenceAndInterferenceFree001,23,False,29.0,0.6973303766250575
TS,6,20250801,20250830,trim_r2_to_r1,TSAL20250830_0830_interferenceAndInterferenceFree001,24,True,,
TS,6,20250801,20250830,trim_r2_to_r1,TSAL20250830_0830_interferenceAndInterferenceFree001,25,True,,
TS,6,20250801,20250830,trim_r2_to_r1,TSAL20250830_0830_interferenceAndInterferenceFree001,26,True,,
TS,6,20250801,20250830,trim_r2_to_r1,TSAL20250830_0830_interferenceAndInterferenceFree001,27,True,,
TS,6,20250801,20250830,trim_r2_to_r1,TSAL20250830_0830_interferenceAndInterferenceFree001,28,False,2.0,1.0247479159019566
TS,6,20250801,20250830,trim_r2_to_r1,TSAL20250830_0830_interferenceAndInterferenceFree001,29,True,,
TS,6,20250801,20250830,trim_r2_to_r1,TSAL20250830_0830_interferenceAndInterferenceFree001,30,True,,
TS,6,20250801,20250830,trim_r2_to_r1,TSAL20250830_0830_interferenceAndInterferenceFree001,31,True,,
TS,6,20250801,20250830,trim_r2_to_r1,TSAL20250830_0830_interferenceAndInterferenceFree001,32,True,,
TS,6,20250801,20250830,trim_r2_to_r1,TSAL20250830_0830_interferenceAndInterferenceFree001,33,False,36.0,0.6624509964950025
TS,6,20250801,20250830,trim_r2_to_r1,TSAL20250830_0830_interferenceAndInterferenceFree001,34,True,,
TS,6,20250801,20250830,trim_r2_to_r1,TSAL20250830_0830_interferenceAndInterferenceFree001,35,True,,
TS,6,20250801,20250830,trim_r2_to_r1,TSAL20250830_0830_interferenceAndInterferenceFree001,36,False,33.0,0.676550960324344
TS,6,20250801,20250830,trim_r2_to_r1,TSAL20250830_0830_interferenceAndInterferenceFree001,37,True,,
TS,6,20250801,20250830,trim_r2_to_r1,TSAL20250830_0830_interferenceAndInterferenceFree001,38,False,30.0,0.6902882243719108
TS,6,20250801,20250830,trim_r2_to_r1,TSAL20250830_0830_interferenceAndInterferenceFree001,40,False,35.0,0.6726865578042184
TS,6,20250801,20250830,trim_r2_to_r1,TSAL20250830_0830_interferenceAndInterferenceFree001,41,False,27.0,0.727194039046351
TS,6,20250801,20250830,trim_r2_to_r1,TSAL20250830_0830_interferenceAndInterferenceFree001,42,False,32.0,0.6801520552531221
TS,6,20250801,20250830,trim_r2_to_r1,TSAL20250830_0830_interferenceAndInterferenceFree001,43,True,,
TS,6,20250801,20250830,trim_r2_to_r1,TSAL20250830_0830_interferenceAndInterferenceFree001,44,False,3.0,0.9620676372370269
TS,6,20250801,20250830,trim_r2_to_r1,TSAL20250830_0830_interferenceAndInterferenceFree001,45,False,6.0,0.9112092901601999
TS,6,20250801,20250830,trim_r2_to_r1,TSAL20250830_0830_interferenceAndInterferenceFree001,46,False,25.0,0.7636954212181557
TS,6,20250801,20250830,trim_r2_to_r1,TSAL20250830_0830_interferenceAndInterferenceFree001,47,False,43.0,0.6487483023107943
TS,6,20250801,20250830,trim_r2_to_r1,TSAL20250830_0830_interferenceAndInterferenceFree001,48,False,40.0,0.6510641327539475
TS,6,20250801,20250830,trim_r2_to_r1,TSAL20250830_0830_interferenceAndInterferenceFree001,49,True,,
TS,6,20250801,20250830,trim_r2_to_r1,TSAL20250830_0830_interferenceAndInterferenceFree001,50,True,,
TS,6,20250801,20250830,trim_r2_to_r1,TSAL20250830_0830_interferenceAndInterferenceFree001,52,False,23.0,0.7858855243241208
TS,6,20250801,20250830,trim_r2_to_r1,TSAL20250830_0830_interferenceAndInterferenceFree001,53,False,34.0,0.6771451703522674
TS,6,20250801,20250830,trim_r2_to_r1,TSAL20250830_0830_interferenceAndInterferenceFree001,54,True,,
TS,6,20250801,20250830,trim_r2_to_r1,TSAL20250830_0830_interferenceAndInterferenceFree001,55,False,16.0,0.8185616927130437
TS,6,20250801,20250830,trim_r2_to_r1,TSAL20250830_0830_interferenceAndInterferenceFree001,56,False,18.0,0.808502823701752
TS,6,20250801,20250830,trim_r2_to_r1,TSAL20250830_0830_interferenceAndInterferenceFree001,57,False,19.0,0.803995870130546
TS,6,20250801,20250830,trim_r2_to_r1,TSAL20250830_0830_interferenceAndInterferenceFree001,58,False,38.0,0.6528879200536309
TS,6,20250801,20250830,trim_r2_to_r1,TSAL20250830_0830_interferenceAndInterferenceFree001,60,False,17.0,0.8126000458941938
TS,6,20250801,20250830,trim_r2_to_r1,TSAL20250830_0830_interferenceAndInterferenceFree001,61,True,,
TS,6,20250801,20250830,trim_r2_to_r1,TSAL20250830_0830_interferenceAndInterferenceFree001,62,True,,
TS,6,20250801,20250830,trim_r2_to_r1,TSAL20250830_0830_interferenceAndInterferenceFree001,63,True,,
TS,6,20250801,20250830,trim_r2_to_r1,TSAL20250830_0830_interferenceAndInterferenceFree001,64,False,15.0,0.8365395002768805
TS,6,20250801,20250830,trim_r2_to_r1,TSAL20250830_0830_interferenceAndInterferenceFree001,65,True,,
TS,6,20250801,20250830,trim_r2_to_r1,TSAL20250830_0830_interferenceAndInterferenceFree001,66,False,31.0,0.6794902723268347
TS,6,20250801,20250830,trim_r2_to_r1,TSAL20250830_0830_interferenceAndInterferenceFree001,67,False,37.0,0.6587290809637134
TS,6,20250801,20250830,trim_r2_to_r1,TSAL20250830_0830_interferenceAndInterferenceFree001,68,False,4.0,0.9281237245193258
TS,6,20250801,20250830,trim_r2_to_r1,TSAL20250830_0830_interferenceAndInterferenceFree001,69,False,8.0,0.8855685020917664
TS,6,20250801,20250830,trim_r2_to_r1,TSAL20250830_0830_interferenceAndInterferenceFree001,70,False,5.0,0.9171297549018407
TS,6,20250801,20250830,trim_r2_to_r1,TSAL20250830_0830_interferenceAndInterferenceFree001,71,False,7.0,0.8967896872709239
TS,6,20250801,20250830,trim_r2_to_r1,TSAL20250830_0830_interferenceAndInterferenceFree001,72,False,11.0,0.8674520627247374
TS,6,20250801,20250830,trim_r2_to_r1,TSAL20250830_0830_interferenceAndInterferenceFree001,73,False,9.0,0.8848613529661441
TS,6,20250801,20250830,trim_r2_to_r1,TSAL20250830_0830_interferenceAndInterferenceFree001,74,False,41.0,0.6543877655672735
TS,6,20250801,20250830,trim_r2_to_r1,TSAL20250830_0830_interferenceAndInterferenceFree001,75,False,20.0,0.7964154702874082
TS,6,20250801,20250830,trim_r2_to_r1,TSAL20250830_0830_interferenceAndInterferenceFree001,76,False,21.0,0.7929587990759963
TS,6,20250801,20250830,trim_r2_to_r1,TSAL20250830_0830_interferenceAndInterferenceFree001,77,False,13.0,0.8372465128212512
TS,6,20250801,20250830,trim_r2_to_r1,TSAL20250830_0830_interferenceAndInterferenceFree001,79,False,42.0,0.6558955496242987
TS,6,20250801,20250830,trim_r2_to_r1,TSAL20250830_0830_interferenceAndInterferenceFree001,81,True,,
TS,6,20250801,20250830,trim_r2_to_r1,TSAL20250830_0830_interferenceAndInterferenceFree001,82,False,24.0,0.7651805783741491
TS,6,20250801,20250830,trim_r2_to_r1,TSAL20250830_0830_interferenceAndInterferenceFree001,83,False,22.0,0.7950211619540893
TS,6,20250801,20250830,trim_r2_to_r1,TSAL20250830_0830_interferenceAndInterferenceFree001,86,False,14.0,0.8401338234245985
TS,6,20250801,20250830,trim_r2_to_r1,TSAL20250830_0830_interferenceAndInterferenceFree001,87,False,39.0,0.6533360633628782
TS,6,20250801,20250830,trim_r2_to_r1,TSAL20250830_0830_interferenceAndInterferenceFree001,88,False,12.0,0.8617866480545344
TS,6,20250801,20250830,trim_r1_to_r2,TSAL20250801_0830_staticAndStaticFree,0,True,,
TS,6,20250801,20250830,trim_r1_to_r2,TSAL20250801_0830_staticAndStaticFree,1,True,,
TS,6,20250801,20250830,trim_r1_to_r2,TSAL20250801_0830_staticAndStaticFree,2,True,,
TS,6,20250801,20250830,trim_r1_to_r2,TSAL20250801_0830_staticAndStaticFree,3,True,,
TS,6,20250801,20250830,trim_r1_to_r2,TSAL20250801_0830_staticAndStaticFree,4,True,,
TS,6,20250801,20250830,trim_r1_to_r2,TSAL20250801_0830_staticAndStaticFree,5,False,42.0,0.49866763898152605
TS,6,20250801,20250830,trim_r1_to_r2,TSAL20250801_0830_staticAndStaticFree,7,False,2.0,0.40315971013323554
TS,6,20250801,20250830,trim_r1_to_r2,TSAL20250801_0830_staticAndStaticFree,8,False,40.0,0.49180552685515055
TS,6,20250801,20250830,trim_r1_to_r2,TSAL20250801_0830_staticAndStaticFree,11,False,44.0,0.5013678330357816
TS,6,20250801,20250830,trim_r1_to_r2,TSAL20250801_0830_staticAndStaticFree,12,True,,
TS,6,20250801,20250830,trim_r1_to_r2,TSAL20250801_0830_staticAndStaticFree,13,False,46.0,0.5075168004205459
TS,6,20250801,20250830,trim_r1_to_r2,TSAL20250801_0830_staticAndStaticFree,15,False,27.0,0.4620392808964708
TS,6,20250801,20250830,trim_r1_to_r2,TSAL20250801_0830_staticAndStaticFree,16,True,,
TS,6,20250801,20250830,trim_r1_to_r2,TSAL20250801_0830_staticAndStaticFree,17,True,,
TS,6,20250801,20250830,trim_r1_to_r2,TSAL20250801_0830_staticAndStaticFree,18,True,,
TS,6,20250801,20250830,trim_r1_to_r2,TSAL20250801_0830_staticAndStaticFree,19,True,,
TS,6,20250801,20250830,trim_r1_to_r2,TSAL20250801_0830_staticAndStaticFree,20,True,,
TS,6,20250801,20250830,trim_r1_to_r2,TSAL20250801_0830_staticAndStaticFree,21,True,,
TS,6,20250801,20250830,trim_r1_to_r2,TSAL20250801_0830_staticAndStaticFree,23,False,26.0,0.4581136570526842
TS,6,20250801,20250830,trim_r1_to_r2,TSAL20250801_0830_staticAndStaticFree,24,False,6.0,0.4137199272855614
TS,6,20250801,20250830,trim_r1_to_r2,TSAL20250801_0830_staticAndStaticFree,25,True,,
TS,6,20250801,20250830,trim_r1_to_r2,TSAL20250801_0830_staticAndStaticFree,26,False,10.0,0.42445704538666085
TS,6,20250801,20250830,trim_r1_to_r2,TSAL20250801_0830_staticAndStaticFree,27,False,20.0,0.4435025488692757
TS,6,20250801,20250830,trim_r1_to_r2,TSAL20250801_0830_staticAndStaticFree,28,False,31.0,0.46949045109009496
TS,6,20250801,20250830,trim_r1_to_r2,TSAL20250801_0830_staticAndStaticFree,29,False,14.0,0.432648731973401
TS,6,20250801,20250830,trim_r1_to_r2,TSAL20250801_0830_staticAndStaticFree,30,True,,
TS,6,20250801,20250830,trim_r1_to_r2,TSAL20250801_0830_staticAndStaticFree,31,False,38.0,0.48775897500496956
TS,6,20250801,20250830,trim_r1_to_r2,TSAL20250801_0830_staticAndStaticFree,32,False,19.0,0.44226865609557786
TS,6,20250801,20250830,trim_r1_to_r2,TSAL20250801_0830_staticAndStaticFree,33,True,,
TS,6,20250801,20250830,trim_r1_to_r2,TSAL20250801_0830_staticAndStaticFree,34,False,7.0,0.4146797811823995
TS,6,20250801,20250830,trim_r1_to_r2,TSAL20250801_0830_staticAndStaticFree,35,False,45.0,0.5054874794800434
TS,6,20250801,20250830,trim_r1_to_r2,TSAL20250801_0830_staticAndStaticFree,36,True,,
TS,6,20250801,20250830,trim_r1_to_r2,TSAL20250801_0830_staticAndStaticFree,37,False,29.0,0.4673394940770634
TS,6,20250801,20250830,trim_r1_to_r2,TSAL20250801_0830_staticAndStaticFree,38,False,12.0,0.42812924309813133
TS,6,20250801,20250830,trim_r1_to_r2,TSAL20250801_0830_staticAndStaticFree,39,True,,
TS,6,20250801,20250830,trim_r1_to_r2,TSAL20250801_0830_staticAndStaticFree,41,True,,
TS,6,20250801,20250830,trim_r1_to_r2,TSAL20250801_0830_staticAndStaticFree,42,False,39.0,0.48914517717286754
TS,6,20250801,20250830,trim_r1_to_r2,TSAL20250801_0830_staticAndStaticFree,43,True,,
TS,6,20250801,20250830,trim_r1_to_r2,TSAL20250801_0830_staticAndStaticFree,44,True,,
TS,6,20250801,20250830,trim_r1_to_r2,TSAL20250801_0830_staticAndStaticFree,45,True,,
TS,6,20250801,20250830,trim_r1_to_r2,TSAL20250801_0830_staticAndStaticFree,46,True,,
TS,6,20250801,20250830,trim_r1_to_r2,TSAL20250801_0830_staticAndStaticFree,47,True,,
TS,6,20250801,20250830,trim_r1_to_r2,TSAL20250801_0830_staticAndStaticFree,48,False,41.0,0.4968580314673223
TS,6,20250801,20250830,trim_r1_to_r2,TSAL20250801_0830_staticAndStaticFree,49,True,,
TS,6,20250801,20250830,trim_r1_to_r2,TSAL20250801_0830_staticAndStaticFree,51,False,34.0,0.4766674525989875
TS,6,20250801,20250830,trim_r1_to_r2,TSAL20250801_0830_staticAndStaticFree,52,True,,
TS,6,20250801,20250830,trim_r1_to_r2,TSAL20250801_0830_staticAndStaticFree,53,True,,
TS,6,20250801,20250830,trim_r1_to_r2,TSAL20250801_0830_staticAndStaticFree,54,True,,
TS,6,20250801,20250830,trim_r1_to_r2,TSAL20250801_0830_staticAndStaticFree,55,True,,
TS,6,20250801,20250830,trim_r1_to_r2,TSAL20250801_0830_staticAndStaticFree,56,True,,
TS,6,20250801,20250830,trim_r1_to_r2,TSAL20250801_0830_staticAndStaticFree,57,False,11.0,0.4261152086325425
TS,6,20250801,20250830,trim_r1_to_r2,TSAL20250801_0830_staticAndStaticFree,58,False,5.0,0.41264130796717446
TS,6,20250801,20250830,trim_r1_to_r2,TSAL20250801_0830_staticAndStaticFree,60,False,47.0,0.5078752673319552
TS,6,20250801,20250830,trim_r1_to_r2,TSAL20250801_0830_staticAndStaticFree,62,True,,
TS,6,20250801,20250830,trim_r1_to_r2,TSAL20250801_0830_staticAndStaticFree,64,False,16.0,0.43658283632506206
TS,6,20250801,20250830,trim_r1_to_r2,TSAL20250801_0830_staticAndStaticFree,65,False,23.0,0.45084548912353595
TS,6,20250801,20250830,trim_r1_to_r2,TSAL20250801_0830_staticAndStaticFree,66,True,,
TS,6,20250801,20250830,trim_r1_to_r2,TSAL20250801_0830_staticAndStaticFree,67,True,,
TS,6,20250801,20250830,trim_r1_to_r2,TSAL20250801_0830_staticAndStaticFree,68,True,,
TS,6,20250801,20250830,trim_r1_to_r2,TSAL20250801_0830_staticAndStaticFree,69,True,,
TS,6,20250801,20250830,trim_r1_to_r2,TSAL20250801_0830_staticAndStaticFree,70,False,43.0,0.5003684320726737
TS,6,20250801,20250830,trim_r1_to_r2,TSAL20250801_0830_staticAndStaticFree,71,False,18.0,0.44061041499041703
TS,6,20250801,20250830,trim_r1_to_r2,TSAL20250801_0830_staticAndStaticFree,72,True,,
TS,6,20250801,20250830,trim_r1_to_r2,TSAL20250801_0830_staticAndStaticFree,73,False,4.0,0.4112200553264545
TS,6,20250801,20250830,trim_r1_to_r2,TSAL20250801_0830_staticAndStaticFree,74,False,35.0,0.47711407999542105
TS,6,20250801,20250830,trim_r1_to_r2,TSAL20250801_0830_staticAndStaticFree,75,True,,
TS,6,20250801,20250830,trim_r1_to_r2,TSAL20250801_0830_staticAndStaticFree,76,False,37.0,0.4836864715038441
TS,6,20250801,20250830,trim_r1_to_r2,TSAL20250801_0830_staticAndStaticFree,77,False,15.0,0.433953328727168
TS,6,20250801,20250830,trim_r1_to_r2,TSAL20250801_0830_staticAndStaticFree,78,False,32.0,0.47216175637313873
TS,6,20250801,20250830,trim_r1_to_r2,TSAL20250801_0830_staticAndStaticFree,80,True,,
TS,6,20250801,20250830,trim_r1_to_r2,TSAL20250801_0830_staticAndStaticFree,81,False,24.0,0.45204135308817345
TS,6,20250801,20250830,trim_r1_to_r2,TSAL20250801_0830_staticAndStaticFree,82,False,13.0,0.4312982586268031
TS,6,20250801,20250830,trim_r1_to_r2,TSAL20250801_0830_staticAndStaticFree,83,False,30.0,0.46870998629052113
TS,6,20250801,20250830,trim_r1_to_r2,TSAL20250801_0830_staticAndStaticFree,84,False,3.0,0.41021742635507635
TS,6,20250801,20250830,trim_r1_to_r2,TSAL20250801_0830_staticAndStaticFree,85,True,,
TS,6,20250801,20250830,trim_r1_to_r2,TSAL20250801_0830_staticAndStaticFree,86,True,,
TS,6,20250801,20250830,trim_r1_to_r2,TSAL20250801_0830_staticAndStaticFree,87,True,,
TS,6,20250801,20250830,trim_r1_to_r2,TSAL20250801_0830_staticAndStaticFree,89,False,8.0,0.42162337061495536
TS,6,20250801,20250830,trim_r1_to_r2,TSAL20250801_0830_staticAndStaticFree,90,False,1.0,0.39511786552009753
TS,6,20250801,20250830,trim_r1_to_r2,TSAL20250801_0830_staticAndStaticFree,91,False,9.0,0.42332767116424413
TS,6,20250801,20250830,trim_r1_to_r2,TSAL20250801_0830_staticAndStaticFree,92,False,33.0,0.47333100041521337
TS,6,20250801,20250830,trim_r1_to_r2,TSAL20250801_0830_staticAndStaticFree,93,True,,
TS,6,20250801,20250830,trim_r1_to_r2,TSAL20250801_0830_staticAndStaticFree,95,False,25.0,0.45412977018495265
TS,6,20250801,20250830,trim_r1_to_r2,TSAL20250801_0830_staticAndStaticFree,96,False,22.0,0.4484227792104914
TS,6,20250801,20250830,trim_r1_to_r2,TSAL20250801_0830_staticAndStaticFree,97,True,,
TS,6,20250801,20250830,trim_r1_to_r2,TSAL20250801_0830_staticAndStaticFree,98,True,,
TS,6,20250801,20250830,trim_r1_to_r2,TSAL20250801_0830_staticAndStaticFree,99,False,17.0,0.43879201315914484
TS,6,20250801,20250830,trim_r1_to_r2,TSAL20250801_0830_staticAndStaticFree,100,False,36.0,0.4790851806796789
TS,6,20250801,20250830,trim_r1_to_r2,TSAL20250801_0830_staticAndStaticFree,101,False,28.0,0.4627735382924701
TS,6,20250801,20250830,trim_r1_to_r2,TSAL20250801_0830_staticAndStaticFree,102,False,21.0,0.44617376801667064
TS,6,20250801,20250830,trim_r1_to_r2,TSAL20250801_0830_staticAndStaticFree,103,True,,
TS,7,20250802,20250828,trim_r2_to_r1,TSAL20250828_0830_interferenceAndInterferenceFree001,0,False,13.0,0.9328758805711543
TS,7,20250802,20250828,trim_r2_to_r1,TSAL20250828_0830_interferenceAndInterferenceFree001,1,False,27.0,0.8804520818664984
TS,7,20250802,20250828,trim_r2_to_r1,TSAL20250828_0830_interferenceAndInterferenceFree001,2,False,23.0,0.8916672805300823
TS,7,20250802,20250828,trim_r2_to_r1,TSAL20250828_0830_interferenceAndInterferenceFree001,3,True,,
TS,7,20250802,20250828,trim_r2_to_r1,TSAL20250828_0830_interferenceAndInterferenceFree001,4,True,,
TS,7,20250802,20250828,trim_r2_to_r1,TSAL20250828_0830_interferenceAndInterferenceFree001,5,False,17.0,0.9193654957714394
TS,7,20250802,20250828,trim_r2_to_r1,TSAL20250828_0830_interferenceAndInterferenceFree001,6,False,31.0,0.8727619226993827
TS,7,20250802,20250828,trim_r2_to_r1,TSAL20250828_0830_interferenceAndInterferenceFree001,7,False,28.0,0.879892038343384
TS,7,20250802,20250828,trim_r2_to_r1,TSAL20250828_0830_interferenceAndInterferenceFree001,8,False,22.0,0.8929268714063134
TS,7,20250802,20250828,trim_r2_to_r1,TSAL20250828_0830_interferenceAndInterferenceFree001,9,False,16.0,0.9278487054730683
TS,7,20250802,20250828,trim_r2_to_r1,TSAL20250828_0830_interferenceAndInterferenceFree001,10,False,7.0,0.9687159576304307
TS,7,20250802,20250828,trim_r2_to_r1,TSAL20250828_0830_interferenceAndInterferenceFree001,11,False,8.0,0.9662147508901726
TS,7,20250802,20250828,trim_r2_to_r1,TSAL20250828_0830_interferenceAndInterferenceFree001,12,False,19.0,0.8912185866766044
TS,7,20250802,20250828,trim_r2_to_r1,TSAL20250828_0830_interferenceAndInterferenceFree001,13,False,26.0,0.8820106986332331
TS,7,20250802,20250828,trim_r2_to_r1,TSAL20250828_0830_interferenceAndInterferenceFree001,14,False,21.0,0.8962151769012942
TS,7,20250802,20250828,trim_r2_to_r1,TSAL20250828_0830_interferenceAndInterferenceFree001,15,False,30.0,0.8792597486797697
TS,7,20250802,20250828,trim_r2_to_r1,TSAL20250828_0830_interferenceAndInterferenceFree001,16,False,32.0,0.8780444139241316
TS,7,20250802,20250828,trim_r2_to_r1,TSAL20250828_0830_interferenceAndInterferenceFree001,17,False,34.0,0.8691568513896865
TS,7,20250802,20250828,trim_r2_to_r1,TSAL20250828_0830_interferenceAndInterferenceFree001,18,False,20.0,0.8941206103798168
TS,7,20250802,20250828,trim_r2_to_r1,TSAL20250828_0830_interferenceAndInterferenceFree001,19,False,25.0,0.8853457713729647
TS,7,20250802,20250828,trim_r2_to_r1,TSAL20250828_0830_interferenceAndInterferenceFree001,20,True,,
TS,7,20250802,20250828,trim_r2_to_r1,TSAL20250828_0830_interferenceAndInterferenceFree001,21,False,33.0,0.8790074500641246
TS,7,20250802,20250828,trim_r2_to_r1,TSAL20250828_0830_interferenceAndInterferenceFree001,22,False,29.0,0.8768629287314258
TS,7,20250802,20250828,trim_r2_to_r1,TSAL20250828_0830_interferenceAndInterferenceFree001,23,False,35.0,0.8639319721548765
TS,7,20250802,20250828,trim_r2_to_r1,TSAL20250828_0830_interferenceAndInterferenceFree001,24,True,,
TS,7,20250802,20250828,trim_r2_to_r1,TSAL20250828_0830_interferenceAndInterferenceFree001,25,True,,
TS,7,20250802,20250828,trim_r2_to_r1,TSAL20250828_0830_interferenceAndInterferenceFree001,26,True,,
TS,7,20250802,20250828,trim_r2_to_r1,TSAL20250828_0830_interferenceAndInterferenceFree001,27,False,1.0,1.1038034032743222
TS,7,20250802,20250828,trim_r2_to_r1,TSAL20250828_0830_interferenceAndInterferenceFree001,28,True,,
TS,7,20250802,20250828,trim_r2_to_r1,TSAL20250828_0830_interferenceAndInterferenceFree001,29,True,,
TS,7,20250802,20250828,trim_r2_to_r1,TSAL20250828_0830_interferenceAndInterferenceFree001,30,True,,
TS,7,20250802,20250828,trim_r2_to_r1,TSAL20250828_0830_interferenceAndInterferenceFree001,31,True,,
TS,7,20250802,20250828,trim_r2_to_r1,TSAL20250828_0830_interferenceAndInterferenceFree001,32,True,,
TS,7,20250802,20250828,trim_r2_to_r1,TSAL20250828_0830_interferenceAndInterferenceFree001,33,True,,
TS,7,20250802,20250828,trim_r2_to_r1,TSAL20250828_0830_interferenceAndInterferenceFree001,34,True,,
TS,7,20250802,20250828,trim_r2_to_r1,TSAL20250828_0830_interferenceAndInterferenceFree001,35,True,,
TS,7,20250802,20250828,trim_r2_to_r1,TSAL20250828_0830_interferenceAndInterferenceFree001,36,True,,
TS,7,20250802,20250828,trim_r2_to_r1,TSAL20250828_0830_interferenceAndInterferenceFree001,37,True,,
TS,7,20250802,20250828,trim_r2_to_r1,TSAL20250828_0830_interferenceAndInterferenceFree001,38,True,,
TS,7,20250802,20250828,trim_r2_to_r1,TSAL20250828_0830_interferenceAndInterferenceFree001,42,True,,
TS,7,20250802,20250828,trim_r2_to_r1,TSAL20250828_0830_interferenceAndInterferenceFree001,43,True,,
TS,7,20250802,20250828,trim_r2_to_r1,TSAL20250828_0830_interferenceAndInterferenceFree001,44,True,,
TS,7,20250802,20250828,trim_r2_to_r1,TSAL20250828_0830_interferenceAndInterferenceFree001,45,True,,
TS,7,20250802,20250828,trim_r2_to_r1,TSAL20250828_0830_interferenceAndInterferenceFree001,46,True,,
TS,7,20250802,20250828,trim_r2_to_r1,TSAL20250828_0830_interferenceAndInterferenceFree001,47,True,,
TS,7,20250802,20250828,trim_r2_to_r1,TSAL20250828_0830_interferenceAndInterferenceFree001,48,True,,
TS,7,20250802,20250828,trim_r2_to_r1,TSAL20250828_0830_interferenceAndInterferenceFree001,49,True,,
TS,7,20250802,20250828,trim_r2_to_r1,TSAL20250828_0830_interferenceAndInterferenceFree001,50,False,39.0,0.8451810198104147
TS,7,20250802,20250828,trim_r2_to_r1,TSAL20250828_0830_interferenceAndInterferenceFree001,51,True,,
TS,7,20250802,20250828,trim_r2_to_r1,TSAL20250828_0830_interferenceAndInterferenceFree001,52,True,,
TS,7,20250802,20250828,trim_r2_to_r1,TSAL20250828_0830_interferenceAndInterferenceFree001,53,True,,
TS,7,20250802,20250828,trim_r2_to_r1,TSAL20250828_0830_interferenceAndInterferenceFree001,54,True,,
TS,7,20250802,20250828,trim_r2_to_r1,TSAL20250828_0830_interferenceAndInterferenceFree001,55,True,,
TS,7,20250802,20250828,trim_r2_to_r1,TSAL20250828_0830_interferenceAndInterferenceFree001,56,True,,
TS,7,20250802,20250828,trim_r2_to_r1,TSAL20250828_0830_interferenceAndInterferenceFree001,57,True,,
TS,7,20250802,20250828,trim_r2_to_r1,TSAL20250828_0830_interferenceAndInterferenceFree001,58,True,,
TS,7,20250802,20250828,trim_r2_to_r1,TSAL20250828_0830_interferenceAndInterferenceFree001,59,True,,
TS,7,20250802,20250828,trim_r2_to_r1,TSAL20250828_0830_interferenceAndInterferenceFree001,60,True,,
TS,7,20250802,20250828,trim_r2_to_r1,TSAL20250828_0830_interferenceAndInterferenceFree001,61,True,,
TS,7,20250802,20250828,trim_r2_to_r1,TSAL20250828_0830_interferenceAndInterferenceFree001,62,False,4.0,1.012928335512573
TS,7,20250802,20250828,trim_r2_to_r1,TSAL20250828_0830_interferenceAndInterferenceFree001,63,False,41.0,0.8418997327030424
TS,7,20250802,20250828,trim_r2_to_r1,TSAL20250828_0830_interferenceAndInterferenceFree001,64,True,,
TS,7,20250802,20250828,trim_r2_to_r1,TSAL20250828_0830_interferenceAndInterferenceFree001,65,False,3.0,1.0239435849859566
TS,7,20250802,20250828,trim_r2_to_r1,TSAL20250828_0830_interferenceAndInterferenceFree001,66,True,,
TS,7,20250802,20250828,trim_r2_to_r1,TSAL20250828_0830_interferenceAndInterferenceFree001,67,True,,
TS,7,20250802,20250828,trim_r2_to_r1,TSAL20250828_0830_interferenceAndInterferenceFree001,68,True,,
TS,7,20250802,20250828,trim_r2_to_r1,TSAL20250828_0830_interferenceAndInterferenceFree001,69,True,,
TS,7,20250802,20250828,trim_r2_to_r1,TSAL20250828_0830_interferenceAndInterferenceFree001,70,False,14.0,0.9276525249902825
TS,7,20250802,20250828,trim_r2_to_r1,TSAL20250828_0830_interferenceAndInterferenceFree001,71,False,37.0,0.857070553871851
TS,7,20250802,20250828,trim_r2_to_r1,TSAL20250828_0830_interferenceAndInterferenceFree001,72,True,,
TS,7,20250802,20250828,trim_r2_to_r1,TSAL20250828_0830_interferenceAndInterferenceFree001,73,True,,
TS,7,20250802,20250828,trim_r2_to_r1,TSAL20250828_0830_interferenceAndInterferenceFree001,74,False,36.0,0.8566548434093106
TS,7,20250802,20250828,trim_r2_to_r1,TSAL20250828_0830_interferenceAndInterferenceFree001,75,False,38.0,0.8470975903511567
TS,7,20250802,20250828,trim_r2_to_r1,TSAL20250828_0830_interferenceAndInterferenceFree001,76,True,,
TS,7,20250802,20250828,trim_r2_to_r1,TSAL20250828_0830_interferenceAndInterferenceFree001,77,False,11.0,0.9595094988865672
TS,7,20250802,20250828,trim_r2_to_r1,TSAL20250828_0830_interferenceAndInterferenceFree001,78,False,2.0,1.070760740418474
TS,7,20250802,20250828,trim_r2_to_r1,TSAL20250828_0830_interferenceAndInterferenceFree001,79,False,5.0,1.0043629107529695
TS,7,20250802,20250828,trim_r2_to_r1,TSAL20250828_0830_interferenceAndInterferenceFree001,80,False,18.0,0.9172170652860027
TS,7,20250802,20250828,trim_r2_to_r1,TSAL20250828_0830_interferenceAndInterferenceFree001,81,False,12.0,0.9499383199619792
TS,7,20250802,20250828,trim_r2_to_r1,TSAL20250828_0830_interferenceAndInterferenceFree001,82,False,9.0,0.965804824603299
TS,7,20250802,20250828,trim_r2_to_r1,TSAL20250828_0830_interferenceAndInterferenceFree001,83,True,,
TS,7,20250802,20250828,trim_r2_to_r1,TSAL20250828_0830_interferenceAndInterferenceFree001,84,False,10.0,0.9605375515625395
TS,7,20250802,20250828,trim_r2_to_r1,TSAL20250828_0830_interferenceAndInterferenceFree001,85,True,,
TS,7,20250802,20250828,trim_r2_to_r1,TSAL20250828_0830_interferenceAndInterferenceFree001,86,False,6.0,0.9989446709824561
TS,7,20250802,20250828,trim_r2_to_r1,TSAL20250828_0830_interferenceAndInterferenceFree001,87,False,15.0,0.9324138903599839
TS,7,20250802,20250828,trim_r2_to_r1,TSAL20250828_0830_interferenceAndInterferenceFree001,88,False,24.0,0.888355015015328
TS,7,20250802,20250828,trim_r2_to_r1,TSAL20250828_0830_interferenceAndInterferenceFree001,89,True,,
TS,7,20250802,20250828,trim_r2_to_r1,TSAL20250828_0830_interferenceAndInterferenceFree001,91,False,40.0,0.8394320765076795
TS,7,20250802,20250828,trim_r2_to_r1,TSAL20250828_0830_interferenceAndInterferenceFree001,92,True,,
TS,7,20250802,20250828,trim_r2_to_r1,TSAL20250828_0830_interferenceAndInterferenceFree001,93,True,,
TS,7,20250802,20250828,trim_r1_to_r2,TSAL20250802_0830_staticAndStaticFree001,1,True,,
TS,7,20250802,20250828,trim_r1_to_r2,TSAL20250802_0830_staticAndStaticFree001,2,True,,
TS,7,20250802,20250828,trim_r1_to_r2,TSAL20250802_0830_staticAndStaticFree001,3,True,,
TS,7,20250802,20250828,trim_r1_to_r2,TSAL20250802_0830_staticAndStaticFree001,4,True,,
TS,7,20250802,20250828,trim_r1_to_r2,TSAL20250802_0830_staticAndStaticFree001,5,True,,
TS,7,20250802,20250828,trim_r1_to_r2,TSAL20250802_0830_staticAndStaticFree001,8,False,5.0,0.5434594084502414
TS,7,20250802,20250828,trim_r1_to_r2,TSAL20250802_0830_staticAndStaticFree001,9,True,,
TS,7,20250802,20250828,trim_r1_to_r2,TSAL20250802_0830_staticAndStaticFree001,10,True,,
TS,7,20250802,20250828,trim_r1_to_r2,TSAL20250802_0830_staticAndStaticFree001,11,True,,
TS,7,20250802,20250828,trim_r1_to_r2,TSAL20250802_0830_staticAndStaticFree001,12,True,,
TS,7,20250802,20250828,trim_r1_to_r2,TSAL20250802_0830_staticAndStaticFree001,13,True,,
TS,7,20250802,20250828,trim_r1_to_r2,TSAL20250802_0830_staticAndStaticFree001,14,True,,
TS,7,20250802,20250828,trim_r1_to_r2,TSAL20250802_0830_staticAndStaticFree001,15,True,,
TS,7,20250802,20250828,trim_r1_to_r2,TSAL20250802_0830_staticAndStaticFree001,16,True,,
TS,7,20250802,20250828,trim_r1_to_r2,TSAL20250802_0830_staticAndStaticFree001,17,True,,
TS,7,20250802,20250828,trim_r1_to_r2,TSAL20250802_0830_staticAndStaticFree001,18,False,11.0,0.5604133477605817
TS,7,20250802,20250828,trim_r1_to_r2,TSAL20250802_0830_staticAndStaticFree001,19,True,,
TS,7,20250802,20250828,trim_r1_to_r2,TSAL20250802_0830_staticAndStaticFree001,20,False,8.0,0.5512022550061868
TS,7,20250802,20250828,trim_r1_to_r2,TSAL20250802_0830_staticAndStaticFree001,21,True,,
TS,7,20250802,20250828,trim_r1_to_r2,TSAL20250802_0830_staticAndStaticFree001,22,True,,
TS,7,20250802,20250828,trim_r1_to_r2,TSAL20250802_0830_staticAndStaticFree001,23,True,,
TS,7,20250802,20250828,trim_r1_to_r2,TSAL20250802_0830_staticAndStaticFree001,24,True,,
TS,7,20250802,20250828,trim_r1_to_r2,TSAL20250802_0830_staticAndStaticFree001,25,True,,
TS,7,20250802,20250828,trim_r1_to_r2,TSAL20250802_0830_staticAndStaticFree001,26,True,,
TS,7,20250802,20250828,trim_r1_to_r2,TSAL20250802_0830_staticAndStaticFree001,27,True,,
TS,7,20250802,20250828,trim_r1_to_r2,TSAL20250802_0830_staticAndStaticFree001,28,False,12.0,0.5645495126927905
TS,7,20250802,20250828,trim_r1_to_r2,TSAL20250802_0830_staticAndStaticFree001,29,True,,
TS,7,20250802,20250828,trim_r1_to_r2,TSAL20250802_0830_staticAndStaticFree001,30,False,14.0,0.5697769609905754
TS,7,20250802,20250828,trim_r1_to_r2,TSAL20250802_0830_staticAndStaticFree001,31,True,,
TS,7,20250802,20250828,trim_r1_to_r2,TSAL20250802_0830_staticAndStaticFree001,32,True,,
TS,7,20250802,20250828,trim_r1_to_r2,TSAL20250802_0830_staticAndStaticFree001,33,True,,
TS,7,20250802,20250828,trim_r1_to_r2,TSAL20250802_0830_staticAndStaticFree001,34,False,9.0,0.5531508327427547
TS,7,20250802,20250828,trim_r1_to_r2,TSAL20250802_0830_staticAndStaticFree001,35,False,7.0,0.5492166245422951
TS,7,20250802,20250828,trim_r1_to_r2,TSAL20250802_0830_staticAndStaticFree001,36,True,,
TS,7,20250802,20250828,trim_r1_to_r2,TSAL20250802_0830_staticAndStaticFree001,37,True,,
TS,7,20250802,20250828,trim_r1_to_r2,TSAL20250802_0830_staticAndStaticFree001,38,False,10.0,0.5577272943081841
TS,7,20250802,20250828,trim_r1_to_r2,TSAL20250802_0830_staticAndStaticFree001,39,True,,
TS,7,20250802,20250828,trim_r1_to_r2,TSAL20250802_0830_staticAndStaticFree001,40,False,4.0,0.5400657311393212
TS,7,20250802,20250828,trim_r1_to_r2,TSAL20250802_0830_staticAndStaticFree001,41,False,3.0,0.5367729012597493
TS,7,20250802,20250828,trim_r1_to_r2,TSAL20250802_0830_staticAndStaticFree001,42,True,,
TS,7,20250802,20250828,trim_r1_to_r2,TSAL20250802_0830_staticAndStaticFree001,43,False,1.0,0.5295013337850026
TS,7,20250802,20250828,trim_r1_to_r2,TSAL20250802_0830_staticAndStaticFree001,44,False,6.0,0.5469795141565206
TS,7,20250802,20250828,trim_r1_to_r2,TSAL20250802_0830_staticAndStaticFree001,45,True,,
TS,7,20250802,20250828,trim_r1_to_r2,TSAL20250802_0830_staticAndStaticFree001,46,True,,
TS,7,20250802,20250828,trim_r1_to_r2,TSAL20250802_0830_staticAndStaticFree001,47,False,13.0,0.5667392035501221
TS,7,20250802,20250828,trim_r1_to_r2,TSAL20250802_0830_staticAndStaticFree001,48,True,,
TS,7,20250802,20250828,trim_r1_to_r2,TSAL20250802_0830_staticAndStaticFree001,49,True,,
TS,7,20250802,20250828,trim_r1_to_r2,TSAL20250802_0830_staticAndStaticFree001,50,False,2.0,0.5308186529315155
TS,7,20250802,20250828,trim_r1_to_r2,TSAL20250802_0830_staticAndStaticFree001,51,False,15.0,0.5738381935341271
TS,7,20250802,20250828,trim_r1_to_r2,TSAL20250802_0830_staticAndStaticFree001,52,True,,
TS,7,20250802,20250828,trim_r1_to_r2,TSAL20250802_0830_staticAndStaticFree001,53,True,,
TS,7,20250802,20250828,trim_r1_to_r2,TSAL20250802_0830_staticAndStaticFree001,54,True,,
TS,7,20250802,20250828,trim_r1_to_r2,TSAL20250802_0830_staticAndStaticFree001,55,True,,
TS,7,20250802,20250828,trim_r1_to_r2,TSAL20250802_0830_staticAndStaticFree001,56,True,,
TS,7,20250802,20250828,trim_r1_to_r2,TSAL20250802_0830_staticAndStaticFree001,57,True,,
TS,7,20250802,20250828,trim_r1_to_r2,TSAL20250802_0830_staticAndStaticFree001,58,True,,
TS,7,20250802,20250828,trim_r1_to_r2,TSAL20250802_0830_staticAndStaticFree001,59,True,,
TS,7,20250802,20250828,trim_r1_to_r2,TSAL20250802_0830_staticAndStaticFree001,61,True,,
TS,7,20250802,20250828,trim_r1_to_r2,TSAL20250802_0830_staticAndStaticFree001,62,True,,
TS,7,20250802,20250828,trim_r1_to_r2,TSAL20250802_0830_staticAndStaticFree001,63,True,,
TS,7,20250802,20250828,trim_r1_to_r2,TSAL20250802_0830_staticAndStaticFree001,64,True,,
TS,7,20250802,20250828,trim_r1_to_r2,TSAL20250802_0830_staticAndStaticFree001,65,True,,
TS,7,20250802,20250828,trim_r1_to_r2,TSAL20250802_0830_staticAndStaticFree001,66,True,,
TS,7,20250802,20250828,trim_r1_to_r2,TSAL20250802_0830_staticAndStaticFree001,67,True,,
TS,7,20250802,20250828,trim_r1_to_r2,TSAL20250802_0830_staticAndStaticFree001,68,True,,
TS,7,20250802,20250828,trim_r1_to_r2,TSAL20250802_0830_staticAndStaticFree001,69,True,,
TS,7,20250802,20250828,trim_r1_to_r2,TSAL20250802_0830_staticAndStaticFree001,70,True,,
TS,7,20250802,20250828,trim_r1_to_r2,TSAL20250802_0830_staticAndStaticFree001,72,True,,
TS,7,20250802,20250828,trim_r1_to_r2,TSAL20250802_0830_staticAndStaticFree001,73,True,,
TS,7,20250802,20250828,trim_r1_to_r2,TSAL20250802_0830_staticAndStaticFree001,74,True,,
TS,7,20250802,20250828,trim_r1_to_r2,TSAL20250802_0830_staticAndStaticFree001,75,True,,
TS,7,20250802,20250828,trim_r1_to_r2,TSAL20250802_0830_staticAndStaticFree001,77,True,,
TS,7,20250802,20250828,trim_r1_to_r2,TSAL20250802_0830_staticAndStaticFree001,78,True,,
TS,7,20250802,20250828,trim_r1_to_r2,TSAL20250802_0830_staticAndStaticFree001,82,True,,
TS,7,20250802,20250828,trim_r1_to_r2,TSAL20250802_0830_staticAndStaticFree001,83,True,,
TS,8,20250802,20250829,trim_r2_to_r1,TSAL20250829_0830_interferenceAndInterferenceFree001,0,True,,
TS,8,20250802,20250829,trim_r2_to_r1,TSAL20250829_0830_interferenceAndInterferenceFree001,1,True,,
TS,8,20250802,20250829,trim_r2_to_r1,TSAL20250829_0830_interferenceAndInterferenceFree001,2,True,,
TS,8,20250802,20250829,trim_r2_to_r1,TSAL20250829_0830_interferenceAndInterferenceFree001,3,True,,
TS,8,20250802,20250829,trim_r2_to_r1,TSAL20250829_0830_interferenceAndInterferenceFree001,4,True,,
TS,8,20250802,20250829,trim_r2_to_r1,TSAL20250829_0830_interferenceAndInterferenceFree001,5,True,,
TS,8,20250802,20250829,trim_r2_to_r1,TSAL20250829_0830_interferenceAndInterferenceFree001,6,True,,
TS,8,20250802,20250829,trim_r2_to_r1,TSAL20250829_0830_interferenceAndInterferenceFree001,7,True,,
TS,8,20250802,20250829,trim_r2_to_r1,TSAL20250829_0830_interferenceAndInterferenceFree001,8,True,,
TS,8,20250802,20250829,trim_r2_to_r1,TSAL20250829_0830_interferenceAndInterferenceFree001,9,True,,
TS,8,20250802,20250829,trim_r2_to_r1,TSAL20250829_0830_interferenceAndInterferenceFree001,10,True,,
TS,8,20250802,20250829,trim_r2_to_r1,TSAL20250829_0830_interferenceAndInterferenceFree001,11,True,,
TS,8,20250802,20250829,trim_r2_to_r1,TSAL20250829_0830_interferenceAndInterferenceFree001,12,True,,
TS,8,20250802,20250829,trim_r2_to_r1,TSAL20250829_0830_interferenceAndInterferenceFree001,13,True,,
TS,8,20250802,20250829,trim_r2_to_r1,TSAL20250829_0830_interferenceAndInterferenceFree001,14,True,,
TS,8,20250802,20250829,trim_r2_to_r1,TSAL20250829_0830_interferenceAndInterferenceFree001,15,True,,
TS,8,20250802,20250829,trim_r2_to_r1,TSAL20250829_0830_interferenceAndInterferenceFree001,16,True,,
TS,8,20250802,20250829,trim_r2_to_r1,TSAL20250829_0830_interferenceAndInterferenceFree001,17,True,,
TS,8,20250802,20250829,trim_r2_to_r1,TSAL20250829_0830_interferenceAndInterferenceFree001,18,True,,
TS,8,20250802,20250829,trim_r2_to_r1,TSAL20250829_0830_interferenceAndInterferenceFree001,19,True,,
TS,8,20250802,20250829,trim_r2_to_r1,TSAL20250829_0830_interferenceAndInterferenceFree001,20,True,,
TS,8,20250802,20250829,trim_r2_to_r1,TSAL20250829_0830_interferenceAndInterferenceFree001,21,True,,
TS,8,20250802,20250829,trim_r2_to_r1,TSAL20250829_0830_interferenceAndInterferenceFree001,22,True,,
TS,8,20250802,20250829,trim_r2_to_r1,TSAL20250829_0830_interferenceAndInterferenceFree001,23,True,,
TS,8,20250802,20250829,trim_r2_to_r1,TSAL20250829_0830_interferenceAndInterferenceFree001,24,True,,
TS,8,20250802,20250829,trim_r2_to_r1,TSAL20250829_0830_interferenceAndInterferenceFree001,25,True,,
TS,8,20250802,20250829,trim_r2_to_r1,TSAL20250829_0830_interferenceAndInterferenceFree001,26,True,,
TS,8,20250802,20250829,trim_r2_to_r1,TSAL20250829_0830_interferenceAndInterferenceFree001,27,True,,
TS,8,20250802,20250829,trim_r2_to_r1,TSAL20250829_0830_interferenceAndInterferenceFree001,28,True,,
TS,8,20250802,20250829,trim_r2_to_r1,TSAL20250829_0830_interferenceAndInterferenceFree001,29,True,,
TS,8,20250802,20250829,trim_r2_to_r1,TSAL20250829_0830_interferenceAndInterferenceFree001,30,True,,
TS,8,20250802,20250829,trim_r2_to_r1,TSAL20250829_0830_interferenceAndInterferenceFree001,31,True,,
TS,8,20250802,20250829,trim_r2_to_r1,TSAL20250829_0830_interferenceAndInterferenceFree001,32,True,,
TS,8,20250802,20250829,trim_r2_to_r1,TSAL20250829_0830_interferenceAndInterferenceFree001,33,True,,
TS,8,20250802,20250829,trim_r2_to_r1,TSAL20250829_0830_interferenceAndInterferenceFree001,34,True,,
TS,8,20250802,20250829,trim_r2_to_r1,TSAL20250829_0830_interferenceAndInterferenceFree001,35,True,,
TS,8,20250802,20250829,trim_r2_to_r1,TSAL20250829_0830_interferenceAndInterferenceFree001,36,True,,
TS,8,20250802,20250829,trim_r2_to_r1,TSAL20250829_0830_interferenceAndInterferenceFree001,37,True,,
TS,8,20250802,20250829,trim_r2_to_r1,TSAL20250829_0830_interferenceAndInterferenceFree001,38,True,,
TS,8,20250802,20250829,trim_r2_to_r1,TSAL20250829_0830_interferenceAndInterferenceFree001,40,True,,
TS,8,20250802,20250829,trim_r2_to_r1,TSAL20250829_0830_interferenceAndInterferenceFree001,41,True,,
TS,8,20250802,20250829,trim_r2_to_r1,TSAL20250829_0830_interferenceAndInterferenceFree001,42,True,,
TS,8,20250802,20250829,trim_r2_to_r1,TSAL20250829_0830_interferenceAndInterferenceFree001,43,False,30.0,0.8739512453184205
TS,8,20250802,20250829,trim_r2_to_r1,TSAL20250829_0830_interferenceAndInterferenceFree001,44,False,6.0,0.9417187379945096
TS,8,20250802,20250829,trim_r2_to_r1,TSAL20250829_0830_interferenceAndInterferenceFree001,45,False,1.0,1.6081293910607353
TS,8,20250802,20250829,trim_r2_to_r1,TSAL20250829_0830_interferenceAndInterferenceFree001,46,False,26.0,0.8750950422720816
TS,8,20250802,20250829,trim_r2_to_r1,TSAL20250829_0830_interferenceAndInterferenceFree001,47,True,,
TS,8,20250802,20250829,trim_r2_to_r1,TSAL20250829_0830_interferenceAndInterferenceFree001,48,True,,
TS,8,20250802,20250829,trim_r2_to_r1,TSAL20250829_0830_interferenceAndInterferenceFree001,49,False,22.0,0.8858964454321321
TS,8,20250802,20250829,trim_r2_to_r1,TSAL20250829_0830_interferenceAndInterferenceFree001,50,True,,
TS,8,20250802,20250829,trim_r2_to_r1,TSAL20250829_0830_interferenceAndInterferenceFree001,51,True,,
TS,8,20250802,20250829,trim_r2_to_r1,TSAL20250829_0830_interferenceAndInterferenceFree001,52,True,,
TS,8,20250802,20250829,trim_r2_to_r1,TSAL20250829_0830_interferenceAndInterferenceFree001,53,True,,
TS,8,20250802,20250829,trim_r2_to_r1,TSAL20250829_0830_interferenceAndInterferenceFree001,54,False,34.0,0.8554284981787099
TS,8,20250802,20250829,trim_r2_to_r1,TSAL20250829_0830_interferenceAndInterferenceFree001,55,False,9.0,0.9452137609847254
TS,8,20250802,20250829,trim_r2_to_r1,TSAL20250829_0830_interferenceAndInterferenceFree001,56,False,28.0,0.8730140247625211
TS,8,20250802,20250829,trim_r2_to_r1,TSAL20250829_0830_interferenceAndInterferenceFree001,57,False,5.0,0.9657343963635234
TS,8,20250802,20250829,trim_r2_to_r1,TSAL20250829_0830_interferenceAndInterferenceFree001,58,True,,
TS,8,20250802,20250829,trim_r2_to_r1,TSAL20250829_0830_interferenceAndInterferenceFree001,59,True,,
TS,8,20250802,20250829,trim_r2_to_r1,TSAL20250829_0830_interferenceAndInterferenceFree001,60,False,17.0,0.8915452026627136
TS,8,20250802,20250829,trim_r2_to_r1,TSAL20250829_0830_interferenceAndInterferenceFree001,61,False,33.0,0.8552177694643736
TS,8,20250802,20250829,trim_r2_to_r1,TSAL20250829_0830_interferenceAndInterferenceFree001,62,True,,
TS,8,20250802,20250829,trim_r2_to_r1,TSAL20250829_0830_interferenceAndInterferenceFree001,63,False,13.0,0.9136363067203823
TS,8,20250802,20250829,trim_r2_to_r1,TSAL20250829_0830_interferenceAndInterferenceFree001,64,True,,
TS,8,20250802,20250829,trim_r2_to_r1,TSAL20250829_0830_interferenceAndInterferenceFree001,65,True,,
TS,8,20250802,20250829,trim_r2_to_r1,TSAL20250829_0830_interferenceAndInterferenceFree001,66,True,,
TS,8,20250802,20250829,trim_r2_to_r1,TSAL20250829_0830_interferenceAndInterferenceFree001,67,False,19.0,0.8862489251799076
TS,8,20250802,20250829,trim_r2_to_r1,TSAL20250829_0830_interferenceAndInterferenceFree001,68,True,,
TS,8,20250802,20250829,trim_r2_to_r1,TSAL20250829_0830_interferenceAndInterferenceFree001,69,True,,
TS,8,20250802,20250829,trim_r2_to_r1,TSAL20250829_0830_interferenceAndInterferenceFree001,70,False,15.0,0.9017229387076201
TS,8,20250802,20250829,trim_r2_to_r1,TSAL20250829_0830_interferenceAndInterferenceFree001,71,True,,
TS,8,20250802,20250829,trim_r2_to_r1,TSAL20250829_0830_interferenceAndInterferenceFree001,72,True,,
TS,8,20250802,20250829,trim_r2_to_r1,TSAL20250829_0830_interferenceAndInterferenceFree001,73,False,24.0,0.8754912266653292
TS,8,20250802,20250829,trim_r2_to_r1,TSAL20250829_0830_interferenceAndInterferenceFree001,74,True,,
TS,8,20250802,20250829,trim_r2_to_r1,TSAL20250829_0830_interferenceAndInterferenceFree001,75,False,14.0,0.9044508396777416
TS,8,20250802,20250829,trim_r2_to_r1,TSAL20250829_0830_interferenceAndInterferenceFree001,76,False,31.0,0.862626523394946
TS,8,20250802,20250829,trim_r2_to_r1,TSAL20250829_0830_interferenceAndInterferenceFree001,77,False,21.0,0.8871836495582134
TS,8,20250802,20250829,trim_r2_to_r1,TSAL20250829_0830_interferenceAndInterferenceFree001,78,False,32.0,0.8534553959287179
TS,8,20250802,20250829,trim_r2_to_r1,TSAL20250829_0830_interferenceAndInterferenceFree001,79,False,20.0,0.8904460905040421
TS,8,20250802,20250829,trim_r2_to_r1,TSAL20250829_0830_interferenceAndInterferenceFree001,81,False,10.0,0.9360968690438147
TS,8,20250802,20250829,trim_r2_to_r1,TSAL20250829_0830_interferenceAndInterferenceFree001,83,False,7.0,0.9415211856261998
TS,8,20250802,20250829,trim_r2_to_r1,TSAL20250829_0830_interferenceAndInterferenceFree001,84,False,11.0,0.935071267557698
TS,8,20250802,20250829,trim_r2_to_r1,TSAL20250829_0830_interferenceAndInterferenceFree001,85,False,16.0,0.8995147574430503
TS,8,20250802,20250829,trim_r2_to_r1,TSAL20250829_0830_interferenceAndInterferenceFree001,86,False,8.0,0.9404946843726187
TS,8,20250802,20250829,trim_r2_to_r1,TSAL20250829_0830_interferenceAndInterferenceFree001,88,False,29.0,0.8730832511074187
TS,8,20250802,20250829,trim_r2_to_r1,TSAL20250829_0830_interferenceAndInterferenceFree001,89,False,25.0,0.8742900919828056
TS,8,20250802,20250829,trim_r2_to_r1,TSAL20250829_0830_interferenceAndInterferenceFree001,90,True,,
TS,8,20250802,20250829,trim_r2_to_r1,TSAL20250829_0830_interferenceAndInterferenceFree001,91,False,2.0,1.3532300801840176
TS,8,20250802,20250829,trim_r2_to_r1,TSAL20250829_0830_interferenceAndInterferenceFree001,92,True,,
TS,8,20250802,20250829,trim_r2_to_r1,TSAL20250829_0830_interferenceAndInterferenceFree001,93,False,18.0,0.8876904636177033
TS,8,20250802,20250829,trim_r2_to_r1,TSAL20250829_0830_interferenceAndInterferenceFree001,94,False,4.0,1.0414702525450104
TS,8,20250802,20250829,trim_r2_to_r1,TSAL20250829_0830_interferenceAndInterferenceFree001,95,False,23.0,0.8813678462245156
TS,8,20250802,20250829,trim_r2_to_r1,TSAL20250829_0830_interferenceAndInterferenceFree001,96,False,12.0,0.92156189100744
TS,8,20250802,20250829,trim_r2_to_r1,TSAL20250829_0830_interferenceAndInterferenceFree001,97,False,3.0,1.1923843486320234
TS,8,20250802,20250829,trim_r2_to_r1,TSAL20250829_0830_interferenceAndInterferenceFree001,98,False,27.0,0.8740150812547309
TS,8,20250802,20250829,trim_r1_to_r2,TSAL20250802_0830_staticAndStaticFree001,1,True,,
TS,8,20250802,20250829,trim_r1_to_r2,TSAL20250802_0830_staticAndStaticFree001,2,True,,
TS,8,20250802,20250829,trim_r1_to_r2,TSAL20250802_0830_staticAndStaticFree001,3,True,,
TS,8,20250802,20250829,trim_r1_to_r2,TSAL20250802_0830_staticAndStaticFree001,4,True,,
TS,8,20250802,20250829,trim_r1_to_r2,TSAL20250802_0830_staticAndStaticFree001,5,True,,
TS,8,20250802,20250829,trim_r1_to_r2,TSAL20250802_0830_staticAndStaticFree001,8,True,,
TS,8,20250802,20250829,trim_r1_to_r2,TSAL20250802_0830_staticAndStaticFree001,9,True,,
TS,8,20250802,20250829,trim_r1_to_r2,TSAL20250802_0830_staticAndStaticFree001,10,True,,
TS,8,20250802,20250829,trim_r1_to_r2,TSAL20250802_0830_staticAndStaticFree001,11,True,,
TS,8,20250802,20250829,trim_r1_to_r2,TSAL20250802_0830_staticAndStaticFree001,12,True,,
TS,8,20250802,20250829,trim_r1_to_r2,TSAL20250802_0830_staticAndStaticFree001,13,True,,
TS,8,20250802,20250829,trim_r1_to_r2,TSAL20250802_0830_staticAndStaticFree001,14,True,,
TS,8,20250802,20250829,trim_r1_to_r2,TSAL20250802_0830_staticAndStaticFree001,15,True,,
TS,8,20250802,20250829,trim_r1_to_r2,TSAL20250802_0830_staticAndStaticFree001,16,True,,
TS,8,20250802,20250829,trim_r1_to_r2,TSAL20250802_0830_staticAndStaticFree001,17,True,,
TS,8,20250802,20250829,trim_r1_to_r2,TSAL20250802_0830_staticAndStaticFree001,18,True,,
TS,8,20250802,20250829,trim_r1_to_r2,TSAL20250802_0830_staticAndStaticFree001,19,True,,
TS,8,20250802,20250829,trim_r1_to_r2,TSAL20250802_0830_staticAndStaticFree001,20,True,,
TS,8,20250802,20250829,trim_r1_to_r2,TSAL20250802_0830_staticAndStaticFree001,21,True,,
TS,8,20250802,20250829,trim_r1_to_r2,TSAL20250802_0830_staticAndStaticFree001,22,True,,
TS,8,20250802,20250829,trim_r1_to_r2,TSAL20250802_0830_staticAndStaticFree001,23,True,,
TS,8,20250802,20250829,trim_r1_to_r2,TSAL20250802_0830_staticAndStaticFree001,24,True,,
TS,8,20250802,20250829,trim_r1_to_r2,TSAL20250802_0830_staticAndStaticFree001,25,True,,
TS,8,20250802,20250829,trim_r1_to_r2,TSAL20250802_0830_staticAndStaticFree001,26,True,,
TS,8,20250802,20250829,trim_r1_to_r2,TSAL20250802_0830_staticAndStaticFree001,27,True,,
TS,8,20250802,20250829,trim_r1_to_r2,TSAL20250802_0830_staticAndStaticFree001,28,True,,
TS,8,20250802,20250829,trim_r1_to_r2,TSAL20250802_0830_staticAndStaticFree001,29,True,,
TS,8,20250802,20250829,trim_r1_to_r2,TSAL20250802_0830_staticAndStaticFree001,30,True,,
TS,8,20250802,20250829,trim_r1_to_r2,TSAL20250802_0830_staticAndStaticFree001,31,True,,
TS,8,20250802,20250829,trim_r1_to_r2,TSAL20250802_0830_staticAndStaticFree001,32,True,,
TS,8,20250802,20250829,trim_r1_to_r2,TSAL20250802_0830_staticAndStaticFree001,33,True,,
TS,8,20250802,20250829,trim_r1_to_r2,TSAL20250802_0830_staticAndStaticFree001,34,True,,
TS,8,20250802,20250829,trim_r1_to_r2,TSAL20250802_0830_staticAndStaticFree001,35,True,,
TS,8,20250802,20250829,trim_r1_to_r2,TSAL20250802_0830_staticAndStaticFree001,36,True,,
TS,8,20250802,20250829,trim_r1_to_r2,TSAL20250802_0830_staticAndStaticFree001,37,True,,
TS,8,20250802,20250829,trim_r1_to_r2,TSAL20250802_0830_staticAndStaticFree001,38,True,,
TS,8,20250802,20250829,trim_r1_to_r2,TSAL20250802_0830_staticAndStaticFree001,39,True,,
TS,8,20250802,20250829,trim_r1_to_r2,TSAL20250802_0830_staticAndStaticFree001,40,True,,
TS,8,20250802,20250829,trim_r1_to_r2,TSAL20250802_0830_staticAndStaticFree001,41,True,,
TS,8,20250802,20250829,trim_r1_to_r2,TSAL20250802_0830_staticAndStaticFree001,42,True,,
TS,8,20250802,20250829,trim_r1_to_r2,TSAL20250802_0830_staticAndStaticFree001,43,True,,
TS,8,20250802,20250829,trim_r1_to_r2,TSAL20250802_0830_staticAndStaticFree001,44,True,,
TS,8,20250802,20250829,trim_r1_to_r2,TSAL20250802_0830_staticAndStaticFree001,45,True,,
TS,8,20250802,20250829,trim_r1_to_r2,TSAL20250802_0830_staticAndStaticFree001,46,True,,
TS,8,20250802,20250829,trim_r1_to_r2,TSAL20250802_0830_staticAndStaticFree001,47,True,,
TS,8,20250802,20250829,trim_r1_to_r2,TSAL20250802_0830_staticAndStaticFree001,48,True,,
TS,8,20250802,20250829,trim_r1_to_r2,TSAL20250802_0830_staticAndStaticFree001,49,True,,
TS,8,20250802,20250829,trim_r1_to_r2,TSAL20250802_0830_staticAndStaticFree001,50,True,,
TS,8,20250802,20250829,trim_r1_to_r2,TSAL20250802_0830_staticAndStaticFree001,51,True,,
TS,8,20250802,20250829,trim_r1_to_r2,TSAL20250802_0830_staticAndStaticFree001,52,True,,
TS,8,20250802,20250829,trim_r1_to_r2,TSAL20250802_0830_staticAndStaticFree001,53,True,,
TS,8,20250802,20250829,trim_r1_to_r2,TSAL20250802_0830_staticAndStaticFree001,54,True,,
TS,8,20250802,20250829,trim_r1_to_r2,TSAL20250802_0830_staticAndStaticFree001,55,True,,
TS,8,20250802,20250829,trim_r1_to_r2,TSAL20250802_0830_staticAndStaticFree001,56,True,,
TS,8,20250802,20250829,trim_r1_to_r2,TSAL20250802_0830_staticAndStaticFree001,57,True,,
TS,8,20250802,20250829,trim_r1_to_r2,TSAL20250802_0830_staticAndStaticFree001,58,True,,
TS,8,20250802,20250829,trim_r1_to_r2,TSAL20250802_0830_staticAndStaticFree001,59,True,,
TS,8,20250802,20250829,trim_r1_to_r2,TSAL20250802_0830_staticAndStaticFree001,61,True,,
TS,8,20250802,20250829,trim_r1_to_r2,TSAL20250802_0830_staticAndStaticFree001,62,True,,
TS,8,20250802,20250829,trim_r1_to_r2,TSAL20250802_0830_staticAndStaticFree001,63,True,,
TS,8,20250802,20250829,trim_r1_to_r2,TSAL20250802_0830_staticAndStaticFree001,64,True,,
TS,8,20250802,20250829,trim_r1_to_r2,TSAL20250802_0830_staticAndStaticFree001,65,True,,
TS,8,20250802,20250829,trim_r1_to_r2,TSAL20250802_0830_staticAndStaticFree001,66,True,,
TS,8,20250802,20250829,trim_r1_to_r2,TSAL20250802_0830_staticAndStaticFree001,67,True,,
TS,8,20250802,20250829,trim_r1_to_r2,TSAL20250802_0830_staticAndStaticFree001,68,True,,
TS,8,20250802,20250829,trim_r1_to_r2,TSAL20250802_0830_staticAndStaticFree001,69,True,,
TS,8,20250802,20250829,trim_r1_to_r2,TSAL20250802_0830_staticAndStaticFree001,70,True,,
TS,8,20250802,20250829,trim_r1_to_r2,TSAL20250802_0830_staticAndStaticFree001,72,True,,
TS,8,20250802,20250829,trim_r1_to_r2,TSAL20250802_0830_staticAndStaticFree001,73,True,,
TS,8,20250802,20250829,trim_r1_to_r2,TSAL20250802_0830_staticAndStaticFree001,74,True,,
TS,8,20250802,20250829,trim_r1_to_r2,TSAL20250802_0830_staticAndStaticFree001,75,True,,
TS,8,20250802,20250829,trim_r1_to_r2,TSAL20250802_0830_staticAndStaticFree001,77,True,,
TS,8,20250802,20250829,trim_r1_to_r2,TSAL20250802_0830_staticAndStaticFree001,78,True,,
TS,8,20250802,20250829,trim_r1_to_r2,TSAL20250802_0830_staticAndStaticFree001,82,True,,
TS,8,20250802,20250829,trim_r1_to_r2,TSAL20250802_0830_staticAndStaticFree001,83,True,,
TS,9,20250802,20250830,trim_r2_to_r1,TSAL20250830_0830_interferenceAndInterferenceFree001,1,True,,
TS,9,20250802,20250830,trim_r2_to_r1,TSAL20250830_0830_interferenceAndInterferenceFree001,2,True,,
TS,9,20250802,20250830,trim_r2_to_r1,TSAL20250830_0830_interferenceAndInterferenceFree001,3,True,,
TS,9,20250802,20250830,trim_r2_to_r1,TSAL20250830_0830_interferenceAndInterferenceFree001,4,True,,
TS,9,20250802,20250830,trim_r2_to_r1,TSAL20250830_0830_interferenceAndInterferenceFree001,5,True,,
TS,9,20250802,20250830,trim_r2_to_r1,TSAL20250830_0830_interferenceAndInterferenceFree001,6,True,,
TS,9,20250802,20250830,trim_r2_to_r1,TSAL20250830_0830_interferenceAndInterferenceFree001,7,True,,
TS,9,20250802,20250830,trim_r2_to_r1,TSAL20250830_0830_interferenceAndInterferenceFree001,8,True,,
TS,9,20250802,20250830,trim_r2_to_r1,TSAL20250830_0830_interferenceAndInterferenceFree001,9,True,,
TS,9,20250802,20250830,trim_r2_to_r1,TSAL20250830_0830_interferenceAndInterferenceFree001,10,True,,
TS,9,20250802,20250830,trim_r2_to_r1,TSAL20250830_0830_interferenceAndInterferenceFree001,12,True,,
TS,9,20250802,20250830,trim_r2_to_r1,TSAL20250830_0830_interferenceAndInterferenceFree001,13,True,,
TS,9,20250802,20250830,trim_r2_to_r1,TSAL20250830_0830_interferenceAndInterferenceFree001,14,True,,
TS,9,20250802,20250830,trim_r2_to_r1,TSAL20250830_0830_interferenceAndInterferenceFree001,15,True,,
TS,9,20250802,20250830,trim_r2_to_r1,TSAL20250830_0830_interferenceAndInterferenceFree001,16,True,,
TS,9,20250802,20250830,trim_r2_to_r1,TSAL20250830_0830_interferenceAndInterferenceFree001,17,False,1.0,1.0492151016052262
TS,9,20250802,20250830,trim_r2_to_r1,TSAL20250830_0830_interferenceAndInterferenceFree001,18,True,,
TS,9,20250802,20250830,trim_r2_to_r1,TSAL20250830_0830_interferenceAndInterferenceFree001,19,True,,
TS,9,20250802,20250830,trim_r2_to_r1,TSAL20250830_0830_interferenceAndInterferenceFree001,20,True,,
TS,9,20250802,20250830,trim_r2_to_r1,TSAL20250830_0830_interferenceAndInterferenceFree001,21,True,,
TS,9,20250802,20250830,trim_r2_to_r1,TSAL20250830_0830_interferenceAndInterferenceFree001,23,True,,
TS,9,20250802,20250830,trim_r2_to_r1,TSAL20250830_0830_interferenceAndInterferenceFree001,24,True,,
TS,9,20250802,20250830,trim_r2_to_r1,TSAL20250830_0830_interferenceAndInterferenceFree001,25,True,,
TS,9,20250802,20250830,trim_r2_to_r1,TSAL20250830_0830_interferenceAndInterferenceFree001,26,True,,
TS,9,20250802,20250830,trim_r2_to_r1,TSAL20250830_0830_interferenceAndInterferenceFree001,27,True,,
TS,9,20250802,20250830,trim_r2_to_r1,TSAL20250830_0830_interferenceAndInterferenceFree001,28,False,2.0,1.0247479159019566
TS,9,20250802,20250830,trim_r2_to_r1,TSAL20250830_0830_interferenceAndInterferenceFree001,29,True,,
TS,9,20250802,20250830,trim_r2_to_r1,TSAL20250830_0830_interferenceAndInterferenceFree001,30,True,,
TS,9,20250802,20250830,trim_r2_to_r1,TSAL20250830_0830_interferenceAndInterferenceFree001,31,True,,
TS,9,20250802,20250830,trim_r2_to_r1,TSAL20250830_0830_interferenceAndInterferenceFree001,32,True,,
TS,9,20250802,20250830,trim_r2_to_r1,TSAL20250830_0830_interferenceAndInterferenceFree001,33,True,,
TS,9,20250802,20250830,trim_r2_to_r1,TSAL20250830_0830_interferenceAndInterferenceFree001,34,True,,
TS,9,20250802,20250830,trim_r2_to_r1,TSAL20250830_0830_interferenceAndInterferenceFree001,35,True,,
TS,9,20250802,20250830,trim_r2_to_r1,TSAL20250830_0830_interferenceAndInterferenceFree001,36,True,,
TS,9,20250802,20250830,trim_r2_to_r1,TSAL20250830_0830_interferenceAndInterferenceFree001,37,True,,
TS,9,20250802,20250830,trim_r2_to_r1,TSAL20250830_0830_interferenceAndInterferenceFree001,38,True,,
TS,9,20250802,20250830,trim_r2_to_r1,TSAL20250830_0830_interferenceAndInterferenceFree001,40,True,,
TS,9,20250802,20250830,trim_r2_to_r1,TSAL20250830_0830_interferenceAndInterferenceFree001,41,True,,
TS,9,20250802,20250830,trim_r2_to_r1,TSAL20250830_0830_interferenceAndInterferenceFree001,42,True,,
TS,9,20250802,20250830,trim_r2_to_r1,TSAL20250830_0830_interferenceAndInterferenceFree001,43,True,,
TS,9,20250802,20250830,trim_r2_to_r1,TSAL20250830_0830_interferenceAndInterferenceFree001,44,False,3.0,0.9620676372370269
TS,9,20250802,20250830,trim_r2_to_r1,TSAL20250830_0830_interferenceAndInterferenceFree001,45,False,6.0,0.9112092901601999
TS,9,20250802,20250830,trim_r2_to_r1,TSAL20250830_0830_interferenceAndInterferenceFree001,46,True,,
TS,9,20250802,20250830,trim_r2_to_r1,TSAL20250830_0830_interferenceAndInterferenceFree001,47,True,,
TS,9,20250802,20250830,trim_r2_to_r1,TSAL20250830_0830_interferenceAndInterferenceFree001,48,True,,
TS,9,20250802,20250830,trim_r2_to_r1,TSAL20250830_0830_interferenceAndInterferenceFree001,49,True,,
TS,9,20250802,20250830,trim_r2_to_r1,TSAL20250830_0830_interferenceAndInterferenceFree001,50,True,,
TS,9,20250802,20250830,trim_r2_to_r1,TSAL20250830_0830_interferenceAndInterferenceFree001,52,True,,
TS,9,20250802,20250830,trim_r2_to_r1,TSAL20250830_0830_interferenceAndInterferenceFree001,53,True,,
TS,9,20250802,20250830,trim_r2_to_r1,TSAL20250830_0830_interferenceAndInterferenceFree001,54,True,,
TS,9,20250802,20250830,trim_r2_to_r1,TSAL20250830_0830_interferenceAndInterferenceFree001,55,True,,
TS,9,20250802,20250830,trim_r2_to_r1,TSAL20250830_0830_interferenceAndInterferenceFree001,56,True,,
TS,9,20250802,20250830,trim_r2_to_r1,TSAL20250830_0830_interferenceAndInterferenceFree001,57,True,,
TS,9,20250802,20250830,trim_r2_to_r1,TSAL20250830_0830_interferenceAndInterferenceFree001,58,True,,
TS,9,20250802,20250830,trim_r2_to_r1,TSAL20250830_0830_interferenceAndInterferenceFree001,60,True,,
TS,9,20250802,20250830,trim_r2_to_r1,TSAL20250830_0830_interferenceAndInterferenceFree001,61,True,,
TS,9,20250802,20250830,trim_r2_to_r1,TSAL20250830_0830_interferenceAndInterferenceFree001,62,True,,
TS,9,20250802,20250830,trim_r2_to_r1,TSAL20250830_0830_interferenceAndInterferenceFree001,63,True,,
TS,9,20250802,20250830,trim_r2_to_r1,TSAL20250830_0830_interferenceAndInterferenceFree001,64,True,,
TS,9,20250802,20250830,trim_r2_to_r1,TSAL20250830_0830_interferenceAndInterferenceFree001,65,True,,
TS,9,20250802,20250830,trim_r2_to_r1,TSAL20250830_0830_interferenceAndInterferenceFree001,66,True,,
TS,9,20250802,20250830,trim_r2_to_r1,TSAL20250830_0830_interferenceAndInterferenceFree001,67,True,,
TS,9,20250802,20250830,trim_r2_to_r1,TSAL20250830_0830_interferenceAndInterferenceFree001,68,False,4.0,0.9281237245193258
TS,9,20250802,20250830,trim_r2_to_r1,TSAL20250830_0830_interferenceAndInterferenceFree001,69,True,,
TS,9,20250802,20250830,trim_r2_to_r1,TSAL20250830_0830_interferenceAndInterferenceFree001,70,False,5.0,0.9171297549018407
TS,9,20250802,20250830,trim_r2_to_r1,TSAL20250830_0830_interferenceAndInterferenceFree001,71,True,,
TS,9,20250802,20250830,trim_r2_to_r1,TSAL20250830_0830_interferenceAndInterferenceFree001,72,True,,
TS,9,20250802,20250830,trim_r2_to_r1,TSAL20250830_0830_interferenceAndInterferenceFree001,73,True,,
TS,9,20250802,20250830,trim_r2_to_r1,TSAL20250830_0830_interferenceAndInterferenceFree001,74,True,,
TS,9,20250802,20250830,trim_r2_to_r1,TSAL20250830_0830_interferenceAndInterferenceFree001,75,True,,
TS,9,20250802,20250830,trim_r2_to_r1,TSAL20250830_0830_interferenceAndInterferenceFree001,76,True,,
TS,9,20250802,20250830,trim_r2_to_r1,TSAL20250830_0830_interferenceAndInterferenceFree001,77,True,,
TS,9,20250802,20250830,trim_r2_to_r1,TSAL20250830_0830_interferenceAndInterferenceFree001,79,True,,
TS,9,20250802,20250830,trim_r2_to_r1,TSAL20250830_0830_interferenceAndInterferenceFree001,81,True,,
TS,9,20250802,20250830,trim_r2_to_r1,TSAL20250830_0830_interferenceAndInterferenceFree001,82,True,,
TS,9,20250802,20250830,trim_r2_to_r1,TSAL20250830_0830_interferenceAndInterferenceFree001,83,True,,
TS,9,20250802,20250830,trim_r2_to_r1,TSAL20250830_0830_interferenceAndInterferenceFree001,86,True,,
TS,9,20250802,20250830,trim_r2_to_r1,TSAL20250830_0830_interferenceAndInterferenceFree001,87,True,,
TS,9,20250802,20250830,trim_r2_to_r1,TSAL20250830_0830_interferenceAndInterferenceFree001,88,True,,
TS,9,20250802,20250830,trim_r1_to_r2,TSAL20250802_0830_staticAndStaticFree001,1,True,,
TS,9,20250802,20250830,trim_r1_to_r2,TSAL20250802_0830_staticAndStaticFree001,2,True,,
TS,9,20250802,20250830,trim_r1_to_r2,TSAL20250802_0830_staticAndStaticFree001,3,True,,
TS,9,20250802,20250830,trim_r1_to_r2,TSAL20250802_0830_staticAndStaticFree001,4,True,,
TS,9,20250802,20250830,trim_r1_to_r2,TSAL20250802_0830_staticAndStaticFree001,5,True,,
TS,9,20250802,20250830,trim_r1_to_r2,TSAL20250802_0830_staticAndStaticFree001,8,True,,
TS,9,20250802,20250830,trim_r1_to_r2,TSAL20250802_0830_staticAndStaticFree001,9,True,,
TS,9,20250802,20250830,trim_r1_to_r2,TSAL20250802_0830_staticAndStaticFree001,10,True,,
TS,9,20250802,20250830,trim_r1_to_r2,TSAL20250802_0830_staticAndStaticFree001,11,True,,
TS,9,20250802,20250830,trim_r1_to_r2,TSAL20250802_0830_staticAndStaticFree001,12,True,,
TS,9,20250802,20250830,trim_r1_to_r2,TSAL20250802_0830_staticAndStaticFree001,13,True,,
TS,9,20250802,20250830,trim_r1_to_r2,TSAL20250802_0830_staticAndStaticFree001,14,True,,
TS,9,20250802,20250830,trim_r1_to_r2,TSAL20250802_0830_staticAndStaticFree001,15,True,,
TS,9,20250802,20250830,trim_r1_to_r2,TSAL20250802_0830_staticAndStaticFree001,16,True,,
TS,9,20250802,20250830,trim_r1_to_r2,TSAL20250802_0830_staticAndStaticFree001,17,True,,
TS,9,20250802,20250830,trim_r1_to_r2,TSAL20250802_0830_staticAndStaticFree001,18,True,,
TS,9,20250802,20250830,trim_r1_to_r2,TSAL20250802_0830_staticAndStaticFree001,19,True,,
TS,9,20250802,20250830,trim_r1_to_r2,TSAL20250802_0830_staticAndStaticFree001,20,True,,
TS,9,20250802,20250830,trim_r1_to_r2,TSAL20250802_0830_staticAndStaticFree001,21,True,,
TS,9,20250802,20250830,trim_r1_to_r2,TSAL20250802_0830_staticAndStaticFree001,22,True,,
TS,9,20250802,20250830,trim_r1_to_r2,TSAL20250802_0830_staticAndStaticFree001,23,True,,
TS,9,20250802,20250830,trim_r1_to_r2,TSAL20250802_0830_staticAndStaticFree001,24,True,,
TS,9,20250802,20250830,trim_r1_to_r2,TSAL20250802_0830_staticAndStaticFree001,25,True,,
TS,9,20250802,20250830,trim_r1_to_r2,TSAL20250802_0830_staticAndStaticFree001,26,True,,
TS,9,20250802,20250830,trim_r1_to_r2,TSAL20250802_0830_staticAndStaticFree001,27,True,,
TS,9,20250802,20250830,trim_r1_to_r2,TSAL20250802_0830_staticAndStaticFree001,28,True,,
TS,9,20250802,20250830,trim_r1_to_r2,TSAL20250802_0830_staticAndStaticFree001,29,True,,
TS,9,20250802,20250830,trim_r1_to_r2,TSAL20250802_0830_staticAndStaticFree001,30,True,,
TS,9,20250802,20250830,trim_r1_to_r2,TSAL20250802_0830_staticAndStaticFree001,31,True,,
TS,9,20250802,20250830,trim_r1_to_r2,TSAL20250802_0830_staticAndStaticFree001,32,True,,
TS,9,20250802,20250830,trim_r1_to_r2,TSAL20250802_0830_staticAndStaticFree001,33,True,,
TS,9,20250802,20250830,trim_r1_to_r2,TSAL20250802_0830_staticAndStaticFree001,34,True,,
TS,9,20250802,20250830,trim_r1_to_r2,TSAL20250802_0830_staticAndStaticFree001,35,True,,
TS,9,20250802,20250830,trim_r1_to_r2,TSAL20250802_0830_staticAndStaticFree001,36,True,,
TS,9,20250802,20250830,trim_r1_to_r2,TSAL20250802_0830_staticAndStaticFree001,37,True,,
TS,9,20250802,20250830,trim_r1_to_r2,TSAL20250802_0830_staticAndStaticFree001,38,True,,
TS,9,20250802,20250830,trim_r1_to_r2,TSAL20250802_0830_staticAndStaticFree001,39,True,,
TS,9,20250802,20250830,trim_r1_to_r2,TSAL20250802_0830_staticAndStaticFree001,40,True,,
TS,9,20250802,20250830,trim_r1_to_r2,TSAL20250802_0830_staticAndStaticFree001,41,True,,
TS,9,20250802,20250830,trim_r1_to_r2,TSAL20250802_0830_staticAndStaticFree001,42,True,,
TS,9,20250802,20250830,trim_r1_to_r2,TSAL20250802_0830_staticAndStaticFree001,43,True,,
TS,9,20250802,20250830,trim_r1_to_r2,TSAL20250802_0830_staticAndStaticFree001,44,True,,
TS,9,20250802,20250830,trim_r1_to_r2,TSAL20250802_0830_staticAndStaticFree001,45,True,,
TS,9,20250802,20250830,trim_r1_to_r2,TSAL20250802_0830_staticAndStaticFree001,46,True,,
TS,9,20250802,20250830,trim_r1_to_r2,TSAL20250802_0830_staticAndStaticFree001,47,True,,
TS,9,20250802,20250830,trim_r1_to_r2,TSAL20250802_0830_staticAndStaticFree001,48,True,,
TS,9,20250802,20250830,trim_r1_to_r2,TSAL20250802_0830_staticAndStaticFree001,49,True,,
TS,9,20250802,20250830,trim_r1_to_r2,TSAL20250802_0830_staticAndStaticFree001,50,True,,
TS,9,20250802,20250830,trim_r1_to_r2,TSAL20250802_0830_staticAndStaticFree001,51,True,,
TS,9,20250802,20250830,trim_r1_to_r2,TSAL20250802_0830_staticAndStaticFree001,52,True,,
TS,9,20250802,20250830,trim_r1_to_r2,TSAL20250802_0830_staticAndStaticFree001,53,True,,
TS,9,20250802,20250830,trim_r1_to_r2,TSAL20250802_0830_staticAndStaticFree001,54,True,,
TS,9,20250802,20250830,trim_r1_to_r2,TSAL20250802_0830_staticAndStaticFree001,55,True,,
TS,9,20250802,20250830,trim_r1_to_r2,TSAL20250802_0830_staticAndStaticFree001,56,True,,
TS,9,20250802,20250830,trim_r1_to_r2,TSAL20250802_0830_staticAndStaticFree001,57,True,,
TS,9,20250802,20250830,trim_r1_to_r2,TSAL20250802_0830_staticAndStaticFree001,58,True,,
TS,9,20250802,20250830,trim_r1_to_r2,TSAL20250802_0830_staticAndStaticFree001,59,True,,
TS,9,20250802,20250830,trim_r1_to_r2,TSAL20250802_0830_staticAndStaticFree001,61,True,,
TS,9,20250802,20250830,trim_r1_to_r2,TSAL20250802_0830_staticAndStaticFree001,62,True,,
TS,9,20250802,20250830,trim_r1_to_r2,TSAL20250802_0830_staticAndStaticFree001,63,True,,
TS,9,20250802,20250830,trim_r1_to_r2,TSAL20250802_0830_staticAndStaticFree001,64,True,,
TS,9,20250802,20250830,trim_r1_to_r2,TSAL20250802_0830_staticAndStaticFree001,65,True,,
TS,9,20250802,20250830,trim_r1_to_r2,TSAL20250802_0830_staticAndStaticFree001,66,True,,
TS,9,20250802,20250830,trim_r1_to_r2,TSAL20250802_0830_staticAndStaticFree001,67,True,,
TS,9,20250802,20250830,trim_r1_to_r2,TSAL20250802_0830_staticAndStaticFree001,68,True,,
TS,9,20250802,20250830,trim_r1_to_r2,TSAL20250802_0830_staticAndStaticFree001,69,True,,
TS,9,20250802,20250830,trim_r1_to_r2,TSAL20250802_0830_staticAndStaticFree001,70,True,,
TS,9,20250802,20250830,trim_r1_to_r2,TSAL20250802_0830_staticAndStaticFree001,72,True,,
TS,9,20250802,20250830,trim_r1_to_r2,TSAL20250802_0830_staticAndStaticFree001,73,True,,
TS,9,20250802,20250830,trim_r1_to_r2,TSAL20250802_0830_staticAndStaticFree001,74,True,,
TS,9,20250802,20250830,trim_r1_to_r2,TSAL20250802_0830_staticAndStaticFree001,75,True,,
TS,9,20250802,20250830,trim_r1_to_r2,TSAL20250802_0830_staticAndStaticFree001,77,True,,
TS,9,20250802,20250830,trim_r1_to_r2,TSAL20250802_0830_staticAndStaticFree001,78,True,,
TS,9,20250802,20250830,trim_r1_to_r2,TSAL20250802_0830_staticAndStaticFree001,82,True,,
TS,9,20250802,20250830,trim_r1_to_r2,TSAL20250802_0830_staticAndStaticFree001,83,True,,
TS,10,20250803,20250828,trim_r2_to_r1,TSAL20250828_0830_interferenceAndInterferenceFree001,0,False,13.0,0.9328758805711543
TS,10,20250803,20250828,trim_r2_to_r1,TSAL20250828_0830_interferenceAndInterferenceFree001,1,False,27.0,0.8804520818664984
TS,10,20250803,20250828,trim_r2_to_r1,TSAL20250828_0830_interferenceAndInterferenceFree001,2,False,23.0,0.8916672805300823
TS,10,20250803,20250828,trim_r2_to_r1,TSAL20250828_0830_interferenceAndInterferenceFree001,3,False,44.0,0.8262183746977938
TS,10,20250803,20250828,trim_r2_to_r1,TSAL20250828_0830_interferenceAndInterferenceFree001,4,False,47.0,0.8314179151540733
TS,10,20250803,20250828,trim_r2_to_r1,TSAL20250828_0830_interferenceAndInterferenceFree001,5,False,17.0,0.9193654957714394
TS,10,20250803,20250828,trim_r2_to_r1,TSAL20250828_0830_interferenceAndInterferenceFree001,6,False,31.0,0.8727619226993827
TS,10,20250803,20250828,trim_r2_to_r1,TSAL20250828_0830_interferenceAndInterferenceFree001,7,False,28.0,0.879892038343384
TS,10,20250803,20250828,trim_r2_to_r1,TSAL20250828_0830_interferenceAndInterferenceFree001,8,False,22.0,0.8929268714063134
TS,10,20250803,20250828,trim_r2_to_r1,TSAL20250828_0830_interferenceAndInterferenceFree001,9,False,16.0,0.9278487054730683
TS,10,20250803,20250828,trim_r2_to_r1,TSAL20250828_0830_interferenceAndInterferenceFree001,10,False,7.0,0.9687159576304307
TS,10,20250803,20250828,trim_r2_to_r1,TSAL20250828_0830_interferenceAndInterferenceFree001,11,False,8.0,0.9662147508901726
TS,10,20250803,20250828,trim_r2_to_r1,TSAL20250828_0830_interferenceAndInterferenceFree001,12,False,19.0,0.8912185866766044
TS,10,20250803,20250828,trim_r2_to_r1,TSAL20250828_0830_interferenceAndInterferenceFree001,13,False,26.0,0.8820106986332331
TS,10,20250803,20250828,trim_r2_to_r1,TSAL20250828_0830_interferenceAndInterferenceFree001,14,False,21.0,0.8962151769012942
TS,10,20250803,20250828,trim_r2_to_r1,TSAL20250828_0830_interferenceAndInterferenceFree001,15,False,30.0,0.8792597486797697
TS,10,20250803,20250828,trim_r2_to_r1,TSAL20250828_0830_interferenceAndInterferenceFree001,16,False,32.0,0.8780444139241316
TS,10,20250803,20250828,trim_r2_to_r1,TSAL20250828_0830_interferenceAndInterferenceFree001,17,False,34.0,0.8691568513896865
TS,10,20250803,20250828,trim_r2_to_r1,TSAL20250828_0830_interferenceAndInterferenceFree001,18,False,20.0,0.8941206103798168
TS,10,20250803,20250828,trim_r2_to_r1,TSAL20250828_0830_interferenceAndInterferenceFree001,19,False,25.0,0.8853457713729647
TS,10,20250803,20250828,trim_r2_to_r1,TSAL20250828_0830_interferenceAndInterferenceFree001,20,False,46.0,0.823236071524928
TS,10,20250803,20250828,trim_r2_to_r1,TSAL20250828_0830_interferenceAndInterferenceFree001,21,False,33.0,0.8790074500641246
TS,10,20250803,20250828,trim_r2_to_r1,TSAL20250828_0830_interferenceAndInterferenceFree001,22,False,29.0,0.8768629287314258
TS,10,20250803,20250828,trim_r2_to_r1,TSAL20250828_0830_interferenceAndInterferenceFree001,23,False,35.0,0.8639319721548765
TS,10,20250803,20250828,trim_r2_to_r1,TSAL20250828_0830_interferenceAndInterferenceFree001,24,False,54.0,0.7774076297380569
TS,10,20250803,20250828,trim_r2_to_r1,TSAL20250828_0830_interferenceAndInterferenceFree001,25,True,,
TS,10,20250803,20250828,trim_r2_to_r1,TSAL20250828_0830_interferenceAndInterferenceFree001,26,True,,
TS,10,20250803,20250828,trim_r2_to_r1,TSAL20250828_0830_interferenceAndInterferenceFree001,27,False,1.0,1.1038034032743222
TS,10,20250803,20250828,trim_r2_to_r1,TSAL20250828_0830_interferenceAndInterferenceFree001,28,True,,
TS,10,20250803,20250828,trim_r2_to_r1,TSAL20250828_0830_interferenceAndInterferenceFree001,29,True,,
TS,10,20250803,20250828,trim_r2_to_r1,TSAL20250828_0830_interferenceAndInterferenceFree001,30,True,,
TS,10,20250803,20250828,trim_r2_to_r1,TSAL20250828_0830_interferenceAndInterferenceFree001,31,False,55.0,0.7519135769002167
TS,10,20250803,20250828,trim_r2_to_r1,TSAL20250828_0830_interferenceAndInterferenceFree001,32,True,,
TS,10,20250803,20250828,trim_r2_to_r1,TSAL20250828_0830_interferenceAndInterferenceFree001,33,True,,
TS,10,20250803,20250828,trim_r2_to_r1,TSAL20250828_0830_interferenceAndInterferenceFree001,34,True,,
TS,10,20250803,20250828,trim_r2_to_r1,TSAL20250828_0830_interferenceAndInterferenceFree001,35,True,,
TS,10,20250803,20250828,trim_r2_to_r1,TSAL20250828_0830_interferenceAndInterferenceFree001,36,True,,
TS,10,20250803,20250828,trim_r2_to_r1,TSAL20250828_0830_interferenceAndInterferenceFree001,37,True,,
TS,10,20250803,20250828,trim_r2_to_r1,TSAL20250828_0830_interferenceAndInterferenceFree001,38,False,53.0,0.8001658372252908
TS,10,20250803,20250828,trim_r2_to_r1,TSAL20250828_0830_interferenceAndInterferenceFree001,42,True,,
TS,10,20250803,20250828,trim_r2_to_r1,TSAL20250828_0830_interferenceAndInterferenceFree001,43,True,,
TS,10,20250803,20250828,trim_r2_to_r1,TSAL20250828_0830_interferenceAndInterferenceFree001,44,True,,
TS,10,20250803,20250828,trim_r2_to_r1,TSAL20250828_0830_interferenceAndInterferenceFree001,45,True,,
TS,10,20250803,20250828,trim_r2_to_r1,TSAL20250828_0830_interferenceAndInterferenceFree001,46,True,,
TS,10,20250803,20250828,trim_r2_to_r1,TSAL20250828_0830_interferenceAndInterferenceFree001,47,True,,
TS,10,20250803,20250828,trim_r2_to_r1,TSAL20250828_0830_interferenceAndInterferenceFree001,48,True,,
TS,10,20250803,20250828,trim_r2_to_r1,TSAL20250828_0830_interferenceAndInterferenceFree001,49,True,,
TS,10,20250803,20250828,trim_r2_to_r1,TSAL20250828_0830_interferenceAndInterferenceFree001,50,False,39.0,0.8451810198104147
TS,10,20250803,20250828,trim_r2_to_r1,TSAL20250828_0830_interferenceAndInterferenceFree001,51,True,,
TS,10,20250803,20250828,trim_r2_to_r1,TSAL20250828_0830_interferenceAndInterferenceFree001,52,True,,
TS,10,20250803,20250828,trim_r2_to_r1,TSAL20250828_0830_interferenceAndInterferenceFree001,53,True,,
TS,10,20250803,20250828,trim_r2_to_r1,TSAL20250828_0830_interferenceAndInterferenceFree001,54,True,,
TS,10,20250803,20250828,trim_r2_to_r1,TSAL20250828_0830_interferenceAndInterferenceFree001,55,False,57.0,0.730047726021223
TS,10,20250803,20250828,trim_r2_to_r1,TSAL20250828_0830_interferenceAndInterferenceFree001,56,True,,
TS,10,20250803,20250828,trim_r2_to_r1,TSAL20250828_0830_interferenceAndInterferenceFree001,57,False,56.0,0.7383805941377649
TS,10,20250803,20250828,trim_r2_to_r1,TSAL20250828_0830_interferenceAndInterferenceFree001,58,True,,
TS,10,20250803,20250828,trim_r2_to_r1,TSAL20250828_0830_interferenceAndInterferenceFree001,59,True,,
TS,10,20250803,20250828,trim_r2_to_r1,TSAL20250828_0830_interferenceAndInterferenceFree001,60,True,,
TS,10,20250803,20250828,trim_r2_to_r1,TSAL20250828_0830_interferenceAndInterferenceFree001,61,True,,
TS,10,20250803,20250828,trim_r2_to_r1,TSAL20250828_0830_interferenceAndInterferenceFree001,62,False,4.0,1.012928335512573
TS,10,20250803,20250828,trim_r2_to_r1,TSAL20250828_0830_interferenceAndInterferenceFree001,63,False,41.0,0.8418997327030424
TS,10,20250803,20250828,trim_r2_to_r1,TSAL20250828_0830_interferenceAndInterferenceFree001,64,True,,
TS,10,20250803,20250828,trim_r2_to_r1,TSAL20250828_0830_interferenceAndInterferenceFree001,65,False,3.0,1.0239435849859566
TS,10,20250803,20250828,trim_r2_to_r1,TSAL20250828_0830_interferenceAndInterferenceFree001,66,False,58.0,0.7248945605762349
TS,10,20250803,20250828,trim_r2_to_r1,TSAL20250828_0830_interferenceAndInterferenceFree001,67,True,,
TS,10,20250803,20250828,trim_r2_to_r1,TSAL20250828_0830_interferenceAndInterferenceFree001,68,True,,
TS,10,20250803,20250828,trim_r2_to_r1,TSAL20250828_0830_interferenceAndInterferenceFree001,69,True,,
TS,10,20250803,20250828,trim_r2_to_r1,TSAL20250828_0830_interferenceAndInterferenceFree001,70,False,14.0,0.9276525249902825
TS,10,20250803,20250828,trim_r2_to_r1,TSAL20250828_0830_interferenceAndInterferenceFree001,71,False,37.0,0.857070553871851
TS,10,20250803,20250828,trim_r2_to_r1,TSAL20250828_0830_interferenceAndInterferenceFree001,72,False,43.0,0.8277946323517075
TS,10,20250803,20250828,trim_r2_to_r1,TSAL20250828_0830_interferenceAndInterferenceFree001,73,False,48.0,0.8160980463443158
TS,10,20250803,20250828,trim_r2_to_r1,TSAL20250828_0830_interferenceAndInterferenceFree001,74,False,36.0,0.8566548434093106
TS,10,20250803,20250828,trim_r2_to_r1,TSAL20250828_0830_interferenceAndInterferenceFree001,75,False,38.0,0.8470975903511567
TS,10,20250803,20250828,trim_r2_to_r1,TSAL20250828_0830_interferenceAndInterferenceFree001,76,False,45.0,0.8241259061545556
TS,10,20250803,20250828,trim_r2_to_r1,TSAL20250828_0830_interferenceAndInterferenceFree001,77,False,11.0,0.9595094988865672
TS,10,20250803,20250828,trim_r2_to_r1,TSAL20250828_0830_interferenceAndInterferenceFree001,78,False,2.0,1.070760740418474
TS,10,20250803,20250828,trim_r2_to_r1,TSAL20250828_0830_interferenceAndInterferenceFree001,79,False,5.0,1.0043629107529695
TS,10,20250803,20250828,trim_r2_to_r1,TSAL20250828_0830_interferenceAndInterferenceFree001,80,False,18.0,0.9172170652860027
TS,10,20250803,20250828,trim_r2_to_r1,TSAL20250828_0830_interferenceAndInterferenceFree001,81,False,12.0,0.9499383199619792
TS,10,20250803,20250828,trim_r2_to_r1,TSAL20250828_0830_interferenceAndInterferenceFree001,82,False,9.0,0.965804824603299
TS,10,20250803,20250828,trim_r2_to_r1,TSAL20250828_0830_interferenceAndInterferenceFree001,83,False,50.0,0.8097182799228628
TS,10,20250803,20250828,trim_r2_to_r1,TSAL20250828_0830_interferenceAndInterferenceFree001,84,False,10.0,0.9605375515625395
TS,10,20250803,20250828,trim_r2_to_r1,TSAL20250828_0830_interferenceAndInterferenceFree001,85,False,51.0,0.8015088282338063
TS,10,20250803,20250828,trim_r2_to_r1,TSAL20250828_0830_interferenceAndInterferenceFree001,86,False,6.0,0.9989446709824561
TS,10,20250803,20250828,trim_r2_to_r1,TSAL20250828_0830_interferenceAndInterferenceFree001,87,False,15.0,0.9324138903599839
TS,10,20250803,20250828,trim_r2_to_r1,TSAL20250828_0830_interferenceAndInterferenceFree001,88,False,24.0,0.888355015015328
TS,10,20250803,20250828,trim_r2_to_r1,TSAL20250828_0830_interferenceAndInterferenceFree001,89,False,42.0,0.8262543629413841
TS,10,20250803,20250828,trim_r2_to_r1,TSAL20250828_0830_interferenceAndInterferenceFree001,91,False,40.0,0.8394320765076795
TS,10,20250803,20250828,trim_r2_to_r1,TSAL20250828_0830_interferenceAndInterferenceFree001,92,False,49.0,0.8219456352812506
TS,10,20250803,20250828,trim_r2_to_r1,TSAL20250828_0830_interferenceAndInterferenceFree001,93,False,52.0,0.802242667274677
TS,10,20250803,20250828,trim_r1_to_r2,TSAL20250803_1400_staticAndStaticFree001,2,True,,
TS,10,20250803,20250828,trim_r1_to_r2,TSAL20250803_1400_staticAndStaticFree001,6,False,44.0,0.5753170883800703
TS,10,20250803,20250828,trim_r1_to_r2,TSAL20250803_1400_staticAndStaticFree001,8,False,10.0,0.47015862374182643
TS,10,20250803,20250828,trim_r1_to_r2,TSAL20250803_1400_staticAndStaticFree001,11,False,49.0,0.5956342559653276
TS,10,20250803,20250828,trim_r1_to_r2,TSAL20250803_1400_staticAndStaticFree001,12,True,,
TS,10,20250803,20250828,trim_r1_to_r2,TSAL20250803_1400_staticAndStaticFree001,19,False,40.0,0.5621359104168437
TS,10,20250803,20250828,trim_r1_to_r2,TSAL20250803_1400_staticAndStaticFree001,21,False,47.0,0.5843141564386258
TS,10,20250803,20250828,trim_r1_to_r2,TSAL20250803_1400_staticAndStaticFree001,26,True,,
TS,10,20250803,20250828,trim_r1_to_r2,TSAL20250803_1400_staticAndStaticFree001,27,False,28.0,0.5210670982075843
TS,10,20250803,20250828,trim_r1_to_r2,TSAL20250803_1400_staticAndStaticFree001,33,False,43.0,0.5689507062644572
TS,10,20250803,20250828,trim_r1_to_r2,TSAL20250803_1400_staticAndStaticFree001,34,True,,
TS,10,20250803,20250828,trim_r1_to_r2,TSAL20250803_1400_staticAndStaticFree001,35,True,,
TS,10,20250803,20250828,trim_r1_to_r2,TSAL20250803_1400_staticAndStaticFree001,36,True,,
TS,10,20250803,20250828,trim_r1_to_r2,TSAL20250803_1400_staticAndStaticFree001,37,False,3.0,0.4483279060586901
TS,10,20250803,20250828,trim_r1_to_r2,TSAL20250803_1400_staticAndStaticFree001,38,False,15.0,0.4900006130193949
TS,10,20250803,20250828,trim_r1_to_r2,TSAL20250803_1400_staticAndStaticFree001,39,False,16.0,0.4928452139799106
TS,10,20250803,20250828,trim_r1_to_r2,TSAL20250803_1400_staticAndStaticFree001,40,False,7.0,0.4618245640513471
TS,10,20250803,20250828,trim_r1_to_r2,TSAL20250803_1400_staticAndStaticFree001,41,False,12.0,0.4812877098870136
TS,10,20250803,20250828,trim_r1_to_r2,TSAL20250803_1400_staticAndStaticFree001,43,True,,
TS,10,20250803,20250828,trim_r1_to_r2,TSAL20250803_1400_staticAndStaticFree001,44,True,,
TS,10,20250803,20250828,trim_r1_to_r2,TSAL20250803_1400_staticAndStaticFree001,46,False,46.0,0.5801477173875272
TS,10,20250803,20250828,trim_r1_to_r2,TSAL20250803_1400_staticAndStaticFree001,47,False,9.0,0.467514901038792
TS,10,20250803,20250828,trim_r1_to_r2,TSAL20250803_1400_staticAndStaticFree001,48,True,,
TS,10,20250803,20250828,trim_r1_to_r2,TSAL20250803_1400_staticAndStaticFree001,50,True,,
TS,10,20250803,20250828,trim_r1_to_r2,TSAL20250803_1400_staticAndStaticFree001,51,False,48.0,0.5901805685657104
TS,10,20250803,20250828,trim_r1_to_r2,TSAL20250803_1400_staticAndStaticFree001,52,True,,
TS,10,20250803,20250828,trim_r1_to_r2,TSAL20250803_1400_staticAndStaticFree001,53,True,,
TS,10,20250803,20250828,trim_r1_to_r2,TSAL20250803_1400_staticAndStaticFree001,54,False,36.0,0.5507381490343407
TS,10,20250803,20250828,trim_r1_to_r2,TSAL20250803_1400_staticAndStaticFree001,55,True,,
TS,10,20250803,20250828,trim_r1_to_r2,TSAL20250803_1400_staticAndStaticFree001,58,False,26.0,0.5163979974065267
TS,10,20250803,20250828,trim_r1_to_r2,TSAL20250803_1400_staticAndStaticFree001,59,True,,
TS,10,20250803,20250828,trim_r1_to_r2,TSAL20250803_1400_staticAndStaticFree001,60,True,,
TS,10,20250803,20250828,trim_r1_to_r2,TSAL20250803_1400_staticAndStaticFree001,61,False,33.0,0.5406561193246168
TS,10,20250803,20250828,trim_r1_to_r2,TSAL20250803_1400_staticAndStaticFree001,63,False,35.0,0.547722933413814
TS,10,20250803,20250828,trim_r1_to_r2,TSAL20250803_1400_staticAndStaticFree001,64,False,18.0,0.4955099163085415
TS,10,20250803,20250828,trim_r1_to_r2,TSAL20250803_1400_staticAndStaticFree001,65,True,,
TS,10,20250803,20250828,trim_r1_to_r2,TSAL20250803_1400_staticAndStaticFree001,66,True,,
TS,10,20250803,20250828,trim_r1_to_r2,TSAL20250803_1400_staticAndStaticFree001,67,True,,
TS,10,20250803,20250828,trim_r1_to_r2,TSAL20250803_1400_staticAndStaticFree001,68,True,,
TS,10,20250803,20250828,trim_r1_to_r2,TSAL20250803_1400_staticAndStaticFree001,70,False,13.0,0.48329712225588417
TS,10,20250803,20250828,trim_r1_to_r2,TSAL20250803_1400_staticAndStaticFree001,71,False,21.0,0.5028171214480293
TS,10,20250803,20250828,trim_r1_to_r2,TSAL20250803_1400_staticAndStaticFree001,72,True,,
TS,10,20250803,20250828,trim_r1_to_r2,TSAL20250803_1400_staticAndStaticFree001,73,False,45.0,0.5740423742317353
TS,10,20250803,20250828,trim_r1_to_r2,TSAL20250803_1400_staticAndStaticFree001,74,False,23.0,0.5069908804661983
TS,10,20250803,20250828,trim_r1_to_r2,TSAL20250803_1400_staticAndStaticFree001,75,False,6.0,0.459274827785065
TS,10,20250803,20250828,trim_r1_to_r2,TSAL20250803_1400_staticAndStaticFree001,76,False,8.0,0.4668384407083021
TS,10,20250803,20250828,trim_r1_to_r2,TSAL20250803_1400_staticAndStaticFree001,77,False,2.0,0.44305370694994356
TS,10,20250803,20250828,trim_r1_to_r2,TSAL20250803_1400_staticAndStaticFree001,78,False,4.0,0.45147120581832734
TS,10,20250803,20250828,trim_r1_to_r2,TSAL20250803_1400_staticAndStaticFree001,79,False,41.0,0.5625165941440516
TS,10,20250803,20250828,trim_r1_to_r2,TSAL20250803_1400_staticAndStaticFree001,80,False,42.0,0.5666979771693352
TS,10,20250803,20250828,trim_r1_to_r2,TSAL20250803_1400_staticAndStaticFree001,81,False,31.0,0.5293080566054621
TS,10,20250803,20250828,trim_r1_to_r2,TSAL20250803_1400_staticAndStaticFree001,82,False,39.0,0.560283877191033
TS,10,20250803,20250828,trim_r1_to_r2,TSAL20250803_1400_staticAndStaticFree001,83,False,14.0,0.4874876227959376
TS,10,20250803,20250828,trim_r1_to_r2,TSAL20250803_1400_staticAndStaticFree001,84,False,27.0,0.5174607902404262
TS,10,20250803,20250828,trim_r1_to_r2,TSAL20250803_1400_staticAndStaticFree001,85,False,11.0,0.47494158184349755
TS,10,20250803,20250828,trim_r1_to_r2,TSAL20250803_1400_staticAndStaticFree001,86,False,5.0,0.45670049637984145
TS,10,20250803,20250828,trim_r1_to_r2,TSAL20250803_1400_staticAndStaticFree001,87,False,25.0,0.5127738927314819
TS,10,20250803,20250828,trim_r1_to_r2,TSAL20250803_1400_staticAndStaticFree001,88,False,1.0,0.4379285873695646
TS,10,20250803,20250828,trim_r1_to_r2,TSAL20250803_1400_staticAndStaticFree001,89,False,24.0,0.5098060112030212
TS,10,20250803,20250828,trim_r1_to_r2,TSAL20250803_1400_staticAndStaticFree001,90,False,37.0,0.5511629114748674
TS,10,20250803,20250828,trim_r1_to_r2,TSAL20250803_1400_staticAndStaticFree001,92,False,17.0,0.4946658857521835
TS,10,20250803,20250828,trim_r1_to_r2,TSAL20250803_1400_staticAndStaticFree001,93,True,,
TS,10,20250803,20250828,trim_r1_to_r2,TSAL20250803_1400_staticAndStaticFree001,94,True,,
TS,10,20250803,20250828,trim_r1_to_r2,TSAL20250803_1400_staticAndStaticFree001,95,False,30.0,0.524800056010733
TS,10,20250803,20250828,trim_r1_to_r2,TSAL20250803_1400_staticAndStaticFree001,96,True,,
TS,10,20250803,20250828,trim_r1_to_r2,TSAL20250803_1400_staticAndStaticFree001,97,False,34.0,0.5444871998966565
TS,10,20250803,20250828,trim_r1_to_r2,TSAL20250803_1400_staticAndStaticFree001,98,False,32.0,0.5328813067976103
TS,10,20250803,20250828,trim_r1_to_r2,TSAL20250803_1400_staticAndStaticFree001,99,True,,
TS,10,20250803,20250828,trim_r1_to_r2,TSAL20250803_1400_staticAndStaticFree001,100,True,,
TS,10,20250803,20250828,trim_r1_to_r2,TSAL20250803_1400_staticAndStaticFree001,101,False,19.0,0.4976791850887431
TS,10,20250803,20250828,trim_r1_to_r2,TSAL20250803_1400_staticAndStaticFree001,102,False,20.0,0.5000547197273146
TS,10,20250803,20250828,trim_r1_to_r2,TSAL20250803_1400_staticAndStaticFree001,103,False,29.0,0.5231080007277421
TS,10,20250803,20250828,trim_r1_to_r2,TSAL20250803_1400_staticAndStaticFree001,104,True,,
TS,10,20250803,20250828,trim_r1_to_r2,TSAL20250803_1400_staticAndStaticFree001,105,False,22.0,0.5037692174968481
TS,10,20250803,20250828,trim_r1_to_r2,TSAL20250803_1400_staticAndStaticFree001,106,False,38.0,0.5566992104431285
TS,11,20250803,20250829,trim_r2_to_r1,TSAL20250829_0830_interferenceAndInterferenceFree001,0,True,,
TS,11,20250803,20250829,trim_r2_to_r1,TSAL20250829_0830_interferenceAndInterferenceFree001,1,True,,
TS,11,20250803,20250829,trim_r2_to_r1,TSAL20250829_0830_interferenceAndInterferenceFree001,2,True,,
TS,11,20250803,20250829,trim_r2_to_r1,TSAL20250829_0830_interferenceAndInterferenceFree001,3,True,,
TS,11,20250803,20250829,trim_r2_to_r1,TSAL20250829_0830_interferenceAndInterferenceFree001,4,True,,
TS,11,20250803,20250829,trim_r2_to_r1,TSAL20250829_0830_interferenceAndInterferenceFree001,5,True,,
TS,11,20250803,20250829,trim_r2_to_r1,TSAL20250829_0830_interferenceAndInterferenceFree001,6,True,,
TS,11,20250803,20250829,trim_r2_to_r1,TSAL20250829_0830_interferenceAndInterferenceFree001,7,True,,
TS,11,20250803,20250829,trim_r2_to_r1,TSAL20250829_0830_interferenceAndInterferenceFree001,8,True,,
TS,11,20250803,20250829,trim_r2_to_r1,TSAL20250829_0830_interferenceAndInterferenceFree001,9,True,,
TS,11,20250803,20250829,trim_r2_to_r1,TSAL20250829_0830_interferenceAndInterferenceFree001,10,True,,
TS,11,20250803,20250829,trim_r2_to_r1,TSAL20250829_0830_interferenceAndInterferenceFree001,11,True,,
TS,11,20250803,20250829,trim_r2_to_r1,TSAL20250829_0830_interferenceAndInterferenceFree001,12,True,,
TS,11,20250803,20250829,trim_r2_to_r1,TSAL20250829_0830_interferenceAndInterferenceFree001,13,True,,
TS,11,20250803,20250829,trim_r2_to_r1,TSAL20250829_0830_interferenceAndInterferenceFree001,14,True,,
TS,11,20250803,20250829,trim_r2_to_r1,TSAL20250829_0830_interferenceAndInterferenceFree001,15,True,,
TS,11,20250803,20250829,trim_r2_to_r1,TSAL20250829_0830_interferenceAndInterferenceFree001,16,True,,
TS,11,20250803,20250829,trim_r2_to_r1,TSAL20250829_0830_interferenceAndInterferenceFree001,17,True,,
TS,11,20250803,20250829,trim_r2_to_r1,TSAL20250829_0830_interferenceAndInterferenceFree001,18,True,,
TS,11,20250803,20250829,trim_r2_to_r1,TSAL20250829_0830_interferenceAndInterferenceFree001,19,True,,
TS,11,20250803,20250829,trim_r2_to_r1,TSAL20250829_0830_interferenceAndInterferenceFree001,20,True,,
TS,11,20250803,20250829,trim_r2_to_r1,TSAL20250829_0830_interferenceAndInterferenceFree001,21,True,,
TS,11,20250803,20250829,trim_r2_to_r1,TSAL20250829_0830_interferenceAndInterferenceFree001,22,True,,
TS,11,20250803,20250829,trim_r2_to_r1,TSAL20250829_0830_interferenceAndInterferenceFree001,23,True,,
TS,11,20250803,20250829,trim_r2_to_r1,TSAL20250829_0830_interferenceAndInterferenceFree001,24,True,,
TS,11,20250803,20250829,trim_r2_to_r1,TSAL20250829_0830_interferenceAndInterferenceFree001,25,True,,
TS,11,20250803,20250829,trim_r2_to_r1,TSAL20250829_0830_interferenceAndInterferenceFree001,26,True,,
TS,11,20250803,20250829,trim_r2_to_r1,TSAL20250829_0830_interferenceAndInterferenceFree001,27,True,,
TS,11,20250803,20250829,trim_r2_to_r1,TSAL20250829_0830_interferenceAndInterferenceFree001,28,True,,
TS,11,20250803,20250829,trim_r2_to_r1,TSAL20250829_0830_interferenceAndInterferenceFree001,29,True,,
TS,11,20250803,20250829,trim_r2_to_r1,TSAL20250829_0830_interferenceAndInterferenceFree001,30,True,,
TS,11,20250803,20250829,trim_r2_to_r1,TSAL20250829_0830_interferenceAndInterferenceFree001,31,True,,
TS,11,20250803,20250829,trim_r2_to_r1,TSAL20250829_0830_interferenceAndInterferenceFree001,32,True,,
TS,11,20250803,20250829,trim_r2_to_r1,TSAL20250829_0830_interferenceAndInterferenceFree001,33,True,,
TS,11,20250803,20250829,trim_r2_to_r1,TSAL20250829_0830_interferenceAndInterferenceFree001,34,True,,
TS,11,20250803,20250829,trim_r2_to_r1,TSAL20250829_0830_interferenceAndInterferenceFree001,35,True,,
TS,11,20250803,20250829,trim_r2_to_r1,TSAL20250829_0830_interferenceAndInterferenceFree001,36,True,,
TS,11,20250803,20250829,trim_r2_to_r1,TSAL20250829_0830_interferenceAndInterferenceFree001,37,True,,
TS,11,20250803,20250829,trim_r2_to_r1,TSAL20250829_0830_interferenceAndInterferenceFree001,38,True,,
TS,11,20250803,20250829,trim_r2_to_r1,TSAL20250829_0830_interferenceAndInterferenceFree001,40,True,,
TS,11,20250803,20250829,trim_r2_to_r1,TSAL20250829_0830_interferenceAndInterferenceFree001,41,True,,
TS,11,20250803,20250829,trim_r2_to_r1,TSAL20250829_0830_interferenceAndInterferenceFree001,42,True,,
TS,11,20250803,20250829,trim_r2_to_r1,TSAL20250829_0830_interferenceAndInterferenceFree001,43,False,30.0,0.8739512453184205
TS,11,20250803,20250829,trim_r2_to_r1,TSAL20250829_0830_interferenceAndInterferenceFree001,44,False,6.0,0.9417187379945096
TS,11,20250803,20250829,trim_r2_to_r1,TSAL20250829_0830_interferenceAndInterferenceFree001,45,False,1.0,1.6081293910607353
TS,11,20250803,20250829,trim_r2_to_r1,TSAL20250829_0830_interferenceAndInterferenceFree001,46,False,26.0,0.8750950422720816
TS,11,20250803,20250829,trim_r2_to_r1,TSAL20250829_0830_interferenceAndInterferenceFree001,47,False,40.0,0.8329614629844031
TS,11,20250803,20250829,trim_r2_to_r1,TSAL20250829_0830_interferenceAndInterferenceFree001,48,True,,
TS,11,20250803,20250829,trim_r2_to_r1,TSAL20250829_0830_interferenceAndInterferenceFree001,49,False,22.0,0.8858964454321321
TS,11,20250803,20250829,trim_r2_to_r1,TSAL20250829_0830_interferenceAndInterferenceFree001,50,False,35.0,0.8563575120399414
TS,11,20250803,20250829,trim_r2_to_r1,TSAL20250829_0830_interferenceAndInterferenceFree001,51,False,42.0,0.8177713608613284
TS,11,20250803,20250829,trim_r2_to_r1,TSAL20250829_0830_interferenceAndInterferenceFree001,52,False,36.0,0.8499159852148478
TS,11,20250803,20250829,trim_r2_to_r1,TSAL20250829_0830_interferenceAndInterferenceFree001,53,False,50.0,0.7970079646043425
TS,11,20250803,20250829,trim_r2_to_r1,TSAL20250829_0830_interferenceAndInterferenceFree001,54,False,34.0,0.8554284981787099
TS,11,20250803,20250829,trim_r2_to_r1,TSAL20250829_0830_interferenceAndInterferenceFree001,55,False,9.0,0.9452137609847254
TS,11,20250803,20250829,trim_r2_to_r1,TSAL20250829_0830_interferenceAndInterferenceFree001,56,False,28.0,0.8730140247625211
TS,11,20250803,20250829,trim_r2_to_r1,TSAL20250829_0830_interferenceAndInterferenceFree001,57,False,5.0,0.9657343963635234
TS,11,20250803,20250829,trim_r2_to_r1,TSAL20250829_0830_interferenceAndInterferenceFree001,58,False,44.0,0.8040108381131732
TS,11,20250803,20250829,trim_r2_to_r1,TSAL20250829_0830_interferenceAndInterferenceFree001,59,False,52.0,0.7718652749515069
TS,11,20250803,20250829,trim_r2_to_r1,TSAL20250829_0830_interferenceAndInterferenceFree001,60,False,17.0,0.8915452026627136
TS,11,20250803,20250829,trim_r2_to_r1,TSAL20250829_0830_interferenceAndInterferenceFree001,61,False,33.0,0.8552177694643736
TS,11,20250803,20250829,trim_r2_to_r1,TSAL20250829_0830_interferenceAndInterferenceFree001,62,False,51.0,0.7869882383546202
TS,11,20250803,20250829,trim_r2_to_r1,TSAL20250829_0830_interferenceAndInterferenceFree001,63,False,13.0,0.9136363067203823
TS,11,20250803,20250829,trim_r2_to_r1,TSAL20250829_0830_interferenceAndInterferenceFree001,64,False,48.0,0.7965724237121689
TS,11,20250803,20250829,trim_r2_to_r1,TSAL20250829_0830_interferenceAndInterferenceFree001,65,False,49.0,0.8003853107065153
TS,11,20250803,20250829,trim_r2_to_r1,TSAL20250829_0830_interferenceAndInterferenceFree001,66,False,46.0,0.8117737797046728
TS,11,20250803,20250829,trim_r2_to_r1,TSAL20250829_0830_interferenceAndInterferenceFree001,67,False,19.0,0.8862489251799076
TS,11,20250803,20250829,trim_r2_to_r1,TSAL20250829_0830_interferenceAndInterferenceFree001,68,False,38.0,0.8572681651232118
TS,11,20250803,20250829,trim_r2_to_r1,TSAL20250829_0830_interferenceAndInterferenceFree001,69,False,39.0,0.8503536597338835
TS,11,20250803,20250829,trim_r2_to_r1,TSAL20250829_0830_interferenceAndInterferenceFree001,70,False,15.0,0.9017229387076201
TS,11,20250803,20250829,trim_r2_to_r1,TSAL20250829_0830_interferenceAndInterferenceFree001,71,False,37.0,0.8551890079850426
TS,11,20250803,20250829,trim_r2_to_r1,TSAL20250829_0830_interferenceAndInterferenceFree001,72,False,43.0,0.8151594601529918
TS,11,20250803,20250829,trim_r2_to_r1,TSAL20250829_0830_interferenceAndInterferenceFree001,73,False,24.0,0.8754912266653292
TS,11,20250803,20250829,trim_r2_to_r1,TSAL20250829_0830_interferenceAndInterferenceFree001,74,False,47.0,0.8174800094287944
TS,11,20250803,20250829,trim_r2_to_r1,TSAL20250829_0830_interferenceAndInterferenceFree001,75,False,14.0,0.9044508396777416
TS,11,20250803,20250829,trim_r2_to_r1,TSAL20250829_0830_interferenceAndInterferenceFree001,76,False,31.0,0.862626523394946
TS,11,20250803,20250829,trim_r2_to_r1,TSAL20250829_0830_interferenceAndInterferenceFree001,77,False,21.0,0.8871836495582134
TS,11,20250803,20250829,trim_r2_to_r1,TSAL20250829_0830_interferenceAndInterferenceFree001,78,False,32.0,0.8534553959287179
TS,11,20250803,20250829,trim_r2_to_r1,TSAL20250829_0830_interferenceAndInterferenceFree001,79,False,20.0,0.8904460905040421
TS,11,20250803,20250829,trim_r2_to_r1,TSAL20250829_0830_interferenceAndInterferenceFree001,81,False,10.0,0.9360968690438147
TS,11,20250803,20250829,trim_r2_to_r1,TSAL20250829_0830_interferenceAndInterferenceFree001,83,False,7.0,0.9415211856261998
TS,11,20250803,20250829,trim_r2_to_r1,TSAL20250829_0830_interferenceAndInterferenceFree001,84,False,11.0,0.935071267557698
TS,11,20250803,20250829,trim_r2_to_r1,TSAL20250829_0830_interferenceAndInterferenceFree001,85,False,16.0,0.8995147574430503
TS,11,20250803,20250829,trim_r2_to_r1,TSAL20250829_0830_interferenceAndInterferenceFree001,86,False,8.0,0.9404946843726187
TS,11,20250803,20250829,trim_r2_to_r1,TSAL20250829_0830_interferenceAndInterferenceFree001,88,False,29.0,0.8730832511074187
TS,11,20250803,20250829,trim_r2_to_r1,TSAL20250829_0830_interferenceAndInterferenceFree001,89,False,25.0,0.8742900919828056
TS,11,20250803,20250829,trim_r2_to_r1,TSAL20250829_0830_interferenceAndInterferenceFree001,90,False,41.0,0.834126704396119
TS,11,20250803,20250829,trim_r2_to_r1,TSAL20250829_0830_interferenceAndInterferenceFree001,91,False,2.0,1.3532300801840176
TS,11,20250803,20250829,trim_r2_to_r1,TSAL20250829_0830_interferenceAndInterferenceFree001,92,False,45.0,0.8069684020340148
TS,11,20250803,20250829,trim_r2_to_r1,TSAL20250829_0830_interferenceAndInterferenceFree001,93,False,18.0,0.8876904636177033
TS,11,20250803,20250829,trim_r2_to_r1,TSAL20250829_0830_interferenceAndInterferenceFree001,94,False,4.0,1.0414702525450104
TS,11,20250803,20250829,trim_r2_to_r1,TSAL20250829_0830_interferenceAndInterferenceFree001,95,False,23.0,0.8813678462245156
TS,11,20250803,20250829,trim_r2_to_r1,TSAL20250829_0830_interferenceAndInterferenceFree001,96,False,12.0,0.92156189100744
TS,11,20250803,20250829,trim_r2_to_r1,TSAL20250829_0830_interferenceAndInterferenceFree001,97,False,3.0,1.1923843486320234
TS,11,20250803,20250829,trim_r2_to_r1,TSAL20250829_0830_interferenceAndInterferenceFree001,98,False,27.0,0.8740150812547309
TS,11,20250803,20250829,trim_r1_to_r2,TSAL20250803_1400_staticAndStaticFree001,2,True,,
TS,11,20250803,20250829,trim_r1_to_r2,TSAL20250803_1400_staticAndStaticFree001,6,True,,
TS,11,20250803,20250829,trim_r1_to_r2,TSAL20250803_1400_staticAndStaticFree001,8,False,10.0,0.47015862374182643
TS,11,20250803,20250829,trim_r1_to_r2,TSAL20250803_1400_staticAndStaticFree001,11,True,,
TS,11,20250803,20250829,trim_r1_to_r2,TSAL20250803_1400_staticAndStaticFree001,12,True,,
TS,11,20250803,20250829,trim_r1_to_r2,TSAL20250803_1400_staticAndStaticFree001,19,True,,
TS,11,20250803,20250829,trim_r1_to_r2,TSAL20250803_1400_staticAndStaticFree001,21,True,,
TS,11,20250803,20250829,trim_r1_to_r2,TSAL20250803_1400_staticAndStaticFree001,26,True,,
TS,11,20250803,20250829,trim_r1_to_r2,TSAL20250803_1400_staticAndStaticFree001,27,False,28.0,0.5210670982075843
TS,11,20250803,20250829,trim_r1_to_r2,TSAL20250803_1400_staticAndStaticFree001,33,True,,
TS,11,20250803,20250829,trim_r1_to_r2,TSAL20250803_1400_staticAndStaticFree001,34,True,,
TS,11,20250803,20250829,trim_r1_to_r2,TSAL20250803_1400_staticAndStaticFree001,35,True,,
TS,11,20250803,20250829,trim_r1_to_r2,TSAL20250803_1400_staticAndStaticFree001,36,True,,
TS,11,20250803,20250829,trim_r1_to_r2,TSAL20250803_1400_staticAndStaticFree001,37,False,3.0,0.4483279060586901
TS,11,20250803,20250829,trim_r1_to_r2,TSAL20250803_1400_staticAndStaticFree001,38,False,15.0,0.4900006130193949
TS,11,20250803,20250829,trim_r1_to_r2,TSAL20250803_1400_staticAndStaticFree001,39,False,16.0,0.4928452139799106
TS,11,20250803,20250829,trim_r1_to_r2,TSAL20250803_1400_staticAndStaticFree001,40,False,7.0,0.4618245640513471
TS,11,20250803,20250829,trim_r1_to_r2,TSAL20250803_1400_staticAndStaticFree001,41,False,12.0,0.4812877098870136
TS,11,20250803,20250829,trim_r1_to_r2,TSAL20250803_1400_staticAndStaticFree001,43,True,,
TS,11,20250803,20250829,trim_r1_to_r2,TSAL20250803_1400_staticAndStaticFree001,44,True,,
TS,11,20250803,20250829,trim_r1_to_r2,TSAL20250803_1400_staticAndStaticFree001,46,True,,
TS,11,20250803,20250829,trim_r1_to_r2,TSAL20250803_1400_staticAndStaticFree001,47,False,9.0,0.467514901038792
TS,11,20250803,20250829,trim_r1_to_r2,TSAL20250803_1400_staticAndStaticFree001,48,True,,
TS,11,20250803,20250829,trim_r1_to_r2,TSAL20250803_1400_staticAndStaticFree001,50,True,,
TS,11,20250803,20250829,trim_r1_to_r2,TSAL20250803_1400_staticAndStaticFree001,51,True,,
TS,11,20250803,20250829,trim_r1_to_r2,TSAL20250803_1400_staticAndStaticFree001,52,True,,
TS,11,20250803,20250829,trim_r1_to_r2,TSAL20250803_1400_staticAndStaticFree001,53,True,,
TS,11,20250803,20250829,trim_r1_to_r2,TSAL20250803_1400_staticAndStaticFree001,54,True,,
TS,11,20250803,20250829,trim_r1_to_r2,TSAL20250803_1400_staticAndStaticFree001,55,True,,
TS,11,20250803,20250829,trim_r1_to_r2,TSAL20250803_1400_staticAndStaticFree001,58,False,26.0,0.5163979974065267
TS,11,20250803,20250829,trim_r1_to_r2,TSAL20250803_1400_staticAndStaticFree001,59,True,,
TS,11,20250803,20250829,trim_r1_to_r2,TSAL20250803_1400_staticAndStaticFree001,60,True,,
TS,11,20250803,20250829,trim_r1_to_r2,TSAL20250803_1400_staticAndStaticFree001,61,True,,
TS,11,20250803,20250829,trim_r1_to_r2,TSAL20250803_1400_staticAndStaticFree001,63,True,,
TS,11,20250803,20250829,trim_r1_to_r2,TSAL20250803_1400_staticAndStaticFree001,64,False,18.0,0.4955099163085415
TS,11,20250803,20250829,trim_r1_to_r2,TSAL20250803_1400_staticAndStaticFree001,65,True,,
TS,11,20250803,20250829,trim_r1_to_r2,TSAL20250803_1400_staticAndStaticFree001,66,True,,
TS,11,20250803,20250829,trim_r1_to_r2,TSAL20250803_1400_staticAndStaticFree001,67,True,,
TS,11,20250803,20250829,trim_r1_to_r2,TSAL20250803_1400_staticAndStaticFree001,68,True,,
TS,11,20250803,20250829,trim_r1_to_r2,TSAL20250803_1400_staticAndStaticFree001,70,False,13.0,0.48329712225588417
TS,11,20250803,20250829,trim_r1_to_r2,TSAL20250803_1400_staticAndStaticFree001,71,False,21.0,0.5028171214480293
TS,11,20250803,20250829,trim_r1_to_r2,TSAL20250803_1400_staticAndStaticFree001,72,True,,
TS,11,20250803,20250829,trim_r1_to_r2,TSAL20250803_1400_staticAndStaticFree001,73,True,,
TS,11,20250803,20250829,trim_r1_to_r2,TSAL20250803_1400_staticAndStaticFree001,74,False,23.0,0.5069908804661983
TS,11,20250803,20250829,trim_r1_to_r2,TSAL20250803_1400_staticAndStaticFree001,75,False,6.0,0.459274827785065
TS,11,20250803,20250829,trim_r1_to_r2,TSAL20250803_1400_staticAndStaticFree001,76,False,8.0,0.4668384407083021
TS,11,20250803,20250829,trim_r1_to_r2,TSAL20250803_1400_staticAndStaticFree001,77,False,2.0,0.44305370694994356
TS,11,20250803,20250829,trim_r1_to_r2,TSAL20250803_1400_staticAndStaticFree001,78,False,4.0,0.45147120581832734
TS,11,20250803,20250829,trim_r1_to_r2,TSAL20250803_1400_staticAndStaticFree001,79,True,,
TS,11,20250803,20250829,trim_r1_to_r2,TSAL20250803_1400_staticAndStaticFree001,80,True,,
TS,11,20250803,20250829,trim_r1_to_r2,TSAL20250803_1400_staticAndStaticFree001,81,False,31.0,0.5293080566054621
TS,11,20250803,20250829,trim_r1_to_r2,TSAL20250803_1400_staticAndStaticFree001,82,True,,
TS,11,20250803,20250829,trim_r1_to_r2,TSAL20250803_1400_staticAndStaticFree001,83,False,14.0,0.4874876227959376
TS,11,20250803,20250829,trim_r1_to_r2,TSAL20250803_1400_staticAndStaticFree001,84,False,27.0,0.5174607902404262
TS,11,20250803,20250829,trim_r1_to_r2,TSAL20250803_1400_staticAndStaticFree001,85,False,11.0,0.47494158184349755
TS,11,20250803,20250829,trim_r1_to_r2,TSAL20250803_1400_staticAndStaticFree001,86,False,5.0,0.45670049637984145
TS,11,20250803,20250829,trim_r1_to_r2,TSAL20250803_1400_staticAndStaticFree001,87,False,25.0,0.5127738927314819
TS,11,20250803,20250829,trim_r1_to_r2,TSAL20250803_1400_staticAndStaticFree001,88,False,1.0,0.4379285873695646
TS,11,20250803,20250829,trim_r1_to_r2,TSAL20250803_1400_staticAndStaticFree001,89,False,24.0,0.5098060112030212
TS,11,20250803,20250829,trim_r1_to_r2,TSAL20250803_1400_staticAndStaticFree001,90,True,,
TS,11,20250803,20250829,trim_r1_to_r2,TSAL20250803_1400_staticAndStaticFree001,92,False,17.0,0.4946658857521835
TS,11,20250803,20250829,trim_r1_to_r2,TSAL20250803_1400_staticAndStaticFree001,93,True,,
TS,11,20250803,20250829,trim_r1_to_r2,TSAL20250803_1400_staticAndStaticFree001,94,True,,
TS,11,20250803,20250829,trim_r1_to_r2,TSAL20250803_1400_staticAndStaticFree001,95,False,30.0,0.524800056010733
TS,11,20250803,20250829,trim_r1_to_r2,TSAL20250803_1400_staticAndStaticFree001,96,True,,
TS,11,20250803,20250829,trim_r1_to_r2,TSAL20250803_1400_staticAndStaticFree001,97,True,,
TS,11,20250803,20250829,trim_r1_to_r2,TSAL20250803_1400_staticAndStaticFree001,98,False,32.0,0.5328813067976103
TS,11,20250803,20250829,trim_r1_to_r2,TSAL20250803_1400_staticAndStaticFree001,99,True,,
TS,11,20250803,20250829,trim_r1_to_r2,TSAL20250803_1400_staticAndStaticFree001,100,True,,
TS,11,20250803,20250829,trim_r1_to_r2,TSAL20250803_1400_staticAndStaticFree001,101,False,19.0,0.4976791850887431
TS,11,20250803,20250829,trim_r1_to_r2,TSAL20250803_1400_staticAndStaticFree001,102,False,20.0,0.5000547197273146
TS,11,20250803,20250829,trim_r1_to_r2,TSAL20250803_1400_staticAndStaticFree001,103,False,29.0,0.5231080007277421
TS,11,20250803,20250829,trim_r1_to_r2,TSAL20250803_1400_staticAndStaticFree001,104,True,,
TS,11,20250803,20250829,trim_r1_to_r2,TSAL20250803_1400_staticAndStaticFree001,105,False,22.0,0.5037692174968481
TS,11,20250803,20250829,trim_r1_to_r2,TSAL20250803_1400_staticAndStaticFree001,106,True,,
TS,12,20250803,20250830,trim_r2_to_r1,TSAL20250830_0830_interferenceAndInterferenceFree001,1,True,,
TS,12,20250803,20250830,trim_r2_to_r1,TSAL20250830_0830_interferenceAndInterferenceFree001,2,True,,
TS,12,20250803,20250830,trim_r2_to_r1,TSAL20250830_0830_interferenceAndInterferenceFree001,3,True,,
TS,12,20250803,20250830,trim_r2_to_r1,TSAL20250830_0830_interferenceAndInterferenceFree001,4,True,,
TS,12,20250803,20250830,trim_r2_to_r1,TSAL20250830_0830_interferenceAndInterferenceFree001,5,True,,
TS,12,20250803,20250830,trim_r2_to_r1,TSAL20250830_0830_interferenceAndInterferenceFree001,6,True,,
TS,12,20250803,20250830,trim_r2_to_r1,TSAL20250830_0830_interferenceAndInterferenceFree001,7,True,,
TS,12,20250803,20250830,trim_r2_to_r1,TSAL20250830_0830_interferenceAndInterferenceFree001,8,True,,
TS,12,20250803,20250830,trim_r2_to_r1,TSAL20250830_0830_interferenceAndInterferenceFree001,9,True,,
TS,12,20250803,20250830,trim_r2_to_r1,TSAL20250830_0830_interferenceAndInterferenceFree001,10,True,,
TS,12,20250803,20250830,trim_r2_to_r1,TSAL20250830_0830_interferenceAndInterferenceFree001,12,False,10.0,0.8803871899949374
TS,12,20250803,20250830,trim_r2_to_r1,TSAL20250830_0830_interferenceAndInterferenceFree001,13,True,,
TS,12,20250803,20250830,trim_r2_to_r1,TSAL20250830_0830_interferenceAndInterferenceFree001,14,True,,
TS,12,20250803,20250830,trim_r2_to_r1,TSAL20250830_0830_interferenceAndInterferenceFree001,15,False,26.0,0.7330189491300624
TS,12,20250803,20250830,trim_r2_to_r1,TSAL20250830_0830_interferenceAndInterferenceFree001,16,True,,
TS,12,20250803,20250830,trim_r2_to_r1,TSAL20250830_0830_interferenceAndInterferenceFree001,17,False,1.0,1.0492151016052262
TS,12,20250803,20250830,trim_r2_to_r1,TSAL20250830_0830_interferenceAndInterferenceFree001,18,True,,
TS,12,20250803,20250830,trim_r2_to_r1,TSAL20250830_0830_interferenceAndInterferenceFree001,19,True,,
TS,12,20250803,20250830,trim_r2_to_r1,TSAL20250830_0830_interferenceAndInterferenceFree001,20,True,,
TS,12,20250803,20250830,trim_r2_to_r1,TSAL20250830_0830_interferenceAndInterferenceFree001,21,True,,
TS,12,20250803,20250830,trim_r2_to_r1,TSAL20250830_0830_interferenceAndInterferenceFree001,23,True,,
TS,12,20250803,20250830,trim_r2_to_r1,TSAL20250830_0830_interferenceAndInterferenceFree001,24,True,,
TS,12,20250803,20250830,trim_r2_to_r1,TSAL20250830_0830_interferenceAndInterferenceFree001,25,True,,
TS,12,20250803,20250830,trim_r2_to_r1,TSAL20250830_0830_interferenceAndInterferenceFree001,26,True,,
TS,12,20250803,20250830,trim_r2_to_r1,TSAL20250830_0830_interferenceAndInterferenceFree001,27,True,,
TS,12,20250803,20250830,trim_r2_to_r1,TSAL20250830_0830_interferenceAndInterferenceFree001,28,False,2.0,1.0247479159019566
TS,12,20250803,20250830,trim_r2_to_r1,TSAL20250830_0830_interferenceAndInterferenceFree001,29,True,,
TS,12,20250803,20250830,trim_r2_to_r1,TSAL20250830_0830_interferenceAndInterferenceFree001,30,True,,
TS,12,20250803,20250830,trim_r2_to_r1,TSAL20250830_0830_interferenceAndInterferenceFree001,31,True,,
TS,12,20250803,20250830,trim_r2_to_r1,TSAL20250830_0830_interferenceAndInterferenceFree001,32,True,,
TS,12,20250803,20250830,trim_r2_to_r1,TSAL20250830_0830_interferenceAndInterferenceFree001,33,True,,
TS,12,20250803,20250830,trim_r2_to_r1,TSAL20250830_0830_interferenceAndInterferenceFree001,34,True,,
TS,12,20250803,20250830,trim_r2_to_r1,TSAL20250830_0830_interferenceAndInterferenceFree001,35,True,,
TS,12,20250803,20250830,trim_r2_to_r1,TSAL20250830_0830_interferenceAndInterferenceFree001,36,True,,
TS,12,20250803,20250830,trim_r2_to_r1,TSAL20250830_0830_interferenceAndInterferenceFree001,37,True,,
TS,12,20250803,20250830,trim_r2_to_r1,TSAL20250830_0830_interferenceAndInterferenceFree001,38,True,,
TS,12,20250803,20250830,trim_r2_to_r1,TSAL20250830_0830_interferenceAndInterferenceFree001,40,True,,
TS,12,20250803,20250830,trim_r2_to_r1,TSAL20250830_0830_interferenceAndInterferenceFree001,41,False,27.0,0.727194039046351
TS,12,20250803,20250830,trim_r2_to_r1,TSAL20250830_0830_interferenceAndInterferenceFree001,42,True,,
TS,12,20250803,20250830,trim_r2_to_r1,TSAL20250830_0830_interferenceAndInterferenceFree001,43,True,,
TS,12,20250803,20250830,trim_r2_to_r1,TSAL20250830_0830_interferenceAndInterferenceFree001,44,False,3.0,0.9620676372370269
TS,12,20250803,20250830,trim_r2_to_r1,TSAL20250830_0830_interferenceAndInterferenceFree001,45,False,6.0,0.9112092901601999
TS,12,20250803,20250830,trim_r2_to_r1,TSAL20250830_0830_interferenceAndInterferenceFree001,46,False,25.0,0.7636954212181557
TS,12,20250803,20250830,trim_r2_to_r1,TSAL20250830_0830_interferenceAndInterferenceFree001,47,True,,
TS,12,20250803,20250830,trim_r2_to_r1,TSAL20250830_0830_interferenceAndInterferenceFree001,48,True,,
TS,12,20250803,20250830,trim_r2_to_r1,TSAL20250830_0830_interferenceAndInterferenceFree001,49,True,,
TS,12,20250803,20250830,trim_r2_to_r1,TSAL20250830_0830_interferenceAndInterferenceFree001,50,True,,
TS,12,20250803,20250830,trim_r2_to_r1,TSAL20250830_0830_interferenceAndInterferenceFree001,52,False,23.0,0.7858855243241208
TS,12,20250803,20250830,trim_r2_to_r1,TSAL20250830_0830_interferenceAndInterferenceFree001,53,True,,
TS,12,20250803,20250830,trim_r2_to_r1,TSAL20250830_0830_interferenceAndInterferenceFree001,54,True,,
TS,12,20250803,20250830,trim_r2_to_r1,TSAL20250830_0830_interferenceAndInterferenceFree001,55,False,16.0,0.8185616927130437
TS,12,20250803,20250830,trim_r2_to_r1,TSAL20250830_0830_interferenceAndInterferenceFree001,56,False,18.0,0.808502823701752
TS,12,20250803,20250830,trim_r2_to_r1,TSAL20250830_0830_interferenceAndInterferenceFree001,57,False,19.0,0.803995870130546
TS,12,20250803,20250830,trim_r2_to_r1,TSAL20250830_0830_interferenceAndInterferenceFree001,58,True,,
TS,12,20250803,20250830,trim_r2_to_r1,TSAL20250830_0830_interferenceAndInterferenceFree001,60,False,17.0,0.8126000458941938
TS,12,20250803,20250830,trim_r2_to_r1,TSAL20250830_0830_interferenceAndInterferenceFree001,61,True,,
TS,12,20250803,20250830,trim_r2_to_r1,TSAL20250830_0830_interferenceAndInterferenceFree001,62,True,,
TS,12,20250803,20250830,trim_r2_to_r1,TSAL20250830_0830_interferenceAndInterferenceFree001,63,True,,
TS,12,20250803,20250830,trim_r2_to_r1,TSAL20250830_0830_interferenceAndInterferenceFree001,64,False,15.0,0.8365395002768805
TS,12,20250803,20250830,trim_r2_to_r1,TSAL20250830_0830_interferenceAndInterferenceFree001,65,True,,
TS,12,20250803,20250830,trim_r2_to_r1,TSAL20250830_0830_interferenceAndInterferenceFree001,66,True,,
TS,12,20250803,20250830,trim_r2_to_r1,TSAL20250830_0830_interferenceAndInterferenceFree001,67,True,,
TS,12,20250803,20250830,trim_r2_to_r1,TSAL20250830_0830_interferenceAndInterferenceFree001,68,False,4.0,0.9281237245193258
TS,12,20250803,20250830,trim_r2_to_r1,TSAL20250830_0830_interferenceAndInterferenceFree001,69,False,8.0,0.8855685020917664
TS,12,20250803,20250830,trim_r2_to_r1,TSAL20250830_0830_interferenceAndInterferenceFree001,70,False,5.0,0.9171297549018407
TS,12,20250803,20250830,trim_r2_to_r1,TSAL20250830_0830_interferenceAndInterferenceFree001,71,False,7.0,0.8967896872709239
TS,12,20250803,20250830,trim_r2_to_r1,TSAL20250830_0830_interferenceAndInterferenceFree001,72,False,11.0,0.8674520627247374
TS,12,20250803,20250830,trim_r2_to_r1,TSAL20250830_0830_interferenceAndInterferenceFree001,73,False,9.0,0.8848613529661441
TS,12,20250803,20250830,trim_r2_to_r1,TSAL20250830_0830_interferenceAndInterferenceFree001,74,True,,
TS,12,20250803,20250830,trim_r2_to_r1,TSAL20250830_0830_interferenceAndInterferenceFree001,75,False,20.0,0.7964154702874082
TS,12,20250803,20250830,trim_r2_to_r1,TSAL20250830_0830_interferenceAndInterferenceFree001,76,False,21.0,0.7929587990759963
TS,12,20250803,20250830,trim_r2_to_r1,TSAL20250830_0830_interferenceAndInterferenceFree001,77,False,13.0,0.8372465128212512
TS,12,20250803,20250830,trim_r2_to_r1,TSAL20250830_0830_interferenceAndInterferenceFree001,79,True,,
TS,12,20250803,20250830,trim_r2_to_r1,TSAL20250830_0830_interferenceAndInterferenceFree001,81,True,,
TS,12,20250803,20250830,trim_r2_to_r1,TSAL20250830_0830_interferenceAndInterferenceFree001,82,False,24.0,0.7651805783741491
TS,12,20250803,20250830,trim_r2_to_r1,TSAL20250830_0830_interferenceAndInterferenceFree001,83,False,22.0,0.7950211619540893
TS,12,20250803,20250830,trim_r2_to_r1,TSAL20250830_0830_interferenceAndInterferenceFree001,86,False,14.0,0.8401338234245985
TS,12,20250803,20250830,trim_r2_to_r1,TSAL20250830_0830_interferenceAndInterferenceFree001,87,True,,
TS,12,20250803,20250830,trim_r2_to_r1,TSAL20250830_0830_interferenceAndInterferenceFree001,88,False,12.0,0.8617866480545344
TS,12,20250803,20250830,trim_r1_to_r2,TSAL20250803_1400_staticAndStaticFree001,2,True,,
TS,12,20250803,20250830,trim_r1_to_r2,TSAL20250803_1400_staticAndStaticFree001,6,True,,
TS,12,20250803,20250830,trim_r1_to_r2,TSAL20250803_1400_staticAndStaticFree001,8,False,10.0,0.47015862374182643
TS,12,20250803,20250830,trim_r1_to_r2,TSAL20250803_1400_staticAndStaticFree001,11,True,,
TS,12,20250803,20250830,trim_r1_to_r2,TSAL20250803_1400_staticAndStaticFree001,12,True,,
TS,12,20250803,20250830,trim_r1_to_r2,TSAL20250803_1400_staticAndStaticFree001,19,True,,
TS,12,20250803,20250830,trim_r1_to_r2,TSAL20250803_1400_staticAndStaticFree001,21,True,,
TS,12,20250803,20250830,trim_r1_to_r2,TSAL20250803_1400_staticAndStaticFree001,26,True,,
TS,12,20250803,20250830,trim_r1_to_r2,TSAL20250803_1400_staticAndStaticFree001,27,True,,
TS,12,20250803,20250830,trim_r1_to_r2,TSAL20250803_1400_staticAndStaticFree001,33,True,,
TS,12,20250803,20250830,trim_r1_to_r2,TSAL20250803_1400_staticAndStaticFree001,34,True,,
TS,12,20250803,20250830,trim_r1_to_r2,TSAL20250803_1400_staticAndStaticFree001,35,True,,
TS,12,20250803,20250830,trim_r1_to_r2,TSAL20250803_1400_staticAndStaticFree001,36,True,,
TS,12,20250803,20250830,trim_r1_to_r2,TSAL20250803_1400_staticAndStaticFree001,37,False,3.0,0.4483279060586901
TS,12,20250803,20250830,trim_r1_to_r2,TSAL20250803_1400_staticAndStaticFree001,38,False,15.0,0.4900006130193949
TS,12,20250803,20250830,trim_r1_to_r2,TSAL20250803_1400_staticAndStaticFree001,39,False,16.0,0.4928452139799106
TS,12,20250803,20250830,trim_r1_to_r2,TSAL20250803_1400_staticAndStaticFree001,40,False,7.0,0.4618245640513471
TS,12,20250803,20250830,trim_r1_to_r2,TSAL20250803_1400_staticAndStaticFree001,41,False,12.0,0.4812877098870136
TS,12,20250803,20250830,trim_r1_to_r2,TSAL20250803_1400_staticAndStaticFree001,43,True,,
TS,12,20250803,20250830,trim_r1_to_r2,TSAL20250803_1400_staticAndStaticFree001,44,True,,
TS,12,20250803,20250830,trim_r1_to_r2,TSAL20250803_1400_staticAndStaticFree001,46,True,,
TS,12,20250803,20250830,trim_r1_to_r2,TSAL20250803_1400_staticAndStaticFree001,47,False,9.0,0.467514901038792
TS,12,20250803,20250830,trim_r1_to_r2,TSAL20250803_1400_staticAndStaticFree001,48,True,,
TS,12,20250803,20250830,trim_r1_to_r2,TSAL20250803_1400_staticAndStaticFree001,50,True,,
TS,12,20250803,20250830,trim_r1_to_r2,TSAL20250803_1400_staticAndStaticFree001,51,True,,
TS,12,20250803,20250830,trim_r1_to_r2,TSAL20250803_1400_staticAndStaticFree001,52,True,,
TS,12,20250803,20250830,trim_r1_to_r2,TSAL20250803_1400_staticAndStaticFree001,53,True,,
TS,12,20250803,20250830,trim_r1_to_r2,TSAL20250803_1400_staticAndStaticFree001,54,True,,
TS,12,20250803,20250830,trim_r1_to_r2,TSAL20250803_1400_staticAndStaticFree001,55,True,,
TS,12,20250803,20250830,trim_r1_to_r2,TSAL20250803_1400_staticAndStaticFree001,58,True,,
TS,12,20250803,20250830,trim_r1_to_r2,TSAL20250803_1400_staticAndStaticFree001,59,True,,
TS,12,20250803,20250830,trim_r1_to_r2,TSAL20250803_1400_staticAndStaticFree001,60,True,,
TS,12,20250803,20250830,trim_r1_to_r2,TSAL20250803_1400_staticAndStaticFree001,61,True,,
TS,12,20250803,20250830,trim_r1_to_r2,TSAL20250803_1400_staticAndStaticFree001,63,True,,
TS,12,20250803,20250830,trim_r1_to_r2,TSAL20250803_1400_staticAndStaticFree001,64,False,18.0,0.4955099163085415
TS,12,20250803,20250830,trim_r1_to_r2,TSAL20250803_1400_staticAndStaticFree001,65,True,,
TS,12,20250803,20250830,trim_r1_to_r2,TSAL20250803_1400_staticAndStaticFree001,66,True,,
TS,12,20250803,20250830,trim_r1_to_r2,TSAL20250803_1400_staticAndStaticFree001,67,True,,
TS,12,20250803,20250830,trim_r1_to_r2,TSAL20250803_1400_staticAndStaticFree001,68,True,,
TS,12,20250803,20250830,trim_r1_to_r2,TSAL20250803_1400_staticAndStaticFree001,70,False,13.0,0.48329712225588417
TS,12,20250803,20250830,trim_r1_to_r2,TSAL20250803_1400_staticAndStaticFree001,71,False,21.0,0.5028171214480293
TS,12,20250803,20250830,trim_r1_to_r2,TSAL20250803_1400_staticAndStaticFree001,72,True,,
TS,12,20250803,20250830,trim_r1_to_r2,TSAL20250803_1400_staticAndStaticFree001,73,True,,
TS,12,20250803,20250830,trim_r1_to_r2,TSAL20250803_1400_staticAndStaticFree001,74,False,23.0,0.5069908804661983
TS,12,20250803,20250830,trim_r1_to_r2,TSAL20250803_1400_staticAndStaticFree001,75,False,6.0,0.459274827785065
TS,12,20250803,20250830,trim_r1_to_r2,TSAL20250803_1400_staticAndStaticFree001,76,False,8.0,0.4668384407083021
TS,12,20250803,20250830,trim_r1_to_r2,TSAL20250803_1400_staticAndStaticFree001,77,False,2.0,0.44305370694994356
TS,12,20250803,20250830,trim_r1_to_r2,TSAL20250803_1400_staticAndStaticFree001,78,False,4.0,0.45147120581832734
TS,12,20250803,20250830,trim_r1_to_r2,TSAL20250803_1400_staticAndStaticFree001,79,True,,
TS,12,20250803,20250830,trim_r1_to_r2,TSAL20250803_1400_staticAndStaticFree001,80,True,,
TS,12,20250803,20250830,trim_r1_to_r2,TSAL20250803_1400_staticAndStaticFree001,81,True,,
TS,12,20250803,20250830,trim_r1_to_r2,TSAL20250803_1400_staticAndStaticFree001,82,True,,
TS,12,20250803,20250830,trim_r1_to_r2,TSAL20250803_1400_staticAndStaticFree001,83,False,14.0,0.4874876227959376
TS,12,20250803,20250830,trim_r1_to_r2,TSAL20250803_1400_staticAndStaticFree001,84,True,,
TS,12,20250803,20250830,trim_r1_to_r2,TSAL20250803_1400_staticAndStaticFree001,85,False,11.0,0.47494158184349755
TS,12,20250803,20250830,trim_r1_to_r2,TSAL20250803_1400_staticAndStaticFree001,86,False,5.0,0.45670049637984145
TS,12,20250803,20250830,trim_r1_to_r2,TSAL20250803_1400_staticAndStaticFree001,87,True,,
TS,12,20250803,20250830,trim_r1_to_r2,TSAL20250803_1400_staticAndStaticFree001,88,False,1.0,0.4379285873695646
TS,12,20250803,20250830,trim_r1_to_r2,TSAL20250803_1400_staticAndStaticFree001,89,True,,
TS,12,20250803,20250830,trim_r1_to_r2,TSAL20250803_1400_staticAndStaticFree001,90,True,,
TS,12,20250803,20250830,trim_r1_to_r2,TSAL20250803_1400_staticAndStaticFree001,92,False,17.0,0.4946658857521835
TS,12,20250803,20250830,trim_r1_to_r2,TSAL20250803_1400_staticAndStaticFree001,93,True,,
TS,12,20250803,20250830,trim_r1_to_r2,TSAL20250803_1400_staticAndStaticFree001,94,True,,
TS,12,20250803,20250830,trim_r1_to_r2,TSAL20250803_1400_staticAndStaticFree001,95,True,,
TS,12,20250803,20250830,trim_r1_to_r2,TSAL20250803_1400_staticAndStaticFree001,96,True,,
TS,12,20250803,20250830,trim_r1_to_r2,TSAL20250803_1400_staticAndStaticFree001,97,True,,
TS,12,20250803,20250830,trim_r1_to_r2,TSAL20250803_1400_staticAndStaticFree001,98,True,,
TS,12,20250803,20250830,trim_r1_to_r2,TSAL20250803_1400_staticAndStaticFree001,99,True,,
TS,12,20250803,20250830,trim_r1_to_r2,TSAL20250803_1400_staticAndStaticFree001,100,True,,
TS,12,20250803,20250830,trim_r1_to_r2,TSAL20250803_1400_staticAndStaticFree001,101,False,19.0,0.4976791850887431
TS,12,20250803,20250830,trim_r1_to_r2,TSAL20250803_1400_staticAndStaticFree001,102,False,20.0,0.5000547197273146
TS,12,20250803,20250830,trim_r1_to_r2,TSAL20250803_1400_staticAndStaticFree001,103,True,,
TS,12,20250803,20250830,trim_r1_to_r2,TSAL20250803_1400_staticAndStaticFree001,104,True,,
TS,12,20250803,20250830,trim_r1_to_r2,TSAL20250803_1400_staticAndStaticFree001,105,False,22.0,0.5037692174968481
TS,12,20250803,20250830,trim_r1_to_r2,TSAL20250803_1400_staticAndStaticFree001,106,True,,
TS,13,20250804,20250828,trim_r2_to_r1,TSAL20250828_0830_interferenceAndInterferenceFree001,0,False,13.0,0.9328758805711543
TS,13,20250804,20250828,trim_r2_to_r1,TSAL20250828_0830_interferenceAndInterferenceFree001,1,False,27.0,0.8804520818664984
TS,13,20250804,20250828,trim_r2_to_r1,TSAL20250828_0830_interferenceAndInterferenceFree001,2,False,23.0,0.8916672805300823
TS,13,20250804,20250828,trim_r2_to_r1,TSAL20250828_0830_interferenceAndInterferenceFree001,3,False,44.0,0.8262183746977938
TS,13,20250804,20250828,trim_r2_to_r1,TSAL20250828_0830_interferenceAndInterferenceFree001,4,False,47.0,0.8314179151540733
TS,13,20250804,20250828,trim_r2_to_r1,TSAL20250828_0830_interferenceAndInterferenceFree001,5,False,17.0,0.9193654957714394
TS,13,20250804,20250828,trim_r2_to_r1,TSAL20250828_0830_interferenceAndInterferenceFree001,6,False,31.0,0.8727619226993827
TS,13,20250804,20250828,trim_r2_to_r1,TSAL20250828_0830_interferenceAndInterferenceFree001,7,False,28.0,0.879892038343384
TS,13,20250804,20250828,trim_r2_to_r1,TSAL20250828_0830_interferenceAndInterferenceFree001,8,False,22.0,0.8929268714063134
TS,13,20250804,20250828,trim_r2_to_r1,TSAL20250828_0830_interferenceAndInterferenceFree001,9,False,16.0,0.9278487054730683
TS,13,20250804,20250828,trim_r2_to_r1,TSAL20250828_0830_interferenceAndInterferenceFree001,10,False,7.0,0.9687159576304307
TS,13,20250804,20250828,trim_r2_to_r1,TSAL20250828_0830_interferenceAndInterferenceFree001,11,False,8.0,0.9662147508901726
TS,13,20250804,20250828,trim_r2_to_r1,TSAL20250828_0830_interferenceAndInterferenceFree001,12,False,19.0,0.8912185866766044
TS,13,20250804,20250828,trim_r2_to_r1,TSAL20250828_0830_interferenceAndInterferenceFree001,13,False,26.0,0.8820106986332331
TS,13,20250804,20250828,trim_r2_to_r1,TSAL20250828_0830_interferenceAndInterferenceFree001,14,False,21.0,0.8962151769012942
TS,13,20250804,20250828,trim_r2_to_r1,TSAL20250828_0830_interferenceAndInterferenceFree001,15,False,30.0,0.8792597486797697
TS,13,20250804,20250828,trim_r2_to_r1,TSAL20250828_0830_interferenceAndInterferenceFree001,16,False,32.0,0.8780444139241316
TS,13,20250804,20250828,trim_r2_to_r1,TSAL20250828_0830_interferenceAndInterferenceFree001,17,False,34.0,0.8691568513896865
TS,13,20250804,20250828,trim_r2_to_r1,TSAL20250828_0830_interferenceAndInterferenceFree001,18,False,20.0,0.8941206103798168
TS,13,20250804,20250828,trim_r2_to_r1,TSAL20250828_0830_interferenceAndInterferenceFree001,19,False,25.0,0.8853457713729647
TS,13,20250804,20250828,trim_r2_to_r1,TSAL20250828_0830_interferenceAndInterferenceFree001,20,False,46.0,0.823236071524928
TS,13,20250804,20250828,trim_r2_to_r1,TSAL20250828_0830_interferenceAndInterferenceFree001,21,False,33.0,0.8790074500641246
TS,13,20250804,20250828,trim_r2_to_r1,TSAL20250828_0830_interferenceAndInterferenceFree001,22,False,29.0,0.8768629287314258
TS,13,20250804,20250828,trim_r2_to_r1,TSAL20250828_0830_interferenceAndInterferenceFree001,23,False,35.0,0.8639319721548765
TS,13,20250804,20250828,trim_r2_to_r1,TSAL20250828_0830_interferenceAndInterferenceFree001,24,True,,
TS,13,20250804,20250828,trim_r2_to_r1,TSAL20250828_0830_interferenceAndInterferenceFree001,25,True,,
TS,13,20250804,20250828,trim_r2_to_r1,TSAL20250828_0830_interferenceAndInterferenceFree001,26,True,,
TS,13,20250804,20250828,trim_r2_to_r1,TSAL20250828_0830_interferenceAndInterferenceFree001,27,False,1.0,1.1038034032743222
TS,13,20250804,20250828,trim_r2_to_r1,TSAL20250828_0830_interferenceAndInterferenceFree001,28,True,,
TS,13,20250804,20250828,trim_r2_to_r1,TSAL20250828_0830_interferenceAndInterferenceFree001,29,True,,
TS,13,20250804,20250828,trim_r2_to_r1,TSAL20250828_0830_interferenceAndInterferenceFree001,30,True,,
TS,13,20250804,20250828,trim_r2_to_r1,TSAL20250828_0830_interferenceAndInterferenceFree001,31,True,,
TS,13,20250804,20250828,trim_r2_to_r1,TSAL20250828_0830_interferenceAndInterferenceFree001,32,True,,
TS,13,20250804,20250828,trim_r2_to_r1,TSAL20250828_0830_interferenceAndInterferenceFree001,33,True,,
TS,13,20250804,20250828,trim_r2_to_r1,TSAL20250828_0830_interferenceAndInterferenceFree001,34,True,,
TS,13,20250804,20250828,trim_r2_to_r1,TSAL20250828_0830_interferenceAndInterferenceFree001,35,True,,
TS,13,20250804,20250828,trim_r2_to_r1,TSAL20250828_0830_interferenceAndInterferenceFree001,36,True,,
TS,13,20250804,20250828,trim_r2_to_r1,TSAL20250828_0830_interferenceAndInterferenceFree001,37,True,,
TS,13,20250804,20250828,trim_r2_to_r1,TSAL20250828_0830_interferenceAndInterferenceFree001,38,True,,
TS,13,20250804,20250828,trim_r2_to_r1,TSAL20250828_0830_interferenceAndInterferenceFree001,42,True,,
TS,13,20250804,20250828,trim_r2_to_r1,TSAL20250828_0830_interferenceAndInterferenceFree001,43,True,,
TS,13,20250804,20250828,trim_r2_to_r1,TSAL20250828_0830_interferenceAndInterferenceFree001,44,True,,
TS,13,20250804,20250828,trim_r2_to_r1,TSAL20250828_0830_interferenceAndInterferenceFree001,45,True,,
TS,13,20250804,20250828,trim_r2_to_r1,TSAL20250828_0830_interferenceAndInterferenceFree001,46,True,,
TS,13,20250804,20250828,trim_r2_to_r1,TSAL20250828_0830_interferenceAndInterferenceFree001,47,True,,
TS,13,20250804,20250828,trim_r2_to_r1,TSAL20250828_0830_interferenceAndInterferenceFree001,48,True,,
TS,13,20250804,20250828,trim_r2_to_r1,TSAL20250828_0830_interferenceAndInterferenceFree001,49,True,,
TS,13,20250804,20250828,trim_r2_to_r1,TSAL20250828_0830_interferenceAndInterferenceFree001,50,False,39.0,0.8451810198104147
TS,13,20250804,20250828,trim_r2_to_r1,TSAL20250828_0830_interferenceAndInterferenceFree001,51,True,,
TS,13,20250804,20250828,trim_r2_to_r1,TSAL20250828_0830_interferenceAndInterferenceFree001,52,True,,
TS,13,20250804,20250828,trim_r2_to_r1,TSAL20250828_0830_interferenceAndInterferenceFree001,53,True,,
TS,13,20250804,20250828,trim_r2_to_r1,TSAL20250828_0830_interferenceAndInterferenceFree001,54,True,,
TS,13,20250804,20250828,trim_r2_to_r1,TSAL20250828_0830_interferenceAndInterferenceFree001,55,True,,
TS,13,20250804,20250828,trim_r2_to_r1,TSAL20250828_0830_interferenceAndInterferenceFree001,56,True,,
TS,13,20250804,20250828,trim_r2_to_r1,TSAL20250828_0830_interferenceAndInterferenceFree001,57,True,,
TS,13,20250804,20250828,trim_r2_to_r1,TSAL20250828_0830_interferenceAndInterferenceFree001,58,True,,
TS,13,20250804,20250828,trim_r2_to_r1,TSAL20250828_0830_interferenceAndInterferenceFree001,59,True,,
TS,13,20250804,20250828,trim_r2_to_r1,TSAL20250828_0830_interferenceAndInterferenceFree001,60,True,,
TS,13,20250804,20250828,trim_r2_to_r1,TSAL20250828_0830_interferenceAndInterferenceFree001,61,True,,
TS,13,20250804,20250828,trim_r2_to_r1,TSAL20250828_0830_interferenceAndInterferenceFree001,62,False,4.0,1.012928335512573
TS,13,20250804,20250828,trim_r2_to_r1,TSAL20250828_0830_interferenceAndInterferenceFree001,63,False,41.0,0.8418997327030424
TS,13,20250804,20250828,trim_r2_to_r1,TSAL20250828_0830_interferenceAndInterferenceFree001,64,True,,
TS,13,20250804,20250828,trim_r2_to_r1,TSAL20250828_0830_interferenceAndInterferenceFree001,65,False,3.0,1.0239435849859566
TS,13,20250804,20250828,trim_r2_to_r1,TSAL20250828_0830_interferenceAndInterferenceFree001,66,True,,
TS,13,20250804,20250828,trim_r2_to_r1,TSAL20250828_0830_interferenceAndInterferenceFree001,67,True,,
TS,13,20250804,20250828,trim_r2_to_r1,TSAL20250828_0830_interferenceAndInterferenceFree001,68,True,,
TS,13,20250804,20250828,trim_r2_to_r1,TSAL20250828_0830_interferenceAndInterferenceFree001,69,True,,
TS,13,20250804,20250828,trim_r2_to_r1,TSAL20250828_0830_interferenceAndInterferenceFree001,70,False,14.0,0.9276525249902825
TS,13,20250804,20250828,trim_r2_to_r1,TSAL20250828_0830_interferenceAndInterferenceFree001,71,False,37.0,0.857070553871851
TS,13,20250804,20250828,trim_r2_to_r1,TSAL20250828_0830_interferenceAndInterferenceFree001,72,False,43.0,0.8277946323517075
TS,13,20250804,20250828,trim_r2_to_r1,TSAL20250828_0830_interferenceAndInterferenceFree001,73,False,48.0,0.8160980463443158
TS,13,20250804,20250828,trim_r2_to_r1,TSAL20250828_0830_interferenceAndInterferenceFree001,74,False,36.0,0.8566548434093106
TS,13,20250804,20250828,trim_r2_to_r1,TSAL20250828_0830_interferenceAndInterferenceFree001,75,False,38.0,0.8470975903511567
TS,13,20250804,20250828,trim_r2_to_r1,TSAL20250828_0830_interferenceAndInterferenceFree001,76,False,45.0,0.8241259061545556
TS,13,20250804,20250828,trim_r2_to_r1,TSAL20250828_0830_interferenceAndInterferenceFree001,77,False,11.0,0.9595094988865672
TS,13,20250804,20250828,trim_r2_to_r1,TSAL20250828_0830_interferenceAndInterferenceFree001,78,False,2.0,1.070760740418474
TS,13,20250804,20250828,trim_r2_to_r1,TSAL20250828_0830_interferenceAndInterferenceFree001,79,False,5.0,1.0043629107529695
TS,13,20250804,20250828,trim_r2_to_r1,TSAL20250828_0830_interferenceAndInterferenceFree001,80,False,18.0,0.9172170652860027
TS,13,20250804,20250828,trim_r2_to_r1,TSAL20250828_0830_interferenceAndInterferenceFree001,81,False,12.0,0.9499383199619792
TS,13,20250804,20250828,trim_r2_to_r1,TSAL20250828_0830_interferenceAndInterferenceFree001,82,False,9.0,0.965804824603299
TS,13,20250804,20250828,trim_r2_to_r1,TSAL20250828_0830_interferenceAndInterferenceFree001,83,True,,
TS,13,20250804,20250828,trim_r2_to_r1,TSAL20250828_0830_interferenceAndInterferenceFree001,84,False,10.0,0.9605375515625395
TS,13,20250804,20250828,trim_r2_to_r1,TSAL20250828_0830_interferenceAndInterferenceFree001,85,True,,
TS,13,20250804,20250828,trim_r2_to_r1,TSAL20250828_0830_interferenceAndInterferenceFree001,86,False,6.0,0.9989446709824561
TS,13,20250804,20250828,trim_r2_to_r1,TSAL20250828_0830_interferenceAndInterferenceFree001,87,False,15.0,0.9324138903599839
TS,13,20250804,20250828,trim_r2_to_r1,TSAL20250828_0830_interferenceAndInterferenceFree001,88,False,24.0,0.888355015015328
TS,13,20250804,20250828,trim_r2_to_r1,TSAL20250828_0830_interferenceAndInterferenceFree001,89,False,42.0,0.8262543629413841
TS,13,20250804,20250828,trim_r2_to_r1,TSAL20250828_0830_interferenceAndInterferenceFree001,91,False,40.0,0.8394320765076795
TS,13,20250804,20250828,trim_r2_to_r1,TSAL20250828_0830_interferenceAndInterferenceFree001,92,False,49.0,0.8219456352812506
TS,13,20250804,20250828,trim_r2_to_r1,TSAL20250828_0830_interferenceAndInterferenceFree001,93,True,,
TS,13,20250804,20250828,trim_r1_to_r2,TSAL20250804_0830_staticAndStaticFree001,0,False,23.0,0.5614081596314704
TS,13,20250804,20250828,trim_r1_to_r2,TSAL20250804_0830_staticAndStaticFree001,1,True,,
TS,13,20250804,20250828,trim_r1_to_r2,TSAL20250804_0830_staticAndStaticFree001,2,False,6.0,0.5095757824388486
TS,13,20250804,20250828,trim_r1_to_r2,TSAL20250804_0830_staticAndStaticFree001,3,False,26.0,0.5722378075956616
TS,13,20250804,20250828,trim_r1_to_r2,TSAL20250804_0830_staticAndStaticFree001,4,False,3.0,0.48656889348147603
TS,13,20250804,20250828,trim_r1_to_r2,TSAL20250804_0830_staticAndStaticFree001,5,False,24.0,0.5660146281273879
TS,13,20250804,20250828,trim_r1_to_r2,TSAL20250804_0830_staticAndStaticFree001,6,False,4.0,0.48926932404827744
TS,13,20250804,20250828,trim_r1_to_r2,TSAL20250804_0830_staticAndStaticFree001,7,False,7.0,0.5129126151321594
TS,13,20250804,20250828,trim_r1_to_r2,TSAL20250804_0830_staticAndStaticFree001,8,True,,
TS,13,20250804,20250828,trim_r1_to_r2,TSAL20250804_0830_staticAndStaticFree001,9,False,11.0,0.5275831325586805
TS,13,20250804,20250828,trim_r1_to_r2,TSAL20250804_0830_staticAndStaticFree001,10,False,8.0,0.5171147200527771
TS,13,20250804,20250828,trim_r1_to_r2,TSAL20250804_0830_staticAndStaticFree001,11,False,14.0,0.5382103417212265
TS,13,20250804,20250828,trim_r1_to_r2,TSAL20250804_0830_staticAndStaticFree001,12,False,28.0,0.5801817192840962
TS,13,20250804,20250828,trim_r1_to_r2,TSAL20250804_0830_staticAndStaticFree001,13,False,20.0,0.5497074100241849
TS,13,20250804,20250828,trim_r1_to_r2,TSAL20250804_0830_staticAndStaticFree001,14,True,,
TS,13,20250804,20250828,trim_r1_to_r2,TSAL20250804_0830_staticAndStaticFree001,15,True,,
TS,13,20250804,20250828,trim_r1_to_r2,TSAL20250804_0830_staticAndStaticFree001,16,True,,
TS,13,20250804,20250828,trim_r1_to_r2,TSAL20250804_0830_staticAndStaticFree001,17,True,,
TS,13,20250804,20250828,trim_r1_to_r2,TSAL20250804_0830_staticAndStaticFree001,18,True,,
TS,13,20250804,20250828,trim_r1_to_r2,TSAL20250804_0830_staticAndStaticFree001,19,True,,
TS,13,20250804,20250828,trim_r1_to_r2,TSAL20250804_0830_staticAndStaticFree001,20,False,1.0,0.4771920513588499
TS,13,20250804,20250828,trim_r1_to_r2,TSAL20250804_0830_staticAndStaticFree001,21,True,,
TS,13,20250804,20250828,trim_r1_to_r2,TSAL20250804_0830_staticAndStaticFree001,22,False,9.0,0.5209103027504318
TS,13,20250804,20250828,trim_r1_to_r2,TSAL20250804_0830_staticAndStaticFree001,23,True,,
TS,13,20250804,20250828,trim_r1_to_r2,TSAL20250804_0830_staticAndStaticFree001,25,True,,
TS,13,20250804,20250828,trim_r1_to_r2,TSAL20250804_0830_staticAndStaticFree001,26,True,,
TS,13,20250804,20250828,trim_r1_to_r2,TSAL20250804_0830_staticAndStaticFree001,27,True,,
TS,13,20250804,20250828,trim_r1_to_r2,TSAL20250804_0830_staticAndStaticFree001,28,True,,
TS,13,20250804,20250828,trim_r1_to_r2,TSAL20250804_0830_staticAndStaticFree001,29,False,18.0,0.5477116412687061
TS,13,20250804,20250828,trim_r1_to_r2,TSAL20250804_0830_staticAndStaticFree001,30,True,,
TS,13,20250804,20250828,trim_r1_to_r2,TSAL20250804_0830_staticAndStaticFree001,31,True,,
TS,13,20250804,20250828,trim_r1_to_r2,TSAL20250804_0830_staticAndStaticFree001,32,True,,
TS,13,20250804,20250828,trim_r1_to_r2,TSAL20250804_0830_staticAndStaticFree001,33,True,,
TS,13,20250804,20250828,trim_r1_to_r2,TSAL20250804_0830_staticAndStaticFree001,35,True,,
TS,13,20250804,20250828,trim_r1_to_r2,TSAL20250804_0830_staticAndStaticFree001,36,True,,
TS,13,20250804,20250828,trim_r1_to_r2,TSAL20250804_0830_staticAndStaticFree001,37,True,,
TS,13,20250804,20250828,trim_r1_to_r2,TSAL20250804_0830_staticAndStaticFree001,38,False,25.0,0.5713205612214051
TS,13,20250804,20250828,trim_r1_to_r2,TSAL20250804_0830_staticAndStaticFree001,39,True,,
TS,13,20250804,20250828,trim_r1_to_r2,TSAL20250804_0830_staticAndStaticFree001,40,True,,
TS,13,20250804,20250828,trim_r1_to_r2,TSAL20250804_0830_staticAndStaticFree001,41,False,10.0,0.5218396027599488
TS,13,20250804,20250828,trim_r1_to_r2,TSAL20250804_0830_staticAndStaticFree001,42,True,,
TS,13,20250804,20250828,trim_r1_to_r2,TSAL20250804_0830_staticAndStaticFree001,43,False,21.0,0.5562154120629781
TS,13,20250804,20250828,trim_r1_to_r2,TSAL20250804_0830_staticAndStaticFree001,45,True,,
TS,13,20250804,20250828,trim_r1_to_r2,TSAL20250804_0830_staticAndStaticFree001,46,False,16.0,0.5446623165649457
TS,13,20250804,20250828,trim_r1_to_r2,TSAL20250804_0830_staticAndStaticFree001,47,True,,
TS,13,20250804,20250828,trim_r1_to_r2,TSAL20250804_0830_staticAndStaticFree001,48,True,,
TS,13,20250804,20250828,trim_r1_to_r2,TSAL20250804_0830_staticAndStaticFree001,49,True,,
TS,13,20250804,20250828,trim_r1_to_r2,TSAL20250804_0830_staticAndStaticFree001,50,False,17.0,0.545185337942043
TS,13,20250804,20250828,trim_r1_to_r2,TSAL20250804_0830_staticAndStaticFree001,52,True,,
TS,13,20250804,20250828,trim_r1_to_r2,TSAL20250804_0830_staticAndStaticFree001,53,True,,
TS,13,20250804,20250828,trim_r1_to_r2,TSAL20250804_0830_staticAndStaticFree001,54,True,,
TS,13,20250804,20250828,trim_r1_to_r2,TSAL20250804_0830_staticAndStaticFree001,55,False,19.0,0.548887683700467
TS,13,20250804,20250828,trim_r1_to_r2,TSAL20250804_0830_staticAndStaticFree001,56,False,13.0,0.5347802546261885
TS,13,20250804,20250828,trim_r1_to_r2,TSAL20250804_0830_staticAndStaticFree001,57,True,,
TS,13,20250804,20250828,trim_r1_to_r2,TSAL20250804_0830_staticAndStaticFree001,58,False,2.0,0.48100658625770915
TS,13,20250804,20250828,trim_r1_to_r2,TSAL20250804_0830_staticAndStaticFree001,59,True,,
TS,13,20250804,20250828,trim_r1_to_r2,TSAL20250804_0830_staticAndStaticFree001,60,False,5.0,0.5083368544908451
TS,13,20250804,20250828,trim_r1_to_r2,TSAL20250804_0830_staticAndStaticFree001,61,True,,
TS,13,20250804,20250828,trim_r1_to_r2,TSAL20250804_0830_staticAndStaticFree001,62,True,,
TS,13,20250804,20250828,trim_r1_to_r2,TSAL20250804_0830_staticAndStaticFree001,63,True,,
TS,13,20250804,20250828,trim_r1_to_r2,TSAL20250804_0830_staticAndStaticFree001,64,False,12.0,0.5301004069715755
TS,13,20250804,20250828,trim_r1_to_r2,TSAL20250804_0830_staticAndStaticFree001,65,True,,
TS,13,20250804,20250828,trim_r1_to_r2,TSAL20250804_0830_staticAndStaticFree001,66,False,22.0,0.559103367024701
TS,13,20250804,20250828,trim_r1_to_r2,TSAL20250804_0830_staticAndStaticFree001,67,True,,
TS,13,20250804,20250828,trim_r1_to_r2,TSAL20250804_0830_staticAndStaticFree001,68,True,,
TS,13,20250804,20250828,trim_r1_to_r2,TSAL20250804_0830_staticAndStaticFree001,69,False,27.0,0.5769382801599492
TS,13,20250804,20250828,trim_r1_to_r2,TSAL20250804_0830_staticAndStaticFree001,70,True,,
TS,13,20250804,20250828,trim_r1_to_r2,TSAL20250804_0830_staticAndStaticFree001,71,False,15.0,0.5406251187936869
TS,13,20250804,20250828,trim_r1_to_r2,TSAL20250804_0830_staticAndStaticFree001,72,True,,
TS,13,20250804,20250828,trim_r1_to_r2,TSAL20250804_0830_staticAndStaticFree001,73,True,,
TS,14,20250804,20250829,trim_r2_to_r1,TSAL20250829_0830_interferenceAndInterferenceFree001,0,True,,
TS,14,20250804,20250829,trim_r2_to_r1,TSAL20250829_0830_interferenceAndInterferenceFree001,1,True,,
TS,14,20250804,20250829,trim_r2_to_r1,TSAL20250829_0830_interferenceAndInterferenceFree001,2,True,,
TS,14,20250804,20250829,trim_r2_to_r1,TSAL20250829_0830_interferenceAndInterferenceFree001,3,True,,
TS,14,20250804,20250829,trim_r2_to_r1,TSAL20250829_0830_interferenceAndInterferenceFree001,4,True,,
TS,14,20250804,20250829,trim_r2_to_r1,TSAL20250829_0830_interferenceAndInterferenceFree001,5,True,,
TS,14,20250804,20250829,trim_r2_to_r1,TSAL20250829_0830_interferenceAndInterferenceFree001,6,True,,
TS,14,20250804,20250829,trim_r2_to_r1,TSAL20250829_0830_interferenceAndInterferenceFree001,7,True,,
TS,14,20250804,20250829,trim_r2_to_r1,TSAL20250829_0830_interferenceAndInterferenceFree001,8,True,,
TS,14,20250804,20250829,trim_r2_to_r1,TSAL20250829_0830_interferenceAndInterferenceFree001,9,True,,
TS,14,20250804,20250829,trim_r2_to_r1,TSAL20250829_0830_interferenceAndInterferenceFree001,10,True,,
TS,14,20250804,20250829,trim_r2_to_r1,TSAL20250829_0830_interferenceAndInterferenceFree001,11,True,,
TS,14,20250804,20250829,trim_r2_to_r1,TSAL20250829_0830_interferenceAndInterferenceFree001,12,True,,
TS,14,20250804,20250829,trim_r2_to_r1,TSAL20250829_0830_interferenceAndInterferenceFree001,13,True,,
TS,14,20250804,20250829,trim_r2_to_r1,TSAL20250829_0830_interferenceAndInterferenceFree001,14,True,,
TS,14,20250804,20250829,trim_r2_to_r1,TSAL20250829_0830_interferenceAndInterferenceFree001,15,True,,
TS,14,20250804,20250829,trim_r2_to_r1,TSAL20250829_0830_interferenceAndInterferenceFree001,16,True,,
TS,14,20250804,20250829,trim_r2_to_r1,TSAL20250829_0830_interferenceAndInterferenceFree001,17,True,,
TS,14,20250804,20250829,trim_r2_to_r1,TSAL20250829_0830_interferenceAndInterferenceFree001,18,True,,
TS,14,20250804,20250829,trim_r2_to_r1,TSAL20250829_0830_interferenceAndInterferenceFree001,19,True,,
TS,14,20250804,20250829,trim_r2_to_r1,TSAL20250829_0830_interferenceAndInterferenceFree001,20,True,,
TS,14,20250804,20250829,trim_r2_to_r1,TSAL20250829_0830_interferenceAndInterferenceFree001,21,True,,
TS,14,20250804,20250829,trim_r2_to_r1,TSAL20250829_0830_interferenceAndInterferenceFree001,22,True,,
TS,14,20250804,20250829,trim_r2_to_r1,TSAL20250829_0830_interferenceAndInterferenceFree001,23,True,,
TS,14,20250804,20250829,trim_r2_to_r1,TSAL20250829_0830_interferenceAndInterferenceFree001,24,True,,
TS,14,20250804,20250829,trim_r2_to_r1,TSAL20250829_0830_interferenceAndInterferenceFree001,25,True,,
TS,14,20250804,20250829,trim_r2_to_r1,TSAL20250829_0830_interferenceAndInterferenceFree001,26,True,,
TS,14,20250804,20250829,trim_r2_to_r1,TSAL20250829_0830_interferenceAndInterferenceFree001,27,True,,
TS,14,20250804,20250829,trim_r2_to_r1,TSAL20250829_0830_interferenceAndInterferenceFree001,28,True,,
TS,14,20250804,20250829,trim_r2_to_r1,TSAL20250829_0830_interferenceAndInterferenceFree001,29,True,,
TS,14,20250804,20250829,trim_r2_to_r1,TSAL20250829_0830_interferenceAndInterferenceFree001,30,True,,
TS,14,20250804,20250829,trim_r2_to_r1,TSAL20250829_0830_interferenceAndInterferenceFree001,31,True,,
TS,14,20250804,20250829,trim_r2_to_r1,TSAL20250829_0830_interferenceAndInterferenceFree001,32,True,,
TS,14,20250804,20250829,trim_r2_to_r1,TSAL20250829_0830_interferenceAndInterferenceFree001,33,True,,
TS,14,20250804,20250829,trim_r2_to_r1,TSAL20250829_0830_interferenceAndInterferenceFree001,34,True,,
TS,14,20250804,20250829,trim_r2_to_r1,TSAL20250829_0830_interferenceAndInterferenceFree001,35,True,,
TS,14,20250804,20250829,trim_r2_to_r1,TSAL20250829_0830_interferenceAndInterferenceFree001,36,True,,
TS,14,20250804,20250829,trim_r2_to_r1,TSAL20250829_0830_interferenceAndInterferenceFree001,37,True,,
TS,14,20250804,20250829,trim_r2_to_r1,TSAL20250829_0830_interferenceAndInterferenceFree001,38,True,,
TS,14,20250804,20250829,trim_r2_to_r1,TSAL20250829_0830_interferenceAndInterferenceFree001,40,True,,
TS,14,20250804,20250829,trim_r2_to_r1,TSAL20250829_0830_interferenceAndInterferenceFree001,41,True,,
TS,14,20250804,20250829,trim_r2_to_r1,TSAL20250829_0830_interferenceAndInterferenceFree001,42,True,,
TS,14,20250804,20250829,trim_r2_to_r1,TSAL20250829_0830_interferenceAndInterferenceFree001,43,False,30.0,0.8739512453184205
TS,14,20250804,20250829,trim_r2_to_r1,TSAL20250829_0830_interferenceAndInterferenceFree001,44,False,6.0,0.9417187379945096
TS,14,20250804,20250829,trim_r2_to_r1,TSAL20250829_0830_interferenceAndInterferenceFree001,45,False,1.0,1.6081293910607353
TS,14,20250804,20250829,trim_r2_to_r1,TSAL20250829_0830_interferenceAndInterferenceFree001,46,False,26.0,0.8750950422720816
TS,14,20250804,20250829,trim_r2_to_r1,TSAL20250829_0830_interferenceAndInterferenceFree001,47,False,40.0,0.8329614629844031
TS,14,20250804,20250829,trim_r2_to_r1,TSAL20250829_0830_interferenceAndInterferenceFree001,48,True,,
TS,14,20250804,20250829,trim_r2_to_r1,TSAL20250829_0830_interferenceAndInterferenceFree001,49,False,22.0,0.8858964454321321
TS,14,20250804,20250829,trim_r2_to_r1,TSAL20250829_0830_interferenceAndInterferenceFree001,50,False,35.0,0.8563575120399414
TS,14,20250804,20250829,trim_r2_to_r1,TSAL20250829_0830_interferenceAndInterferenceFree001,51,False,42.0,0.8177713608613284
TS,14,20250804,20250829,trim_r2_to_r1,TSAL20250829_0830_interferenceAndInterferenceFree001,52,False,36.0,0.8499159852148478
TS,14,20250804,20250829,trim_r2_to_r1,TSAL20250829_0830_interferenceAndInterferenceFree001,53,True,,
TS,14,20250804,20250829,trim_r2_to_r1,TSAL20250829_0830_interferenceAndInterferenceFree001,54,False,34.0,0.8554284981787099
TS,14,20250804,20250829,trim_r2_to_r1,TSAL20250829_0830_interferenceAndInterferenceFree001,55,False,9.0,0.9452137609847254
TS,14,20250804,20250829,trim_r2_to_r1,TSAL20250829_0830_interferenceAndInterferenceFree001,56,False,28.0,0.8730140247625211
TS,14,20250804,20250829,trim_r2_to_r1,TSAL20250829_0830_interferenceAndInterferenceFree001,57,False,5.0,0.9657343963635234
TS,14,20250804,20250829,trim_r2_to_r1,TSAL20250829_0830_interferenceAndInterferenceFree001,58,True,,
TS,14,20250804,20250829,trim_r2_to_r1,TSAL20250829_0830_interferenceAndInterferenceFree001,59,True,,
TS,14,20250804,20250829,trim_r2_to_r1,TSAL20250829_0830_interferenceAndInterferenceFree001,60,False,17.0,0.8915452026627136
TS,14,20250804,20250829,trim_r2_to_r1,TSAL20250829_0830_interferenceAndInterferenceFree001,61,False,33.0,0.8552177694643736
TS,14,20250804,20250829,trim_r2_to_r1,TSAL20250829_0830_interferenceAndInterferenceFree001,62,True,,
TS,14,20250804,20250829,trim_r2_to_r1,TSAL20250829_0830_interferenceAndInterferenceFree001,63,False,13.0,0.9136363067203823
TS,14,20250804,20250829,trim_r2_to_r1,TSAL20250829_0830_interferenceAndInterferenceFree001,64,True,,
TS,14,20250804,20250829,trim_r2_to_r1,TSAL20250829_0830_interferenceAndInterferenceFree001,65,True,,
TS,14,20250804,20250829,trim_r2_to_r1,TSAL20250829_0830_interferenceAndInterferenceFree001,66,True,,
TS,14,20250804,20250829,trim_r2_to_r1,TSAL20250829_0830_interferenceAndInterferenceFree001,67,False,19.0,0.8862489251799076
TS,14,20250804,20250829,trim_r2_to_r1,TSAL20250829_0830_interferenceAndInterferenceFree001,68,False,38.0,0.8572681651232118
TS,14,20250804,20250829,trim_r2_to_r1,TSAL20250829_0830_interferenceAndInterferenceFree001,69,False,39.0,0.8503536597338835
TS,14,20250804,20250829,trim_r2_to_r1,TSAL20250829_0830_interferenceAndInterferenceFree001,70,False,15.0,0.9017229387076201
TS,14,20250804,20250829,trim_r2_to_r1,TSAL20250829_0830_interferenceAndInterferenceFree001,71,False,37.0,0.8551890079850426
TS,14,20250804,20250829,trim_r2_to_r1,TSAL20250829_0830_interferenceAndInterferenceFree001,72,True,,
TS,14,20250804,20250829,trim_r2_to_r1,TSAL20250829_0830_interferenceAndInterferenceFree001,73,False,24.0,0.8754912266653292
TS,14,20250804,20250829,trim_r2_to_r1,TSAL20250829_0830_interferenceAndInterferenceFree001,74,True,,
TS,14,20250804,20250829,trim_r2_to_r1,TSAL20250829_0830_interferenceAndInterferenceFree001,75,False,14.0,0.9044508396777416
TS,14,20250804,20250829,trim_r2_to_r1,TSAL20250829_0830_interferenceAndInterferenceFree001,76,False,31.0,0.862626523394946
TS,14,20250804,20250829,trim_r2_to_r1,TSAL20250829_0830_interferenceAndInterferenceFree001,77,False,21.0,0.8871836495582134
TS,14,20250804,20250829,trim_r2_to_r1,TSAL20250829_0830_interferenceAndInterferenceFree001,78,False,32.0,0.8534553959287179
TS,14,20250804,20250829,trim_r2_to_r1,TSAL20250829_0830_interferenceAndInterferenceFree001,79,False,20.0,0.8904460905040421
TS,14,20250804,20250829,trim_r2_to_r1,TSAL20250829_0830_interferenceAndInterferenceFree001,81,False,10.0,0.9360968690438147
TS,14,20250804,20250829,trim_r2_to_r1,TSAL20250829_0830_interferenceAndInterferenceFree001,83,False,7.0,0.9415211856261998
TS,14,20250804,20250829,trim_r2_to_r1,TSAL20250829_0830_interferenceAndInterferenceFree001,84,False,11.0,0.935071267557698
TS,14,20250804,20250829,trim_r2_to_r1,TSAL20250829_0830_interferenceAndInterferenceFree001,85,False,16.0,0.8995147574430503
TS,14,20250804,20250829,trim_r2_to_r1,TSAL20250829_0830_interferenceAndInterferenceFree001,86,False,8.0,0.9404946843726187
TS,14,20250804,20250829,trim_r2_to_r1,TSAL20250829_0830_interferenceAndInterferenceFree001,88,False,29.0,0.8730832511074187
TS,14,20250804,20250829,trim_r2_to_r1,TSAL20250829_0830_interferenceAndInterferenceFree001,89,False,25.0,0.8742900919828056
TS,14,20250804,20250829,trim_r2_to_r1,TSAL20250829_0830_interferenceAndInterferenceFree001,90,False,41.0,0.834126704396119
TS,14,20250804,20250829,trim_r2_to_r1,TSAL20250829_0830_interferenceAndInterferenceFree001,91,False,2.0,1.3532300801840176
TS,14,20250804,20250829,trim_r2_to_r1,TSAL20250829_0830_interferenceAndInterferenceFree001,92,True,,
TS,14,20250804,20250829,trim_r2_to_r1,TSAL20250829_0830_interferenceAndInterferenceFree001,93,False,18.0,0.8876904636177033
TS,14,20250804,20250829,trim_r2_to_r1,TSAL20250829_0830_interferenceAndInterferenceFree001,94,False,4.0,1.0414702525450104
TS,14,20250804,20250829,trim_r2_to_r1,TSAL20250829_0830_interferenceAndInterferenceFree001,95,False,23.0,0.8813678462245156
TS,14,20250804,20250829,trim_r2_to_r1,TSAL20250829_0830_interferenceAndInterferenceFree001,96,False,12.0,0.92156189100744
TS,14,20250804,20250829,trim_r2_to_r1,TSAL20250829_0830_interferenceAndInterferenceFree001,97,False,3.0,1.1923843486320234
TS,14,20250804,20250829,trim_r2_to_r1,TSAL20250829_0830_interferenceAndInterferenceFree001,98,False,27.0,0.8740150812547309
TS,14,20250804,20250829,trim_r1_to_r2,TSAL20250804_0830_staticAndStaticFree001,0,True,,
TS,14,20250804,20250829,trim_r1_to_r2,TSAL20250804_0830_staticAndStaticFree001,1,True,,
TS,14,20250804,20250829,trim_r1_to_r2,TSAL20250804_0830_staticAndStaticFree001,2,False,6.0,0.5095757824388486
TS,14,20250804,20250829,trim_r1_to_r2,TSAL20250804_0830_staticAndStaticFree001,3,True,,
TS,14,20250804,20250829,trim_r1_to_r2,TSAL20250804_0830_staticAndStaticFree001,4,False,3.0,0.48656889348147603
TS,14,20250804,20250829,trim_r1_to_r2,TSAL20250804_0830_staticAndStaticFree001,5,True,,
TS,14,20250804,20250829,trim_r1_to_r2,TSAL20250804_0830_staticAndStaticFree001,6,False,4.0,0.48926932404827744
TS,14,20250804,20250829,trim_r1_to_r2,TSAL20250804_0830_staticAndStaticFree001,7,False,7.0,0.5129126151321594
TS,14,20250804,20250829,trim_r1_to_r2,TSAL20250804_0830_staticAndStaticFree001,8,True,,
TS,14,20250804,20250829,trim_r1_to_r2,TSAL20250804_0830_staticAndStaticFree001,9,True,,
TS,14,20250804,20250829,trim_r1_to_r2,TSAL20250804_0830_staticAndStaticFree001,10,False,8.0,0.5171147200527771
TS,14,20250804,20250829,trim_r1_to_r2,TSAL20250804_0830_staticAndStaticFree001,11,True,,
TS,14,20250804,20250829,trim_r1_to_r2,TSAL20250804_0830_staticAndStaticFree001,12,True,,
TS,14,20250804,20250829,trim_r1_to_r2,TSAL20250804_0830_staticAndStaticFree001,13,True,,
TS,14,20250804,20250829,trim_r1_to_r2,TSAL20250804_0830_staticAndStaticFree001,14,True,,
TS,14,20250804,20250829,trim_r1_to_r2,TSAL20250804_0830_staticAndStaticFree001,15,True,,
TS,14,20250804,20250829,trim_r1_to_r2,TSAL20250804_0830_staticAndStaticFree001,16,True,,
TS,14,20250804,20250829,trim_r1_to_r2,TSAL20250804_0830_staticAndStaticFree001,17,True,,
TS,14,20250804,20250829,trim_r1_to_r2,TSAL20250804_0830_staticAndStaticFree001,18,True,,
TS,14,20250804,20250829,trim_r1_to_r2,TSAL20250804_0830_staticAndStaticFree001,19,True,,
TS,14,20250804,20250829,trim_r1_to_r2,TSAL20250804_0830_staticAndStaticFree001,20,False,1.0,0.4771920513588499
TS,14,20250804,20250829,trim_r1_to_r2,TSAL20250804_0830_staticAndStaticFree001,21,True,,
TS,14,20250804,20250829,trim_r1_to_r2,TSAL20250804_0830_staticAndStaticFree001,22,True,,
TS,14,20250804,20250829,trim_r1_to_r2,TSAL20250804_0830_staticAndStaticFree001,23,True,,
TS,14,20250804,20250829,trim_r1_to_r2,TSAL20250804_0830_staticAndStaticFree001,25,True,,
TS,14,20250804,20250829,trim_r1_to_r2,TSAL20250804_0830_staticAndStaticFree001,26,True,,
TS,14,20250804,20250829,trim_r1_to_r2,TSAL20250804_0830_staticAndStaticFree001,27,True,,
TS,14,20250804,20250829,trim_r1_to_r2,TSAL20250804_0830_staticAndStaticFree001,28,True,,
TS,14,20250804,20250829,trim_r1_to_r2,TSAL20250804_0830_staticAndStaticFree001,29,True,,
TS,14,20250804,20250829,trim_r1_to_r2,TSAL20250804_0830_staticAndStaticFree001,30,True,,
TS,14,20250804,20250829,trim_r1_to_r2,TSAL20250804_0830_staticAndStaticFree001,31,True,,
TS,14,20250804,20250829,trim_r1_to_r2,TSAL20250804_0830_staticAndStaticFree001,32,True,,
TS,14,20250804,20250829,trim_r1_to_r2,TSAL20250804_0830_staticAndStaticFree001,33,True,,
TS,14,20250804,20250829,trim_r1_to_r2,TSAL20250804_0830_staticAndStaticFree001,35,True,,
TS,14,20250804,20250829,trim_r1_to_r2,TSAL20250804_0830_staticAndStaticFree001,36,True,,
TS,14,20250804,20250829,trim_r1_to_r2,TSAL20250804_0830_staticAndStaticFree001,37,True,,
TS,14,20250804,20250829,trim_r1_to_r2,TSAL20250804_0830_staticAndStaticFree001,38,True,,
TS,14,20250804,20250829,trim_r1_to_r2,TSAL20250804_0830_staticAndStaticFree001,39,True,,
TS,14,20250804,20250829,trim_r1_to_r2,TSAL20250804_0830_staticAndStaticFree001,40,True,,
TS,14,20250804,20250829,trim_r1_to_r2,TSAL20250804_0830_staticAndStaticFree001,41,True,,
TS,14,20250804,20250829,trim_r1_to_r2,TSAL20250804_0830_staticAndStaticFree001,42,True,,
TS,14,20250804,20250829,trim_r1_to_r2,TSAL20250804_0830_staticAndStaticFree001,43,True,,
TS,14,20250804,20250829,trim_r1_to_r2,TSAL20250804_0830_staticAndStaticFree001,45,True,,
TS,14,20250804,20250829,trim_r1_to_r2,TSAL20250804_0830_staticAndStaticFree001,46,True,,
TS,14,20250804,20250829,trim_r1_to_r2,TSAL20250804_0830_staticAndStaticFree001,47,True,,
TS,14,20250804,20250829,trim_r1_to_r2,TSAL20250804_0830_staticAndStaticFree001,48,True,,
TS,14,20250804,20250829,trim_r1_to_r2,TSAL20250804_0830_staticAndStaticFree001,49,True,,
TS,14,20250804,20250829,trim_r1_to_r2,TSAL20250804_0830_staticAndStaticFree001,50,True,,
TS,14,20250804,20250829,trim_r1_to_r2,TSAL20250804_0830_staticAndStaticFree001,52,True,,
TS,14,20250804,20250829,trim_r1_to_r2,TSAL20250804_0830_staticAndStaticFree001,53,True,,
TS,14,20250804,20250829,trim_r1_to_r2,TSAL20250804_0830_staticAndStaticFree001,54,True,,
TS,14,20250804,20250829,trim_r1_to_r2,TSAL20250804_0830_staticAndStaticFree001,55,True,,
TS,14,20250804,20250829,trim_r1_to_r2,TSAL20250804_0830_staticAndStaticFree001,56,True,,
TS,14,20250804,20250829,trim_r1_to_r2,TSAL20250804_0830_staticAndStaticFree001,57,True,,
TS,14,20250804,20250829,trim_r1_to_r2,TSAL20250804_0830_staticAndStaticFree001,58,False,2.0,0.48100658625770915
TS,14,20250804,20250829,trim_r1_to_r2,TSAL20250804_0830_staticAndStaticFree001,59,True,,
TS,14,20250804,20250829,trim_r1_to_r2,TSAL20250804_0830_staticAndStaticFree001,60,False,5.0,0.5083368544908451
TS,14,20250804,20250829,trim_r1_to_r2,TSAL20250804_0830_staticAndStaticFree001,61,True,,
TS,14,20250804,20250829,trim_r1_to_r2,TSAL20250804_0830_staticAndStaticFree001,62,True,,
TS,14,20250804,20250829,trim_r1_to_r2,TSAL20250804_0830_staticAndStaticFree001,63,True,,
TS,14,20250804,20250829,trim_r1_to_r2,TSAL20250804_0830_staticAndStaticFree001,64,True,,
TS,14,20250804,20250829,trim_r1_to_r2,TSAL20250804_0830_staticAndStaticFree001,65,True,,
TS,14,20250804,20250829,trim_r1_to_r2,TSAL20250804_0830_staticAndStaticFree001,66,True,,
TS,14,20250804,20250829,trim_r1_to_r2,TSAL20250804_0830_staticAndStaticFree001,67,True,,
TS,14,20250804,20250829,trim_r1_to_r2,TSAL20250804_0830_staticAndStaticFree001,68,True,,
TS,14,20250804,20250829,trim_r1_to_r2,TSAL20250804_0830_staticAndStaticFree001,69,True,,
TS,14,20250804,20250829,trim_r1_to_r2,TSAL20250804_0830_staticAndStaticFree001,70,True,,
TS,14,20250804,20250829,trim_r1_to_r2,TSAL20250804_0830_staticAndStaticFree001,71,True,,
TS,14,20250804,20250829,trim_r1_to_r2,TSAL20250804_0830_staticAndStaticFree001,72,True,,
TS,14,20250804,20250829,trim_r1_to_r2,TSAL20250804_0830_staticAndStaticFree001,73,True,,
TS,15,20250804,20250830,trim_r2_to_r1,TSAL20250830_0830_interferenceAndInterferenceFree001,1,True,,
TS,15,20250804,20250830,trim_r2_to_r1,TSAL20250830_0830_interferenceAndInterferenceFree001,2,True,,
TS,15,20250804,20250830,trim_r2_to_r1,TSAL20250830_0830_interferenceAndInterferenceFree001,3,True,,
TS,15,20250804,20250830,trim_r2_to_r1,TSAL20250830_0830_interferenceAndInterferenceFree001,4,True,,
TS,15,20250804,20250830,trim_r2_to_r1,TSAL20250830_0830_interferenceAndInterferenceFree001,5,True,,
TS,15,20250804,20250830,trim_r2_to_r1,TSAL20250830_0830_interferenceAndInterferenceFree001,6,True,,
TS,15,20250804,20250830,trim_r2_to_r1,TSAL20250830_0830_interferenceAndInterferenceFree001,7,True,,
TS,15,20250804,20250830,trim_r2_to_r1,TSAL20250830_0830_interferenceAndInterferenceFree001,8,True,,
TS,15,20250804,20250830,trim_r2_to_r1,TSAL20250830_0830_interferenceAndInterferenceFree001,9,True,,
TS,15,20250804,20250830,trim_r2_to_r1,TSAL20250830_0830_interferenceAndInterferenceFree001,10,True,,
TS,15,20250804,20250830,trim_r2_to_r1,TSAL20250830_0830_interferenceAndInterferenceFree001,12,False,10.0,0.8803871899949374
TS,15,20250804,20250830,trim_r2_to_r1,TSAL20250830_0830_interferenceAndInterferenceFree001,13,True,,
TS,15,20250804,20250830,trim_r2_to_r1,TSAL20250830_0830_interferenceAndInterferenceFree001,14,True,,
TS,15,20250804,20250830,trim_r2_to_r1,TSAL20250830_0830_interferenceAndInterferenceFree001,15,True,,
TS,15,20250804,20250830,trim_r2_to_r1,TSAL20250830_0830_interferenceAndInterferenceFree001,16,True,,
TS,15,20250804,20250830,trim_r2_to_r1,TSAL20250830_0830_interferenceAndInterferenceFree001,17,False,1.0,1.0492151016052262
TS,15,20250804,20250830,trim_r2_to_r1,TSAL20250830_0830_interferenceAndInterferenceFree001,18,True,,
TS,15,20250804,20250830,trim_r2_to_r1,TSAL20250830_0830_interferenceAndInterferenceFree001,19,True,,
TS,15,20250804,20250830,trim_r2_to_r1,TSAL20250830_0830_interferenceAndInterferenceFree001,20,True,,
TS,15,20250804,20250830,trim_r2_to_r1,TSAL20250830_0830_interferenceAndInterferenceFree001,21,True,,
TS,15,20250804,20250830,trim_r2_to_r1,TSAL20250830_0830_interferenceAndInterferenceFree001,23,True,,
TS,15,20250804,20250830,trim_r2_to_r1,TSAL20250830_0830_interferenceAndInterferenceFree001,24,True,,
TS,15,20250804,20250830,trim_r2_to_r1,TSAL20250830_0830_interferenceAndInterferenceFree001,25,True,,
TS,15,20250804,20250830,trim_r2_to_r1,TSAL20250830_0830_interferenceAndInterferenceFree001,26,True,,
TS,15,20250804,20250830,trim_r2_to_r1,TSAL20250830_0830_interferenceAndInterferenceFree001,27,True,,
TS,15,20250804,20250830,trim_r2_to_r1,TSAL20250830_0830_interferenceAndInterferenceFree001,28,False,2.0,1.0247479159019566
TS,15,20250804,20250830,trim_r2_to_r1,TSAL20250830_0830_interferenceAndInterferenceFree001,29,True,,
TS,15,20250804,20250830,trim_r2_to_r1,TSAL20250830_0830_interferenceAndInterferenceFree001,30,True,,
TS,15,20250804,20250830,trim_r2_to_r1,TSAL20250830_0830_interferenceAndInterferenceFree001,31,True,,
TS,15,20250804,20250830,trim_r2_to_r1,TSAL20250830_0830_interferenceAndInterferenceFree001,32,True,,
TS,15,20250804,20250830,trim_r2_to_r1,TSAL20250830_0830_interferenceAndInterferenceFree001,33,True,,
TS,15,20250804,20250830,trim_r2_to_r1,TSAL20250830_0830_interferenceAndInterferenceFree001,34,True,,
TS,15,20250804,20250830,trim_r2_to_r1,TSAL20250830_0830_interferenceAndInterferenceFree001,35,True,,
TS,15,20250804,20250830,trim_r2_to_r1,TSAL20250830_0830_interferenceAndInterferenceFree001,36,True,,
TS,15,20250804,20250830,trim_r2_to_r1,TSAL20250830_0830_interferenceAndInterferenceFree001,37,True,,
TS,15,20250804,20250830,trim_r2_to_r1,TSAL20250830_0830_interferenceAndInterferenceFree001,38,True,,
TS,15,20250804,20250830,trim_r2_to_r1,TSAL20250830_0830_interferenceAndInterferenceFree001,40,True,,
TS,15,20250804,20250830,trim_r2_to_r1,TSAL20250830_0830_interferenceAndInterferenceFree001,41,True,,
TS,15,20250804,20250830,trim_r2_to_r1,TSAL20250830_0830_interferenceAndInterferenceFree001,42,True,,
TS,15,20250804,20250830,trim_r2_to_r1,TSAL20250830_0830_interferenceAndInterferenceFree001,43,True,,
TS,15,20250804,20250830,trim_r2_to_r1,TSAL20250830_0830_interferenceAndInterferenceFree001,44,False,3.0,0.9620676372370269
TS,15,20250804,20250830,trim_r2_to_r1,TSAL20250830_0830_interferenceAndInterferenceFree001,45,False,6.0,0.9112092901601999
TS,15,20250804,20250830,trim_r2_to_r1,TSAL20250830_0830_interferenceAndInterferenceFree001,46,True,,
TS,15,20250804,20250830,trim_r2_to_r1,TSAL20250830_0830_interferenceAndInterferenceFree001,47,True,,
TS,15,20250804,20250830,trim_r2_to_r1,TSAL20250830_0830_interferenceAndInterferenceFree001,48,True,,
TS,15,20250804,20250830,trim_r2_to_r1,TSAL20250830_0830_interferenceAndInterferenceFree001,49,True,,
TS,15,20250804,20250830,trim_r2_to_r1,TSAL20250830_0830_interferenceAndInterferenceFree001,50,True,,
TS,15,20250804,20250830,trim_r2_to_r1,TSAL20250830_0830_interferenceAndInterferenceFree001,52,True,,
TS,15,20250804,20250830,trim_r2_to_r1,TSAL20250830_0830_interferenceAndInterferenceFree001,53,True,,
TS,15,20250804,20250830,trim_r2_to_r1,TSAL20250830_0830_interferenceAndInterferenceFree001,54,True,,
TS,15,20250804,20250830,trim_r2_to_r1,TSAL20250830_0830_interferenceAndInterferenceFree001,55,True,,
TS,15,20250804,20250830,trim_r2_to_r1,TSAL20250830_0830_interferenceAndInterferenceFree001,56,True,,
TS,15,20250804,20250830,trim_r2_to_r1,TSAL20250830_0830_interferenceAndInterferenceFree001,57,True,,
TS,15,20250804,20250830,trim_r2_to_r1,TSAL20250830_0830_interferenceAndInterferenceFree001,58,True,,
TS,15,20250804,20250830,trim_r2_to_r1,TSAL20250830_0830_interferenceAndInterferenceFree001,60,True,,
TS,15,20250804,20250830,trim_r2_to_r1,TSAL20250830_0830_interferenceAndInterferenceFree001,61,True,,
TS,15,20250804,20250830,trim_r2_to_r1,TSAL20250830_0830_interferenceAndInterferenceFree001,62,True,,
TS,15,20250804,20250830,trim_r2_to_r1,TSAL20250830_0830_interferenceAndInterferenceFree001,63,True,,
TS,15,20250804,20250830,trim_r2_to_r1,TSAL20250830_0830_interferenceAndInterferenceFree001,64,True,,
TS,15,20250804,20250830,trim_r2_to_r1,TSAL20250830_0830_interferenceAndInterferenceFree001,65,True,,
TS,15,20250804,20250830,trim_r2_to_r1,TSAL20250830_0830_interferenceAndInterferenceFree001,66,True,,
TS,15,20250804,20250830,trim_r2_to_r1,TSAL20250830_0830_interferenceAndInterferenceFree001,67,True,,
TS,15,20250804,20250830,trim_r2_to_r1,TSAL20250830_0830_interferenceAndInterferenceFree001,68,False,4.0,0.9281237245193258
TS,15,20250804,20250830,trim_r2_to_r1,TSAL20250830_0830_interferenceAndInterferenceFree001,69,False,8.0,0.8855685020917664
TS,15,20250804,20250830,trim_r2_to_r1,TSAL20250830_0830_interferenceAndInterferenceFree001,70,False,5.0,0.9171297549018407
TS,15,20250804,20250830,trim_r2_to_r1,TSAL20250830_0830_interferenceAndInterferenceFree001,71,False,7.0,0.8967896872709239
TS,15,20250804,20250830,trim_r2_to_r1,TSAL20250830_0830_interferenceAndInterferenceFree001,72,False,11.0,0.8674520627247374
TS,15,20250804,20250830,trim_r2_to_r1,TSAL20250830_0830_interferenceAndInterferenceFree001,73,False,9.0,0.8848613529661441
TS,15,20250804,20250830,trim_r2_to_r1,TSAL20250830_0830_interferenceAndInterferenceFree001,74,True,,
TS,15,20250804,20250830,trim_r2_to_r1,TSAL20250830_0830_interferenceAndInterferenceFree001,75,True,,
TS,15,20250804,20250830,trim_r2_to_r1,TSAL20250830_0830_interferenceAndInterferenceFree001,76,True,,
TS,15,20250804,20250830,trim_r2_to_r1,TSAL20250830_0830_interferenceAndInterferenceFree001,77,False,13.0,0.8372465128212512
TS,15,20250804,20250830,trim_r2_to_r1,TSAL20250830_0830_interferenceAndInterferenceFree001,79,True,,
TS,15,20250804,20250830,trim_r2_to_r1,TSAL20250830_0830_interferenceAndInterferenceFree001,81,True,,
TS,15,20250804,20250830,trim_r2_to_r1,TSAL20250830_0830_interferenceAndInterferenceFree001,82,True,,
TS,15,20250804,20250830,trim_r2_to_r1,TSAL20250830_0830_interferenceAndInterferenceFree001,83,True,,
TS,15,20250804,20250830,trim_r2_to_r1,TSAL20250830_0830_interferenceAndInterferenceFree001,86,False,14.0,0.8401338234245985
TS,15,20250804,20250830,trim_r2_to_r1,TSAL20250830_0830_interferenceAndInterferenceFree001,87,True,,
TS,15,20250804,20250830,trim_r2_to_r1,TSAL20250830_0830_interferenceAndInterferenceFree001,88,False,12.0,0.8617866480545344
TS,15,20250804,20250830,trim_r1_to_r2,TSAL20250804_0830_staticAndStaticFree001,0,True,,
TS,15,20250804,20250830,trim_r1_to_r2,TSAL20250804_0830_staticAndStaticFree001,1,True,,
TS,15,20250804,20250830,trim_r1_to_r2,TSAL20250804_0830_staticAndStaticFree001,2,True,,
TS,15,20250804,20250830,trim_r1_to_r2,TSAL20250804_0830_staticAndStaticFree001,3,True,,
TS,15,20250804,20250830,trim_r1_to_r2,TSAL20250804_0830_staticAndStaticFree001,4,True,,
TS,15,20250804,20250830,trim_r1_to_r2,TSAL20250804_0830_staticAndStaticFree001,5,True,,
TS,15,20250804,20250830,trim_r1_to_r2,TSAL20250804_0830_staticAndStaticFree001,6,True,,
TS,15,20250804,20250830,trim_r1_to_r2,TSAL20250804_0830_staticAndStaticFree001,7,True,,
TS,15,20250804,20250830,trim_r1_to_r2,TSAL20250804_0830_staticAndStaticFree001,8,True,,
TS,15,20250804,20250830,trim_r1_to_r2,TSAL20250804_0830_staticAndStaticFree001,9,True,,
TS,15,20250804,20250830,trim_r1_to_r2,TSAL20250804_0830_staticAndStaticFree001,10,True,,
TS,15,20250804,20250830,trim_r1_to_r2,TSAL20250804_0830_staticAndStaticFree001,11,True,,
TS,15,20250804,20250830,trim_r1_to_r2,TSAL20250804_0830_staticAndStaticFree001,12,True,,
TS,15,20250804,20250830,trim_r1_to_r2,TSAL20250804_0830_staticAndStaticFree001,13,True,,
TS,15,20250804,20250830,trim_r1_to_r2,TSAL20250804_0830_staticAndStaticFree001,14,True,,
TS,15,20250804,20250830,trim_r1_to_r2,TSAL20250804_0830_staticAndStaticFree001,15,True,,
TS,15,20250804,20250830,trim_r1_to_r2,TSAL20250804_0830_staticAndStaticFree001,16,True,,
TS,15,20250804,20250830,trim_r1_to_r2,TSAL20250804_0830_staticAndStaticFree001,17,True,,
TS,15,20250804,20250830,trim_r1_to_r2,TSAL20250804_0830_staticAndStaticFree001,18,True,,
TS,15,20250804,20250830,trim_r1_to_r2,TSAL20250804_0830_staticAndStaticFree001,19,True,,
TS,15,20250804,20250830,trim_r1_to_r2,TSAL20250804_0830_staticAndStaticFree001,20,True,,
TS,15,20250804,20250830,trim_r1_to_r2,TSAL20250804_0830_staticAndStaticFree001,21,True,,
TS,15,20250804,20250830,trim_r1_to_r2,TSAL20250804_0830_staticAndStaticFree001,22,True,,
TS,15,20250804,20250830,trim_r1_to_r2,TSAL20250804_0830_staticAndStaticFree001,23,True,,
TS,15,20250804,20250830,trim_r1_to_r2,TSAL20250804_0830_staticAndStaticFree001,25,True,,
TS,15,20250804,20250830,trim_r1_to_r2,TSAL20250804_0830_staticAndStaticFree001,26,True,,
TS,15,20250804,20250830,trim_r1_to_r2,TSAL20250804_0830_staticAndStaticFree001,27,True,,
TS,15,20250804,20250830,trim_r1_to_r2,TSAL20250804_0830_staticAndStaticFree001,28,True,,
TS,15,20250804,20250830,trim_r1_to_r2,TSAL20250804_0830_staticAndStaticFree001,29,True,,
TS,15,20250804,20250830,trim_r1_to_r2,TSAL20250804_0830_staticAndStaticFree001,30,True,,
TS,15,20250804,20250830,trim_r1_to_r2,TSAL20250804_0830_staticAndStaticFree001,31,True,,
TS,15,20250804,20250830,trim_r1_to_r2,TSAL20250804_0830_staticAndStaticFree001,32,True,,
TS,15,20250804,20250830,trim_r1_to_r2,TSAL20250804_0830_staticAndStaticFree001,33,True,,
TS,15,20250804,20250830,trim_r1_to_r2,TSAL20250804_0830_staticAndStaticFree001,35,True,,
TS,15,20250804,20250830,trim_r1_to_r2,TSAL20250804_0830_staticAndStaticFree001,36,True,,
TS,15,20250804,20250830,trim_r1_to_r2,TSAL20250804_0830_staticAndStaticFree001,37,True,,
TS,15,20250804,20250830,trim_r1_to_r2,TSAL20250804_0830_staticAndStaticFree001,38,True,,
TS,15,20250804,20250830,trim_r1_to_r2,TSAL20250804_0830_staticAndStaticFree001,39,True,,
TS,15,20250804,20250830,trim_r1_to_r2,TSAL20250804_0830_staticAndStaticFree001,40,True,,
TS,15,20250804,20250830,trim_r1_to_r2,TSAL20250804_0830_staticAndStaticFree001,41,True,,
TS,15,20250804,20250830,trim_r1_to_r2,TSAL20250804_0830_staticAndStaticFree001,42,True,,
TS,15,20250804,20250830,trim_r1_to_r2,TSAL20250804_0830_staticAndStaticFree001,43,True,,
TS,15,20250804,20250830,trim_r1_to_r2,TSAL20250804_0830_staticAndStaticFree001,45,True,,
TS,15,20250804,20250830,trim_r1_to_r2,TSAL20250804_0830_staticAndStaticFree001,46,True,,
TS,15,20250804,20250830,trim_r1_to_r2,TSAL20250804_0830_staticAndStaticFree001,47,True,,
TS,15,20250804,20250830,trim_r1_to_r2,TSAL20250804_0830_staticAndStaticFree001,48,True,,
TS,15,20250804,20250830,trim_r1_to_r2,TSAL20250804_0830_staticAndStaticFree001,49,True,,
TS,15,20250804,20250830,trim_r1_to_r2,TSAL20250804_0830_staticAndStaticFree001,50,True,,
TS,15,20250804,20250830,trim_r1_to_r2,TSAL20250804_0830_staticAndStaticFree001,52,True,,
TS,15,20250804,20250830,trim_r1_to_r2,TSAL20250804_0830_staticAndStaticFree001,53,True,,
TS,15,20250804,20250830,trim_r1_to_r2,TSAL20250804_0830_staticAndStaticFree001,54,True,,
TS,15,20250804,20250830,trim_r1_to_r2,TSAL20250804_0830_staticAndStaticFree001,55,True,,
TS,15,20250804,20250830,trim_r1_to_r2,TSAL20250804_0830_staticAndStaticFree001,56,True,,
TS,15,20250804,20250830,trim_r1_to_r2,TSAL20250804_0830_staticAndStaticFree001,57,True,,
TS,15,20250804,20250830,trim_r1_to_r2,TSAL20250804_0830_staticAndStaticFree001,58,True,,
TS,15,20250804,20250830,trim_r1_to_r2,TSAL20250804_0830_staticAndStaticFree001,59,True,,
TS,15,20250804,20250830,trim_r1_to_r2,TSAL20250804_0830_staticAndStaticFree001,60,True,,
TS,15,20250804,20250830,trim_r1_to_r2,TSAL20250804_0830_staticAndStaticFree001,61,True,,
TS,15,20250804,20250830,trim_r1_to_r2,TSAL20250804_0830_staticAndStaticFree001,62,True,,
TS,15,20250804,20250830,trim_r1_to_r2,TSAL20250804_0830_staticAndStaticFree001,63,True,,
TS,15,20250804,20250830,trim_r1_to_r2,TSAL20250804_0830_staticAndStaticFree001,64,True,,
TS,15,20250804,20250830,trim_r1_to_r2,TSAL20250804_0830_staticAndStaticFree001,65,True,,
TS,15,20250804,20250830,trim_r1_to_r2,TSAL20250804_0830_staticAndStaticFree001,66,True,,
TS,15,20250804,20250830,trim_r1_to_r2,TSAL20250804_0830_staticAndStaticFree001,67,True,,
TS,15,20250804,20250830,trim_r1_to_r2,TSAL20250804_0830_staticAndStaticFree001,68,True,,
TS,15,20250804,20250830,trim_r1_to_r2,TSAL20250804_0830_staticAndStaticFree001,69,True,,
TS,15,20250804,20250830,trim_r1_to_r2,TSAL20250804_0830_staticAndStaticFree001,70,True,,
TS,15,20250804,20250830,trim_r1_to_r2,TSAL20250804_0830_staticAndStaticFree001,71,True,,
TS,15,20250804,20250830,trim_r1_to_r2,TSAL20250804_0830_staticAndStaticFree001,72,True,,
TS,15,20250804,20250830,trim_r1_to_r2,TSAL20250804_0830_staticAndStaticFree001,73,True,,
TS,16,20250805,20250828,trim_r2_to_r1,TSAL20250828_0830_interferenceAndInterferenceFree001,0,False,13.0,0.9328758805711543
TS,16,20250805,20250828,trim_r2_to_r1,TSAL20250828_0830_interferenceAndInterferenceFree001,1,True,,
TS,16,20250805,20250828,trim_r2_to_r1,TSAL20250828_0830_interferenceAndInterferenceFree001,2,True,,
TS,16,20250805,20250828,trim_r2_to_r1,TSAL20250828_0830_interferenceAndInterferenceFree001,3,True,,
TS,16,20250805,20250828,trim_r2_to_r1,TSAL20250828_0830_interferenceAndInterferenceFree001,4,True,,
TS,16,20250805,20250828,trim_r2_to_r1,TSAL20250828_0830_interferenceAndInterferenceFree001,5,False,17.0,0.9193654957714394
TS,16,20250805,20250828,trim_r2_to_r1,TSAL20250828_0830_interferenceAndInterferenceFree001,6,True,,
TS,16,20250805,20250828,trim_r2_to_r1,TSAL20250828_0830_interferenceAndInterferenceFree001,7,True,,
TS,16,20250805,20250828,trim_r2_to_r1,TSAL20250828_0830_interferenceAndInterferenceFree001,8,True,,
TS,16,20250805,20250828,trim_r2_to_r1,TSAL20250828_0830_interferenceAndInterferenceFree001,9,False,16.0,0.9278487054730683
TS,16,20250805,20250828,trim_r2_to_r1,TSAL20250828_0830_interferenceAndInterferenceFree001,10,False,7.0,0.9687159576304307
TS,16,20250805,20250828,trim_r2_to_r1,TSAL20250828_0830_interferenceAndInterferenceFree001,11,False,8.0,0.9662147508901726
TS,16,20250805,20250828,trim_r2_to_r1,TSAL20250828_0830_interferenceAndInterferenceFree001,12,False,19.0,0.8912185866766044
TS,16,20250805,20250828,trim_r2_to_r1,TSAL20250828_0830_interferenceAndInterferenceFree001,13,True,,
TS,16,20250805,20250828,trim_r2_to_r1,TSAL20250828_0830_interferenceAndInterferenceFree001,14,True,,
TS,16,20250805,20250828,trim_r2_to_r1,TSAL20250828_0830_interferenceAndInterferenceFree001,15,True,,
TS,16,20250805,20250828,trim_r2_to_r1,TSAL20250828_0830_interferenceAndInterferenceFree001,16,True,,
TS,16,20250805,20250828,trim_r2_to_r1,TSAL20250828_0830_interferenceAndInterferenceFree001,17,True,,
TS,16,20250805,20250828,trim_r2_to_r1,TSAL20250828_0830_interferenceAndInterferenceFree001,18,False,20.0,0.8941206103798168
TS,16,20250805,20250828,trim_r2_to_r1,TSAL20250828_0830_interferenceAndInterferenceFree001,19,True,,
TS,16,20250805,20250828,trim_r2_to_r1,TSAL20250828_0830_interferenceAndInterferenceFree001,20,True,,
TS,16,20250805,20250828,trim_r2_to_r1,TSAL20250828_0830_interferenceAndInterferenceFree001,21,True,,
TS,16,20250805,20250828,trim_r2_to_r1,TSAL20250828_0830_interferenceAndInterferenceFree001,22,True,,
TS,16,20250805,20250828,trim_r2_to_r1,TSAL20250828_0830_interferenceAndInterferenceFree001,23,True,,
TS,16,20250805,20250828,trim_r2_to_r1,TSAL20250828_0830_interferenceAndInterferenceFree001,24,True,,
TS,16,20250805,20250828,trim_r2_to_r1,TSAL20250828_0830_interferenceAndInterferenceFree001,25,True,,
TS,16,20250805,20250828,trim_r2_to_r1,TSAL20250828_0830_interferenceAndInterferenceFree001,26,True,,
TS,16,20250805,20250828,trim_r2_to_r1,TSAL20250828_0830_interferenceAndInterferenceFree001,27,False,1.0,1.1038034032743222
TS,16,20250805,20250828,trim_r2_to_r1,TSAL20250828_0830_interferenceAndInterferenceFree001,28,True,,
TS,16,20250805,20250828,trim_r2_to_r1,TSAL20250828_0830_interferenceAndInterferenceFree001,29,True,,
TS,16,20250805,20250828,trim_r2_to_r1,TSAL20250828_0830_interferenceAndInterferenceFree001,30,True,,
TS,16,20250805,20250828,trim_r2_to_r1,TSAL20250828_0830_interferenceAndInterferenceFree001,31,True,,
TS,16,20250805,20250828,trim_r2_to_r1,TSAL20250828_0830_interferenceAndInterferenceFree001,32,True,,
TS,16,20250805,20250828,trim_r2_to_r1,TSAL20250828_0830_interferenceAndInterferenceFree001,33,True,,
TS,16,20250805,20250828,trim_r2_to_r1,TSAL20250828_0830_interferenceAndInterferenceFree001,34,True,,
TS,16,20250805,20250828,trim_r2_to_r1,TSAL20250828_0830_interferenceAndInterferenceFree001,35,True,,
TS,16,20250805,20250828,trim_r2_to_r1,TSAL20250828_0830_interferenceAndInterferenceFree001,36,True,,
TS,16,20250805,20250828,trim_r2_to_r1,TSAL20250828_0830_interferenceAndInterferenceFree001,37,True,,
TS,16,20250805,20250828,trim_r2_to_r1,TSAL20250828_0830_interferenceAndInterferenceFree001,38,True,,
TS,16,20250805,20250828,trim_r2_to_r1,TSAL20250828_0830_interferenceAndInterferenceFree001,42,True,,
TS,16,20250805,20250828,trim_r2_to_r1,TSAL20250828_0830_interferenceAndInterferenceFree001,43,True,,
TS,16,20250805,20250828,trim_r2_to_r1,TSAL20250828_0830_interferenceAndInterferenceFree001,44,True,,
TS,16,20250805,20250828,trim_r2_to_r1,TSAL20250828_0830_interferenceAndInterferenceFree001,45,True,,
TS,16,20250805,20250828,trim_r2_to_r1,TSAL20250828_0830_interferenceAndInterferenceFree001,46,True,,
TS,16,20250805,20250828,trim_r2_to_r1,TSAL20250828_0830_interferenceAndInterferenceFree001,47,True,,
TS,16,20250805,20250828,trim_r2_to_r1,TSAL20250828_0830_interferenceAndInterferenceFree001,48,True,,
TS,16,20250805,20250828,trim_r2_to_r1,TSAL20250828_0830_interferenceAndInterferenceFree001,49,True,,
TS,16,20250805,20250828,trim_r2_to_r1,TSAL20250828_0830_interferenceAndInterferenceFree001,50,True,,
TS,16,20250805,20250828,trim_r2_to_r1,TSAL20250828_0830_interferenceAndInterferenceFree001,51,True,,
TS,16,20250805,20250828,trim_r2_to_r1,TSAL20250828_0830_interferenceAndInterferenceFree001,52,True,,
TS,16,20250805,20250828,trim_r2_to_r1,TSAL20250828_0830_interferenceAndInterferenceFree001,53,True,,
TS,16,20250805,20250828,trim_r2_to_r1,TSAL20250828_0830_interferenceAndInterferenceFree001,54,True,,
TS,16,20250805,20250828,trim_r2_to_r1,TSAL20250828_0830_interferenceAndInterferenceFree001,55,True,,
TS,16,20250805,20250828,trim_r2_to_r1,TSAL20250828_0830_interferenceAndInterferenceFree001,56,True,,
TS,16,20250805,20250828,trim_r2_to_r1,TSAL20250828_0830_interferenceAndInterferenceFree001,57,True,,
TS,16,20250805,20250828,trim_r2_to_r1,TSAL20250828_0830_interferenceAndInterferenceFree001,58,True,,
TS,16,20250805,20250828,trim_r2_to_r1,TSAL20250828_0830_interferenceAndInterferenceFree001,59,True,,
TS,16,20250805,20250828,trim_r2_to_r1,TSAL20250828_0830_interferenceAndInterferenceFree001,60,True,,
TS,16,20250805,20250828,trim_r2_to_r1,TSAL20250828_0830_interferenceAndInterferenceFree001,61,True,,
TS,16,20250805,20250828,trim_r2_to_r1,TSAL20250828_0830_interferenceAndInterferenceFree001,62,False,4.0,1.012928335512573
TS,16,20250805,20250828,trim_r2_to_r1,TSAL20250828_0830_interferenceAndInterferenceFree001,63,True,,
TS,16,20250805,20250828,trim_r2_to_r1,TSAL20250828_0830_interferenceAndInterferenceFree001,64,True,,
TS,16,20250805,20250828,trim_r2_to_r1,TSAL20250828_0830_interferenceAndInterferenceFree001,65,False,3.0,1.0239435849859566
TS,16,20250805,20250828,trim_r2_to_r1,TSAL20250828_0830_interferenceAndInterferenceFree001,66,True,,
TS,16,20250805,20250828,trim_r2_to_r1,TSAL20250828_0830_interferenceAndInterferenceFree001,67,True,,
TS,16,20250805,20250828,trim_r2_to_r1,TSAL20250828_0830_interferenceAndInterferenceFree001,68,True,,
TS,16,20250805,20250828,trim_r2_to_r1,TSAL20250828_0830_interferenceAndInterferenceFree001,69,True,,
TS,16,20250805,20250828,trim_r2_to_r1,TSAL20250828_0830_interferenceAndInterferenceFree001,70,False,14.0,0.9276525249902825
TS,16,20250805,20250828,trim_r2_to_r1,TSAL20250828_0830_interferenceAndInterferenceFree001,71,True,,
TS,16,20250805,20250828,trim_r2_to_r1,TSAL20250828_0830_interferenceAndInterferenceFree001,72,True,,
TS,16,20250805,20250828,trim_r2_to_r1,TSAL20250828_0830_interferenceAndInterferenceFree001,73,True,,
TS,16,20250805,20250828,trim_r2_to_r1,TSAL20250828_0830_interferenceAndInterferenceFree001,74,True,,
TS,16,20250805,20250828,trim_r2_to_r1,TSAL20250828_0830_interferenceAndInterferenceFree001,75,True,,
TS,16,20250805,20250828,trim_r2_to_r1,TSAL20250828_0830_interferenceAndInterferenceFree001,76,True,,
TS,16,20250805,20250828,trim_r2_to_r1,TSAL20250828_0830_interferenceAndInterferenceFree001,77,False,11.0,0.9595094988865672
TS,16,20250805,20250828,trim_r2_to_r1,TSAL20250828_0830_interferenceAndInterferenceFree001,78,False,2.0,1.070760740418474
TS,16,20250805,20250828,trim_r2_to_r1,TSAL20250828_0830_interferenceAndInterferenceFree001,79,False,5.0,1.0043629107529695
TS,16,20250805,20250828,trim_r2_to_r1,TSAL20250828_0830_interferenceAndInterferenceFree001,80,False,18.0,0.9172170652860027
TS,16,20250805,20250828,trim_r2_to_r1,TSAL20250828_0830_interferenceAndInterferenceFree001,81,False,12.0,0.9499383199619792
TS,16,20250805,20250828,trim_r2_to_r1,TSAL20250828_0830_interferenceAndInterferenceFree001,82,False,9.0,0.965804824603299
TS,16,20250805,20250828,trim_r2_to_r1,TSAL20250828_0830_interferenceAndInterferenceFree001,83,True,,
TS,16,20250805,20250828,trim_r2_to_r1,TSAL20250828_0830_interferenceAndInterferenceFree001,84,False,10.0,0.9605375515625395
TS,16,20250805,20250828,trim_r2_to_r1,TSAL20250828_0830_interferenceAndInterferenceFree001,85,True,,
TS,16,20250805,20250828,trim_r2_to_r1,TSAL20250828_0830_interferenceAndInterferenceFree001,86,False,6.0,0.9989446709824561
TS,16,20250805,20250828,trim_r2_to_r1,TSAL20250828_0830_interferenceAndInterferenceFree001,87,False,15.0,0.9324138903599839
TS,16,20250805,20250828,trim_r2_to_r1,TSAL20250828_0830_interferenceAndInterferenceFree001,88,True,,
TS,16,20250805,20250828,trim_r2_to_r1,TSAL20250828_0830_interferenceAndInterferenceFree001,89,True,,
TS,16,20250805,20250828,trim_r2_to_r1,TSAL20250828_0830_interferenceAndInterferenceFree001,91,True,,
TS,16,20250805,20250828,trim_r2_to_r1,TSAL20250828_0830_interferenceAndInterferenceFree001,92,True,,
TS,16,20250805,20250828,trim_r2_to_r1,TSAL20250828_0830_interferenceAndInterferenceFree001,93,True,,
TS,16,20250805,20250828,trim_r1_to_r2,TSAL20250805_0830_staticAndStaticFree001,0,True,,
TS,16,20250805,20250828,trim_r1_to_r2,TSAL20250805_0830_staticAndStaticFree001,2,True,,
TS,16,20250805,20250828,trim_r1_to_r2,TSAL20250805_0830_staticAndStaticFree001,3,True,,
TS,16,20250805,20250828,trim_r1_to_r2,TSAL20250805_0830_staticAndStaticFree001,4,True,,
TS,16,20250805,20250828,trim_r1_to_r2,TSAL20250805_0830_staticAndStaticFree001,5,True,,
TS,16,20250805,20250828,trim_r1_to_r2,TSAL20250805_0830_staticAndStaticFree001,6,True,,
TS,16,20250805,20250828,trim_r1_to_r2,TSAL20250805_0830_staticAndStaticFree001,7,True,,
TS,16,20250805,20250828,trim_r1_to_r2,TSAL20250805_0830_staticAndStaticFree001,8,True,,
TS,16,20250805,20250828,trim_r1_to_r2,TSAL20250805_0830_staticAndStaticFree001,9,True,,
TS,16,20250805,20250828,trim_r1_to_r2,TSAL20250805_0830_staticAndStaticFree001,10,True,,
TS,16,20250805,20250828,trim_r1_to_r2,TSAL20250805_0830_staticAndStaticFree001,11,True,,
TS,16,20250805,20250828,trim_r1_to_r2,TSAL20250805_0830_staticAndStaticFree001,12,True,,
TS,16,20250805,20250828,trim_r1_to_r2,TSAL20250805_0830_staticAndStaticFree001,13,True,,
TS,16,20250805,20250828,trim_r1_to_r2,TSAL20250805_0830_staticAndStaticFree001,14,False,3.0,0.5205434700539106
TS,16,20250805,20250828,trim_r1_to_r2,TSAL20250805_0830_staticAndStaticFree001,15,True,,
TS,16,20250805,20250828,trim_r1_to_r2,TSAL20250805_0830_staticAndStaticFree001,16,True,,
TS,16,20250805,20250828,trim_r1_to_r2,TSAL20250805_0830_staticAndStaticFree001,17,True,,
TS,16,20250805,20250828,trim_r1_to_r2,TSAL20250805_0830_staticAndStaticFree001,18,True,,
TS,16,20250805,20250828,trim_r1_to_r2,TSAL20250805_0830_staticAndStaticFree001,19,True,,
TS,16,20250805,20250828,trim_r1_to_r2,TSAL20250805_0830_staticAndStaticFree001,21,True,,
TS,16,20250805,20250828,trim_r1_to_r2,TSAL20250805_0830_staticAndStaticFree001,22,True,,
TS,16,20250805,20250828,trim_r1_to_r2,TSAL20250805_0830_staticAndStaticFree001,23,True,,
TS,16,20250805,20250828,trim_r1_to_r2,TSAL20250805_0830_staticAndStaticFree001,24,True,,
TS,16,20250805,20250828,trim_r1_to_r2,TSAL20250805_0830_staticAndStaticFree001,25,True,,
TS,16,20250805,20250828,trim_r1_to_r2,TSAL20250805_0830_staticAndStaticFree001,26,True,,
TS,16,20250805,20250828,trim_r1_to_r2,TSAL20250805_0830_staticAndStaticFree001,27,True,,
TS,16,20250805,20250828,trim_r1_to_r2,TSAL20250805_0830_staticAndStaticFree001,28,True,,
TS,16,20250805,20250828,trim_r1_to_r2,TSAL20250805_0830_staticAndStaticFree001,29,True,,
TS,16,20250805,20250828,trim_r1_to_r2,TSAL20250805_0830_staticAndStaticFree001,30,True,,
TS,16,20250805,20250828,trim_r1_to_r2,TSAL20250805_0830_staticAndStaticFree001,31,True,,
TS,16,20250805,20250828,trim_r1_to_r2,TSAL20250805_0830_staticAndStaticFree001,32,True,,
TS,16,20250805,20250828,trim_r1_to_r2,TSAL20250805_0830_staticAndStaticFree001,33,True,,
TS,16,20250805,20250828,trim_r1_to_r2,TSAL20250805_0830_staticAndStaticFree001,34,True,,
TS,16,20250805,20250828,trim_r1_to_r2,TSAL20250805_0830_staticAndStaticFree001,35,True,,
TS,16,20250805,20250828,trim_r1_to_r2,TSAL20250805_0830_staticAndStaticFree001,36,True,,
TS,16,20250805,20250828,trim_r1_to_r2,TSAL20250805_0830_staticAndStaticFree001,37,True,,
TS,16,20250805,20250828,trim_r1_to_r2,TSAL20250805_0830_staticAndStaticFree001,38,True,,
TS,16,20250805,20250828,trim_r1_to_r2,TSAL20250805_0830_staticAndStaticFree001,39,True,,
TS,16,20250805,20250828,trim_r1_to_r2,TSAL20250805_0830_staticAndStaticFree001,40,True,,
TS,16,20250805,20250828,trim_r1_to_r2,TSAL20250805_0830_staticAndStaticFree001,41,True,,
TS,16,20250805,20250828,trim_r1_to_r2,TSAL20250805_0830_staticAndStaticFree001,42,True,,
TS,16,20250805,20250828,trim_r1_to_r2,TSAL20250805_0830_staticAndStaticFree001,43,True,,
TS,16,20250805,20250828,trim_r1_to_r2,TSAL20250805_0830_staticAndStaticFree001,44,True,,
TS,16,20250805,20250828,trim_r1_to_r2,TSAL20250805_0830_staticAndStaticFree001,45,True,,
TS,16,20250805,20250828,trim_r1_to_r2,TSAL20250805_0830_staticAndStaticFree001,46,True,,
TS,16,20250805,20250828,trim_r1_to_r2,TSAL20250805_0830_staticAndStaticFree001,47,True,,
TS,16,20250805,20250828,trim_r1_to_r2,TSAL20250805_0830_staticAndStaticFree001,49,True,,
TS,16,20250805,20250828,trim_r1_to_r2,TSAL20250805_0830_staticAndStaticFree001,50,True,,
TS,16,20250805,20250828,trim_r1_to_r2,TSAL20250805_0830_staticAndStaticFree001,51,True,,
TS,16,20250805,20250828,trim_r1_to_r2,TSAL20250805_0830_staticAndStaticFree001,52,True,,
TS,16,20250805,20250828,trim_r1_to_r2,TSAL20250805_0830_staticAndStaticFree001,53,True,,
TS,16,20250805,20250828,trim_r1_to_r2,TSAL20250805_0830_staticAndStaticFree001,54,True,,
TS,16,20250805,20250828,trim_r1_to_r2,TSAL20250805_0830_staticAndStaticFree001,55,True,,
TS,16,20250805,20250828,trim_r1_to_r2,TSAL20250805_0830_staticAndStaticFree001,56,False,2.0,0.508302695822332
TS,16,20250805,20250828,trim_r1_to_r2,TSAL20250805_0830_staticAndStaticFree001,57,True,,
TS,16,20250805,20250828,trim_r1_to_r2,TSAL20250805_0830_staticAndStaticFree001,58,True,,
TS,16,20250805,20250828,trim_r1_to_r2,TSAL20250805_0830_staticAndStaticFree001,59,True,,
TS,16,20250805,20250828,trim_r1_to_r2,TSAL20250805_0830_staticAndStaticFree001,60,True,,
TS,16,20250805,20250828,trim_r1_to_r2,TSAL20250805_0830_staticAndStaticFree001,61,True,,
TS,16,20250805,20250828,trim_r1_to_r2,TSAL20250805_0830_staticAndStaticFree001,62,True,,
TS,16,20250805,20250828,trim_r1_to_r2,TSAL20250805_0830_staticAndStaticFree001,63,True,,
TS,16,20250805,20250828,trim_r1_to_r2,TSAL20250805_0830_staticAndStaticFree001,64,True,,
TS,16,20250805,20250828,trim_r1_to_r2,TSAL20250805_0830_staticAndStaticFree001,65,False,1.0,0.5020739334641363
TS,16,20250805,20250828,trim_r1_to_r2,TSAL20250805_0830_staticAndStaticFree001,66,True,,
TS,16,20250805,20250828,trim_r1_to_r2,TSAL20250805_0830_staticAndStaticFree001,67,True,,
TS,16,20250805,20250828,trim_r1_to_r2,TSAL20250805_0830_staticAndStaticFree001,69,True,,
TS,16,20250805,20250828,trim_r1_to_r2,TSAL20250805_0830_staticAndStaticFree001,70,True,,
TS,16,20250805,20250828,trim_r1_to_r2,TSAL20250805_0830_staticAndStaticFree001,71,True,,
TS,16,20250805,20250828,trim_r1_to_r2,TSAL20250805_0830_staticAndStaticFree001,72,True,,
TS,16,20250805,20250828,trim_r1_to_r2,TSAL20250805_0830_staticAndStaticFree001,74,True,,
TS,16,20250805,20250828,trim_r1_to_r2,TSAL20250805_0830_staticAndStaticFree001,75,True,,
TS,16,20250805,20250828,trim_r1_to_r2,TSAL20250805_0830_staticAndStaticFree001,76,True,,
TS,16,20250805,20250828,trim_r1_to_r2,TSAL20250805_0830_staticAndStaticFree001,77,True,,
TS,16,20250805,20250828,trim_r1_to_r2,TSAL20250805_0830_staticAndStaticFree001,78,True,,
TS,16,20250805,20250828,trim_r1_to_r2,TSAL20250805_0830_staticAndStaticFree001,79,True,,
TS,16,20250805,20250828,trim_r1_to_r2,TSAL20250805_0830_staticAndStaticFree001,80,True,,
TS,16,20250805,20250828,trim_r1_to_r2,TSAL20250805_0830_staticAndStaticFree001,81,True,,
TS,16,20250805,20250828,trim_r1_to_r2,TSAL20250805_0830_staticAndStaticFree001,82,True,,
TS,17,20250805,20250829,trim_r2_to_r1,TSAL20250829_0830_interferenceAndInterferenceFree001,0,True,,
TS,17,20250805,20250829,trim_r2_to_r1,TSAL20250829_0830_interferenceAndInterferenceFree001,1,True,,
TS,17,20250805,20250829,trim_r2_to_r1,TSAL20250829_0830_interferenceAndInterferenceFree001,2,True,,
TS,17,20250805,20250829,trim_r2_to_r1,TSAL20250829_0830_interferenceAndInterferenceFree001,3,True,,
TS,17,20250805,20250829,trim_r2_to_r1,TSAL20250829_0830_interferenceAndInterferenceFree001,4,True,,
TS,17,20250805,20250829,trim_r2_to_r1,TSAL20250829_0830_interferenceAndInterferenceFree001,5,True,,
TS,17,20250805,20250829,trim_r2_to_r1,TSAL20250829_0830_interferenceAndInterferenceFree001,6,True,,
TS,17,20250805,20250829,trim_r2_to_r1,TSAL20250829_0830_interferenceAndInterferenceFree001,7,True,,
TS,17,20250805,20250829,trim_r2_to_r1,TSAL20250829_0830_interferenceAndInterferenceFree001,8,True,,
TS,17,20250805,20250829,trim_r2_to_r1,TSAL20250829_0830_interferenceAndInterferenceFree001,9,True,,
TS,17,20250805,20250829,trim_r2_to_r1,TSAL20250829_0830_interferenceAndInterferenceFree001,10,True,,
TS,17,20250805,20250829,trim_r2_to_r1,TSAL20250829_0830_interferenceAndInterferenceFree001,11,True,,
TS,17,20250805,20250829,trim_r2_to_r1,TSAL20250829_0830_interferenceAndInterferenceFree001,12,True,,
TS,17,20250805,20250829,trim_r2_to_r1,TSAL20250829_0830_interferenceAndInterferenceFree001,13,True,,
TS,17,20250805,20250829,trim_r2_to_r1,TSAL20250829_0830_interferenceAndInterferenceFree001,14,True,,
TS,17,20250805,20250829,trim_r2_to_r1,TSAL20250829_0830_interferenceAndInterferenceFree001,15,True,,
TS,17,20250805,20250829,trim_r2_to_r1,TSAL20250829_0830_interferenceAndInterferenceFree001,16,True,,
TS,17,20250805,20250829,trim_r2_to_r1,TSAL20250829_0830_interferenceAndInterferenceFree001,17,True,,
TS,17,20250805,20250829,trim_r2_to_r1,TSAL20250829_0830_interferenceAndInterferenceFree001,18,True,,
TS,17,20250805,20250829,trim_r2_to_r1,TSAL20250829_0830_interferenceAndInterferenceFree001,19,True,,
TS,17,20250805,20250829,trim_r2_to_r1,TSAL20250829_0830_interferenceAndInterferenceFree001,20,True,,
TS,17,20250805,20250829,trim_r2_to_r1,TSAL20250829_0830_interferenceAndInterferenceFree001,21,True,,
TS,17,20250805,20250829,trim_r2_to_r1,TSAL20250829_0830_interferenceAndInterferenceFree001,22,True,,
TS,17,20250805,20250829,trim_r2_to_r1,TSAL20250829_0830_interferenceAndInterferenceFree001,23,True,,
TS,17,20250805,20250829,trim_r2_to_r1,TSAL20250829_0830_interferenceAndInterferenceFree001,24,True,,
TS,17,20250805,20250829,trim_r2_to_r1,TSAL20250829_0830_interferenceAndInterferenceFree001,25,True,,
TS,17,20250805,20250829,trim_r2_to_r1,TSAL20250829_0830_interferenceAndInterferenceFree001,26,True,,
TS,17,20250805,20250829,trim_r2_to_r1,TSAL20250829_0830_interferenceAndInterferenceFree001,27,True,,
TS,17,20250805,20250829,trim_r2_to_r1,TSAL20250829_0830_interferenceAndInterferenceFree001,28,True,,
TS,17,20250805,20250829,trim_r2_to_r1,TSAL20250829_0830_interferenceAndInterferenceFree001,29,True,,
TS,17,20250805,20250829,trim_r2_to_r1,TSAL20250829_0830_interferenceAndInterferenceFree001,30,True,,
TS,17,20250805,20250829,trim_r2_to_r1,TSAL20250829_0830_interferenceAndInterferenceFree001,31,True,,
TS,17,20250805,20250829,trim_r2_to_r1,TSAL20250829_0830_interferenceAndInterferenceFree001,32,True,,
TS,17,20250805,20250829,trim_r2_to_r1,TSAL20250829_0830_interferenceAndInterferenceFree001,33,True,,
TS,17,20250805,20250829,trim_r2_to_r1,TSAL20250829_0830_interferenceAndInterferenceFree001,34,True,,
TS,17,20250805,20250829,trim_r2_to_r1,TSAL20250829_0830_interferenceAndInterferenceFree001,35,True,,
TS,17,20250805,20250829,trim_r2_to_r1,TSAL20250829_0830_interferenceAndInterferenceFree001,36,True,,
TS,17,20250805,20250829,trim_r2_to_r1,TSAL20250829_0830_interferenceAndInterferenceFree001,37,True,,
TS,17,20250805,20250829,trim_r2_to_r1,TSAL20250829_0830_interferenceAndInterferenceFree001,38,True,,
TS,17,20250805,20250829,trim_r2_to_r1,TSAL20250829_0830_interferenceAndInterferenceFree001,40,True,,
TS,17,20250805,20250829,trim_r2_to_r1,TSAL20250829_0830_interferenceAndInterferenceFree001,41,True,,
TS,17,20250805,20250829,trim_r2_to_r1,TSAL20250829_0830_interferenceAndInterferenceFree001,42,True,,
TS,17,20250805,20250829,trim_r2_to_r1,TSAL20250829_0830_interferenceAndInterferenceFree001,43,True,,
TS,17,20250805,20250829,trim_r2_to_r1,TSAL20250829_0830_interferenceAndInterferenceFree001,44,False,6.0,0.9417187379945096
TS,17,20250805,20250829,trim_r2_to_r1,TSAL20250829_0830_interferenceAndInterferenceFree001,45,False,1.0,1.6081293910607353
TS,17,20250805,20250829,trim_r2_to_r1,TSAL20250829_0830_interferenceAndInterferenceFree001,46,True,,
TS,17,20250805,20250829,trim_r2_to_r1,TSAL20250829_0830_interferenceAndInterferenceFree001,47,True,,
TS,17,20250805,20250829,trim_r2_to_r1,TSAL20250829_0830_interferenceAndInterferenceFree001,48,True,,
TS,17,20250805,20250829,trim_r2_to_r1,TSAL20250829_0830_interferenceAndInterferenceFree001,49,True,,
TS,17,20250805,20250829,trim_r2_to_r1,TSAL20250829_0830_interferenceAndInterferenceFree001,50,True,,
TS,17,20250805,20250829,trim_r2_to_r1,TSAL20250829_0830_interferenceAndInterferenceFree001,51,True,,
TS,17,20250805,20250829,trim_r2_to_r1,TSAL20250829_0830_interferenceAndInterferenceFree001,52,True,,
TS,17,20250805,20250829,trim_r2_to_r1,TSAL20250829_0830_interferenceAndInterferenceFree001,53,True,,
TS,17,20250805,20250829,trim_r2_to_r1,TSAL20250829_0830_interferenceAndInterferenceFree001,54,True,,
TS,17,20250805,20250829,trim_r2_to_r1,TSAL20250829_0830_interferenceAndInterferenceFree001,55,False,9.0,0.9452137609847254
TS,17,20250805,20250829,trim_r2_to_r1,TSAL20250829_0830_interferenceAndInterferenceFree001,56,True,,
TS,17,20250805,20250829,trim_r2_to_r1,TSAL20250829_0830_interferenceAndInterferenceFree001,57,False,5.0,0.9657343963635234
TS,17,20250805,20250829,trim_r2_to_r1,TSAL20250829_0830_interferenceAndInterferenceFree001,58,True,,
TS,17,20250805,20250829,trim_r2_to_r1,TSAL20250829_0830_interferenceAndInterferenceFree001,59,True,,
TS,17,20250805,20250829,trim_r2_to_r1,TSAL20250829_0830_interferenceAndInterferenceFree001,60,True,,
TS,17,20250805,20250829,trim_r2_to_r1,TSAL20250829_0830_interferenceAndInterferenceFree001,61,True,,
TS,17,20250805,20250829,trim_r2_to_r1,TSAL20250829_0830_interferenceAndInterferenceFree001,62,True,,
TS,17,20250805,20250829,trim_r2_to_r1,TSAL20250829_0830_interferenceAndInterferenceFree001,63,True,,
TS,17,20250805,20250829,trim_r2_to_r1,TSAL20250829_0830_interferenceAndInterferenceFree001,64,True,,
TS,17,20250805,20250829,trim_r2_to_r1,TSAL20250829_0830_interferenceAndInterferenceFree001,65,True,,
TS,17,20250805,20250829,trim_r2_to_r1,TSAL20250829_0830_interferenceAndInterferenceFree001,66,True,,
TS,17,20250805,20250829,trim_r2_to_r1,TSAL20250829_0830_interferenceAndInterferenceFree001,67,True,,
TS,17,20250805,20250829,trim_r2_to_r1,TSAL20250829_0830_interferenceAndInterferenceFree001,68,True,,
TS,17,20250805,20250829,trim_r2_to_r1,TSAL20250829_0830_interferenceAndInterferenceFree001,69,True,,
TS,17,20250805,20250829,trim_r2_to_r1,TSAL20250829_0830_interferenceAndInterferenceFree001,70,True,,
TS,17,20250805,20250829,trim_r2_to_r1,TSAL20250829_0830_interferenceAndInterferenceFree001,71,True,,
TS,17,20250805,20250829,trim_r2_to_r1,TSAL20250829_0830_interferenceAndInterferenceFree001,72,True,,
TS,17,20250805,20250829,trim_r2_to_r1,TSAL20250829_0830_interferenceAndInterferenceFree001,73,True,,
TS,17,20250805,20250829,trim_r2_to_r1,TSAL20250829_0830_interferenceAndInterferenceFree001,74,True,,
TS,17,20250805,20250829,trim_r2_to_r1,TSAL20250829_0830_interferenceAndInterferenceFree001,75,True,,
TS,17,20250805,20250829,trim_r2_to_r1,TSAL20250829_0830_interferenceAndInterferenceFree001,76,True,,
TS,17,20250805,20250829,trim_r2_to_r1,TSAL20250829_0830_interferenceAndInterferenceFree001,77,True,,
TS,17,20250805,20250829,trim_r2_to_r1,TSAL20250829_0830_interferenceAndInterferenceFree001,78,True,,
TS,17,20250805,20250829,trim_r2_to_r1,TSAL20250829_0830_interferenceAndInterferenceFree001,79,True,,
TS,17,20250805,20250829,trim_r2_to_r1,TSAL20250829_0830_interferenceAndInterferenceFree001,81,False,10.0,0.9360968690438147
TS,17,20250805,20250829,trim_r2_to_r1,TSAL20250829_0830_interferenceAndInterferenceFree001,83,False,7.0,0.9415211856261998
TS,17,20250805,20250829,trim_r2_to_r1,TSAL20250829_0830_interferenceAndInterferenceFree001,84,False,11.0,0.935071267557698
TS,17,20250805,20250829,trim_r2_to_r1,TSAL20250829_0830_interferenceAndInterferenceFree001,85,True,,
TS,17,20250805,20250829,trim_r2_to_r1,TSAL20250829_0830_interferenceAndInterferenceFree001,86,False,8.0,0.9404946843726187
TS,17,20250805,20250829,trim_r2_to_r1,TSAL20250829_0830_interferenceAndInterferenceFree001,88,True,,
TS,17,20250805,20250829,trim_r2_to_r1,TSAL20250829_0830_interferenceAndInterferenceFree001,89,True,,
TS,17,20250805,20250829,trim_r2_to_r1,TSAL20250829_0830_interferenceAndInterferenceFree001,90,True,,
TS,17,20250805,20250829,trim_r2_to_r1,TSAL20250829_0830_interferenceAndInterferenceFree001,91,False,2.0,1.3532300801840176
TS,17,20250805,20250829,trim_r2_to_r1,TSAL20250829_0830_interferenceAndInterferenceFree001,92,True,,
TS,17,20250805,20250829,trim_r2_to_r1,TSAL20250829_0830_interferenceAndInterferenceFree001,93,True,,
TS,17,20250805,20250829,trim_r2_to_r1,TSAL20250829_0830_interferenceAndInterferenceFree001,94,False,4.0,1.0414702525450104
TS,17,20250805,20250829,trim_r2_to_r1,TSAL20250829_0830_interferenceAndInterferenceFree001,95,True,,
TS,17,20250805,20250829,trim_r2_to_r1,TSAL20250829_0830_interferenceAndInterferenceFree001,96,True,,
TS,17,20250805,20250829,trim_r2_to_r1,TSAL20250829_0830_interferenceAndInterferenceFree001,97,False,3.0,1.1923843486320234
TS,17,20250805,20250829,trim_r2_to_r1,TSAL20250829_0830_interferenceAndInterferenceFree001,98,True,,
TS,17,20250805,20250829,trim_r1_to_r2,TSAL20250805_0830_staticAndStaticFree001,0,True,,
TS,17,20250805,20250829,trim_r1_to_r2,TSAL20250805_0830_staticAndStaticFree001,2,True,,
TS,17,20250805,20250829,trim_r1_to_r2,TSAL20250805_0830_staticAndStaticFree001,3,True,,
TS,17,20250805,20250829,trim_r1_to_r2,TSAL20250805_0830_staticAndStaticFree001,4,True,,
TS,17,20250805,20250829,trim_r1_to_r2,TSAL20250805_0830_staticAndStaticFree001,5,True,,
TS,17,20250805,20250829,trim_r1_to_r2,TSAL20250805_0830_staticAndStaticFree001,6,True,,
TS,17,20250805,20250829,trim_r1_to_r2,TSAL20250805_0830_staticAndStaticFree001,7,True,,
TS,17,20250805,20250829,trim_r1_to_r2,TSAL20250805_0830_staticAndStaticFree001,8,True,,
TS,17,20250805,20250829,trim_r1_to_r2,TSAL20250805_0830_staticAndStaticFree001,9,True,,
TS,17,20250805,20250829,trim_r1_to_r2,TSAL20250805_0830_staticAndStaticFree001,10,True,,
TS,17,20250805,20250829,trim_r1_to_r2,TSAL20250805_0830_staticAndStaticFree001,11,True,,
TS,17,20250805,20250829,trim_r1_to_r2,TSAL20250805_0830_staticAndStaticFree001,12,True,,
TS,17,20250805,20250829,trim_r1_to_r2,TSAL20250805_0830_staticAndStaticFree001,13,True,,
TS,17,20250805,20250829,trim_r1_to_r2,TSAL20250805_0830_staticAndStaticFree001,14,True,,
TS,17,20250805,20250829,trim_r1_to_r2,TSAL20250805_0830_staticAndStaticFree001,15,True,,
TS,17,20250805,20250829,trim_r1_to_r2,TSAL20250805_0830_staticAndStaticFree001,16,True,,
TS,17,20250805,20250829,trim_r1_to_r2,TSAL20250805_0830_staticAndStaticFree001,17,True,,
TS,17,20250805,20250829,trim_r1_to_r2,TSAL20250805_0830_staticAndStaticFree001,18,True,,
TS,17,20250805,20250829,trim_r1_to_r2,TSAL20250805_0830_staticAndStaticFree001,19,True,,
TS,17,20250805,20250829,trim_r1_to_r2,TSAL20250805_0830_staticAndStaticFree001,21,True,,
TS,17,20250805,20250829,trim_r1_to_r2,TSAL20250805_0830_staticAndStaticFree001,22,True,,
TS,17,20250805,20250829,trim_r1_to_r2,TSAL20250805_0830_staticAndStaticFree001,23,True,,
TS,17,20250805,20250829,trim_r1_to_r2,TSAL20250805_0830_staticAndStaticFree001,24,True,,
TS,17,20250805,20250829,trim_r1_to_r2,TSAL20250805_0830_staticAndStaticFree001,25,True,,
TS,17,20250805,20250829,trim_r1_to_r2,TSAL20250805_0830_staticAndStaticFree001,26,True,,
TS,17,20250805,20250829,trim_r1_to_r2,TSAL20250805_0830_staticAndStaticFree001,27,True,,
TS,17,20250805,20250829,trim_r1_to_r2,TSAL20250805_0830_staticAndStaticFree001,28,True,,
TS,17,20250805,20250829,trim_r1_to_r2,TSAL20250805_0830_staticAndStaticFree001,29,True,,
TS,17,20250805,20250829,trim_r1_to_r2,TSAL20250805_0830_staticAndStaticFree001,30,True,,
TS,17,20250805,20250829,trim_r1_to_r2,TSAL20250805_0830_staticAndStaticFree001,31,True,,
TS,17,20250805,20250829,trim_r1_to_r2,TSAL20250805_0830_staticAndStaticFree001,32,True,,
TS,17,20250805,20250829,trim_r1_to_r2,TSAL20250805_0830_staticAndStaticFree001,33,True,,
TS,17,20250805,20250829,trim_r1_to_r2,TSAL20250805_0830_staticAndStaticFree001,34,True,,
TS,17,20250805,20250829,trim_r1_to_r2,TSAL20250805_0830_staticAndStaticFree001,35,True,,
TS,17,20250805,20250829,trim_r1_to_r2,TSAL20250805_0830_staticAndStaticFree001,36,True,,
TS,17,20250805,20250829,trim_r1_to_r2,TSAL20250805_0830_staticAndStaticFree001,37,True,,
TS,17,20250805,20250829,trim_r1_to_r2,TSAL20250805_0830_staticAndStaticFree001,38,True,,
TS,17,20250805,20250829,trim_r1_to_r2,TSAL20250805_0830_staticAndStaticFree001,39,True,,
TS,17,20250805,20250829,trim_r1_to_r2,TSAL20250805_0830_staticAndStaticFree001,40,True,,
TS,17,20250805,20250829,trim_r1_to_r2,TSAL20250805_0830_staticAndStaticFree001,41,True,,
TS,17,20250805,20250829,trim_r1_to_r2,TSAL20250805_0830_staticAndStaticFree001,42,True,,
TS,17,20250805,20250829,trim_r1_to_r2,TSAL20250805_0830_staticAndStaticFree001,43,True,,
TS,17,20250805,20250829,trim_r1_to_r2,TSAL20250805_0830_staticAndStaticFree001,44,True,,
TS,17,20250805,20250829,trim_r1_to_r2,TSAL20250805_0830_staticAndStaticFree001,45,True,,
TS,17,20250805,20250829,trim_r1_to_r2,TSAL20250805_0830_staticAndStaticFree001,46,True,,
TS,17,20250805,20250829,trim_r1_to_r2,TSAL20250805_0830_staticAndStaticFree001,47,True,,
TS,17,20250805,20250829,trim_r1_to_r2,TSAL20250805_0830_staticAndStaticFree001,49,True,,
TS,17,20250805,20250829,trim_r1_to_r2,TSAL20250805_0830_staticAndStaticFree001,50,True,,
TS,17,20250805,20250829,trim_r1_to_r2,TSAL20250805_0830_staticAndStaticFree001,51,True,,
TS,17,20250805,20250829,trim_r1_to_r2,TSAL20250805_0830_staticAndStaticFree001,52,True,,
TS,17,20250805,20250829,trim_r1_to_r2,TSAL20250805_0830_staticAndStaticFree001,53,True,,
TS,17,20250805,20250829,trim_r1_to_r2,TSAL20250805_0830_staticAndStaticFree001,54,True,,
TS,17,20250805,20250829,trim_r1_to_r2,TSAL20250805_0830_staticAndStaticFree001,55,True,,
TS,17,20250805,20250829,trim_r1_to_r2,TSAL20250805_0830_staticAndStaticFree001,56,True,,
TS,17,20250805,20250829,trim_r1_to_r2,TSAL20250805_0830_staticAndStaticFree001,57,True,,
TS,17,20250805,20250829,trim_r1_to_r2,TSAL20250805_0830_staticAndStaticFree001,58,True,,
TS,17,20250805,20250829,trim_r1_to_r2,TSAL20250805_0830_staticAndStaticFree001,59,True,,
TS,17,20250805,20250829,trim_r1_to_r2,TSAL20250805_0830_staticAndStaticFree001,60,True,,
TS,17,20250805,20250829,trim_r1_to_r2,TSAL20250805_0830_staticAndStaticFree001,61,True,,
TS,17,20250805,20250829,trim_r1_to_r2,TSAL20250805_0830_staticAndStaticFree001,62,True,,
TS,17,20250805,20250829,trim_r1_to_r2,TSAL20250805_0830_staticAndStaticFree001,63,True,,
TS,17,20250805,20250829,trim_r1_to_r2,TSAL20250805_0830_staticAndStaticFree001,64,True,,
TS,17,20250805,20250829,trim_r1_to_r2,TSAL20250805_0830_staticAndStaticFree001,65,True,,
TS,17,20250805,20250829,trim_r1_to_r2,TSAL20250805_0830_staticAndStaticFree001,66,True,,
TS,17,20250805,20250829,trim_r1_to_r2,TSAL20250805_0830_staticAndStaticFree001,67,True,,
TS,17,20250805,20250829,trim_r1_to_r2,TSAL20250805_0830_staticAndStaticFree001,69,True,,
TS,17,20250805,20250829,trim_r1_to_r2,TSAL20250805_0830_staticAndStaticFree001,70,True,,
TS,17,20250805,20250829,trim_r1_to_r2,TSAL20250805_0830_staticAndStaticFree001,71,True,,
TS,17,20250805,20250829,trim_r1_to_r2,TSAL20250805_0830_staticAndStaticFree001,72,True,,
TS,17,20250805,20250829,trim_r1_to_r2,TSAL20250805_0830_staticAndStaticFree001,74,True,,
TS,17,20250805,20250829,trim_r1_to_r2,TSAL20250805_0830_staticAndStaticFree001,75,True,,
TS,17,20250805,20250829,trim_r1_to_r2,TSAL20250805_0830_staticAndStaticFree001,76,True,,
TS,17,20250805,20250829,trim_r1_to_r2,TSAL20250805_0830_staticAndStaticFree001,77,True,,
TS,17,20250805,20250829,trim_r1_to_r2,TSAL20250805_0830_staticAndStaticFree001,78,True,,
TS,17,20250805,20250829,trim_r1_to_r2,TSAL20250805_0830_staticAndStaticFree001,79,True,,
TS,17,20250805,20250829,trim_r1_to_r2,TSAL20250805_0830_staticAndStaticFree001,80,True,,
TS,17,20250805,20250829,trim_r1_to_r2,TSAL20250805_0830_staticAndStaticFree001,81,True,,
TS,17,20250805,20250829,trim_r1_to_r2,TSAL20250805_0830_staticAndStaticFree001,82,True,,
TS,18,20250805,20250830,trim_r2_to_r1,TSAL20250830_0830_interferenceAndInterferenceFree001,1,True,,
TS,18,20250805,20250830,trim_r2_to_r1,TSAL20250830_0830_interferenceAndInterferenceFree001,2,True,,
TS,18,20250805,20250830,trim_r2_to_r1,TSAL20250830_0830_interferenceAndInterferenceFree001,3,True,,
TS,18,20250805,20250830,trim_r2_to_r1,TSAL20250830_0830_interferenceAndInterferenceFree001,4,True,,
TS,18,20250805,20250830,trim_r2_to_r1,TSAL20250830_0830_interferenceAndInterferenceFree001,5,True,,
TS,18,20250805,20250830,trim_r2_to_r1,TSAL20250830_0830_interferenceAndInterferenceFree001,6,True,,
TS,18,20250805,20250830,trim_r2_to_r1,TSAL20250830_0830_interferenceAndInterferenceFree001,7,True,,
TS,18,20250805,20250830,trim_r2_to_r1,TSAL20250830_0830_interferenceAndInterferenceFree001,8,True,,
TS,18,20250805,20250830,trim_r2_to_r1,TSAL20250830_0830_interferenceAndInterferenceFree001,9,True,,
TS,18,20250805,20250830,trim_r2_to_r1,TSAL20250830_0830_interferenceAndInterferenceFree001,10,True,,
TS,18,20250805,20250830,trim_r2_to_r1,TSAL20250830_0830_interferenceAndInterferenceFree001,12,True,,
TS,18,20250805,20250830,trim_r2_to_r1,TSAL20250830_0830_interferenceAndInterferenceFree001,13,True,,
TS,18,20250805,20250830,trim_r2_to_r1,TSAL20250830_0830_interferenceAndInterferenceFree001,14,True,,
TS,18,20250805,20250830,trim_r2_to_r1,TSAL20250830_0830_interferenceAndInterferenceFree001,15,True,,
TS,18,20250805,20250830,trim_r2_to_r1,TSAL20250830_0830_interferenceAndInterferenceFree001,16,True,,
TS,18,20250805,20250830,trim_r2_to_r1,TSAL20250830_0830_interferenceAndInterferenceFree001,17,True,,
TS,18,20250805,20250830,trim_r2_to_r1,TSAL20250830_0830_interferenceAndInterferenceFree001,18,True,,
TS,18,20250805,20250830,trim_r2_to_r1,TSAL20250830_0830_interferenceAndInterferenceFree001,19,True,,
TS,18,20250805,20250830,trim_r2_to_r1,TSAL20250830_0830_interferenceAndInterferenceFree001,20,True,,
TS,18,20250805,20250830,trim_r2_to_r1,TSAL20250830_0830_interferenceAndInterferenceFree001,21,True,,
TS,18,20250805,20250830,trim_r2_to_r1,TSAL20250830_0830_interferenceAndInterferenceFree001,23,True,,
TS,18,20250805,20250830,trim_r2_to_r1,TSAL20250830_0830_interferenceAndInterferenceFree001,24,True,,
TS,18,20250805,20250830,trim_r2_to_r1,TSAL20250830_0830_interferenceAndInterferenceFree001,25,True,,
TS,18,20250805,20250830,trim_r2_to_r1,TSAL20250830_0830_interferenceAndInterferenceFree001,26,True,,
TS,18,20250805,20250830,trim_r2_to_r1,TSAL20250830_0830_interferenceAndInterferenceFree001,27,True,,
TS,18,20250805,20250830,trim_r2_to_r1,TSAL20250830_0830_interferenceAndInterferenceFree001,28,True,,
TS,18,20250805,20250830,trim_r2_to_r1,TSAL20250830_0830_interferenceAndInterferenceFree001,29,True,,
TS,18,20250805,20250830,trim_r2_to_r1,TSAL20250830_0830_interferenceAndInterferenceFree001,30,True,,
TS,18,20250805,20250830,trim_r2_to_r1,TSAL20250830_0830_interferenceAndInterferenceFree001,31,True,,
TS,18,20250805,20250830,trim_r2_to_r1,TSAL20250830_0830_interferenceAndInterferenceFree001,32,True,,
TS,18,20250805,20250830,trim_r2_to_r1,TSAL20250830_0830_interferenceAndInterferenceFree001,33,True,,
TS,18,20250805,20250830,trim_r2_to_r1,TSAL20250830_0830_interferenceAndInterferenceFree001,34,True,,
TS,18,20250805,20250830,trim_r2_to_r1,TSAL20250830_0830_interferenceAndInterferenceFree001,35,True,,
TS,18,20250805,20250830,trim_r2_to_r1,TSAL20250830_0830_interferenceAndInterferenceFree001,36,True,,
TS,18,20250805,20250830,trim_r2_to_r1,TSAL20250830_0830_interferenceAndInterferenceFree001,37,True,,
TS,18,20250805,20250830,trim_r2_to_r1,TSAL20250830_0830_interferenceAndInterferenceFree001,38,True,,
TS,18,20250805,20250830,trim_r2_to_r1,TSAL20250830_0830_interferenceAndInterferenceFree001,40,True,,
TS,18,20250805,20250830,trim_r2_to_r1,TSAL20250830_0830_interferenceAndInterferenceFree001,41,True,,
TS,18,20250805,20250830,trim_r2_to_r1,TSAL20250830_0830_interferenceAndInterferenceFree001,42,True,,
TS,18,20250805,20250830,trim_r2_to_r1,TSAL20250830_0830_interferenceAndInterferenceFree001,43,True,,
TS,18,20250805,20250830,trim_r2_to_r1,TSAL20250830_0830_interferenceAndInterferenceFree001,44,True,,
TS,18,20250805,20250830,trim_r2_to_r1,TSAL20250830_0830_interferenceAndInterferenceFree001,45,True,,
TS,18,20250805,20250830,trim_r2_to_r1,TSAL20250830_0830_interferenceAndInterferenceFree001,46,True,,
TS,18,20250805,20250830,trim_r2_to_r1,TSAL20250830_0830_interferenceAndInterferenceFree001,47,True,,
TS,18,20250805,20250830,trim_r2_to_r1,TSAL20250830_0830_interferenceAndInterferenceFree001,48,True,,
TS,18,20250805,20250830,trim_r2_to_r1,TSAL20250830_0830_interferenceAndInterferenceFree001,49,True,,
TS,18,20250805,20250830,trim_r2_to_r1,TSAL20250830_0830_interferenceAndInterferenceFree001,50,True,,
TS,18,20250805,20250830,trim_r2_to_r1,TSAL20250830_0830_interferenceAndInterferenceFree001,52,True,,
TS,18,20250805,20250830,trim_r2_to_r1,TSAL20250830_0830_interferenceAndInterferenceFree001,53,True,,
TS,18,20250805,20250830,trim_r2_to_r1,TSAL20250830_0830_interferenceAndInterferenceFree001,54,True,,
TS,18,20250805,20250830,trim_r2_to_r1,TSAL20250830_0830_interferenceAndInterferenceFree001,55,True,,
TS,18,20250805,20250830,trim_r2_to_r1,TSAL20250830_0830_interferenceAndInterferenceFree001,56,True,,
TS,18,20250805,20250830,trim_r2_to_r1,TSAL20250830_0830_interferenceAndInterferenceFree001,57,True,,
TS,18,20250805,20250830,trim_r2_to_r1,TSAL20250830_0830_interferenceAndInterferenceFree001,58,True,,
TS,18,20250805,20250830,trim_r2_to_r1,TSAL20250830_0830_interferenceAndInterferenceFree001,60,True,,
TS,18,20250805,20250830,trim_r2_to_r1,TSAL20250830_0830_interferenceAndInterferenceFree001,61,True,,
TS,18,20250805,20250830,trim_r2_to_r1,TSAL20250830_0830_interferenceAndInterferenceFree001,62,True,,
TS,18,20250805,20250830,trim_r2_to_r1,TSAL20250830_0830_interferenceAndInterferenceFree001,63,True,,
TS,18,20250805,20250830,trim_r2_to_r1,TSAL20250830_0830_interferenceAndInterferenceFree001,64,True,,
TS,18,20250805,20250830,trim_r2_to_r1,TSAL20250830_0830_interferenceAndInterferenceFree001,65,True,,
TS,18,20250805,20250830,trim_r2_to_r1,TSAL20250830_0830_interferenceAndInterferenceFree001,66,True,,
TS,18,20250805,20250830,trim_r2_to_r1,TSAL20250830_0830_interferenceAndInterferenceFree001,67,True,,
TS,18,20250805,20250830,trim_r2_to_r1,TSAL20250830_0830_interferenceAndInterferenceFree001,68,True,,
TS,18,20250805,20250830,trim_r2_to_r1,TSAL20250830_0830_interferenceAndInterferenceFree001,69,True,,
TS,18,20250805,20250830,trim_r2_to_r1,TSAL20250830_0830_interferenceAndInterferenceFree001,70,True,,
TS,18,20250805,20250830,trim_r2_to_r1,TSAL20250830_0830_interferenceAndInterferenceFree001,71,True,,
TS,18,20250805,20250830,trim_r2_to_r1,TSAL20250830_0830_interferenceAndInterferenceFree001,72,True,,
TS,18,20250805,20250830,trim_r2_to_r1,TSAL20250830_0830_interferenceAndInterferenceFree001,73,True,,
TS,18,20250805,20250830,trim_r2_to_r1,TSAL20250830_0830_interferenceAndInterferenceFree001,74,True,,
TS,18,20250805,20250830,trim_r2_to_r1,TSAL20250830_0830_interferenceAndInterferenceFree001,75,True,,
TS,18,20250805,20250830,trim_r2_to_r1,TSAL20250830_0830_interferenceAndInterferenceFree001,76,True,,
TS,18,20250805,20250830,trim_r2_to_r1,TSAL20250830_0830_interferenceAndInterferenceFree001,77,True,,
TS,18,20250805,20250830,trim_r2_to_r1,TSAL20250830_0830_interferenceAndInterferenceFree001,79,True,,
TS,18,20250805,20250830,trim_r2_to_r1,TSAL20250830_0830_interferenceAndInterferenceFree001,81,True,,
TS,18,20250805,20250830,trim_r2_to_r1,TSAL20250830_0830_interferenceAndInterferenceFree001,82,True,,
TS,18,20250805,20250830,trim_r2_to_r1,TSAL20250830_0830_interferenceAndInterferenceFree001,83,True,,
TS,18,20250805,20250830,trim_r2_to_r1,TSAL20250830_0830_interferenceAndInterferenceFree001,86,True,,
TS,18,20250805,20250830,trim_r2_to_r1,TSAL20250830_0830_interferenceAndInterferenceFree001,87,True,,
TS,18,20250805,20250830,trim_r2_to_r1,TSAL20250830_0830_interferenceAndInterferenceFree001,88,True,,
TS,18,20250805,20250830,trim_r1_to_r2,TSAL20250805_0830_staticAndStaticFree001,0,True,,
TS,18,20250805,20250830,trim_r1_to_r2,TSAL20250805_0830_staticAndStaticFree001,2,True,,
TS,18,20250805,20250830,trim_r1_to_r2,TSAL20250805_0830_staticAndStaticFree001,3,True,,
TS,18,20250805,20250830,trim_r1_to_r2,TSAL20250805_0830_staticAndStaticFree001,4,True,,
TS,18,20250805,20250830,trim_r1_to_r2,TSAL20250805_0830_staticAndStaticFree001,5,True,,
TS,18,20250805,20250830,trim_r1_to_r2,TSAL20250805_0830_staticAndStaticFree001,6,True,,
TS,18,20250805,20250830,trim_r1_to_r2,TSAL20250805_0830_staticAndStaticFree001,7,True,,
TS,18,20250805,20250830,trim_r1_to_r2,TSAL20250805_0830_staticAndStaticFree001,8,True,,
TS,18,20250805,20250830,trim_r1_to_r2,TSAL20250805_0830_staticAndStaticFree001,9,True,,
TS,18,20250805,20250830,trim_r1_to_r2,TSAL20250805_0830_staticAndStaticFree001,10,True,,
TS,18,20250805,20250830,trim_r1_to_r2,TSAL20250805_0830_staticAndStaticFree001,11,True,,
TS,18,20250805,20250830,trim_r1_to_r2,TSAL20250805_0830_staticAndStaticFree001,12,True,,
TS,18,20250805,20250830,trim_r1_to_r2,TSAL20250805_0830_staticAndStaticFree001,13,True,,
TS,18,20250805,20250830,trim_r1_to_r2,TSAL20250805_0830_staticAndStaticFree001,14,True,,
TS,18,20250805,20250830,trim_r1_to_r2,TSAL20250805_0830_staticAndStaticFree001,15,True,,
TS,18,20250805,20250830,trim_r1_to_r2,TSAL20250805_0830_staticAndStaticFree001,16,True,,
TS,18,20250805,20250830,trim_r1_to_r2,TSAL20250805_0830_staticAndStaticFree001,17,True,,
TS,18,20250805,20250830,trim_r1_to_r2,TSAL20250805_0830_staticAndStaticFree001,18,True,,
TS,18,20250805,20250830,trim_r1_to_r2,TSAL20250805_0830_staticAndStaticFree001,19,True,,
TS,18,20250805,20250830,trim_r1_to_r2,TSAL20250805_0830_staticAndStaticFree001,21,True,,
TS,18,20250805,20250830,trim_r1_to_r2,TSAL20250805_0830_staticAndStaticFree001,22,True,,
TS,18,20250805,20250830,trim_r1_to_r2,TSAL20250805_0830_staticAndStaticFree001,23,True,,
TS,18,20250805,20250830,trim_r1_to_r2,TSAL20250805_0830_staticAndStaticFree001,24,True,,
TS,18,20250805,20250830,trim_r1_to_r2,TSAL20250805_0830_staticAndStaticFree001,25,True,,
TS,18,20250805,20250830,trim_r1_to_r2,TSAL20250805_0830_staticAndStaticFree001,26,True,,
TS,18,20250805,20250830,trim_r1_to_r2,TSAL20250805_0830_staticAndStaticFree001,27,True,,
TS,18,20250805,20250830,trim_r1_to_r2,TSAL20250805_0830_staticAndStaticFree001,28,True,,
TS,18,20250805,20250830,trim_r1_to_r2,TSAL20250805_0830_staticAndStaticFree001,29,True,,
TS,18,20250805,20250830,trim_r1_to_r2,TSAL20250805_0830_staticAndStaticFree001,30,True,,
TS,18,20250805,20250830,trim_r1_to_r2,TSAL20250805_0830_staticAndStaticFree001,31,True,,
TS,18,20250805,20250830,trim_r1_to_r2,TSAL20250805_0830_staticAndStaticFree001,32,True,,
TS,18,20250805,20250830,trim_r1_to_r2,TSAL20250805_0830_staticAndStaticFree001,33,True,,
TS,18,20250805,20250830,trim_r1_to_r2,TSAL20250805_0830_staticAndStaticFree001,34,True,,
TS,18,20250805,20250830,trim_r1_to_r2,TSAL20250805_0830_staticAndStaticFree001,35,True,,
TS,18,20250805,20250830,trim_r1_to_r2,TSAL20250805_0830_staticAndStaticFree001,36,True,,
TS,18,20250805,20250830,trim_r1_to_r2,TSAL20250805_0830_staticAndStaticFree001,37,True,,
TS,18,20250805,20250830,trim_r1_to_r2,TSAL20250805_0830_staticAndStaticFree001,38,True,,
TS,18,20250805,20250830,trim_r1_to_r2,TSAL20250805_0830_staticAndStaticFree001,39,True,,
TS,18,20250805,20250830,trim_r1_to_r2,TSAL20250805_0830_staticAndStaticFree001,40,True,,
TS,18,20250805,20250830,trim_r1_to_r2,TSAL20250805_0830_staticAndStaticFree001,41,True,,
TS,18,20250805,20250830,trim_r1_to_r2,TSAL20250805_0830_staticAndStaticFree001,42,True,,
TS,18,20250805,20250830,trim_r1_to_r2,TSAL20250805_0830_staticAndStaticFree001,43,True,,
TS,18,20250805,20250830,trim_r1_to_r2,TSAL20250805_0830_staticAndStaticFree001,44,True,,
TS,18,20250805,20250830,trim_r1_to_r2,TSAL20250805_0830_staticAndStaticFree001,45,True,,
TS,18,20250805,20250830,trim_r1_to_r2,TSAL20250805_0830_staticAndStaticFree001,46,True,,
TS,18,20250805,20250830,trim_r1_to_r2,TSAL20250805_0830_staticAndStaticFree001,47,True,,
TS,18,20250805,20250830,trim_r1_to_r2,TSAL20250805_0830_staticAndStaticFree001,49,True,,
TS,18,20250805,20250830,trim_r1_to_r2,TSAL20250805_0830_staticAndStaticFree001,50,True,,
TS,18,20250805,20250830,trim_r1_to_r2,TSAL20250805_0830_staticAndStaticFree001,51,True,,
TS,18,20250805,20250830,trim_r1_to_r2,TSAL20250805_0830_staticAndStaticFree001,52,True,,
TS,18,20250805,20250830,trim_r1_to_r2,TSAL20250805_0830_staticAndStaticFree001,53,True,,
TS,18,20250805,20250830,trim_r1_to_r2,TSAL20250805_0830_staticAndStaticFree001,54,True,,
TS,18,20250805,20250830,trim_r1_to_r2,TSAL20250805_0830_staticAndStaticFree001,55,True,,
TS,18,20250805,20250830,trim_r1_to_r2,TSAL20250805_0830_staticAndStaticFree001,56,True,,
TS,18,20250805,20250830,trim_r1_to_r2,TSAL20250805_0830_staticAndStaticFree001,57,True,,
TS,18,20250805,20250830,trim_r1_to_r2,TSAL20250805_0830_staticAndStaticFree001,58,True,,
TS,18,20250805,20250830,trim_r1_to_r2,TSAL20250805_0830_staticAndStaticFree001,59,True,,
TS,18,20250805,20250830,trim_r1_to_r2,TSAL20250805_0830_staticAndStaticFree001,60,True,,
TS,18,20250805,20250830,trim_r1_to_r2,TSAL20250805_0830_staticAndStaticFree001,61,True,,
TS,18,20250805,20250830,trim_r1_to_r2,TSAL20250805_0830_staticAndStaticFree001,62,True,,
TS,18,20250805,20250830,trim_r1_to_r2,TSAL20250805_0830_staticAndStaticFree001,63,True,,
TS,18,20250805,20250830,trim_r1_to_r2,TSAL20250805_0830_staticAndStaticFree001,64,True,,
TS,18,20250805,20250830,trim_r1_to_r2,TSAL20250805_0830_staticAndStaticFree001,65,True,,
TS,18,20250805,20250830,trim_r1_to_r2,TSAL20250805_0830_staticAndStaticFree001,66,True,,
TS,18,20250805,20250830,trim_r1_to_r2,TSAL20250805_0830_staticAndStaticFree001,67,True,,
TS,18,20250805,20250830,trim_r1_to_r2,TSAL20250805_0830_staticAndStaticFree001,69,True,,
TS,18,20250805,20250830,trim_r1_to_r2,TSAL20250805_0830_staticAndStaticFree001,70,True,,
TS,18,20250805,20250830,trim_r1_to_r2,TSAL20250805_0830_staticAndStaticFree001,71,True,,
TS,18,20250805,20250830,trim_r1_to_r2,TSAL20250805_0830_staticAndStaticFree001,72,True,,
TS,18,20250805,20250830,trim_r1_to_r2,TSAL20250805_0830_staticAndStaticFree001,74,True,,
TS,18,20250805,20250830,trim_r1_to_r2,TSAL20250805_0830_staticAndStaticFree001,75,True,,
TS,18,20250805,20250830,trim_r1_to_r2,TSAL20250805_0830_staticAndStaticFree001,76,True,,
TS,18,20250805,20250830,trim_r1_to_r2,TSAL20250805_0830_staticAndStaticFree001,77,True,,
TS,18,20250805,20250830,trim_r1_to_r2,TSAL20250805_0830_staticAndStaticFree001,78,True,,
TS,18,20250805,20250830,trim_r1_to_r2,TSAL20250805_0830_staticAndStaticFree001,79,True,,
TS,18,20250805,20250830,trim_r1_to_r2,TSAL20250805_0830_staticAndStaticFree001,80,True,,
TS,18,20250805,20250830,trim_r1_to_r2,TSAL20250805_0830_staticAndStaticFree001,81,True,,
TS,18,20250805,20250830,trim_r1_to_r2,TSAL20250805_0830_staticAndStaticFree001,82,True,,
TS,19,20250806,20250828,trim_r2_to_r1,TSAL20250828_0830_interferenceAndInterferenceFree001,0,False,13.0,0.9328758805711543
TS,19,20250806,20250828,trim_r2_to_r1,TSAL20250828_0830_interferenceAndInterferenceFree001,1,False,27.0,0.8804520818664984
TS,19,20250806,20250828,trim_r2_to_r1,TSAL20250828_0830_interferenceAndInterferenceFree001,2,False,23.0,0.8916672805300823
TS,19,20250806,20250828,trim_r2_to_r1,TSAL20250828_0830_interferenceAndInterferenceFree001,3,False,44.0,0.8262183746977938
TS,19,20250806,20250828,trim_r2_to_r1,TSAL20250828_0830_interferenceAndInterferenceFree001,4,True,,
TS,19,20250806,20250828,trim_r2_to_r1,TSAL20250828_0830_interferenceAndInterferenceFree001,5,False,17.0,0.9193654957714394
TS,19,20250806,20250828,trim_r2_to_r1,TSAL20250828_0830_interferenceAndInterferenceFree001,6,False,31.0,0.8727619226993827
TS,19,20250806,20250828,trim_r2_to_r1,TSAL20250828_0830_interferenceAndInterferenceFree001,7,False,28.0,0.879892038343384
TS,19,20250806,20250828,trim_r2_to_r1,TSAL20250828_0830_interferenceAndInterferenceFree001,8,False,22.0,0.8929268714063134
TS,19,20250806,20250828,trim_r2_to_r1,TSAL20250828_0830_interferenceAndInterferenceFree001,9,False,16.0,0.9278487054730683
TS,19,20250806,20250828,trim_r2_to_r1,TSAL20250828_0830_interferenceAndInterferenceFree001,10,False,7.0,0.9687159576304307
TS,19,20250806,20250828,trim_r2_to_r1,TSAL20250828_0830_interferenceAndInterferenceFree001,11,False,8.0,0.9662147508901726
TS,19,20250806,20250828,trim_r2_to_r1,TSAL20250828_0830_interferenceAndInterferenceFree001,12,False,19.0,0.8912185866766044
TS,19,20250806,20250828,trim_r2_to_r1,TSAL20250828_0830_interferenceAndInterferenceFree001,13,False,26.0,0.8820106986332331
TS,19,20250806,20250828,trim_r2_to_r1,TSAL20250828_0830_interferenceAndInterferenceFree001,14,False,21.0,0.8962151769012942
TS,19,20250806,20250828,trim_r2_to_r1,TSAL20250828_0830_interferenceAndInterferenceFree001,15,False,30.0,0.8792597486797697
TS,19,20250806,20250828,trim_r2_to_r1,TSAL20250828_0830_interferenceAndInterferenceFree001,16,False,32.0,0.8780444139241316
TS,19,20250806,20250828,trim_r2_to_r1,TSAL20250828_0830_interferenceAndInterferenceFree001,17,False,34.0,0.8691568513896865
TS,19,20250806,20250828,trim_r2_to_r1,TSAL20250828_0830_interferenceAndInterferenceFree001,18,False,20.0,0.8941206103798168
TS,19,20250806,20250828,trim_r2_to_r1,TSAL20250828_0830_interferenceAndInterferenceFree001,19,False,25.0,0.8853457713729647
TS,19,20250806,20250828,trim_r2_to_r1,TSAL20250828_0830_interferenceAndInterferenceFree001,20,True,,
TS,19,20250806,20250828,trim_r2_to_r1,TSAL20250828_0830_interferenceAndInterferenceFree001,21,False,33.0,0.8790074500641246
TS,19,20250806,20250828,trim_r2_to_r1,TSAL20250828_0830_interferenceAndInterferenceFree001,22,False,29.0,0.8768629287314258
TS,19,20250806,20250828,trim_r2_to_r1,TSAL20250828_0830_interferenceAndInterferenceFree001,23,False,35.0,0.8639319721548765
TS,19,20250806,20250828,trim_r2_to_r1,TSAL20250828_0830_interferenceAndInterferenceFree001,24,True,,
TS,19,20250806,20250828,trim_r2_to_r1,TSAL20250828_0830_interferenceAndInterferenceFree001,25,True,,
TS,19,20250806,20250828,trim_r2_to_r1,TSAL20250828_0830_interferenceAndInterferenceFree001,26,True,,
TS,19,20250806,20250828,trim_r2_to_r1,TSAL20250828_0830_interferenceAndInterferenceFree001,27,False,1.0,1.1038034032743222
TS,19,20250806,20250828,trim_r2_to_r1,TSAL20250828_0830_interferenceAndInterferenceFree001,28,True,,
TS,19,20250806,20250828,trim_r2_to_r1,TSAL20250828_0830_interferenceAndInterferenceFree001,29,True,,
TS,19,20250806,20250828,trim_r2_to_r1,TSAL20250828_0830_interferenceAndInterferenceFree001,30,True,,
TS,19,20250806,20250828,trim_r2_to_r1,TSAL20250828_0830_interferenceAndInterferenceFree001,31,True,,
TS,19,20250806,20250828,trim_r2_to_r1,TSAL20250828_0830_interferenceAndInterferenceFree001,32,True,,
TS,19,20250806,20250828,trim_r2_to_r1,TSAL20250828_0830_interferenceAndInterferenceFree001,33,True,,
TS,19,20250806,20250828,trim_r2_to_r1,TSAL20250828_0830_interferenceAndInterferenceFree001,34,True,,
TS,19,20250806,20250828,trim_r2_to_r1,TSAL20250828_0830_interferenceAndInterferenceFree001,35,True,,
TS,19,20250806,20250828,trim_r2_to_r1,TSAL20250828_0830_interferenceAndInterferenceFree001,36,True,,
TS,19,20250806,20250828,trim_r2_to_r1,TSAL20250828_0830_interferenceAndInterferenceFree001,37,True,,
TS,19,20250806,20250828,trim_r2_to_r1,TSAL20250828_0830_interferenceAndInterferenceFree001,38,True,,
TS,19,20250806,20250828,trim_r2_to_r1,TSAL20250828_0830_interferenceAndInterferenceFree001,42,True,,
TS,19,20250806,20250828,trim_r2_to_r1,TSAL20250828_0830_interferenceAndInterferenceFree001,43,True,,
TS,19,20250806,20250828,trim_r2_to_r1,TSAL20250828_0830_interferenceAndInterferenceFree001,44,True,,
TS,19,20250806,20250828,trim_r2_to_r1,TSAL20250828_0830_interferenceAndInterferenceFree001,45,True,,
TS,19,20250806,20250828,trim_r2_to_r1,TSAL20250828_0830_interferenceAndInterferenceFree001,46,True,,
TS,19,20250806,20250828,trim_r2_to_r1,TSAL20250828_0830_interferenceAndInterferenceFree001,47,True,,
TS,19,20250806,20250828,trim_r2_to_r1,TSAL20250828_0830_interferenceAndInterferenceFree001,48,True,,
TS,19,20250806,20250828,trim_r2_to_r1,TSAL20250828_0830_interferenceAndInterferenceFree001,49,True,,
TS,19,20250806,20250828,trim_r2_to_r1,TSAL20250828_0830_interferenceAndInterferenceFree001,50,False,39.0,0.8451810198104147
TS,19,20250806,20250828,trim_r2_to_r1,TSAL20250828_0830_interferenceAndInterferenceFree001,51,True,,
TS,19,20250806,20250828,trim_r2_to_r1,TSAL20250828_0830_interferenceAndInterferenceFree001,52,True,,
TS,19,20250806,20250828,trim_r2_to_r1,TSAL20250828_0830_interferenceAndInterferenceFree001,53,True,,
TS,19,20250806,20250828,trim_r2_to_r1,TSAL20250828_0830_interferenceAndInterferenceFree001,54,True,,
TS,19,20250806,20250828,trim_r2_to_r1,TSAL20250828_0830_interferenceAndInterferenceFree001,55,True,,
TS,19,20250806,20250828,trim_r2_to_r1,TSAL20250828_0830_interferenceAndInterferenceFree001,56,True,,
TS,19,20250806,20250828,trim_r2_to_r1,TSAL20250828_0830_interferenceAndInterferenceFree001,57,True,,
TS,19,20250806,20250828,trim_r2_to_r1,TSAL20250828_0830_interferenceAndInterferenceFree001,58,True,,
TS,19,20250806,20250828,trim_r2_to_r1,TSAL20250828_0830_interferenceAndInterferenceFree001,59,True,,
TS,19,20250806,20250828,trim_r2_to_r1,TSAL20250828_0830_interferenceAndInterferenceFree001,60,True,,
TS,19,20250806,20250828,trim_r2_to_r1,TSAL20250828_0830_interferenceAndInterferenceFree001,61,True,,
TS,19,20250806,20250828,trim_r2_to_r1,TSAL20250828_0830_interferenceAndInterferenceFree001,62,False,4.0,1.012928335512573
TS,19,20250806,20250828,trim_r2_to_r1,TSAL20250828_0830_interferenceAndInterferenceFree001,63,False,41.0,0.8418997327030424
TS,19,20250806,20250828,trim_r2_to_r1,TSAL20250828_0830_interferenceAndInterferenceFree001,64,True,,
TS,19,20250806,20250828,trim_r2_to_r1,TSAL20250828_0830_interferenceAndInterferenceFree001,65,False,3.0,1.0239435849859566
TS,19,20250806,20250828,trim_r2_to_r1,TSAL20250828_0830_interferenceAndInterferenceFree001,66,True,,
TS,19,20250806,20250828,trim_r2_to_r1,TSAL20250828_0830_interferenceAndInterferenceFree001,67,True,,
TS,19,20250806,20250828,trim_r2_to_r1,TSAL20250828_0830_interferenceAndInterferenceFree001,68,True,,
TS,19,20250806,20250828,trim_r2_to_r1,TSAL20250828_0830_interferenceAndInterferenceFree001,69,True,,
TS,19,20250806,20250828,trim_r2_to_r1,TSAL20250828_0830_interferenceAndInterferenceFree001,70,False,14.0,0.9276525249902825
TS,19,20250806,20250828,trim_r2_to_r1,TSAL20250828_0830_interferenceAndInterferenceFree001,71,False,37.0,0.857070553871851
TS,19,20250806,20250828,trim_r2_to_r1,TSAL20250828_0830_interferenceAndInterferenceFree001,72,False,43.0,0.8277946323517075
TS,19,20250806,20250828,trim_r2_to_r1,TSAL20250828_0830_interferenceAndInterferenceFree001,73,True,,
TS,19,20250806,20250828,trim_r2_to_r1,TSAL20250828_0830_interferenceAndInterferenceFree001,74,False,36.0,0.8566548434093106
TS,19,20250806,20250828,trim_r2_to_r1,TSAL20250828_0830_interferenceAndInterferenceFree001,75,False,38.0,0.8470975903511567
TS,19,20250806,20250828,trim_r2_to_r1,TSAL20250828_0830_interferenceAndInterferenceFree001,76,True,,
TS,19,20250806,20250828,trim_r2_to_r1,TSAL20250828_0830_interferenceAndInterferenceFree001,77,False,11.0,0.9595094988865672
TS,19,20250806,20250828,trim_r2_to_r1,TSAL20250828_0830_interferenceAndInterferenceFree001,78,False,2.0,1.070760740418474
TS,19,20250806,20250828,trim_r2_to_r1,TSAL20250828_0830_interferenceAndInterferenceFree001,79,False,5.0,1.0043629107529695
TS,19,20250806,20250828,trim_r2_to_r1,TSAL20250828_0830_interferenceAndInterferenceFree001,80,False,18.0,0.9172170652860027
TS,19,20250806,20250828,trim_r2_to_r1,TSAL20250828_0830_interferenceAndInterferenceFree001,81,False,12.0,0.9499383199619792
TS,19,20250806,20250828,trim_r2_to_r1,TSAL20250828_0830_interferenceAndInterferenceFree001,82,False,9.0,0.965804824603299
TS,19,20250806,20250828,trim_r2_to_r1,TSAL20250828_0830_interferenceAndInterferenceFree001,83,True,,
TS,19,20250806,20250828,trim_r2_to_r1,TSAL20250828_0830_interferenceAndInterferenceFree001,84,False,10.0,0.9605375515625395
TS,19,20250806,20250828,trim_r2_to_r1,TSAL20250828_0830_interferenceAndInterferenceFree001,85,True,,
TS,19,20250806,20250828,trim_r2_to_r1,TSAL20250828_0830_interferenceAndInterferenceFree001,86,False,6.0,0.9989446709824561
TS,19,20250806,20250828,trim_r2_to_r1,TSAL20250828_0830_interferenceAndInterferenceFree001,87,False,15.0,0.9324138903599839
TS,19,20250806,20250828,trim_r2_to_r1,TSAL20250828_0830_interferenceAndInterferenceFree001,88,False,24.0,0.888355015015328
TS,19,20250806,20250828,trim_r2_to_r1,TSAL20250828_0830_interferenceAndInterferenceFree001,89,False,42.0,0.8262543629413841
TS,19,20250806,20250828,trim_r2_to_r1,TSAL20250828_0830_interferenceAndInterferenceFree001,91,False,40.0,0.8394320765076795
TS,19,20250806,20250828,trim_r2_to_r1,TSAL20250828_0830_interferenceAndInterferenceFree001,92,True,,
TS,19,20250806,20250828,trim_r2_to_r1,TSAL20250828_0830_interferenceAndInterferenceFree001,93,True,,
TS,19,20250806,20250828,trim_r1_to_r2,TSAL20250806_0830_staticAndStaticFree001,0,False,28.0,0.5691928846828328
TS,19,20250806,20250828,trim_r1_to_r2,TSAL20250806_0830_staticAndStaticFree001,3,True,,
TS,19,20250806,20250828,trim_r1_to_r2,TSAL20250806_0830_staticAndStaticFree001,4,False,26.0,0.5680614348658166
TS,19,20250806,20250828,trim_r1_to_r2,TSAL20250806_0830_staticAndStaticFree001,5,False,34.0,0.5820214159501335
TS,19,20250806,20250828,trim_r1_to_r2,TSAL20250806_0830_staticAndStaticFree001,7,True,,
TS,19,20250806,20250828,trim_r1_to_r2,TSAL20250806_0830_staticAndStaticFree001,8,True,,
TS,19,20250806,20250828,trim_r1_to_r2,TSAL20250806_0830_staticAndStaticFree001,9,False,31.0,0.5741150584183952
TS,19,20250806,20250828,trim_r1_to_r2,TSAL20250806_0830_staticAndStaticFree001,11,True,,
TS,19,20250806,20250828,trim_r1_to_r2,TSAL20250806_0830_staticAndStaticFree001,12,True,,
TS,19,20250806,20250828,trim_r1_to_r2,TSAL20250806_0830_staticAndStaticFree001,13,True,,
TS,19,20250806,20250828,trim_r1_to_r2,TSAL20250806_0830_staticAndStaticFree001,14,True,,
TS,19,20250806,20250828,trim_r1_to_r2,TSAL20250806_0830_staticAndStaticFree001,15,True,,
TS,19,20250806,20250828,trim_r1_to_r2,TSAL20250806_0830_staticAndStaticFree001,16,True,,
TS,19,20250806,20250828,trim_r1_to_r2,TSAL20250806_0830_staticAndStaticFree001,17,True,,
TS,19,20250806,20250828,trim_r1_to_r2,TSAL20250806_0830_staticAndStaticFree001,18,True,,
TS,19,20250806,20250828,trim_r1_to_r2,TSAL20250806_0830_staticAndStaticFree001,19,True,,
TS,19,20250806,20250828,trim_r1_to_r2,TSAL20250806_0830_staticAndStaticFree001,20,True,,
TS,19,20250806,20250828,trim_r1_to_r2,TSAL20250806_0830_staticAndStaticFree001,21,True,,
TS,19,20250806,20250828,trim_r1_to_r2,TSAL20250806_0830_staticAndStaticFree001,26,True,,
TS,19,20250806,20250828,trim_r1_to_r2,TSAL20250806_0830_staticAndStaticFree001,27,True,,
TS,19,20250806,20250828,trim_r1_to_r2,TSAL20250806_0830_staticAndStaticFree001,28,True,,
TS,19,20250806,20250828,trim_r1_to_r2,TSAL20250806_0830_staticAndStaticFree001,29,False,3.0,0.4994405745222775
TS,19,20250806,20250828,trim_r1_to_r2,TSAL20250806_0830_staticAndStaticFree001,30,True,,
TS,19,20250806,20250828,trim_r1_to_r2,TSAL20250806_0830_staticAndStaticFree001,32,True,,
TS,19,20250806,20250828,trim_r1_to_r2,TSAL20250806_0830_staticAndStaticFree001,33,False,32.0,0.5796678101437797
TS,19,20250806,20250828,trim_r1_to_r2,TSAL20250806_0830_staticAndStaticFree001,34,True,,
TS,19,20250806,20250828,trim_r1_to_r2,TSAL20250806_0830_staticAndStaticFree001,35,True,,
TS,19,20250806,20250828,trim_r1_to_r2,TSAL20250806_0830_staticAndStaticFree001,37,False,33.0,0.5790087591581197
TS,19,20250806,20250828,trim_r1_to_r2,TSAL20250806_0830_staticAndStaticFree001,38,False,21.0,0.5570007009913617
TS,19,20250806,20250828,trim_r1_to_r2,TSAL20250806_0830_staticAndStaticFree001,39,True,,
TS,19,20250806,20250828,trim_r1_to_r2,TSAL20250806_0830_staticAndStaticFree001,40,True,,
TS,19,20250806,20250828,trim_r1_to_r2,TSAL20250806_0830_staticAndStaticFree001,41,True,,
TS,19,20250806,20250828,trim_r1_to_r2,TSAL20250806_0830_staticAndStaticFree001,42,True,,
TS,19,20250806,20250828,trim_r1_to_r2,TSAL20250806_0830_staticAndStaticFree001,43,True,,
TS,19,20250806,20250828,trim_r1_to_r2,TSAL20250806_0830_staticAndStaticFree001,44,False,16.0,0.543924999894964
TS,19,20250806,20250828,trim_r1_to_r2,TSAL20250806_0830_staticAndStaticFree001,45,True,,
TS,19,20250806,20250828,trim_r1_to_r2,TSAL20250806_0830_staticAndStaticFree001,46,True,,
TS,19,20250806,20250828,trim_r1_to_r2,TSAL20250806_0830_staticAndStaticFree001,47,True,,
TS,19,20250806,20250828,trim_r1_to_r2,TSAL20250806_0830_staticAndStaticFree001,49,False,2.0,0.4950701991077383
TS,19,20250806,20250828,trim_r1_to_r2,TSAL20250806_0830_staticAndStaticFree001,50,False,14.0,0.5358819302917447
TS,19,20250806,20250828,trim_r1_to_r2,TSAL20250806_0830_staticAndStaticFree001,51,False,5.0,0.5054815946359399
TS,19,20250806,20250828,trim_r1_to_r2,TSAL20250806_0830_staticAndStaticFree001,52,True,,
TS,19,20250806,20250828,trim_r1_to_r2,TSAL20250806_0830_staticAndStaticFree001,53,False,11.0,0.5295813587960668
TS,19,20250806,20250828,trim_r1_to_r2,TSAL20250806_0830_staticAndStaticFree001,54,False,17.0,0.5470614689715435
TS,19,20250806,20250828,trim_r1_to_r2,TSAL20250806_0830_staticAndStaticFree001,55,True,,
TS,19,20250806,20250828,trim_r1_to_r2,TSAL20250806_0830_staticAndStaticFree001,56,True,,
TS,19,20250806,20250828,trim_r1_to_r2,TSAL20250806_0830_staticAndStaticFree001,57,False,29.0,0.5725806571298697
TS,19,20250806,20250828,trim_r1_to_r2,TSAL20250806_0830_staticAndStaticFree001,58,False,13.0,0.5336495586569674
TS,19,20250806,20250828,trim_r1_to_r2,TSAL20250806_0830_staticAndStaticFree001,59,True,,
TS,19,20250806,20250828,trim_r1_to_r2,TSAL20250806_0830_staticAndStaticFree001,60,True,,
TS,19,20250806,20250828,trim_r1_to_r2,TSAL20250806_0830_staticAndStaticFree001,61,False,23.0,0.5618855816193469
TS,19,20250806,20250828,trim_r1_to_r2,TSAL20250806_0830_staticAndStaticFree001,62,False,10.0,0.5265139538492498
TS,19,20250806,20250828,trim_r1_to_r2,TSAL20250806_0830_staticAndStaticFree001,63,False,6.0,0.512251269959992
TS,19,20250806,20250828,trim_r1_to_r2,TSAL20250806_0830_staticAndStaticFree001,64,True,,
TS,19,20250806,20250828,trim_r1_to_r2,TSAL20250806_0830_staticAndStaticFree001,66,True,,
TS,19,20250806,20250828,trim_r1_to_r2,TSAL20250806_0830_staticAndStaticFree001,69,True,,
TS,19,20250806,20250828,trim_r1_to_r2,TSAL20250806_0830_staticAndStaticFree001,70,True,,
TS,19,20250806,20250828,trim_r1_to_r2,TSAL20250806_0830_staticAndStaticFree001,71,True,,
TS,19,20250806,20250828,trim_r1_to_r2,TSAL20250806_0830_staticAndStaticFree001,72,True,,
TS,19,20250806,20250828,trim_r1_to_r2,TSAL20250806_0830_staticAndStaticFree001,73,True,,
TS,19,20250806,20250828,trim_r1_to_r2,TSAL20250806_0830_staticAndStaticFree001,74,True,,
TS,19,20250806,20250828,trim_r1_to_r2,TSAL20250806_0830_staticAndStaticFree001,76,True,,
TS,19,20250806,20250828,trim_r1_to_r2,TSAL20250806_0830_staticAndStaticFree001,77,True,,
TS,19,20250806,20250828,trim_r1_to_r2,TSAL20250806_0830_staticAndStaticFree001,78,True,,
TS,19,20250806,20250828,trim_r1_to_r2,TSAL20250806_0830_staticAndStaticFree001,80,True,,
TS,19,20250806,20250828,trim_r1_to_r2,TSAL20250806_0830_staticAndStaticFree001,81,True,,
TS,19,20250806,20250828,trim_r1_to_r2,TSAL20250806_0830_staticAndStaticFree001,82,True,,
TS,19,20250806,20250828,trim_r1_to_r2,TSAL20250806_0830_staticAndStaticFree001,83,True,,
TS,19,20250806,20250828,trim_r1_to_r2,TSAL20250806_0830_staticAndStaticFree001,84,False,20.0,0.5558117062974118
TS,19,20250806,20250828,trim_r1_to_r2,TSAL20250806_0830_staticAndStaticFree001,85,True,,
TS,19,20250806,20250828,trim_r1_to_r2,TSAL20250806_0830_staticAndStaticFree001,86,False,24.0,0.5629775682961129
TS,19,20250806,20250828,trim_r1_to_r2,TSAL20250806_0830_staticAndStaticFree001,87,False,35.0,0.582177847501246
TS,19,20250806,20250828,trim_r1_to_r2,TSAL20250806_0830_staticAndStaticFree001,88,False,15.0,0.5375659293949706
TS,19,20250806,20250828,trim_r1_to_r2,TSAL20250806_0830_staticAndStaticFree001,89,False,8.0,0.5228652307294189
TS,19,20250806,20250828,trim_r1_to_r2,TSAL20250806_0830_staticAndStaticFree001,90,False,7.0,0.5142724381753341
TS,19,20250806,20250828,trim_r1_to_r2,TSAL20250806_0830_staticAndStaticFree001,91,True,,
TS,19,20250806,20250828,trim_r1_to_r2,TSAL20250806_0830_staticAndStaticFree001,92,False,4.0,0.5012258229602174
TS,19,20250806,20250828,trim_r1_to_r2,TSAL20250806_0830_staticAndStaticFree001,93,False,25.0,0.5630860767056592
TS,19,20250806,20250828,trim_r1_to_r2,TSAL20250806_0830_staticAndStaticFree001,94,False,12.0,0.5320327452604336
TS,19,20250806,20250828,trim_r1_to_r2,TSAL20250806_0830_staticAndStaticFree001,95,False,9.0,0.5236518819222539
TS,19,20250806,20250828,trim_r1_to_r2,TSAL20250806_0830_staticAndStaticFree001,96,True,,
TS,19,20250806,20250828,trim_r1_to_r2,TSAL20250806_0830_staticAndStaticFree001,97,True,,
TS,19,20250806,20250828,trim_r1_to_r2,TSAL20250806_0830_staticAndStaticFree001,98,True,,
TS,19,20250806,20250828,trim_r1_to_r2,TSAL20250806_0830_staticAndStaticFree001,99,True,,
TS,19,20250806,20250828,trim_r1_to_r2,TSAL20250806_0830_staticAndStaticFree001,100,True,,
TS,19,20250806,20250828,trim_r1_to_r2,TSAL20250806_0830_staticAndStaticFree001,101,False,1.0,0.4895549346798966
TS,19,20250806,20250828,trim_r1_to_r2,TSAL20250806_0830_staticAndStaticFree001,102,False,22.0,0.5605520185585187
TS,19,20250806,20250828,trim_r1_to_r2,TSAL20250806_0830_staticAndStaticFree001,104,True,,
TS,19,20250806,20250828,trim_r1_to_r2,TSAL20250806_0830_staticAndStaticFree001,105,True,,
TS,19,20250806,20250828,trim_r1_to_r2,TSAL20250806_0830_staticAndStaticFree001,106,True,,
TS,19,20250806,20250828,trim_r1_to_r2,TSAL20250806_0830_staticAndStaticFree001,107,True,,
TS,19,20250806,20250828,trim_r1_to_r2,TSAL20250806_0830_staticAndStaticFree001,108,True,,
TS,19,20250806,20250828,trim_r1_to_r2,TSAL20250806_0830_staticAndStaticFree001,109,True,,
TS,19,20250806,20250828,trim_r1_to_r2,TSAL20250806_0830_staticAndStaticFree001,110,False,18.0,0.5505024693398349
TS,19,20250806,20250828,trim_r1_to_r2,TSAL20250806_0830_staticAndStaticFree001,111,False,30.0,0.5737834118433638
TS,19,20250806,20250828,trim_r1_to_r2,TSAL20250806_0830_staticAndStaticFree001,112,True,,
TS,19,20250806,20250828,trim_r1_to_r2,TSAL20250806_0830_staticAndStaticFree001,113,False,27.0,0.5689527119915678
TS,19,20250806,20250828,trim_r1_to_r2,TSAL20250806_0830_staticAndStaticFree001,114,False,19.0,0.5535552618314598
TS,19,20250806,20250828,trim_r1_to_r2,TSAL20250806_0830_staticAndStaticFree001,116,True,,
TS,19,20250806,20250828,trim_r1_to_r2,TSAL20250806_0830_staticAndStaticFree001,117,True,,
TS,20,20250806,20250829,trim_r2_to_r1,TSAL20250829_0830_interferenceAndInterferenceFree001,0,True,,
TS,20,20250806,20250829,trim_r2_to_r1,TSAL20250829_0830_interferenceAndInterferenceFree001,1,True,,
TS,20,20250806,20250829,trim_r2_to_r1,TSAL20250829_0830_interferenceAndInterferenceFree001,2,True,,
TS,20,20250806,20250829,trim_r2_to_r1,TSAL20250829_0830_interferenceAndInterferenceFree001,3,True,,
TS,20,20250806,20250829,trim_r2_to_r1,TSAL20250829_0830_interferenceAndInterferenceFree001,4,True,,
TS,20,20250806,20250829,trim_r2_to_r1,TSAL20250829_0830_interferenceAndInterferenceFree001,5,True,,
TS,20,20250806,20250829,trim_r2_to_r1,TSAL20250829_0830_interferenceAndInterferenceFree001,6,True,,
TS,20,20250806,20250829,trim_r2_to_r1,TSAL20250829_0830_interferenceAndInterferenceFree001,7,True,,
TS,20,20250806,20250829,trim_r2_to_r1,TSAL20250829_0830_interferenceAndInterferenceFree001,8,True,,
TS,20,20250806,20250829,trim_r2_to_r1,TSAL20250829_0830_interferenceAndInterferenceFree001,9,True,,
TS,20,20250806,20250829,trim_r2_to_r1,TSAL20250829_0830_interferenceAndInterferenceFree001,10,True,,
TS,20,20250806,20250829,trim_r2_to_r1,TSAL20250829_0830_interferenceAndInterferenceFree001,11,True,,
TS,20,20250806,20250829,trim_r2_to_r1,TSAL20250829_0830_interferenceAndInterferenceFree001,12,True,,
TS,20,20250806,20250829,trim_r2_to_r1,TSAL20250829_0830_interferenceAndInterferenceFree001,13,True,,
TS,20,20250806,20250829,trim_r2_to_r1,TSAL20250829_0830_interferenceAndInterferenceFree001,14,True,,
TS,20,20250806,20250829,trim_r2_to_r1,TSAL20250829_0830_interferenceAndInterferenceFree001,15,True,,
TS,20,20250806,20250829,trim_r2_to_r1,TSAL20250829_0830_interferenceAndInterferenceFree001,16,True,,
TS,20,20250806,20250829,trim_r2_to_r1,TSAL20250829_0830_interferenceAndInterferenceFree001,17,True,,
TS,20,20250806,20250829,trim_r2_to_r1,TSAL20250829_0830_interferenceAndInterferenceFree001,18,True,,
TS,20,20250806,20250829,trim_r2_to_r1,TSAL20250829_0830_interferenceAndInterferenceFree001,19,True,,
TS,20,20250806,20250829,trim_r2_to_r1,TSAL20250829_0830_interferenceAndInterferenceFree001,20,True,,
TS,20,20250806,20250829,trim_r2_to_r1,TSAL20250829_0830_interferenceAndInterferenceFree001,21,True,,
TS,20,20250806,20250829,trim_r2_to_r1,TSAL20250829_0830_interferenceAndInterferenceFree001,22,True,,
TS,20,20250806,20250829,trim_r2_to_r1,TSAL20250829_0830_interferenceAndInterferenceFree001,23,True,,
TS,20,20250806,20250829,trim_r2_to_r1,TSAL20250829_0830_interferenceAndInterferenceFree001,24,True,,
TS,20,20250806,20250829,trim_r2_to_r1,TSAL20250829_0830_interferenceAndInterferenceFree001,25,True,,
TS,20,20250806,20250829,trim_r2_to_r1,TSAL20250829_0830_interferenceAndInterferenceFree001,26,True,,
TS,20,20250806,20250829,trim_r2_to_r1,TSAL20250829_0830_interferenceAndInterferenceFree001,27,True,,
TS,20,20250806,20250829,trim_r2_to_r1,TSAL20250829_0830_interferenceAndInterferenceFree001,28,True,,
TS,20,20250806,20250829,trim_r2_to_r1,TSAL20250829_0830_interferenceAndInterferenceFree001,29,True,,
TS,20,20250806,20250829,trim_r2_to_r1,TSAL20250829_0830_interferenceAndInterferenceFree001,30,True,,
TS,20,20250806,20250829,trim_r2_to_r1,TSAL20250829_0830_interferenceAndInterferenceFree001,31,True,,
TS,20,20250806,20250829,trim_r2_to_r1,TSAL20250829_0830_interferenceAndInterferenceFree001,32,True,,
TS,20,20250806,20250829,trim_r2_to_r1,TSAL20250829_0830_interferenceAndInterferenceFree001,33,True,,
TS,20,20250806,20250829,trim_r2_to_r1,TSAL20250829_0830_interferenceAndInterferenceFree001,34,True,,
TS,20,20250806,20250829,trim_r2_to_r1,TSAL20250829_0830_interferenceAndInterferenceFree001,35,True,,
TS,20,20250806,20250829,trim_r2_to_r1,TSAL20250829_0830_interferenceAndInterferenceFree001,36,True,,
TS,20,20250806,20250829,trim_r2_to_r1,TSAL20250829_0830_interferenceAndInterferenceFree001,37,True,,
TS,20,20250806,20250829,trim_r2_to_r1,TSAL20250829_0830_interferenceAndInterferenceFree001,38,True,,
TS,20,20250806,20250829,trim_r2_to_r1,TSAL20250829_0830_interferenceAndInterferenceFree001,40,True,,
TS,20,20250806,20250829,trim_r2_to_r1,TSAL20250829_0830_interferenceAndInterferenceFree001,41,True,,
TS,20,20250806,20250829,trim_r2_to_r1,TSAL20250829_0830_interferenceAndInterferenceFree001,42,True,,
TS,20,20250806,20250829,trim_r2_to_r1,TSAL20250829_0830_interferenceAndInterferenceFree001,43,False,30.0,0.8739512453184205
TS,20,20250806,20250829,trim_r2_to_r1,TSAL20250829_0830_interferenceAndInterferenceFree001,44,False,6.0,0.9417187379945096
TS,20,20250806,20250829,trim_r2_to_r1,TSAL20250829_0830_interferenceAndInterferenceFree001,45,False,1.0,1.6081293910607353
TS,20,20250806,20250829,trim_r2_to_r1,TSAL20250829_0830_interferenceAndInterferenceFree001,46,False,26.0,0.8750950422720816
TS,20,20250806,20250829,trim_r2_to_r1,TSAL20250829_0830_interferenceAndInterferenceFree001,47,True,,
TS,20,20250806,20250829,trim_r2_to_r1,TSAL20250829_0830_interferenceAndInterferenceFree001,48,True,,
TS,20,20250806,20250829,trim_r2_to_r1,TSAL20250829_0830_interferenceAndInterferenceFree001,49,False,22.0,0.8858964454321321
TS,20,20250806,20250829,trim_r2_to_r1,TSAL20250829_0830_interferenceAndInterferenceFree001,50,False,35.0,0.8563575120399414
TS,20,20250806,20250829,trim_r2_to_r1,TSAL20250829_0830_interferenceAndInterferenceFree001,51,True,,
TS,20,20250806,20250829,trim_r2_to_r1,TSAL20250829_0830_interferenceAndInterferenceFree001,52,False,36.0,0.8499159852148478
TS,20,20250806,20250829,trim_r2_to_r1,TSAL20250829_0830_interferenceAndInterferenceFree001,53,True,,
TS,20,20250806,20250829,trim_r2_to_r1,TSAL20250829_0830_interferenceAndInterferenceFree001,54,False,34.0,0.8554284981787099
TS,20,20250806,20250829,trim_r2_to_r1,TSAL20250829_0830_interferenceAndInterferenceFree001,55,False,9.0,0.9452137609847254
TS,20,20250806,20250829,trim_r2_to_r1,TSAL20250829_0830_interferenceAndInterferenceFree001,56,False,28.0,0.8730140247625211
TS,20,20250806,20250829,trim_r2_to_r1,TSAL20250829_0830_interferenceAndInterferenceFree001,57,False,5.0,0.9657343963635234
TS,20,20250806,20250829,trim_r2_to_r1,TSAL20250829_0830_interferenceAndInterferenceFree001,58,True,,
TS,20,20250806,20250829,trim_r2_to_r1,TSAL20250829_0830_interferenceAndInterferenceFree001,59,True,,
TS,20,20250806,20250829,trim_r2_to_r1,TSAL20250829_0830_interferenceAndInterferenceFree001,60,False,17.0,0.8915452026627136
TS,20,20250806,20250829,trim_r2_to_r1,TSAL20250829_0830_interferenceAndInterferenceFree001,61,False,33.0,0.8552177694643736
TS,20,20250806,20250829,trim_r2_to_r1,TSAL20250829_0830_interferenceAndInterferenceFree001,62,True,,
TS,20,20250806,20250829,trim_r2_to_r1,TSAL20250829_0830_interferenceAndInterferenceFree001,63,False,13.0,0.9136363067203823
TS,20,20250806,20250829,trim_r2_to_r1,TSAL20250829_0830_interferenceAndInterferenceFree001,64,True,,
TS,20,20250806,20250829,trim_r2_to_r1,TSAL20250829_0830_interferenceAndInterferenceFree001,65,True,,
TS,20,20250806,20250829,trim_r2_to_r1,TSAL20250829_0830_interferenceAndInterferenceFree001,66,True,,
TS,20,20250806,20250829,trim_r2_to_r1,TSAL20250829_0830_interferenceAndInterferenceFree001,67,False,19.0,0.8862489251799076
TS,20,20250806,20250829,trim_r2_to_r1,TSAL20250829_0830_interferenceAndInterferenceFree001,68,True,,
TS,20,20250806,20250829,trim_r2_to_r1,TSAL20250829_0830_interferenceAndInterferenceFree001,69,True,,
TS,20,20250806,20250829,trim_r2_to_r1,TSAL20250829_0830_interferenceAndInterferenceFree001,70,False,15.0,0.9017229387076201
TS,20,20250806,20250829,trim_r2_to_r1,TSAL20250829_0830_interferenceAndInterferenceFree001,71,False,37.0,0.8551890079850426
TS,20,20250806,20250829,trim_r2_to_r1,TSAL20250829_0830_interferenceAndInterferenceFree001,72,True,,
TS,20,20250806,20250829,trim_r2_to_r1,TSAL20250829_0830_interferenceAndInterferenceFree001,73,False,24.0,0.8754912266653292
TS,20,20250806,20250829,trim_r2_to_r1,TSAL20250829_0830_interferenceAndInterferenceFree001,74,True,,
TS,20,20250806,20250829,trim_r2_to_r1,TSAL20250829_0830_interferenceAndInterferenceFree001,75,False,14.0,0.9044508396777416
TS,20,20250806,20250829,trim_r2_to_r1,TSAL20250829_0830_interferenceAndInterferenceFree001,76,False,31.0,0.862626523394946
TS,20,20250806,20250829,trim_r2_to_r1,TSAL20250829_0830_interferenceAndInterferenceFree001,77,False,21.0,0.8871836495582134
TS,20,20250806,20250829,trim_r2_to_r1,TSAL20250829_0830_interferenceAndInterferenceFree001,78,False,32.0,0.8534553959287179
TS,20,20250806,20250829,trim_r2_to_r1,TSAL20250829_0830_interferenceAndInterferenceFree001,79,False,20.0,0.8904460905040421
TS,20,20250806,20250829,trim_r2_to_r1,TSAL20250829_0830_interferenceAndInterferenceFree001,81,False,10.0,0.9360968690438147
TS,20,20250806,20250829,trim_r2_to_r1,TSAL20250829_0830_interferenceAndInterferenceFree001,83,False,7.0,0.9415211856261998
TS,20,20250806,20250829,trim_r2_to_r1,TSAL20250829_0830_interferenceAndInterferenceFree001,84,False,11.0,0.935071267557698
TS,20,20250806,20250829,trim_r2_to_r1,TSAL20250829_0830_interferenceAndInterferenceFree001,85,False,16.0,0.8995147574430503
TS,20,20250806,20250829,trim_r2_to_r1,TSAL20250829_0830_interferenceAndInterferenceFree001,86,False,8.0,0.9404946843726187
TS,20,20250806,20250829,trim_r2_to_r1,TSAL20250829_0830_interferenceAndInterferenceFree001,88,False,29.0,0.8730832511074187
TS,20,20250806,20250829,trim_r2_to_r1,TSAL20250829_0830_interferenceAndInterferenceFree001,89,False,25.0,0.8742900919828056
TS,20,20250806,20250829,trim_r2_to_r1,TSAL20250829_0830_interferenceAndInterferenceFree001,90,True,,
TS,20,20250806,20250829,trim_r2_to_r1,TSAL20250829_0830_interferenceAndInterferenceFree001,91,False,2.0,1.3532300801840176
TS,20,20250806,20250829,trim_r2_to_r1,TSAL20250829_0830_interferenceAndInterferenceFree001,92,True,,
TS,20,20250806,20250829,trim_r2_to_r1,TSAL20250829_0830_interferenceAndInterferenceFree001,93,False,18.0,0.8876904636177033
TS,20,20250806,20250829,trim_r2_to_r1,TSAL20250829_0830_interferenceAndInterferenceFree001,94,False,4.0,1.0414702525450104
TS,20,20250806,20250829,trim_r2_to_r1,TSAL20250829_0830_interferenceAndInterferenceFree001,95,False,23.0,0.8813678462245156
TS,20,20250806,20250829,trim_r2_to_r1,TSAL20250829_0830_interferenceAndInterferenceFree001,96,False,12.0,0.92156189100744
TS,20,20250806,20250829,trim_r2_to_r1,TSAL20250829_0830_interferenceAndInterferenceFree001,97,False,3.0,1.1923843486320234
TS,20,20250806,20250829,trim_r2_to_r1,TSAL20250829_0830_interferenceAndInterferenceFree001,98,False,27.0,0.8740150812547309
TS,20,20250806,20250829,trim_r1_to_r2,TSAL20250806_0830_staticAndStaticFree001,0,True,,
TS,20,20250806,20250829,trim_r1_to_r2,TSAL20250806_0830_staticAndStaticFree001,3,True,,
TS,20,20250806,20250829,trim_r1_to_r2,TSAL20250806_0830_staticAndStaticFree001,4,True,,
TS,20,20250806,20250829,trim_r1_to_r2,TSAL20250806_0830_staticAndStaticFree001,5,True,,
TS,20,20250806,20250829,trim_r1_to_r2,TSAL20250806_0830_staticAndStaticFree001,7,True,,
TS,20,20250806,20250829,trim_r1_to_r2,TSAL20250806_0830_staticAndStaticFree001,8,True,,
TS,20,20250806,20250829,trim_r1_to_r2,TSAL20250806_0830_staticAndStaticFree001,9,True,,
TS,20,20250806,20250829,trim_r1_to_r2,TSAL20250806_0830_staticAndStaticFree001,11,True,,
TS,20,20250806,20250829,trim_r1_to_r2,TSAL20250806_0830_staticAndStaticFree001,12,True,,
TS,20,20250806,20250829,trim_r1_to_r2,TSAL20250806_0830_staticAndStaticFree001,13,True,,
TS,20,20250806,20250829,trim_r1_to_r2,TSAL20250806_0830_staticAndStaticFree001,14,True,,
TS,20,20250806,20250829,trim_r1_to_r2,TSAL20250806_0830_staticAndStaticFree001,15,True,,
TS,20,20250806,20250829,trim_r1_to_r2,TSAL20250806_0830_staticAndStaticFree001,16,True,,
TS,20,20250806,20250829,trim_r1_to_r2,TSAL20250806_0830_staticAndStaticFree001,17,True,,
TS,20,20250806,20250829,trim_r1_to_r2,TSAL20250806_0830_staticAndStaticFree001,18,True,,
TS,20,20250806,20250829,trim_r1_to_r2,TSAL20250806_0830_staticAndStaticFree001,19,True,,
TS,20,20250806,20250829,trim_r1_to_r2,TSAL20250806_0830_staticAndStaticFree001,20,True,,
TS,20,20250806,20250829,trim_r1_to_r2,TSAL20250806_0830_staticAndStaticFree001,21,True,,
TS,20,20250806,20250829,trim_r1_to_r2,TSAL20250806_0830_staticAndStaticFree001,26,True,,
TS,20,20250806,20250829,trim_r1_to_r2,TSAL20250806_0830_staticAndStaticFree001,27,True,,
TS,20,20250806,20250829,trim_r1_to_r2,TSAL20250806_0830_staticAndStaticFree001,28,True,,
TS,20,20250806,20250829,trim_r1_to_r2,TSAL20250806_0830_staticAndStaticFree001,29,False,3.0,0.4994405745222775
TS,20,20250806,20250829,trim_r1_to_r2,TSAL20250806_0830_staticAndStaticFree001,30,True,,
TS,20,20250806,20250829,trim_r1_to_r2,TSAL20250806_0830_staticAndStaticFree001,32,True,,
TS,20,20250806,20250829,trim_r1_to_r2,TSAL20250806_0830_staticAndStaticFree001,33,True,,
TS,20,20250806,20250829,trim_r1_to_r2,TSAL20250806_0830_staticAndStaticFree001,34,True,,
TS,20,20250806,20250829,trim_r1_to_r2,TSAL20250806_0830_staticAndStaticFree001,35,True,,
TS,20,20250806,20250829,trim_r1_to_r2,TSAL20250806_0830_staticAndStaticFree001,37,True,,
TS,20,20250806,20250829,trim_r1_to_r2,TSAL20250806_0830_staticAndStaticFree001,38,True,,
TS,20,20250806,20250829,trim_r1_to_r2,TSAL20250806_0830_staticAndStaticFree001,39,True,,
TS,20,20250806,20250829,trim_r1_to_r2,TSAL20250806_0830_staticAndStaticFree001,40,True,,
TS,20,20250806,20250829,trim_r1_to_r2,TSAL20250806_0830_staticAndStaticFree001,41,True,,
TS,20,20250806,20250829,trim_r1_to_r2,TSAL20250806_0830_staticAndStaticFree001,42,True,,
TS,20,20250806,20250829,trim_r1_to_r2,TSAL20250806_0830_staticAndStaticFree001,43,True,,
TS,20,20250806,20250829,trim_r1_to_r2,TSAL20250806_0830_staticAndStaticFree001,44,True,,
TS,20,20250806,20250829,trim_r1_to_r2,TSAL20250806_0830_staticAndStaticFree001,45,True,,
TS,20,20250806,20250829,trim_r1_to_r2,TSAL20250806_0830_staticAndStaticFree001,46,True,,
TS,20,20250806,20250829,trim_r1_to_r2,TSAL20250806_0830_staticAndStaticFree001,47,True,,
TS,20,20250806,20250829,trim_r1_to_r2,TSAL20250806_0830_staticAndStaticFree001,49,False,2.0,0.4950701991077383
TS,20,20250806,20250829,trim_r1_to_r2,TSAL20250806_0830_staticAndStaticFree001,50,True,,
TS,20,20250806,20250829,trim_r1_to_r2,TSAL20250806_0830_staticAndStaticFree001,51,True,,
TS,20,20250806,20250829,trim_r1_to_r2,TSAL20250806_0830_staticAndStaticFree001,52,True,,
TS,20,20250806,20250829,trim_r1_to_r2,TSAL20250806_0830_staticAndStaticFree001,53,True,,
TS,20,20250806,20250829,trim_r1_to_r2,TSAL20250806_0830_staticAndStaticFree001,54,True,,
TS,20,20250806,20250829,trim_r1_to_r2,TSAL20250806_0830_staticAndStaticFree001,55,True,,
TS,20,20250806,20250829,trim_r1_to_r2,TSAL20250806_0830_staticAndStaticFree001,56,True,,
TS,20,20250806,20250829,trim_r1_to_r2,TSAL20250806_0830_staticAndStaticFree001,57,True,,
TS,20,20250806,20250829,trim_r1_to_r2,TSAL20250806_0830_staticAndStaticFree001,58,True,,
TS,20,20250806,20250829,trim_r1_to_r2,TSAL20250806_0830_staticAndStaticFree001,59,True,,
TS,20,20250806,20250829,trim_r1_to_r2,TSAL20250806_0830_staticAndStaticFree001,60,True,,
TS,20,20250806,20250829,trim_r1_to_r2,TSAL20250806_0830_staticAndStaticFree001,61,True,,
TS,20,20250806,20250829,trim_r1_to_r2,TSAL20250806_0830_staticAndStaticFree001,62,True,,
TS,20,20250806,20250829,trim_r1_to_r2,TSAL20250806_0830_staticAndStaticFree001,63,True,,
TS,20,20250806,20250829,trim_r1_to_r2,TSAL20250806_0830_staticAndStaticFree001,64,True,,
TS,20,20250806,20250829,trim_r1_to_r2,TSAL20250806_0830_staticAndStaticFree001,66,True,,
TS,20,20250806,20250829,trim_r1_to_r2,TSAL20250806_0830_staticAndStaticFree001,69,True,,
TS,20,20250806,20250829,trim_r1_to_r2,TSAL20250806_0830_staticAndStaticFree001,70,True,,
TS,20,20250806,20250829,trim_r1_to_r2,TSAL20250806_0830_staticAndStaticFree001,71,True,,
TS,20,20250806,20250829,trim_r1_to_r2,TSAL20250806_0830_staticAndStaticFree001,72,True,,
TS,20,20250806,20250829,trim_r1_to_r2,TSAL20250806_0830_staticAndStaticFree001,73,True,,
TS,20,20250806,20250829,trim_r1_to_r2,TSAL20250806_0830_staticAndStaticFree001,74,True,,
TS,20,20250806,20250829,trim_r1_to_r2,TSAL20250806_0830_staticAndStaticFree001,76,True,,
TS,20,20250806,20250829,trim_r1_to_r2,TSAL20250806_0830_staticAndStaticFree001,77,True,,
TS,20,20250806,20250829,trim_r1_to_r2,TSAL20250806_0830_staticAndStaticFree001,78,True,,
TS,20,20250806,20250829,trim_r1_to_r2,TSAL20250806_0830_staticAndStaticFree001,80,True,,
TS,20,20250806,20250829,trim_r1_to_r2,TSAL20250806_0830_staticAndStaticFree001,81,True,,
TS,20,20250806,20250829,trim_r1_to_r2,TSAL20250806_0830_staticAndStaticFree001,82,True,,
TS,20,20250806,20250829,trim_r1_to_r2,TSAL20250806_0830_staticAndStaticFree001,83,True,,
TS,20,20250806,20250829,trim_r1_to_r2,TSAL20250806_0830_staticAndStaticFree001,84,True,,
TS,20,20250806,20250829,trim_r1_to_r2,TSAL20250806_0830_staticAndStaticFree001,85,True,,
TS,20,20250806,20250829,trim_r1_to_r2,TSAL20250806_0830_staticAndStaticFree001,86,True,,
TS,20,20250806,20250829,trim_r1_to_r2,TSAL20250806_0830_staticAndStaticFree001,87,True,,
TS,20,20250806,20250829,trim_r1_to_r2,TSAL20250806_0830_staticAndStaticFree001,88,True,,
TS,20,20250806,20250829,trim_r1_to_r2,TSAL20250806_0830_staticAndStaticFree001,89,True,,
TS,20,20250806,20250829,trim_r1_to_r2,TSAL20250806_0830_staticAndStaticFree001,90,True,,
TS,20,20250806,20250829,trim_r1_to_r2,TSAL20250806_0830_staticAndStaticFree001,91,True,,
TS,20,20250806,20250829,trim_r1_to_r2,TSAL20250806_0830_staticAndStaticFree001,92,False,4.0,0.5012258229602174
TS,20,20250806,20250829,trim_r1_to_r2,TSAL20250806_0830_staticAndStaticFree001,93,True,,
TS,20,20250806,20250829,trim_r1_to_r2,TSAL20250806_0830_staticAndStaticFree001,94,True,,
TS,20,20250806,20250829,trim_r1_to_r2,TSAL20250806_0830_staticAndStaticFree001,95,True,,
TS,20,20250806,20250829,trim_r1_to_r2,TSAL20250806_0830_staticAndStaticFree001,96,True,,
TS,20,20250806,20250829,trim_r1_to_r2,TSAL20250806_0830_staticAndStaticFree001,97,True,,
TS,20,20250806,20250829,trim_r1_to_r2,TSAL20250806_0830_staticAndStaticFree001,98,True,,
TS,20,20250806,20250829,trim_r1_to_r2,TSAL20250806_0830_staticAndStaticFree001,99,True,,
TS,20,20250806,20250829,trim_r1_to_r2,TSAL20250806_0830_staticAndStaticFree001,100,True,,
TS,20,20250806,20250829,trim_r1_to_r2,TSAL20250806_0830_staticAndStaticFree001,101,False,1.0,0.4895549346798966
TS,20,20250806,20250829,trim_r1_to_r2,TSAL20250806_0830_staticAndStaticFree001,102,True,,
TS,20,20250806,20250829,trim_r1_to_r2,TSAL20250806_0830_staticAndStaticFree001,104,True,,
TS,20,20250806,20250829,trim_r1_to_r2,TSAL20250806_0830_staticAndStaticFree001,105,True,,
TS,20,20250806,20250829,trim_r1_to_r2,TSAL20250806_0830_staticAndStaticFree001,106,True,,
TS,20,20250806,20250829,trim_r1_to_r2,TSAL20250806_0830_staticAndStaticFree001,107,True,,
TS,20,20250806,20250829,trim_r1_to_r2,TSAL20250806_0830_staticAndStaticFree001,108,True,,
TS,20,20250806,20250829,trim_r1_to_r2,TSAL20250806_0830_staticAndStaticFree001,109,True,,
TS,20,20250806,20250829,trim_r1_to_r2,TSAL20250806_0830_staticAndStaticFree001,110,True,,
TS,20,20250806,20250829,trim_r1_to_r2,TSAL20250806_0830_staticAndStaticFree001,111,True,,
TS,20,20250806,20250829,trim_r1_to_r2,TSAL20250806_0830_staticAndStaticFree001,112,True,,
TS,20,20250806,20250829,trim_r1_to_r2,TSAL20250806_0830_staticAndStaticFree001,113,True,,
TS,20,20250806,20250829,trim_r1_to_r2,TSAL20250806_0830_staticAndStaticFree001,114,True,,
TS,20,20250806,20250829,trim_r1_to_r2,TSAL20250806_0830_staticAndStaticFree001,116,True,,
TS,20,20250806,20250829,trim_r1_to_r2,TSAL20250806_0830_staticAndStaticFree001,117,True,,
TS,21,20250806,20250830,trim_r2_to_r1,TSAL20250830_0830_interferenceAndInterferenceFree001,1,True,,
TS,21,20250806,20250830,trim_r2_to_r1,TSAL20250830_0830_interferenceAndInterferenceFree001,2,True,,
TS,21,20250806,20250830,trim_r2_to_r1,TSAL20250830_0830_interferenceAndInterferenceFree001,3,True,,
TS,21,20250806,20250830,trim_r2_to_r1,TSAL20250830_0830_interferenceAndInterferenceFree001,4,True,,
TS,21,20250806,20250830,trim_r2_to_r1,TSAL20250830_0830_interferenceAndInterferenceFree001,5,True,,
TS,21,20250806,20250830,trim_r2_to_r1,TSAL20250830_0830_interferenceAndInterferenceFree001,6,True,,
TS,21,20250806,20250830,trim_r2_to_r1,TSAL20250830_0830_interferenceAndInterferenceFree001,7,True,,
TS,21,20250806,20250830,trim_r2_to_r1,TSAL20250830_0830_interferenceAndInterferenceFree001,8,True,,
TS,21,20250806,20250830,trim_r2_to_r1,TSAL20250830_0830_interferenceAndInterferenceFree001,9,True,,
TS,21,20250806,20250830,trim_r2_to_r1,TSAL20250830_0830_interferenceAndInterferenceFree001,10,True,,
TS,21,20250806,20250830,trim_r2_to_r1,TSAL20250830_0830_interferenceAndInterferenceFree001,12,True,,
TS,21,20250806,20250830,trim_r2_to_r1,TSAL20250830_0830_interferenceAndInterferenceFree001,13,True,,
TS,21,20250806,20250830,trim_r2_to_r1,TSAL20250830_0830_interferenceAndInterferenceFree001,14,True,,
TS,21,20250806,20250830,trim_r2_to_r1,TSAL20250830_0830_interferenceAndInterferenceFree001,15,True,,
TS,21,20250806,20250830,trim_r2_to_r1,TSAL20250830_0830_interferenceAndInterferenceFree001,16,True,,
TS,21,20250806,20250830,trim_r2_to_r1,TSAL20250830_0830_interferenceAndInterferenceFree001,17,False,1.0,1.0492151016052262
TS,21,20250806,20250830,trim_r2_to_r1,TSAL20250830_0830_interferenceAndInterferenceFree001,18,True,,
TS,21,20250806,20250830,trim_r2_to_r1,TSAL20250830_0830_interferenceAndInterferenceFree001,19,True,,
TS,21,20250806,20250830,trim_r2_to_r1,TSAL20250830_0830_interferenceAndInterferenceFree001,20,True,,
TS,21,20250806,20250830,trim_r2_to_r1,TSAL20250830_0830_interferenceAndInterferenceFree001,21,True,,
TS,21,20250806,20250830,trim_r2_to_r1,TSAL20250830_0830_interferenceAndInterferenceFree001,23,True,,
TS,21,20250806,20250830,trim_r2_to_r1,TSAL20250830_0830_interferenceAndInterferenceFree001,24,True,,
TS,21,20250806,20250830,trim_r2_to_r1,TSAL20250830_0830_interferenceAndInterferenceFree001,25,True,,
TS,21,20250806,20250830,trim_r2_to_r1,TSAL20250830_0830_interferenceAndInterferenceFree001,26,True,,
TS,21,20250806,20250830,trim_r2_to_r1,TSAL20250830_0830_interferenceAndInterferenceFree001,27,True,,
TS,21,20250806,20250830,trim_r2_to_r1,TSAL20250830_0830_interferenceAndInterferenceFree001,28,False,2.0,1.0247479159019566
TS,21,20250806,20250830,trim_r2_to_r1,TSAL20250830_0830_interferenceAndInterferenceFree001,29,True,,
TS,21,20250806,20250830,trim_r2_to_r1,TSAL20250830_0830_interferenceAndInterferenceFree001,30,True,,
TS,21,20250806,20250830,trim_r2_to_r1,TSAL20250830_0830_interferenceAndInterferenceFree001,31,True,,
TS,21,20250806,20250830,trim_r2_to_r1,TSAL20250830_0830_interferenceAndInterferenceFree001,32,True,,
TS,21,20250806,20250830,trim_r2_to_r1,TSAL20250830_0830_interferenceAndInterferenceFree001,33,True,,
TS,21,20250806,20250830,trim_r2_to_r1,TSAL20250830_0830_interferenceAndInterferenceFree001,34,True,,
TS,21,20250806,20250830,trim_r2_to_r1,TSAL20250830_0830_interferenceAndInterferenceFree001,35,True,,
TS,21,20250806,20250830,trim_r2_to_r1,TSAL20250830_0830_interferenceAndInterferenceFree001,36,True,,
TS,21,20250806,20250830,trim_r2_to_r1,TSAL20250830_0830_interferenceAndInterferenceFree001,37,True,,
TS,21,20250806,20250830,trim_r2_to_r1,TSAL20250830_0830_interferenceAndInterferenceFree001,38,True,,
TS,21,20250806,20250830,trim_r2_to_r1,TSAL20250830_0830_interferenceAndInterferenceFree001,40,True,,
TS,21,20250806,20250830,trim_r2_to_r1,TSAL20250830_0830_interferenceAndInterferenceFree001,41,True,,
TS,21,20250806,20250830,trim_r2_to_r1,TSAL20250830_0830_interferenceAndInterferenceFree001,42,True,,
TS,21,20250806,20250830,trim_r2_to_r1,TSAL20250830_0830_interferenceAndInterferenceFree001,43,True,,
TS,21,20250806,20250830,trim_r2_to_r1,TSAL20250830_0830_interferenceAndInterferenceFree001,44,False,3.0,0.9620676372370269
TS,21,20250806,20250830,trim_r2_to_r1,TSAL20250830_0830_interferenceAndInterferenceFree001,45,False,6.0,0.9112092901601999
TS,21,20250806,20250830,trim_r2_to_r1,TSAL20250830_0830_interferenceAndInterferenceFree001,46,True,,
TS,21,20250806,20250830,trim_r2_to_r1,TSAL20250830_0830_interferenceAndInterferenceFree001,47,True,,
TS,21,20250806,20250830,trim_r2_to_r1,TSAL20250830_0830_interferenceAndInterferenceFree001,48,True,,
TS,21,20250806,20250830,trim_r2_to_r1,TSAL20250830_0830_interferenceAndInterferenceFree001,49,True,,
TS,21,20250806,20250830,trim_r2_to_r1,TSAL20250830_0830_interferenceAndInterferenceFree001,50,True,,
TS,21,20250806,20250830,trim_r2_to_r1,TSAL20250830_0830_interferenceAndInterferenceFree001,52,True,,
TS,21,20250806,20250830,trim_r2_to_r1,TSAL20250830_0830_interferenceAndInterferenceFree001,53,True,,
TS,21,20250806,20250830,trim_r2_to_r1,TSAL20250830_0830_interferenceAndInterferenceFree001,54,True,,
TS,21,20250806,20250830,trim_r2_to_r1,TSAL20250830_0830_interferenceAndInterferenceFree001,55,True,,
TS,21,20250806,20250830,trim_r2_to_r1,TSAL20250830_0830_interferenceAndInterferenceFree001,56,True,,
TS,21,20250806,20250830,trim_r2_to_r1,TSAL20250830_0830_interferenceAndInterferenceFree001,57,True,,
TS,21,20250806,20250830,trim_r2_to_r1,TSAL20250830_0830_interferenceAndInterferenceFree001,58,True,,
TS,21,20250806,20250830,trim_r2_to_r1,TSAL20250830_0830_interferenceAndInterferenceFree001,60,True,,
TS,21,20250806,20250830,trim_r2_to_r1,TSAL20250830_0830_interferenceAndInterferenceFree001,61,True,,
TS,21,20250806,20250830,trim_r2_to_r1,TSAL20250830_0830_interferenceAndInterferenceFree001,62,True,,
TS,21,20250806,20250830,trim_r2_to_r1,TSAL20250830_0830_interferenceAndInterferenceFree001,63,True,,
TS,21,20250806,20250830,trim_r2_to_r1,TSAL20250830_0830_interferenceAndInterferenceFree001,64,True,,
TS,21,20250806,20250830,trim_r2_to_r1,TSAL20250830_0830_interferenceAndInterferenceFree001,65,True,,
TS,21,20250806,20250830,trim_r2_to_r1,TSAL20250830_0830_interferenceAndInterferenceFree001,66,True,,
TS,21,20250806,20250830,trim_r2_to_r1,TSAL20250830_0830_interferenceAndInterferenceFree001,67,True,,
TS,21,20250806,20250830,trim_r2_to_r1,TSAL20250830_0830_interferenceAndInterferenceFree001,68,False,4.0,0.9281237245193258
TS,21,20250806,20250830,trim_r2_to_r1,TSAL20250830_0830_interferenceAndInterferenceFree001,69,False,8.0,0.8855685020917664
TS,21,20250806,20250830,trim_r2_to_r1,TSAL20250830_0830_interferenceAndInterferenceFree001,70,False,5.0,0.9171297549018407
TS,21,20250806,20250830,trim_r2_to_r1,TSAL20250830_0830_interferenceAndInterferenceFree001,71,False,7.0,0.8967896872709239
TS,21,20250806,20250830,trim_r2_to_r1,TSAL20250830_0830_interferenceAndInterferenceFree001,72,True,,
TS,21,20250806,20250830,trim_r2_to_r1,TSAL20250830_0830_interferenceAndInterferenceFree001,73,False,9.0,0.8848613529661441
TS,21,20250806,20250830,trim_r2_to_r1,TSAL20250830_0830_interferenceAndInterferenceFree001,74,True,,
TS,21,20250806,20250830,trim_r2_to_r1,TSAL20250830_0830_interferenceAndInterferenceFree001,75,True,,
TS,21,20250806,20250830,trim_r2_to_r1,TSAL20250830_0830_interferenceAndInterferenceFree001,76,True,,
TS,21,20250806,20250830,trim_r2_to_r1,TSAL20250830_0830_interferenceAndInterferenceFree001,77,True,,
TS,21,20250806,20250830,trim_r2_to_r1,TSAL20250830_0830_interferenceAndInterferenceFree001,79,True,,
TS,21,20250806,20250830,trim_r2_to_r1,TSAL20250830_0830_interferenceAndInterferenceFree001,81,True,,
TS,21,20250806,20250830,trim_r2_to_r1,TSAL20250830_0830_interferenceAndInterferenceFree001,82,True,,
TS,21,20250806,20250830,trim_r2_to_r1,TSAL20250830_0830_interferenceAndInterferenceFree001,83,True,,
TS,21,20250806,20250830,trim_r2_to_r1,TSAL20250830_0830_interferenceAndInterferenceFree001,86,True,,
TS,21,20250806,20250830,trim_r2_to_r1,TSAL20250830_0830_interferenceAndInterferenceFree001,87,True,,
TS,21,20250806,20250830,trim_r2_to_r1,TSAL20250830_0830_interferenceAndInterferenceFree001,88,True,,
TS,21,20250806,20250830,trim_r1_to_r2,TSAL20250806_0830_staticAndStaticFree001,0,True,,
TS,21,20250806,20250830,trim_r1_to_r2,TSAL20250806_0830_staticAndStaticFree001,3,True,,
TS,21,20250806,20250830,trim_r1_to_r2,TSAL20250806_0830_staticAndStaticFree001,4,True,,
TS,21,20250806,20250830,trim_r1_to_r2,TSAL20250806_0830_staticAndStaticFree001,5,True,,
TS,21,20250806,20250830,trim_r1_to_r2,TSAL20250806_0830_staticAndStaticFree001,7,True,,
TS,21,20250806,20250830,trim_r1_to_r2,TSAL20250806_0830_staticAndStaticFree001,8,True,,
TS,21,20250806,20250830,trim_r1_to_r2,TSAL20250806_0830_staticAndStaticFree001,9,True,,
TS,21,20250806,20250830,trim_r1_to_r2,TSAL20250806_0830_staticAndStaticFree001,11,True,,
TS,21,20250806,20250830,trim_r1_to_r2,TSAL20250806_0830_staticAndStaticFree001,12,True,,
TS,21,20250806,20250830,trim_r1_to_r2,TSAL20250806_0830_staticAndStaticFree001,13,True,,
TS,21,20250806,20250830,trim_r1_to_r2,TSAL20250806_0830_staticAndStaticFree001,14,True,,
TS,21,20250806,20250830,trim_r1_to_r2,TSAL20250806_0830_staticAndStaticFree001,15,True,,
TS,21,20250806,20250830,trim_r1_to_r2,TSAL20250806_0830_staticAndStaticFree001,16,True,,
TS,21,20250806,20250830,trim_r1_to_r2,TSAL20250806_0830_staticAndStaticFree001,17,True,,
TS,21,20250806,20250830,trim_r1_to_r2,TSAL20250806_0830_staticAndStaticFree001,18,True,,
TS,21,20250806,20250830,trim_r1_to_r2,TSAL20250806_0830_staticAndStaticFree001,19,True,,
TS,21,20250806,20250830,trim_r1_to_r2,TSAL20250806_0830_staticAndStaticFree001,20,True,,
TS,21,20250806,20250830,trim_r1_to_r2,TSAL20250806_0830_staticAndStaticFree001,21,True,,
TS,21,20250806,20250830,trim_r1_to_r2,TSAL20250806_0830_staticAndStaticFree001,26,True,,
TS,21,20250806,20250830,trim_r1_to_r2,TSAL20250806_0830_staticAndStaticFree001,27,True,,
TS,21,20250806,20250830,trim_r1_to_r2,TSAL20250806_0830_staticAndStaticFree001,28,True,,
TS,21,20250806,20250830,trim_r1_to_r2,TSAL20250806_0830_staticAndStaticFree001,29,True,,
TS,21,20250806,20250830,trim_r1_to_r2,TSAL20250806_0830_staticAndStaticFree001,30,True,,
TS,21,20250806,20250830,trim_r1_to_r2,TSAL20250806_0830_staticAndStaticFree001,32,True,,
TS,21,20250806,20250830,trim_r1_to_r2,TSAL20250806_0830_staticAndStaticFree001,33,True,,
TS,21,20250806,20250830,trim_r1_to_r2,TSAL20250806_0830_staticAndStaticFree001,34,True,,
TS,21,20250806,20250830,trim_r1_to_r2,TSAL20250806_0830_staticAndStaticFree001,35,True,,
TS,21,20250806,20250830,trim_r1_to_r2,TSAL20250806_0830_staticAndStaticFree001,37,True,,
TS,21,20250806,20250830,trim_r1_to_r2,TSAL20250806_0830_staticAndStaticFree001,38,True,,
TS,21,20250806,20250830,trim_r1_to_r2,TSAL20250806_0830_staticAndStaticFree001,39,True,,
TS,21,20250806,20250830,trim_r1_to_r2,TSAL20250806_0830_staticAndStaticFree001,40,True,,
TS,21,20250806,20250830,trim_r1_to_r2,TSAL20250806_0830_staticAndStaticFree001,41,True,,
TS,21,20250806,20250830,trim_r1_to_r2,TSAL20250806_0830_staticAndStaticFree001,42,True,,
TS,21,20250806,20250830,trim_r1_to_r2,TSAL20250806_0830_staticAndStaticFree001,43,True,,
TS,21,20250806,20250830,trim_r1_to_r2,TSAL20250806_0830_staticAndStaticFree001,44,True,,
TS,21,20250806,20250830,trim_r1_to_r2,TSAL20250806_0830_staticAndStaticFree001,45,True,,
TS,21,20250806,20250830,trim_r1_to_r2,TSAL20250806_0830_staticAndStaticFree001,46,True,,
TS,21,20250806,20250830,trim_r1_to_r2,TSAL20250806_0830_staticAndStaticFree001,47,True,,
TS,21,20250806,20250830,trim_r1_to_r2,TSAL20250806_0830_staticAndStaticFree001,49,True,,
TS,21,20250806,20250830,trim_r1_to_r2,TSAL20250806_0830_staticAndStaticFree001,50,True,,
TS,21,20250806,20250830,trim_r1_to_r2,TSAL20250806_0830_staticAndStaticFree001,51,True,,
TS,21,20250806,20250830,trim_r1_to_r2,TSAL20250806_0830_staticAndStaticFree001,52,True,,
TS,21,20250806,20250830,trim_r1_to_r2,TSAL20250806_0830_staticAndStaticFree001,53,True,,
TS,21,20250806,20250830,trim_r1_to_r2,TSAL20250806_0830_staticAndStaticFree001,54,True,,
TS,21,20250806,20250830,trim_r1_to_r2,TSAL20250806_0830_staticAndStaticFree001,55,True,,
TS,21,20250806,20250830,trim_r1_to_r2,TSAL20250806_0830_staticAndStaticFree001,56,True,,
TS,21,20250806,20250830,trim_r1_to_r2,TSAL20250806_0830_staticAndStaticFree001,57,True,,
TS,21,20250806,20250830,trim_r1_to_r2,TSAL20250806_0830_staticAndStaticFree001,58,True,,
TS,21,20250806,20250830,trim_r1_to_r2,TSAL20250806_0830_staticAndStaticFree001,59,True,,
TS,21,20250806,20250830,trim_r1_to_r2,TSAL20250806_0830_staticAndStaticFree001,60,True,,
TS,21,20250806,20250830,trim_r1_to_r2,TSAL20250806_0830_staticAndStaticFree001,61,True,,
TS,21,20250806,20250830,trim_r1_to_r2,TSAL20250806_0830_staticAndStaticFree001,62,True,,
TS,21,20250806,20250830,trim_r1_to_r2,TSAL20250806_0830_staticAndStaticFree001,63,True,,
TS,21,20250806,20250830,trim_r1_to_r2,TSAL20250806_0830_staticAndStaticFree001,64,True,,
TS,21,20250806,20250830,trim_r1_to_r2,TSAL20250806_0830_staticAndStaticFree001,66,True,,
TS,21,20250806,20250830,trim_r1_to_r2,TSAL20250806_0830_staticAndStaticFree001,69,True,,
TS,21,20250806,20250830,trim_r1_to_r2,TSAL20250806_0830_staticAndStaticFree001,70,True,,
TS,21,20250806,20250830,trim_r1_to_r2,TSAL20250806_0830_staticAndStaticFree001,71,True,,
TS,21,20250806,20250830,trim_r1_to_r2,TSAL20250806_0830_staticAndStaticFree001,72,True,,
TS,21,20250806,20250830,trim_r1_to_r2,TSAL20250806_0830_staticAndStaticFree001,73,True,,
TS,21,20250806,20250830,trim_r1_to_r2,TSAL20250806_0830_staticAndStaticFree001,74,True,,
TS,21,20250806,20250830,trim_r1_to_r2,TSAL20250806_0830_staticAndStaticFree001,76,True,,
TS,21,20250806,20250830,trim_r1_to_r2,TSAL20250806_0830_staticAndStaticFree001,77,True,,
TS,21,20250806,20250830,trim_r1_to_r2,TSAL20250806_0830_staticAndStaticFree001,78,True,,
TS,21,20250806,20250830,trim_r1_to_r2,TSAL20250806_0830_staticAndStaticFree001,80,True,,
TS,21,20250806,20250830,trim_r1_to_r2,TSAL20250806_0830_staticAndStaticFree001,81,True,,
TS,21,20250806,20250830,trim_r1_to_r2,TSAL20250806_0830_staticAndStaticFree001,82,True,,
TS,21,20250806,20250830,trim_r1_to_r2,TSAL20250806_0830_staticAndStaticFree001,83,True,,
TS,21,20250806,20250830,trim_r1_to_r2,TSAL20250806_0830_staticAndStaticFree001,84,True,,
TS,21,20250806,20250830,trim_r1_to_r2,TSAL20250806_0830_staticAndStaticFree001,85,True,,
TS,21,20250806,20250830,trim_r1_to_r2,TSAL20250806_0830_staticAndStaticFree001,86,True,,
TS,21,20250806,20250830,trim_r1_to_r2,TSAL20250806_0830_staticAndStaticFree001,87,True,,
TS,21,20250806,20250830,trim_r1_to_r2,TSAL20250806_0830_staticAndStaticFree001,88,True,,
TS,21,20250806,20250830,trim_r1_to_r2,TSAL20250806_0830_staticAndStaticFree001,89,True,,
TS,21,20250806,20250830,trim_r1_to_r2,TSAL20250806_0830_staticAndStaticFree001,90,True,,
TS,21,20250806,20250830,trim_r1_to_r2,TSAL20250806_0830_staticAndStaticFree001,91,True,,
TS,21,20250806,20250830,trim_r1_to_r2,TSAL20250806_0830_staticAndStaticFree001,92,True,,
TS,21,20250806,20250830,trim_r1_to_r2,TSAL20250806_0830_staticAndStaticFree001,93,True,,
TS,21,20250806,20250830,trim_r1_to_r2,TSAL20250806_0830_staticAndStaticFree001,94,True,,
TS,21,20250806,20250830,trim_r1_to_r2,TSAL20250806_0830_staticAndStaticFree001,95,True,,
TS,21,20250806,20250830,trim_r1_to_r2,TSAL20250806_0830_staticAndStaticFree001,96,True,,
TS,21,20250806,20250830,trim_r1_to_r2,TSAL20250806_0830_staticAndStaticFree001,97,True,,
TS,21,20250806,20250830,trim_r1_to_r2,TSAL20250806_0830_staticAndStaticFree001,98,True,,
TS,21,20250806,20250830,trim_r1_to_r2,TSAL20250806_0830_staticAndStaticFree001,99,True,,
TS,21,20250806,20250830,trim_r1_to_r2,TSAL20250806_0830_staticAndStaticFree001,100,True,,
TS,21,20250806,20250830,trim_r1_to_r2,TSAL20250806_0830_staticAndStaticFree001,101,True,,
TS,21,20250806,20250830,trim_r1_to_r2,TSAL20250806_0830_staticAndStaticFree001,102,True,,
TS,21,20250806,20250830,trim_r1_to_r2,TSAL20250806_0830_staticAndStaticFree001,104,True,,
TS,21,20250806,20250830,trim_r1_to_r2,TSAL20250806_0830_staticAndStaticFree001,105,True,,
TS,21,20250806,20250830,trim_r1_to_r2,TSAL20250806_0830_staticAndStaticFree001,106,True,,
TS,21,20250806,20250830,trim_r1_to_r2,TSAL20250806_0830_staticAndStaticFree001,107,True,,
TS,21,20250806,20250830,trim_r1_to_r2,TSAL20250806_0830_staticAndStaticFree001,108,True,,
TS,21,20250806,20250830,trim_r1_to_r2,TSAL20250806_0830_staticAndStaticFree001,109,True,,
TS,21,20250806,20250830,trim_r1_to_r2,TSAL20250806_0830_staticAndStaticFree001,110,True,,
TS,21,20250806,20250830,trim_r1_to_r2,TSAL20250806_0830_staticAndStaticFree001,111,True,,
TS,21,20250806,20250830,trim_r1_to_r2,TSAL20250806_0830_staticAndStaticFree001,112,True,,
TS,21,20250806,20250830,trim_r1_to_r2,TSAL20250806_0830_staticAndStaticFree001,113,True,,
TS,21,20250806,20250830,trim_r1_to_r2,TSAL20250806_0830_staticAndStaticFree001,114,True,,
TS,21,20250806,20250830,trim_r1_to_r2,TSAL20250806_0830_staticAndStaticFree001,116,True,,
TS,21,20250806,20250830,trim_r1_to_r2,TSAL20250806_0830_staticAndStaticFree001,117,True,,
TS,22,20250807,20250828,trim_r2_to_r1,TSAL20250828_0830_interferenceAndInterferenceFree001,0,False,13.0,0.9328758805711543
TS,22,20250807,20250828,trim_r2_to_r1,TSAL20250828_0830_interferenceAndInterferenceFree001,1,False,27.0,0.8804520818664984
TS,22,20250807,20250828,trim_r2_to_r1,TSAL20250828_0830_interferenceAndInterferenceFree001,2,False,23.0,0.8916672805300823
TS,22,20250807,20250828,trim_r2_to_r1,TSAL20250828_0830_interferenceAndInterferenceFree001,3,False,44.0,0.8262183746977938
TS,22,20250807,20250828,trim_r2_to_r1,TSAL20250828_0830_interferenceAndInterferenceFree001,4,False,47.0,0.8314179151540733
TS,22,20250807,20250828,trim_r2_to_r1,TSAL20250828_0830_interferenceAndInterferenceFree001,5,False,17.0,0.9193654957714394
TS,22,20250807,20250828,trim_r2_to_r1,TSAL20250828_0830_interferenceAndInterferenceFree001,6,False,31.0,0.8727619226993827
TS,22,20250807,20250828,trim_r2_to_r1,TSAL20250828_0830_interferenceAndInterferenceFree001,7,False,28.0,0.879892038343384
TS,22,20250807,20250828,trim_r2_to_r1,TSAL20250828_0830_interferenceAndInterferenceFree001,8,False,22.0,0.8929268714063134
TS,22,20250807,20250828,trim_r2_to_r1,TSAL20250828_0830_interferenceAndInterferenceFree001,9,False,16.0,0.9278487054730683
TS,22,20250807,20250828,trim_r2_to_r1,TSAL20250828_0830_interferenceAndInterferenceFree001,10,False,7.0,0.9687159576304307
TS,22,20250807,20250828,trim_r2_to_r1,TSAL20250828_0830_interferenceAndInterferenceFree001,11,False,8.0,0.9662147508901726
TS,22,20250807,20250828,trim_r2_to_r1,TSAL20250828_0830_interferenceAndInterferenceFree001,12,False,19.0,0.8912185866766044
TS,22,20250807,20250828,trim_r2_to_r1,TSAL20250828_0830_interferenceAndInterferenceFree001,13,False,26.0,0.8820106986332331
TS,22,20250807,20250828,trim_r2_to_r1,TSAL20250828_0830_interferenceAndInterferenceFree001,14,False,21.0,0.8962151769012942
TS,22,20250807,20250828,trim_r2_to_r1,TSAL20250828_0830_interferenceAndInterferenceFree001,15,False,30.0,0.8792597486797697
TS,22,20250807,20250828,trim_r2_to_r1,TSAL20250828_0830_interferenceAndInterferenceFree001,16,False,32.0,0.8780444139241316
TS,22,20250807,20250828,trim_r2_to_r1,TSAL20250828_0830_interferenceAndInterferenceFree001,17,False,34.0,0.8691568513896865
TS,22,20250807,20250828,trim_r2_to_r1,TSAL20250828_0830_interferenceAndInterferenceFree001,18,False,20.0,0.8941206103798168
TS,22,20250807,20250828,trim_r2_to_r1,TSAL20250828_0830_interferenceAndInterferenceFree001,19,False,25.0,0.8853457713729647
TS,22,20250807,20250828,trim_r2_to_r1,TSAL20250828_0830_interferenceAndInterferenceFree001,20,False,46.0,0.823236071524928
TS,22,20250807,20250828,trim_r2_to_r1,TSAL20250828_0830_interferenceAndInterferenceFree001,21,False,33.0,0.8790074500641246
TS,22,20250807,20250828,trim_r2_to_r1,TSAL20250828_0830_interferenceAndInterferenceFree001,22,False,29.0,0.8768629287314258
TS,22,20250807,20250828,trim_r2_to_r1,TSAL20250828_0830_interferenceAndInterferenceFree001,23,False,35.0,0.8639319721548765
TS,22,20250807,20250828,trim_r2_to_r1,TSAL20250828_0830_interferenceAndInterferenceFree001,24,True,,
TS,22,20250807,20250828,trim_r2_to_r1,TSAL20250828_0830_interferenceAndInterferenceFree001,25,True,,
TS,22,20250807,20250828,trim_r2_to_r1,TSAL20250828_0830_interferenceAndInterferenceFree001,26,True,,
TS,22,20250807,20250828,trim_r2_to_r1,TSAL20250828_0830_interferenceAndInterferenceFree001,27,False,1.0,1.1038034032743222
TS,22,20250807,20250828,trim_r2_to_r1,TSAL20250828_0830_interferenceAndInterferenceFree001,28,True,,
TS,22,20250807,20250828,trim_r2_to_r1,TSAL20250828_0830_interferenceAndInterferenceFree001,29,True,,
TS,22,20250807,20250828,trim_r2_to_r1,TSAL20250828_0830_interferenceAndInterferenceFree001,30,True,,
TS,22,20250807,20250828,trim_r2_to_r1,TSAL20250828_0830_interferenceAndInterferenceFree001,31,True,,
TS,22,20250807,20250828,trim_r2_to_r1,TSAL20250828_0830_interferenceAndInterferenceFree001,32,True,,
TS,22,20250807,20250828,trim_r2_to_r1,TSAL20250828_0830_interferenceAndInterferenceFree001,33,True,,
TS,22,20250807,20250828,trim_r2_to_r1,TSAL20250828_0830_interferenceAndInterferenceFree001,34,True,,
TS,22,20250807,20250828,trim_r2_to_r1,TSAL20250828_0830_interferenceAndInterferenceFree001,35,True,,
TS,22,20250807,20250828,trim_r2_to_r1,TSAL20250828_0830_interferenceAndInterferenceFree001,36,True,,
TS,22,20250807,20250828,trim_r2_to_r1,TSAL20250828_0830_interferenceAndInterferenceFree001,37,True,,
TS,22,20250807,20250828,trim_r2_to_r1,TSAL20250828_0830_interferenceAndInterferenceFree001,38,True,,
TS,22,20250807,20250828,trim_r2_to_r1,TSAL20250828_0830_interferenceAndInterferenceFree001,42,True,,
TS,22,20250807,20250828,trim_r2_to_r1,TSAL20250828_0830_interferenceAndInterferenceFree001,43,True,,
TS,22,20250807,20250828,trim_r2_to_r1,TSAL20250828_0830_interferenceAndInterferenceFree001,44,True,,
TS,22,20250807,20250828,trim_r2_to_r1,TSAL20250828_0830_interferenceAndInterferenceFree001,45,True,,
TS,22,20250807,20250828,trim_r2_to_r1,TSAL20250828_0830_interferenceAndInterferenceFree001,46,True,,
TS,22,20250807,20250828,trim_r2_to_r1,TSAL20250828_0830_interferenceAndInterferenceFree001,47,True,,
TS,22,20250807,20250828,trim_r2_to_r1,TSAL20250828_0830_interferenceAndInterferenceFree001,48,True,,
TS,22,20250807,20250828,trim_r2_to_r1,TSAL20250828_0830_interferenceAndInterferenceFree001,49,True,,
TS,22,20250807,20250828,trim_r2_to_r1,TSAL20250828_0830_interferenceAndInterferenceFree001,50,False,39.0,0.8451810198104147
TS,22,20250807,20250828,trim_r2_to_r1,TSAL20250828_0830_interferenceAndInterferenceFree001,51,True,,
TS,22,20250807,20250828,trim_r2_to_r1,TSAL20250828_0830_interferenceAndInterferenceFree001,52,True,,
TS,22,20250807,20250828,trim_r2_to_r1,TSAL20250828_0830_interferenceAndInterferenceFree001,53,True,,
TS,22,20250807,20250828,trim_r2_to_r1,TSAL20250828_0830_interferenceAndInterferenceFree001,54,True,,
TS,22,20250807,20250828,trim_r2_to_r1,TSAL20250828_0830_interferenceAndInterferenceFree001,55,True,,
TS,22,20250807,20250828,trim_r2_to_r1,TSAL20250828_0830_interferenceAndInterferenceFree001,56,True,,
TS,22,20250807,20250828,trim_r2_to_r1,TSAL20250828_0830_interferenceAndInterferenceFree001,57,True,,
TS,22,20250807,20250828,trim_r2_to_r1,TSAL20250828_0830_interferenceAndInterferenceFree001,58,True,,
TS,22,20250807,20250828,trim_r2_to_r1,TSAL20250828_0830_interferenceAndInterferenceFree001,59,True,,
TS,22,20250807,20250828,trim_r2_to_r1,TSAL20250828_0830_interferenceAndInterferenceFree001,60,True,,
TS,22,20250807,20250828,trim_r2_to_r1,TSAL20250828_0830_interferenceAndInterferenceFree001,61,True,,
TS,22,20250807,20250828,trim_r2_to_r1,TSAL20250828_0830_interferenceAndInterferenceFree001,62,False,4.0,1.012928335512573
TS,22,20250807,20250828,trim_r2_to_r1,TSAL20250828_0830_interferenceAndInterferenceFree001,63,False,41.0,0.8418997327030424
TS,22,20250807,20250828,trim_r2_to_r1,TSAL20250828_0830_interferenceAndInterferenceFree001,64,True,,
TS,22,20250807,20250828,trim_r2_to_r1,TSAL20250828_0830_interferenceAndInterferenceFree001,65,False,3.0,1.0239435849859566
TS,22,20250807,20250828,trim_r2_to_r1,TSAL20250828_0830_interferenceAndInterferenceFree001,66,True,,
TS,22,20250807,20250828,trim_r2_to_r1,TSAL20250828_0830_interferenceAndInterferenceFree001,67,True,,
TS,22,20250807,20250828,trim_r2_to_r1,TSAL20250828_0830_interferenceAndInterferenceFree001,68,True,,
TS,22,20250807,20250828,trim_r2_to_r1,TSAL20250828_0830_interferenceAndInterferenceFree001,69,True,,
TS,22,20250807,20250828,trim_r2_to_r1,TSAL20250828_0830_interferenceAndInterferenceFree001,70,False,14.0,0.9276525249902825
TS,22,20250807,20250828,trim_r2_to_r1,TSAL20250828_0830_interferenceAndInterferenceFree001,71,False,37.0,0.857070553871851
TS,22,20250807,20250828,trim_r2_to_r1,TSAL20250828_0830_interferenceAndInterferenceFree001,72,False,43.0,0.8277946323517075
TS,22,20250807,20250828,trim_r2_to_r1,TSAL20250828_0830_interferenceAndInterferenceFree001,73,False,48.0,0.8160980463443158
TS,22,20250807,20250828,trim_r2_to_r1,TSAL20250828_0830_interferenceAndInterferenceFree001,74,False,36.0,0.8566548434093106
TS,22,20250807,20250828,trim_r2_to_r1,TSAL20250828_0830_interferenceAndInterferenceFree001,75,False,38.0,0.8470975903511567
TS,22,20250807,20250828,trim_r2_to_r1,TSAL20250828_0830_interferenceAndInterferenceFree001,76,False,45.0,0.8241259061545556
TS,22,20250807,20250828,trim_r2_to_r1,TSAL20250828_0830_interferenceAndInterferenceFree001,77,False,11.0,0.9595094988865672
TS,22,20250807,20250828,trim_r2_to_r1,TSAL20250828_0830_interferenceAndInterferenceFree001,78,False,2.0,1.070760740418474
TS,22,20250807,20250828,trim_r2_to_r1,TSAL20250828_0830_interferenceAndInterferenceFree001,79,False,5.0,1.0043629107529695
TS,22,20250807,20250828,trim_r2_to_r1,TSAL20250828_0830_interferenceAndInterferenceFree001,80,False,18.0,0.9172170652860027
TS,22,20250807,20250828,trim_r2_to_r1,TSAL20250828_0830_interferenceAndInterferenceFree001,81,False,12.0,0.9499383199619792
TS,22,20250807,20250828,trim_r2_to_r1,TSAL20250828_0830_interferenceAndInterferenceFree001,82,False,9.0,0.965804824603299
TS,22,20250807,20250828,trim_r2_to_r1,TSAL20250828_0830_interferenceAndInterferenceFree001,83,True,,
TS,22,20250807,20250828,trim_r2_to_r1,TSAL20250828_0830_interferenceAndInterferenceFree001,84,False,10.0,0.9605375515625395
TS,22,20250807,20250828,trim_r2_to_r1,TSAL20250828_0830_interferenceAndInterferenceFree001,85,True,,
TS,22,20250807,20250828,trim_r2_to_r1,TSAL20250828_0830_interferenceAndInterferenceFree001,86,False,6.0,0.9989446709824561
TS,22,20250807,20250828,trim_r2_to_r1,TSAL20250828_0830_interferenceAndInterferenceFree001,87,False,15.0,0.9324138903599839
TS,22,20250807,20250828,trim_r2_to_r1,TSAL20250828_0830_interferenceAndInterferenceFree001,88,False,24.0,0.888355015015328
TS,22,20250807,20250828,trim_r2_to_r1,TSAL20250828_0830_interferenceAndInterferenceFree001,89,False,42.0,0.8262543629413841
TS,22,20250807,20250828,trim_r2_to_r1,TSAL20250828_0830_interferenceAndInterferenceFree001,91,False,40.0,0.8394320765076795
TS,22,20250807,20250828,trim_r2_to_r1,TSAL20250828_0830_interferenceAndInterferenceFree001,92,False,49.0,0.8219456352812506
TS,22,20250807,20250828,trim_r2_to_r1,TSAL20250828_0830_interferenceAndInterferenceFree001,93,True,,
TS,22,20250807,20250828,trim_r1_to_r2,TSAL20250807_0830_staticAndStaticFree001,0,True,,
TS,22,20250807,20250828,trim_r1_to_r2,TSAL20250807_0830_staticAndStaticFree001,1,True,,
TS,22,20250807,20250828,trim_r1_to_r2,TSAL20250807_0830_staticAndStaticFree001,2,False,31.0,0.560492167700279
TS,22,20250807,20250828,trim_r1_to_r2,TSAL20250807_0830_staticAndStaticFree001,3,False,21.0,0.5335972107294223
TS,22,20250807,20250828,trim_r1_to_r2,TSAL20250807_0830_staticAndStaticFree001,4,True,,
TS,22,20250807,20250828,trim_r1_to_r2,TSAL20250807_0830_staticAndStaticFree001,5,True,,
TS,22,20250807,20250828,trim_r1_to_r2,TSAL20250807_0830_staticAndStaticFree001,6,True,,
TS,22,20250807,20250828,trim_r1_to_r2,TSAL20250807_0830_staticAndStaticFree001,7,False,36.0,0.5752623085680224
TS,22,20250807,20250828,trim_r1_to_r2,TSAL20250807_0830_staticAndStaticFree001,8,True,,
TS,22,20250807,20250828,trim_r1_to_r2,TSAL20250807_0830_staticAndStaticFree001,9,True,,
TS,22,20250807,20250828,trim_r1_to_r2,TSAL20250807_0830_staticAndStaticFree001,10,True,,
TS,22,20250807,20250828,trim_r1_to_r2,TSAL20250807_0830_staticAndStaticFree001,11,True,,
TS,22,20250807,20250828,trim_r1_to_r2,TSAL20250807_0830_staticAndStaticFree001,12,True,,
TS,22,20250807,20250828,trim_r1_to_r2,TSAL20250807_0830_staticAndStaticFree001,13,True,,
TS,22,20250807,20250828,trim_r1_to_r2,TSAL20250807_0830_staticAndStaticFree001,14,False,23.0,0.5407386633221484
TS,22,20250807,20250828,trim_r1_to_r2,TSAL20250807_0830_staticAndStaticFree001,15,False,17.0,0.5252256848490964
TS,22,20250807,20250828,trim_r1_to_r2,TSAL20250807_0830_staticAndStaticFree001,16,True,,
TS,22,20250807,20250828,trim_r1_to_r2,TSAL20250807_0830_staticAndStaticFree001,18,False,42.0,0.5854853777942933
TS,22,20250807,20250828,trim_r1_to_r2,TSAL20250807_0830_staticAndStaticFree001,21,True,,
TS,22,20250807,20250828,trim_r1_to_r2,TSAL20250807_0830_staticAndStaticFree001,22,True,,
TS,22,20250807,20250828,trim_r1_to_r2,TSAL20250807_0830_staticAndStaticFree001,23,True,,
TS,22,20250807,20250828,trim_r1_to_r2,TSAL20250807_0830_staticAndStaticFree001,24,False,1.0,0.4634957093447057
TS,22,20250807,20250828,trim_r1_to_r2,TSAL20250807_0830_staticAndStaticFree001,25,True,,
TS,22,20250807,20250828,trim_r1_to_r2,TSAL20250807_0830_staticAndStaticFree001,26,True,,
TS,22,20250807,20250828,trim_r1_to_r2,TSAL20250807_0830_staticAndStaticFree001,27,True,,
TS,22,20250807,20250828,trim_r1_to_r2,TSAL20250807_0830_staticAndStaticFree001,28,False,25.0,0.5443322818657704
TS,22,20250807,20250828,trim_r1_to_r2,TSAL20250807_0830_staticAndStaticFree001,30,True,,
TS,22,20250807,20250828,trim_r1_to_r2,TSAL20250807_0830_staticAndStaticFree001,31,True,,
TS,22,20250807,20250828,trim_r1_to_r2,TSAL20250807_0830_staticAndStaticFree001,32,True,,
TS,22,20250807,20250828,trim_r1_to_r2,TSAL20250807_0830_staticAndStaticFree001,33,True,,
TS,22,20250807,20250828,trim_r1_to_r2,TSAL20250807_0830_staticAndStaticFree001,34,True,,
TS,22,20250807,20250828,trim_r1_to_r2,TSAL20250807_0830_staticAndStaticFree001,35,True,,
TS,22,20250807,20250828,trim_r1_to_r2,TSAL20250807_0830_staticAndStaticFree001,37,False,34.0,0.5694316854119036
TS,22,20250807,20250828,trim_r1_to_r2,TSAL20250807_0830_staticAndStaticFree001,38,False,28.0,0.5561065361702027
TS,22,20250807,20250828,trim_r1_to_r2,TSAL20250807_0830_staticAndStaticFree001,39,False,39.0,0.5801976594774818
TS,22,20250807,20250828,trim_r1_to_r2,TSAL20250807_0830_staticAndStaticFree001,40,False,12.0,0.5116313176045454
TS,22,20250807,20250828,trim_r1_to_r2,TSAL20250807_0830_staticAndStaticFree001,41,False,22.0,0.5367713009363645
TS,22,20250807,20250828,trim_r1_to_r2,TSAL20250807_0830_staticAndStaticFree001,42,True,,
TS,22,20250807,20250828,trim_r1_to_r2,TSAL20250807_0830_staticAndStaticFree001,43,False,41.0,0.5840631906549321
TS,22,20250807,20250828,trim_r1_to_r2,TSAL20250807_0830_staticAndStaticFree001,44,False,27.0,0.555219834574309
TS,22,20250807,20250828,trim_r1_to_r2,TSAL20250807_0830_staticAndStaticFree001,45,True,,
TS,22,20250807,20250828,trim_r1_to_r2,TSAL20250807_0830_staticAndStaticFree001,46,True,,
TS,22,20250807,20250828,trim_r1_to_r2,TSAL20250807_0830_staticAndStaticFree001,47,True,,
TS,22,20250807,20250828,trim_r1_to_r2,TSAL20250807_0830_staticAndStaticFree001,48,True,,
TS,22,20250807,20250828,trim_r1_to_r2,TSAL20250807_0830_staticAndStaticFree001,49,False,38.0,0.5791831391232192
TS,22,20250807,20250828,trim_r1_to_r2,TSAL20250807_0830_staticAndStaticFree001,50,True,,
TS,22,20250807,20250828,trim_r1_to_r2,TSAL20250807_0830_staticAndStaticFree001,51,False,20.0,0.5313463006864216
TS,22,20250807,20250828,trim_r1_to_r2,TSAL20250807_0830_staticAndStaticFree001,52,True,,
TS,22,20250807,20250828,trim_r1_to_r2,TSAL20250807_0830_staticAndStaticFree001,53,True,,
TS,22,20250807,20250828,trim_r1_to_r2,TSAL20250807_0830_staticAndStaticFree001,54,True,,
TS,22,20250807,20250828,trim_r1_to_r2,TSAL20250807_0830_staticAndStaticFree001,55,True,,
TS,22,20250807,20250828,trim_r1_to_r2,TSAL20250807_0830_staticAndStaticFree001,56,True,,
TS,22,20250807,20250828,trim_r1_to_r2,TSAL20250807_0830_staticAndStaticFree001,57,False,15.0,0.5201880519839376
TS,22,20250807,20250828,trim_r1_to_r2,TSAL20250807_0830_staticAndStaticFree001,58,False,26.0,0.552318498729592
TS,22,20250807,20250828,trim_r1_to_r2,TSAL20250807_0830_staticAndStaticFree001,59,False,18.0,0.5281855151911702
TS,22,20250807,20250828,trim_r1_to_r2,TSAL20250807_0830_staticAndStaticFree001,60,False,14.0,0.5153396309775494
TS,22,20250807,20250828,trim_r1_to_r2,TSAL20250807_0830_staticAndStaticFree001,62,True,,
TS,22,20250807,20250828,trim_r1_to_r2,TSAL20250807_0830_staticAndStaticFree001,63,False,13.0,0.512705673577317
TS,22,20250807,20250828,trim_r1_to_r2,TSAL20250807_0830_staticAndStaticFree001,64,False,5.0,0.4872190577405591
TS,22,20250807,20250828,trim_r1_to_r2,TSAL20250807_0830_staticAndStaticFree001,65,False,10.0,0.505069020498944
TS,22,20250807,20250828,trim_r1_to_r2,TSAL20250807_0830_staticAndStaticFree001,66,True,,
TS,22,20250807,20250828,trim_r1_to_r2,TSAL20250807_0830_staticAndStaticFree001,67,True,,
TS,22,20250807,20250828,trim_r1_to_r2,TSAL20250807_0830_staticAndStaticFree001,68,True,,
TS,22,20250807,20250828,trim_r1_to_r2,TSAL20250807_0830_staticAndStaticFree001,69,False,30.0,0.5599256454943813
TS,22,20250807,20250828,trim_r1_to_r2,TSAL20250807_0830_staticAndStaticFree001,70,True,,
TS,22,20250807,20250828,trim_r1_to_r2,TSAL20250807_0830_staticAndStaticFree001,71,False,7.0,0.4969826005520737
TS,22,20250807,20250828,trim_r1_to_r2,TSAL20250807_0830_staticAndStaticFree001,73,True,,
TS,22,20250807,20250828,trim_r1_to_r2,TSAL20250807_0830_staticAndStaticFree001,74,True,,
TS,22,20250807,20250828,trim_r1_to_r2,TSAL20250807_0830_staticAndStaticFree001,76,True,,
TS,22,20250807,20250828,trim_r1_to_r2,TSAL20250807_0830_staticAndStaticFree001,77,True,,
TS,22,20250807,20250828,trim_r1_to_r2,TSAL20250807_0830_staticAndStaticFree001,78,False,33.0,0.5649184302257687
TS,22,20250807,20250828,trim_r1_to_r2,TSAL20250807_0830_staticAndStaticFree001,79,True,,
TS,22,20250807,20250828,trim_r1_to_r2,TSAL20250807_0830_staticAndStaticFree001,80,False,35.0,0.5711352067571325
TS,22,20250807,20250828,trim_r1_to_r2,TSAL20250807_0830_staticAndStaticFree001,82,True,,
TS,22,20250807,20250828,trim_r1_to_r2,TSAL20250807_0830_staticAndStaticFree001,83,True,,
TS,22,20250807,20250828,trim_r1_to_r2,TSAL20250807_0830_staticAndStaticFree001,84,False,11.0,0.5071352373232976
TS,22,20250807,20250828,trim_r1_to_r2,TSAL20250807_0830_staticAndStaticFree001,85,False,3.0,0.48074534751012027
TS,22,20250807,20250828,trim_r1_to_r2,TSAL20250807_0830_staticAndStaticFree001,86,False,24.0,0.5434544489245067
TS,22,20250807,20250828,trim_r1_to_r2,TSAL20250807_0830_staticAndStaticFree001,87,False,4.0,0.48427906468163445
TS,22,20250807,20250828,trim_r1_to_r2,TSAL20250807_0830_staticAndStaticFree001,88,False,8.0,0.49935664237590327
TS,22,20250807,20250828,trim_r1_to_r2,TSAL20250807_0830_staticAndStaticFree001,90,False,40.0,0.5819345212141743
TS,22,20250807,20250828,trim_r1_to_r2,TSAL20250807_0830_staticAndStaticFree001,91,False,2.0,0.4715936655784552
TS,22,20250807,20250828,trim_r1_to_r2,TSAL20250807_0830_staticAndStaticFree001,92,False,19.0,0.5295452083412704
TS,22,20250807,20250828,trim_r1_to_r2,TSAL20250807_0830_staticAndStaticFree001,93,False,9.0,0.5035039900757037
TS,22,20250807,20250828,trim_r1_to_r2,TSAL20250807_0830_staticAndStaticFree001,94,True,,
TS,22,20250807,20250828,trim_r1_to_r2,TSAL20250807_0830_staticAndStaticFree001,95,False,37.0,0.5782055961679816
TS,22,20250807,20250828,trim_r1_to_r2,TSAL20250807_0830_staticAndStaticFree001,96,True,,
TS,22,20250807,20250828,trim_r1_to_r2,TSAL20250807_0830_staticAndStaticFree001,97,True,,
TS,22,20250807,20250828,trim_r1_to_r2,TSAL20250807_0830_staticAndStaticFree001,98,False,29.0,0.5574081078352336
TS,22,20250807,20250828,trim_r1_to_r2,TSAL20250807_0830_staticAndStaticFree001,99,False,6.0,0.4944841250853302
TS,22,20250807,20250828,trim_r1_to_r2,TSAL20250807_0830_staticAndStaticFree001,100,True,,
TS,22,20250807,20250828,trim_r1_to_r2,TSAL20250807_0830_staticAndStaticFree001,101,True,,
TS,22,20250807,20250828,trim_r1_to_r2,TSAL20250807_0830_staticAndStaticFree001,102,True,,
TS,22,20250807,20250828,trim_r1_to_r2,TSAL20250807_0830_staticAndStaticFree001,103,False,16.0,0.5213220782028516
TS,22,20250807,20250828,trim_r1_to_r2,TSAL20250807_0830_staticAndStaticFree001,104,False,32.0,0.5629277129622666
TS,22,20250807,20250828,trim_r1_to_r2,TSAL20250807_0830_staticAndStaticFree001,105,True,,
TS,23,20250807,20250829,trim_r2_to_r1,TSAL20250829_0830_interferenceAndInterferenceFree001,0,True,,
TS,23,20250807,20250829,trim_r2_to_r1,TSAL20250829_0830_interferenceAndInterferenceFree001,1,True,,
TS,23,20250807,20250829,trim_r2_to_r1,TSAL20250829_0830_interferenceAndInterferenceFree001,2,True,,
TS,23,20250807,20250829,trim_r2_to_r1,TSAL20250829_0830_interferenceAndInterferenceFree001,3,True,,
TS,23,20250807,20250829,trim_r2_to_r1,TSAL20250829_0830_interferenceAndInterferenceFree001,4,True,,
TS,23,20250807,20250829,trim_r2_to_r1,TSAL20250829_0830_interferenceAndInterferenceFree001,5,True,,
TS,23,20250807,20250829,trim_r2_to_r1,TSAL20250829_0830_interferenceAndInterferenceFree001,6,True,,
TS,23,20250807,20250829,trim_r2_to_r1,TSAL20250829_0830_interferenceAndInterferenceFree001,7,True,,
TS,23,20250807,20250829,trim_r2_to_r1,TSAL20250829_0830_interferenceAndInterferenceFree001,8,True,,
TS,23,20250807,20250829,trim_r2_to_r1,TSAL20250829_0830_interferenceAndInterferenceFree001,9,True,,
TS,23,20250807,20250829,trim_r2_to_r1,TSAL20250829_0830_interferenceAndInterferenceFree001,10,True,,
TS,23,20250807,20250829,trim_r2_to_r1,TSAL20250829_0830_interferenceAndInterferenceFree001,11,True,,
TS,23,20250807,20250829,trim_r2_to_r1,TSAL20250829_0830_interferenceAndInterferenceFree001,12,True,,
TS,23,20250807,20250829,trim_r2_to_r1,TSAL20250829_0830_interferenceAndInterferenceFree001,13,True,,
TS,23,20250807,20250829,trim_r2_to_r1,TSAL20250829_0830_interferenceAndInterferenceFree001,14,True,,
TS,23,20250807,20250829,trim_r2_to_r1,TSAL20250829_0830_interferenceAndInterferenceFree001,15,True,,
TS,23,20250807,20250829,trim_r2_to_r1,TSAL20250829_0830_interferenceAndInterferenceFree001,16,True,,
TS,23,20250807,20250829,trim_r2_to_r1,TSAL20250829_0830_interferenceAndInterferenceFree001,17,True,,
TS,23,20250807,20250829,trim_r2_to_r1,TSAL20250829_0830_interferenceAndInterferenceFree001,18,True,,
TS,23,20250807,20250829,trim_r2_to_r1,TSAL20250829_0830_interferenceAndInterferenceFree001,19,True,,
TS,23,20250807,20250829,trim_r2_to_r1,TSAL20250829_0830_interferenceAndInterferenceFree001,20,True,,
TS,23,20250807,20250829,trim_r2_to_r1,TSAL20250829_0830_interferenceAndInterferenceFree001,21,True,,
TS,23,20250807,20250829,trim_r2_to_r1,TSAL20250829_0830_interferenceAndInterferenceFree001,22,True,,
TS,23,20250807,20250829,trim_r2_to_r1,TSAL20250829_0830_interferenceAndInterferenceFree001,23,True,,
TS,23,20250807,20250829,trim_r2_to_r1,TSAL20250829_0830_interferenceAndInterferenceFree001,24,True,,
TS,23,20250807,20250829,trim_r2_to_r1,TSAL20250829_0830_interferenceAndInterferenceFree001,25,True,,
TS,23,20250807,20250829,trim_r2_to_r1,TSAL20250829_0830_interferenceAndInterferenceFree001,26,True,,
TS,23,20250807,20250829,trim_r2_to_r1,TSAL20250829_0830_interferenceAndInterferenceFree001,27,True,,
TS,23,20250807,20250829,trim_r2_to_r1,TSAL20250829_0830_interferenceAndInterferenceFree001,28,True,,
TS,23,20250807,20250829,trim_r2_to_r1,TSAL20250829_0830_interferenceAndInterferenceFree001,29,True,,
TS,23,20250807,20250829,trim_r2_to_r1,TSAL20250829_0830_interferenceAndInterferenceFree001,30,True,,
TS,23,20250807,20250829,trim_r2_to_r1,TSAL20250829_0830_interferenceAndInterferenceFree001,31,True,,
TS,23,20250807,20250829,trim_r2_to_r1,TSAL20250829_0830_interferenceAndInterferenceFree001,32,True,,
TS,23,20250807,20250829,trim_r2_to_r1,TSAL20250829_0830_interferenceAndInterferenceFree001,33,True,,
TS,23,20250807,20250829,trim_r2_to_r1,TSAL20250829_0830_interferenceAndInterferenceFree001,34,True,,
TS,23,20250807,20250829,trim_r2_to_r1,TSAL20250829_0830_interferenceAndInterferenceFree001,35,True,,
TS,23,20250807,20250829,trim_r2_to_r1,TSAL20250829_0830_interferenceAndInterferenceFree001,36,True,,
TS,23,20250807,20250829,trim_r2_to_r1,TSAL20250829_0830_interferenceAndInterferenceFree001,37,True,,
TS,23,20250807,20250829,trim_r2_to_r1,TSAL20250829_0830_interferenceAndInterferenceFree001,38,True,,
TS,23,20250807,20250829,trim_r2_to_r1,TSAL20250829_0830_interferenceAndInterferenceFree001,40,True,,
TS,23,20250807,20250829,trim_r2_to_r1,TSAL20250829_0830_interferenceAndInterferenceFree001,41,True,,
TS,23,20250807,20250829,trim_r2_to_r1,TSAL20250829_0830_interferenceAndInterferenceFree001,42,True,,
TS,23,20250807,20250829,trim_r2_to_r1,TSAL20250829_0830_interferenceAndInterferenceFree001,43,False,30.0,0.8739512453184205
TS,23,20250807,20250829,trim_r2_to_r1,TSAL20250829_0830_interferenceAndInterferenceFree001,44,False,6.0,0.9417187379945096
TS,23,20250807,20250829,trim_r2_to_r1,TSAL20250829_0830_interferenceAndInterferenceFree001,45,False,1.0,1.6081293910607353
TS,23,20250807,20250829,trim_r2_to_r1,TSAL20250829_0830_interferenceAndInterferenceFree001,46,False,26.0,0.8750950422720816
TS,23,20250807,20250829,trim_r2_to_r1,TSAL20250829_0830_interferenceAndInterferenceFree001,47,False,40.0,0.8329614629844031
TS,23,20250807,20250829,trim_r2_to_r1,TSAL20250829_0830_interferenceAndInterferenceFree001,48,True,,
TS,23,20250807,20250829,trim_r2_to_r1,TSAL20250829_0830_interferenceAndInterferenceFree001,49,False,22.0,0.8858964454321321
TS,23,20250807,20250829,trim_r2_to_r1,TSAL20250829_0830_interferenceAndInterferenceFree001,50,False,35.0,0.8563575120399414
TS,23,20250807,20250829,trim_r2_to_r1,TSAL20250829_0830_interferenceAndInterferenceFree001,51,False,42.0,0.8177713608613284
TS,23,20250807,20250829,trim_r2_to_r1,TSAL20250829_0830_interferenceAndInterferenceFree001,52,False,36.0,0.8499159852148478
TS,23,20250807,20250829,trim_r2_to_r1,TSAL20250829_0830_interferenceAndInterferenceFree001,53,True,,
TS,23,20250807,20250829,trim_r2_to_r1,TSAL20250829_0830_interferenceAndInterferenceFree001,54,False,34.0,0.8554284981787099
TS,23,20250807,20250829,trim_r2_to_r1,TSAL20250829_0830_interferenceAndInterferenceFree001,55,False,9.0,0.9452137609847254
TS,23,20250807,20250829,trim_r2_to_r1,TSAL20250829_0830_interferenceAndInterferenceFree001,56,False,28.0,0.8730140247625211
TS,23,20250807,20250829,trim_r2_to_r1,TSAL20250829_0830_interferenceAndInterferenceFree001,57,False,5.0,0.9657343963635234
TS,23,20250807,20250829,trim_r2_to_r1,TSAL20250829_0830_interferenceAndInterferenceFree001,58,True,,
TS,23,20250807,20250829,trim_r2_to_r1,TSAL20250829_0830_interferenceAndInterferenceFree001,59,True,,
TS,23,20250807,20250829,trim_r2_to_r1,TSAL20250829_0830_interferenceAndInterferenceFree001,60,False,17.0,0.8915452026627136
TS,23,20250807,20250829,trim_r2_to_r1,TSAL20250829_0830_interferenceAndInterferenceFree001,61,False,33.0,0.8552177694643736
TS,23,20250807,20250829,trim_r2_to_r1,TSAL20250829_0830_interferenceAndInterferenceFree001,62,True,,
TS,23,20250807,20250829,trim_r2_to_r1,TSAL20250829_0830_interferenceAndInterferenceFree001,63,False,13.0,0.9136363067203823
TS,23,20250807,20250829,trim_r2_to_r1,TSAL20250829_0830_interferenceAndInterferenceFree001,64,True,,
TS,23,20250807,20250829,trim_r2_to_r1,TSAL20250829_0830_interferenceAndInterferenceFree001,65,True,,
TS,23,20250807,20250829,trim_r2_to_r1,TSAL20250829_0830_interferenceAndInterferenceFree001,66,True,,
TS,23,20250807,20250829,trim_r2_to_r1,TSAL20250829_0830_interferenceAndInterferenceFree001,67,False,19.0,0.8862489251799076
TS,23,20250807,20250829,trim_r2_to_r1,TSAL20250829_0830_interferenceAndInterferenceFree001,68,False,38.0,0.8572681651232118
TS,23,20250807,20250829,trim_r2_to_r1,TSAL20250829_0830_interferenceAndInterferenceFree001,69,False,39.0,0.8503536597338835
TS,23,20250807,20250829,trim_r2_to_r1,TSAL20250829_0830_interferenceAndInterferenceFree001,70,False,15.0,0.9017229387076201
TS,23,20250807,20250829,trim_r2_to_r1,TSAL20250829_0830_interferenceAndInterferenceFree001,71,False,37.0,0.8551890079850426
TS,23,20250807,20250829,trim_r2_to_r1,TSAL20250829_0830_interferenceAndInterferenceFree001,72,True,,
TS,23,20250807,20250829,trim_r2_to_r1,TSAL20250829_0830_interferenceAndInterferenceFree001,73,False,24.0,0.8754912266653292
TS,23,20250807,20250829,trim_r2_to_r1,TSAL20250829_0830_interferenceAndInterferenceFree001,74,True,,
TS,23,20250807,20250829,trim_r2_to_r1,TSAL20250829_0830_interferenceAndInterferenceFree001,75,False,14.0,0.9044508396777416
TS,23,20250807,20250829,trim_r2_to_r1,TSAL20250829_0830_interferenceAndInterferenceFree001,76,False,31.0,0.862626523394946
TS,23,20250807,20250829,trim_r2_to_r1,TSAL20250829_0830_interferenceAndInterferenceFree001,77,False,21.0,0.8871836495582134
TS,23,20250807,20250829,trim_r2_to_r1,TSAL20250829_0830_interferenceAndInterferenceFree001,78,False,32.0,0.8534553959287179
TS,23,20250807,20250829,trim_r2_to_r1,TSAL20250829_0830_interferenceAndInterferenceFree001,79,False,20.0,0.8904460905040421
TS,23,20250807,20250829,trim_r2_to_r1,TSAL20250829_0830_interferenceAndInterferenceFree001,81,False,10.0,0.9360968690438147
TS,23,20250807,20250829,trim_r2_to_r1,TSAL20250829_0830_interferenceAndInterferenceFree001,83,False,7.0,0.9415211856261998
TS,23,20250807,20250829,trim_r2_to_r1,TSAL20250829_0830_interferenceAndInterferenceFree001,84,False,11.0,0.935071267557698
TS,23,20250807,20250829,trim_r2_to_r1,TSAL20250829_0830_interferenceAndInterferenceFree001,85,False,16.0,0.8995147574430503
TS,23,20250807,20250829,trim_r2_to_r1,TSAL20250829_0830_interferenceAndInterferenceFree001,86,False,8.0,0.9404946843726187
TS,23,20250807,20250829,trim_r2_to_r1,TSAL20250829_0830_interferenceAndInterferenceFree001,88,False,29.0,0.8730832511074187
TS,23,20250807,20250829,trim_r2_to_r1,TSAL20250829_0830_interferenceAndInterferenceFree001,89,False,25.0,0.8742900919828056
TS,23,20250807,20250829,trim_r2_to_r1,TSAL20250829_0830_interferenceAndInterferenceFree001,90,False,41.0,0.834126704396119
TS,23,20250807,20250829,trim_r2_to_r1,TSAL20250829_0830_interferenceAndInterferenceFree001,91,False,2.0,1.3532300801840176
TS,23,20250807,20250829,trim_r2_to_r1,TSAL20250829_0830_interferenceAndInterferenceFree001,92,True,,
TS,23,20250807,20250829,trim_r2_to_r1,TSAL20250829_0830_interferenceAndInterferenceFree001,93,False,18.0,0.8876904636177033
TS,23,20250807,20250829,trim_r2_to_r1,TSAL20250829_0830_interferenceAndInterferenceFree001,94,False,4.0,1.0414702525450104
TS,23,20250807,20250829,trim_r2_to_r1,TSAL20250829_0830_interferenceAndInterferenceFree001,95,False,23.0,0.8813678462245156
TS,23,20250807,20250829,trim_r2_to_r1,TSAL20250829_0830_interferenceAndInterferenceFree001,96,False,12.0,0.92156189100744
TS,23,20250807,20250829,trim_r2_to_r1,TSAL20250829_0830_interferenceAndInterferenceFree001,97,False,3.0,1.1923843486320234
TS,23,20250807,20250829,trim_r2_to_r1,TSAL20250829_0830_interferenceAndInterferenceFree001,98,False,27.0,0.8740150812547309
TS,23,20250807,20250829,trim_r1_to_r2,TSAL20250807_0830_staticAndStaticFree001,0,True,,
TS,23,20250807,20250829,trim_r1_to_r2,TSAL20250807_0830_staticAndStaticFree001,1,True,,
TS,23,20250807,20250829,trim_r1_to_r2,TSAL20250807_0830_staticAndStaticFree001,2,True,,
TS,23,20250807,20250829,trim_r1_to_r2,TSAL20250807_0830_staticAndStaticFree001,3,True,,
TS,23,20250807,20250829,trim_r1_to_r2,TSAL20250807_0830_staticAndStaticFree001,4,True,,
TS,23,20250807,20250829,trim_r1_to_r2,TSAL20250807_0830_staticAndStaticFree001,5,True,,
TS,23,20250807,20250829,trim_r1_to_r2,TSAL20250807_0830_staticAndStaticFree001,6,True,,
TS,23,20250807,20250829,trim_r1_to_r2,TSAL20250807_0830_staticAndStaticFree001,7,True,,
TS,23,20250807,20250829,trim_r1_to_r2,TSAL20250807_0830_staticAndStaticFree001,8,True,,
TS,23,20250807,20250829,trim_r1_to_r2,TSAL20250807_0830_staticAndStaticFree001,9,True,,
TS,23,20250807,20250829,trim_r1_to_r2,TSAL20250807_0830_staticAndStaticFree001,10,True,,
TS,23,20250807,20250829,trim_r1_to_r2,TSAL20250807_0830_staticAndStaticFree001,11,True,,
TS,23,20250807,20250829,trim_r1_to_r2,TSAL20250807_0830_staticAndStaticFree001,12,True,,
TS,23,20250807,20250829,trim_r1_to_r2,TSAL20250807_0830_staticAndStaticFree001,13,True,,
TS,23,20250807,20250829,trim_r1_to_r2,TSAL20250807_0830_staticAndStaticFree001,14,True,,
TS,23,20250807,20250829,trim_r1_to_r2,TSAL20250807_0830_staticAndStaticFree001,15,True,,
TS,23,20250807,20250829,trim_r1_to_r2,TSAL20250807_0830_staticAndStaticFree001,16,True,,
TS,23,20250807,20250829,trim_r1_to_r2,TSAL20250807_0830_staticAndStaticFree001,18,True,,
TS,23,20250807,20250829,trim_r1_to_r2,TSAL20250807_0830_staticAndStaticFree001,21,True,,
TS,23,20250807,20250829,trim_r1_to_r2,TSAL20250807_0830_staticAndStaticFree001,22,True,,
TS,23,20250807,20250829,trim_r1_to_r2,TSAL20250807_0830_staticAndStaticFree001,23,True,,
TS,23,20250807,20250829,trim_r1_to_r2,TSAL20250807_0830_staticAndStaticFree001,24,False,1.0,0.4634957093447057
TS,23,20250807,20250829,trim_r1_to_r2,TSAL20250807_0830_staticAndStaticFree001,25,True,,
TS,23,20250807,20250829,trim_r1_to_r2,TSAL20250807_0830_staticAndStaticFree001,26,True,,
TS,23,20250807,20250829,trim_r1_to_r2,TSAL20250807_0830_staticAndStaticFree001,27,True,,
TS,23,20250807,20250829,trim_r1_to_r2,TSAL20250807_0830_staticAndStaticFree001,28,True,,
TS,23,20250807,20250829,trim_r1_to_r2,TSAL20250807_0830_staticAndStaticFree001,30,True,,
TS,23,20250807,20250829,trim_r1_to_r2,TSAL20250807_0830_staticAndStaticFree001,31,True,,
TS,23,20250807,20250829,trim_r1_to_r2,TSAL20250807_0830_staticAndStaticFree001,32,True,,
TS,23,20250807,20250829,trim_r1_to_r2,TSAL20250807_0830_staticAndStaticFree001,33,True,,
TS,23,20250807,20250829,trim_r1_to_r2,TSAL20250807_0830_staticAndStaticFree001,34,True,,
TS,23,20250807,20250829,trim_r1_to_r2,TSAL20250807_0830_staticAndStaticFree001,35,True,,
TS,23,20250807,20250829,trim_r1_to_r2,TSAL20250807_0830_staticAndStaticFree001,37,True,,
TS,23,20250807,20250829,trim_r1_to_r2,TSAL20250807_0830_staticAndStaticFree001,38,True,,
TS,23,20250807,20250829,trim_r1_to_r2,TSAL20250807_0830_staticAndStaticFree001,39,True,,
TS,23,20250807,20250829,trim_r1_to_r2,TSAL20250807_0830_staticAndStaticFree001,40,False,12.0,0.5116313176045454
TS,23,20250807,20250829,trim_r1_to_r2,TSAL20250807_0830_staticAndStaticFree001,41,True,,
TS,23,20250807,20250829,trim_r1_to_r2,TSAL20250807_0830_staticAndStaticFree001,42,True,,
TS,23,20250807,20250829,trim_r1_to_r2,TSAL20250807_0830_staticAndStaticFree001,43,True,,
TS,23,20250807,20250829,trim_r1_to_r2,TSAL20250807_0830_staticAndStaticFree001,44,True,,
TS,23,20250807,20250829,trim_r1_to_r2,TSAL20250807_0830_staticAndStaticFree001,45,True,,
TS,23,20250807,20250829,trim_r1_to_r2,TSAL20250807_0830_staticAndStaticFree001,46,True,,
TS,23,20250807,20250829,trim_r1_to_r2,TSAL20250807_0830_staticAndStaticFree001,47,True,,
TS,23,20250807,20250829,trim_r1_to_r2,TSAL20250807_0830_staticAndStaticFree001,48,True,,
TS,23,20250807,20250829,trim_r1_to_r2,TSAL20250807_0830_staticAndStaticFree001,49,True,,
TS,23,20250807,20250829,trim_r1_to_r2,TSAL20250807_0830_staticAndStaticFree001,50,True,,
TS,23,20250807,20250829,trim_r1_to_r2,TSAL20250807_0830_staticAndStaticFree001,51,True,,
TS,23,20250807,20250829,trim_r1_to_r2,TSAL20250807_0830_staticAndStaticFree001,52,True,,
TS,23,20250807,20250829,trim_r1_to_r2,TSAL20250807_0830_staticAndStaticFree001,53,True,,
TS,23,20250807,20250829,trim_r1_to_r2,TSAL20250807_0830_staticAndStaticFree001,54,True,,
TS,23,20250807,20250829,trim_r1_to_r2,TSAL20250807_0830_staticAndStaticFree001,55,True,,
TS,23,20250807,20250829,trim_r1_to_r2,TSAL20250807_0830_staticAndStaticFree001,56,True,,
TS,23,20250807,20250829,trim_r1_to_r2,TSAL20250807_0830_staticAndStaticFree001,57,False,15.0,0.5201880519839376
TS,23,20250807,20250829,trim_r1_to_r2,TSAL20250807_0830_staticAndStaticFree001,58,True,,
TS,23,20250807,20250829,trim_r1_to_r2,TSAL20250807_0830_staticAndStaticFree001,59,True,,
TS,23,20250807,20250829,trim_r1_to_r2,TSAL20250807_0830_staticAndStaticFree001,60,False,14.0,0.5153396309775494
TS,23,20250807,20250829,trim_r1_to_r2,TSAL20250807_0830_staticAndStaticFree001,62,True,,
TS,23,20250807,20250829,trim_r1_to_r2,TSAL20250807_0830_staticAndStaticFree001,63,False,13.0,0.512705673577317
TS,23,20250807,20250829,trim_r1_to_r2,TSAL20250807_0830_staticAndStaticFree001,64,False,5.0,0.4872190577405591
TS,23,20250807,20250829,trim_r1_to_r2,TSAL20250807_0830_staticAndStaticFree001,65,False,10.0,0.505069020498944
TS,23,20250807,20250829,trim_r1_to_r2,TSAL20250807_0830_staticAndStaticFree001,66,True,,
TS,23,20250807,20250829,trim_r1_to_r2,TSAL20250807_0830_staticAndStaticFree001,67,True,,
TS,23,20250807,20250829,trim_r1_to_r2,TSAL20250807_0830_staticAndStaticFree001,68,True,,
TS,23,20250807,20250829,trim_r1_to_r2,TSAL20250807_0830_staticAndStaticFree001,69,True,,
TS,23,20250807,20250829,trim_r1_to_r2,TSAL20250807_0830_staticAndStaticFree001,70,True,,
TS,23,20250807,20250829,trim_r1_to_r2,TSAL20250807_0830_staticAndStaticFree001,71,False,7.0,0.4969826005520737
TS,23,20250807,20250829,trim_r1_to_r2,TSAL20250807_0830_staticAndStaticFree001,73,True,,
TS,23,20250807,20250829,trim_r1_to_r2,TSAL20250807_0830_staticAndStaticFree001,74,True,,
TS,23,20250807,20250829,trim_r1_to_r2,TSAL20250807_0830_staticAndStaticFree001,76,True,,
TS,23,20250807,20250829,trim_r1_to_r2,TSAL20250807_0830_staticAndStaticFree001,77,True,,
TS,23,20250807,20250829,trim_r1_to_r2,TSAL20250807_0830_staticAndStaticFree001,78,True,,
TS,23,20250807,20250829,trim_r1_to_r2,TSAL20250807_0830_staticAndStaticFree001,79,True,,
TS,23,20250807,20250829,trim_r1_to_r2,TSAL20250807_0830_staticAndStaticFree001,80,True,,
TS,23,20250807,20250829,trim_r1_to_r2,TSAL20250807_0830_staticAndStaticFree001,82,True,,
TS,23,20250807,20250829,trim_r1_to_r2,TSAL20250807_0830_staticAndStaticFree001,83,True,,
TS,23,20250807,20250829,trim_r1_to_r2,TSAL20250807_0830_staticAndStaticFree001,84,False,11.0,0.5071352373232976
TS,23,20250807,20250829,trim_r1_to_r2,TSAL20250807_0830_staticAndStaticFree001,85,False,3.0,0.48074534751012027
TS,23,20250807,20250829,trim_r1_to_r2,TSAL20250807_0830_staticAndStaticFree001,86,True,,
TS,23,20250807,20250829,trim_r1_to_r2,TSAL20250807_0830_staticAndStaticFree001,87,False,4.0,0.48427906468163445
TS,23,20250807,20250829,trim_r1_to_r2,TSAL20250807_0830_staticAndStaticFree001,88,False,8.0,0.49935664237590327
TS,23,20250807,20250829,trim_r1_to_r2,TSAL20250807_0830_staticAndStaticFree001,90,True,,
TS,23,20250807,20250829,trim_r1_to_r2,TSAL20250807_0830_staticAndStaticFree001,91,False,2.0,0.4715936655784552
TS,23,20250807,20250829,trim_r1_to_r2,TSAL20250807_0830_staticAndStaticFree001,92,True,,
TS,23,20250807,20250829,trim_r1_to_r2,TSAL20250807_0830_staticAndStaticFree001,93,False,9.0,0.5035039900757037
TS,23,20250807,20250829,trim_r1_to_r2,TSAL20250807_0830_staticAndStaticFree001,94,True,,
TS,23,20250807,20250829,trim_r1_to_r2,TSAL20250807_0830_staticAndStaticFree001,95,True,,
TS,23,20250807,20250829,trim_r1_to_r2,TSAL20250807_0830_staticAndStaticFree001,96,True,,
TS,23,20250807,20250829,trim_r1_to_r2,TSAL20250807_0830_staticAndStaticFree001,97,True,,
TS,23,20250807,20250829,trim_r1_to_r2,TSAL20250807_0830_staticAndStaticFree001,98,True,,
TS,23,20250807,20250829,trim_r1_to_r2,TSAL20250807_0830_staticAndStaticFree001,99,False,6.0,0.4944841250853302
TS,23,20250807,20250829,trim_r1_to_r2,TSAL20250807_0830_staticAndStaticFree001,100,True,,
TS,23,20250807,20250829,trim_r1_to_r2,TSAL20250807_0830_staticAndStaticFree001,101,True,,
TS,23,20250807,20250829,trim_r1_to_r2,TSAL20250807_0830_staticAndStaticFree001,102,True,,
TS,23,20250807,20250829,trim_r1_to_r2,TSAL20250807_0830_staticAndStaticFree001,103,True,,
TS,23,20250807,20250829,trim_r1_to_r2,TSAL20250807_0830_staticAndStaticFree001,104,True,,
TS,23,20250807,20250829,trim_r1_to_r2,TSAL20250807_0830_staticAndStaticFree001,105,True,,
TS,24,20250807,20250830,trim_r2_to_r1,TSAL20250830_0830_interferenceAndInterferenceFree001,1,True,,
TS,24,20250807,20250830,trim_r2_to_r1,TSAL20250830_0830_interferenceAndInterferenceFree001,2,True,,
TS,24,20250807,20250830,trim_r2_to_r1,TSAL20250830_0830_interferenceAndInterferenceFree001,3,True,,
TS,24,20250807,20250830,trim_r2_to_r1,TSAL20250830_0830_interferenceAndInterferenceFree001,4,True,,
TS,24,20250807,20250830,trim_r2_to_r1,TSAL20250830_0830_interferenceAndInterferenceFree001,5,True,,
TS,24,20250807,20250830,trim_r2_to_r1,TSAL20250830_0830_interferenceAndInterferenceFree001,6,True,,
TS,24,20250807,20250830,trim_r2_to_r1,TSAL20250830_0830_interferenceAndInterferenceFree001,7,True,,
TS,24,20250807,20250830,trim_r2_to_r1,TSAL20250830_0830_interferenceAndInterferenceFree001,8,True,,
TS,24,20250807,20250830,trim_r2_to_r1,TSAL20250830_0830_interferenceAndInterferenceFree001,9,True,,
TS,24,20250807,20250830,trim_r2_to_r1,TSAL20250830_0830_interferenceAndInterferenceFree001,10,True,,
TS,24,20250807,20250830,trim_r2_to_r1,TSAL20250830_0830_interferenceAndInterferenceFree001,12,False,10.0,0.8803871899949374
TS,24,20250807,20250830,trim_r2_to_r1,TSAL20250830_0830_interferenceAndInterferenceFree001,13,True,,
TS,24,20250807,20250830,trim_r2_to_r1,TSAL20250830_0830_interferenceAndInterferenceFree001,14,True,,
TS,24,20250807,20250830,trim_r2_to_r1,TSAL20250830_0830_interferenceAndInterferenceFree001,15,True,,
TS,24,20250807,20250830,trim_r2_to_r1,TSAL20250830_0830_interferenceAndInterferenceFree001,16,True,,
TS,24,20250807,20250830,trim_r2_to_r1,TSAL20250830_0830_interferenceAndInterferenceFree001,17,False,1.0,1.0492151016052262
TS,24,20250807,20250830,trim_r2_to_r1,TSAL20250830_0830_interferenceAndInterferenceFree001,18,True,,
TS,24,20250807,20250830,trim_r2_to_r1,TSAL20250830_0830_interferenceAndInterferenceFree001,19,True,,
TS,24,20250807,20250830,trim_r2_to_r1,TSAL20250830_0830_interferenceAndInterferenceFree001,20,True,,
TS,24,20250807,20250830,trim_r2_to_r1,TSAL20250830_0830_interferenceAndInterferenceFree001,21,True,,
TS,24,20250807,20250830,trim_r2_to_r1,TSAL20250830_0830_interferenceAndInterferenceFree001,23,True,,
TS,24,20250807,20250830,trim_r2_to_r1,TSAL20250830_0830_interferenceAndInterferenceFree001,24,True,,
TS,24,20250807,20250830,trim_r2_to_r1,TSAL20250830_0830_interferenceAndInterferenceFree001,25,True,,
TS,24,20250807,20250830,trim_r2_to_r1,TSAL20250830_0830_interferenceAndInterferenceFree001,26,True,,
TS,24,20250807,20250830,trim_r2_to_r1,TSAL20250830_0830_interferenceAndInterferenceFree001,27,True,,
TS,24,20250807,20250830,trim_r2_to_r1,TSAL20250830_0830_interferenceAndInterferenceFree001,28,False,2.0,1.0247479159019566
TS,24,20250807,20250830,trim_r2_to_r1,TSAL20250830_0830_interferenceAndInterferenceFree001,29,True,,
TS,24,20250807,20250830,trim_r2_to_r1,TSAL20250830_0830_interferenceAndInterferenceFree001,30,True,,
TS,24,20250807,20250830,trim_r2_to_r1,TSAL20250830_0830_interferenceAndInterferenceFree001,31,True,,
TS,24,20250807,20250830,trim_r2_to_r1,TSAL20250830_0830_interferenceAndInterferenceFree001,32,True,,
TS,24,20250807,20250830,trim_r2_to_r1,TSAL20250830_0830_interferenceAndInterferenceFree001,33,True,,
TS,24,20250807,20250830,trim_r2_to_r1,TSAL20250830_0830_interferenceAndInterferenceFree001,34,True,,
TS,24,20250807,20250830,trim_r2_to_r1,TSAL20250830_0830_interferenceAndInterferenceFree001,35,True,,
TS,24,20250807,20250830,trim_r2_to_r1,TSAL20250830_0830_interferenceAndInterferenceFree001,36,True,,
TS,24,20250807,20250830,trim_r2_to_r1,TSAL20250830_0830_interferenceAndInterferenceFree001,37,True,,
TS,24,20250807,20250830,trim_r2_to_r1,TSAL20250830_0830_interferenceAndInterferenceFree001,38,True,,
TS,24,20250807,20250830,trim_r2_to_r1,TSAL20250830_0830_interferenceAndInterferenceFree001,40,True,,
TS,24,20250807,20250830,trim_r2_to_r1,TSAL20250830_0830_interferenceAndInterferenceFree001,41,True,,
TS,24,20250807,20250830,trim_r2_to_r1,TSAL20250830_0830_interferenceAndInterferenceFree001,42,True,,
TS,24,20250807,20250830,trim_r2_to_r1,TSAL20250830_0830_interferenceAndInterferenceFree001,43,True,,
TS,24,20250807,20250830,trim_r2_to_r1,TSAL20250830_0830_interferenceAndInterferenceFree001,44,False,3.0,0.9620676372370269
TS,24,20250807,20250830,trim_r2_to_r1,TSAL20250830_0830_interferenceAndInterferenceFree001,45,False,6.0,0.9112092901601999
TS,24,20250807,20250830,trim_r2_to_r1,TSAL20250830_0830_interferenceAndInterferenceFree001,46,True,,
TS,24,20250807,20250830,trim_r2_to_r1,TSAL20250830_0830_interferenceAndInterferenceFree001,47,True,,
TS,24,20250807,20250830,trim_r2_to_r1,TSAL20250830_0830_interferenceAndInterferenceFree001,48,True,,
TS,24,20250807,20250830,trim_r2_to_r1,TSAL20250830_0830_interferenceAndInterferenceFree001,49,True,,
TS,24,20250807,20250830,trim_r2_to_r1,TSAL20250830_0830_interferenceAndInterferenceFree001,50,True,,
TS,24,20250807,20250830,trim_r2_to_r1,TSAL20250830_0830_interferenceAndInterferenceFree001,52,True,,
TS,24,20250807,20250830,trim_r2_to_r1,TSAL20250830_0830_interferenceAndInterferenceFree001,53,True,,
TS,24,20250807,20250830,trim_r2_to_r1,TSAL20250830_0830_interferenceAndInterferenceFree001,54,True,,
TS,24,20250807,20250830,trim_r2_to_r1,TSAL20250830_0830_interferenceAndInterferenceFree001,55,True,,
TS,24,20250807,20250830,trim_r2_to_r1,TSAL20250830_0830_interferenceAndInterferenceFree001,56,True,,
TS,24,20250807,20250830,trim_r2_to_r1,TSAL20250830_0830_interferenceAndInterferenceFree001,57,True,,
TS,24,20250807,20250830,trim_r2_to_r1,TSAL20250830_0830_interferenceAndInterferenceFree001,58,True,,
TS,24,20250807,20250830,trim_r2_to_r1,TSAL20250830_0830_interferenceAndInterferenceFree001,60,True,,
TS,24,20250807,20250830,trim_r2_to_r1,TSAL20250830_0830_interferenceAndInterferenceFree001,61,True,,
TS,24,20250807,20250830,trim_r2_to_r1,TSAL20250830_0830_interferenceAndInterferenceFree001,62,True,,
TS,24,20250807,20250830,trim_r2_to_r1,TSAL20250830_0830_interferenceAndInterferenceFree001,63,True,,
TS,24,20250807,20250830,trim_r2_to_r1,TSAL20250830_0830_interferenceAndInterferenceFree001,64,True,,
TS,24,20250807,20250830,trim_r2_to_r1,TSAL20250830_0830_interferenceAndInterferenceFree001,65,True,,
TS,24,20250807,20250830,trim_r2_to_r1,TSAL20250830_0830_interferenceAndInterferenceFree001,66,True,,
TS,24,20250807,20250830,trim_r2_to_r1,TSAL20250830_0830_interferenceAndInterferenceFree001,67,True,,
TS,24,20250807,20250830,trim_r2_to_r1,TSAL20250830_0830_interferenceAndInterferenceFree001,68,False,4.0,0.9281237245193258
TS,24,20250807,20250830,trim_r2_to_r1,TSAL20250830_0830_interferenceAndInterferenceFree001,69,False,8.0,0.8855685020917664
TS,24,20250807,20250830,trim_r2_to_r1,TSAL20250830_0830_interferenceAndInterferenceFree001,70,False,5.0,0.9171297549018407
TS,24,20250807,20250830,trim_r2_to_r1,TSAL20250830_0830_interferenceAndInterferenceFree001,71,False,7.0,0.8967896872709239
TS,24,20250807,20250830,trim_r2_to_r1,TSAL20250830_0830_interferenceAndInterferenceFree001,72,False,11.0,0.8674520627247374
TS,24,20250807,20250830,trim_r2_to_r1,TSAL20250830_0830_interferenceAndInterferenceFree001,73,False,9.0,0.8848613529661441
TS,24,20250807,20250830,trim_r2_to_r1,TSAL20250830_0830_interferenceAndInterferenceFree001,74,True,,
TS,24,20250807,20250830,trim_r2_to_r1,TSAL20250830_0830_interferenceAndInterferenceFree001,75,True,,
TS,24,20250807,20250830,trim_r2_to_r1,TSAL20250830_0830_interferenceAndInterferenceFree001,76,True,,
TS,24,20250807,20250830,trim_r2_to_r1,TSAL20250830_0830_interferenceAndInterferenceFree001,77,False,13.0,0.8372465128212512
TS,24,20250807,20250830,trim_r2_to_r1,TSAL20250830_0830_interferenceAndInterferenceFree001,79,True,,
TS,24,20250807,20250830,trim_r2_to_r1,TSAL20250830_0830_interferenceAndInterferenceFree001,81,True,,
TS,24,20250807,20250830,trim_r2_to_r1,TSAL20250830_0830_interferenceAndInterferenceFree001,82,True,,
TS,24,20250807,20250830,trim_r2_to_r1,TSAL20250830_0830_interferenceAndInterferenceFree001,83,True,,
TS,24,20250807,20250830,trim_r2_to_r1,TSAL20250830_0830_interferenceAndInterferenceFree001,86,False,14.0,0.8401338234245985
TS,24,20250807,20250830,trim_r2_to_r1,TSAL20250830_0830_interferenceAndInterferenceFree001,87,True,,
TS,24,20250807,20250830,trim_r2_to_r1,TSAL20250830_0830_interferenceAndInterferenceFree001,88,False,12.0,0.8617866480545344
TS,24,20250807,20250830,trim_r1_to_r2,TSAL20250807_0830_staticAndStaticFree001,0,True,,
TS,24,20250807,20250830,trim_r1_to_r2,TSAL20250807_0830_staticAndStaticFree001,1,True,,
TS,24,20250807,20250830,trim_r1_to_r2,TSAL20250807_0830_staticAndStaticFree001,2,True,,
TS,24,20250807,20250830,trim_r1_to_r2,TSAL20250807_0830_staticAndStaticFree001,3,True,,
TS,24,20250807,20250830,trim_r1_to_r2,TSAL20250807_0830_staticAndStaticFree001,4,True,,
TS,24,20250807,20250830,trim_r1_to_r2,TSAL20250807_0830_staticAndStaticFree001,5,True,,
TS,24,20250807,20250830,trim_r1_to_r2,TSAL20250807_0830_staticAndStaticFree001,6,True,,
TS,24,20250807,20250830,trim_r1_to_r2,TSAL20250807_0830_staticAndStaticFree001,7,True,,
TS,24,20250807,20250830,trim_r1_to_r2,TSAL20250807_0830_staticAndStaticFree001,8,True,,
TS,24,20250807,20250830,trim_r1_to_r2,TSAL20250807_0830_staticAndStaticFree001,9,True,,
TS,24,20250807,20250830,trim_r1_to_r2,TSAL20250807_0830_staticAndStaticFree001,10,True,,
TS,24,20250807,20250830,trim_r1_to_r2,TSAL20250807_0830_staticAndStaticFree001,11,True,,
TS,24,20250807,20250830,trim_r1_to_r2,TSAL20250807_0830_staticAndStaticFree001,12,True,,
TS,24,20250807,20250830,trim_r1_to_r2,TSAL20250807_0830_staticAndStaticFree001,13,True,,
TS,24,20250807,20250830,trim_r1_to_r2,TSAL20250807_0830_staticAndStaticFree001,14,True,,
TS,24,20250807,20250830,trim_r1_to_r2,TSAL20250807_0830_staticAndStaticFree001,15,True,,
TS,24,20250807,20250830,trim_r1_to_r2,TSAL20250807_0830_staticAndStaticFree001,16,True,,
TS,24,20250807,20250830,trim_r1_to_r2,TSAL20250807_0830_staticAndStaticFree001,18,True,,
TS,24,20250807,20250830,trim_r1_to_r2,TSAL20250807_0830_staticAndStaticFree001,21,True,,
TS,24,20250807,20250830,trim_r1_to_r2,TSAL20250807_0830_staticAndStaticFree001,22,True,,
TS,24,20250807,20250830,trim_r1_to_r2,TSAL20250807_0830_staticAndStaticFree001,23,True,,
TS,24,20250807,20250830,trim_r1_to_r2,TSAL20250807_0830_staticAndStaticFree001,24,False,1.0,0.4634957093447057
TS,24,20250807,20250830,trim_r1_to_r2,TSAL20250807_0830_staticAndStaticFree001,25,True,,
TS,24,20250807,20250830,trim_r1_to_r2,TSAL20250807_0830_staticAndStaticFree001,26,True,,
TS,24,20250807,20250830,trim_r1_to_r2,TSAL20250807_0830_staticAndStaticFree001,27,True,,
TS,24,20250807,20250830,trim_r1_to_r2,TSAL20250807_0830_staticAndStaticFree001,28,True,,
TS,24,20250807,20250830,trim_r1_to_r2,TSAL20250807_0830_staticAndStaticFree001,30,True,,
TS,24,20250807,20250830,trim_r1_to_r2,TSAL20250807_0830_staticAndStaticFree001,31,True,,
TS,24,20250807,20250830,trim_r1_to_r2,TSAL20250807_0830_staticAndStaticFree001,32,True,,
TS,24,20250807,20250830,trim_r1_to_r2,TSAL20250807_0830_staticAndStaticFree001,33,True,,
TS,24,20250807,20250830,trim_r1_to_r2,TSAL20250807_0830_staticAndStaticFree001,34,True,,
TS,24,20250807,20250830,trim_r1_to_r2,TSAL20250807_0830_staticAndStaticFree001,35,True,,
TS,24,20250807,20250830,trim_r1_to_r2,TSAL20250807_0830_staticAndStaticFree001,37,True,,
TS,24,20250807,20250830,trim_r1_to_r2,TSAL20250807_0830_staticAndStaticFree001,38,True,,
TS,24,20250807,20250830,trim_r1_to_r2,TSAL20250807_0830_staticAndStaticFree001,39,True,,
TS,24,20250807,20250830,trim_r1_to_r2,TSAL20250807_0830_staticAndStaticFree001,40,True,,
TS,24,20250807,20250830,trim_r1_to_r2,TSAL20250807_0830_staticAndStaticFree001,41,True,,
TS,24,20250807,20250830,trim_r1_to_r2,TSAL20250807_0830_staticAndStaticFree001,42,True,,
TS,24,20250807,20250830,trim_r1_to_r2,TSAL20250807_0830_staticAndStaticFree001,43,True,,
TS,24,20250807,20250830,trim_r1_to_r2,TSAL20250807_0830_staticAndStaticFree001,44,True,,
TS,24,20250807,20250830,trim_r1_to_r2,TSAL20250807_0830_staticAndStaticFree001,45,True,,
TS,24,20250807,20250830,trim_r1_to_r2,TSAL20250807_0830_staticAndStaticFree001,46,True,,
TS,24,20250807,20250830,trim_r1_to_r2,TSAL20250807_0830_staticAndStaticFree001,47,True,,
TS,24,20250807,20250830,trim_r1_to_r2,TSAL20250807_0830_staticAndStaticFree001,48,True,,
TS,24,20250807,20250830,trim_r1_to_r2,TSAL20250807_0830_staticAndStaticFree001,49,True,,
TS,24,20250807,20250830,trim_r1_to_r2,TSAL20250807_0830_staticAndStaticFree001,50,True,,
TS,24,20250807,20250830,trim_r1_to_r2,TSAL20250807_0830_staticAndStaticFree001,51,True,,
TS,24,20250807,20250830,trim_r1_to_r2,TSAL20250807_0830_staticAndStaticFree001,52,True,,
TS,24,20250807,20250830,trim_r1_to_r2,TSAL20250807_0830_staticAndStaticFree001,53,True,,
TS,24,20250807,20250830,trim_r1_to_r2,TSAL20250807_0830_staticAndStaticFree001,54,True,,
TS,24,20250807,20250830,trim_r1_to_r2,TSAL20250807_0830_staticAndStaticFree001,55,True,,
TS,24,20250807,20250830,trim_r1_to_r2,TSAL20250807_0830_staticAndStaticFree001,56,True,,
TS,24,20250807,20250830,trim_r1_to_r2,TSAL20250807_0830_staticAndStaticFree001,57,True,,
TS,24,20250807,20250830,trim_r1_to_r2,TSAL20250807_0830_staticAndStaticFree001,58,True,,
TS,24,20250807,20250830,trim_r1_to_r2,TSAL20250807_0830_staticAndStaticFree001,59,True,,
TS,24,20250807,20250830,trim_r1_to_r2,TSAL20250807_0830_staticAndStaticFree001,60,True,,
TS,24,20250807,20250830,trim_r1_to_r2,TSAL20250807_0830_staticAndStaticFree001,62,True,,
TS,24,20250807,20250830,trim_r1_to_r2,TSAL20250807_0830_staticAndStaticFree001,63,True,,
TS,24,20250807,20250830,trim_r1_to_r2,TSAL20250807_0830_staticAndStaticFree001,64,True,,
TS,24,20250807,20250830,trim_r1_to_r2,TSAL20250807_0830_staticAndStaticFree001,65,True,,
TS,24,20250807,20250830,trim_r1_to_r2,TSAL20250807_0830_staticAndStaticFree001,66,True,,
TS,24,20250807,20250830,trim_r1_to_r2,TSAL20250807_0830_staticAndStaticFree001,67,True,,
TS,24,20250807,20250830,trim_r1_to_r2,TSAL20250807_0830_staticAndStaticFree001,68,True,,
TS,24,20250807,20250830,trim_r1_to_r2,TSAL20250807_0830_staticAndStaticFree001,69,True,,
TS,24,20250807,20250830,trim_r1_to_r2,TSAL20250807_0830_staticAndStaticFree001,70,True,,
TS,24,20250807,20250830,trim_r1_to_r2,TSAL20250807_0830_staticAndStaticFree001,71,True,,
TS,24,20250807,20250830,trim_r1_to_r2,TSAL20250807_0830_staticAndStaticFree001,73,True,,
TS,24,20250807,20250830,trim_r1_to_r2,TSAL20250807_0830_staticAndStaticFree001,74,True,,
TS,24,20250807,20250830,trim_r1_to_r2,TSAL20250807_0830_staticAndStaticFree001,76,True,,
TS,24,20250807,20250830,trim_r1_to_r2,TSAL20250807_0830_staticAndStaticFree001,77,True,,
TS,24,20250807,20250830,trim_r1_to_r2,TSAL20250807_0830_staticAndStaticFree001,78,True,,
TS,24,20250807,20250830,trim_r1_to_r2,TSAL20250807_0830_staticAndStaticFree001,79,True,,
TS,24,20250807,20250830,trim_r1_to_r2,TSAL20250807_0830_staticAndStaticFree001,80,True,,
TS,24,20250807,20250830,trim_r1_to_r2,TSAL20250807_0830_staticAndStaticFree001,82,True,,
TS,24,20250807,20250830,trim_r1_to_r2,TSAL20250807_0830_staticAndStaticFree001,83,True,,
TS,24,20250807,20250830,trim_r1_to_r2,TSAL20250807_0830_staticAndStaticFree001,84,True,,
TS,24,20250807,20250830,trim_r1_to_r2,TSAL20250807_0830_staticAndStaticFree001,85,True,,
TS,24,20250807,20250830,trim_r1_to_r2,TSAL20250807_0830_staticAndStaticFree001,86,True,,
TS,24,20250807,20250830,trim_r1_to_r2,TSAL20250807_0830_staticAndStaticFree001,87,True,,
TS,24,20250807,20250830,trim_r1_to_r2,TSAL20250807_0830_staticAndStaticFree001,88,True,,
TS,24,20250807,20250830,trim_r1_to_r2,TSAL20250807_0830_staticAndStaticFree001,90,True,,
TS,24,20250807,20250830,trim_r1_to_r2,TSAL20250807_0830_staticAndStaticFree001,91,False,2.0,0.4715936655784552
TS,24,20250807,20250830,trim_r1_to_r2,TSAL20250807_0830_staticAndStaticFree001,92,True,,
TS,24,20250807,20250830,trim_r1_to_r2,TSAL20250807_0830_staticAndStaticFree001,93,True,,
TS,24,20250807,20250830,trim_r1_to_r2,TSAL20250807_0830_staticAndStaticFree001,94,True,,
TS,24,20250807,20250830,trim_r1_to_r2,TSAL20250807_0830_staticAndStaticFree001,95,True,,
TS,24,20250807,20250830,trim_r1_to_r2,TSAL20250807_0830_staticAndStaticFree001,96,True,,
TS,24,20250807,20250830,trim_r1_to_r2,TSAL20250807_0830_staticAndStaticFree001,97,True,,
TS,24,20250807,20250830,trim_r1_to_r2,TSAL20250807_0830_staticAndStaticFree001,98,True,,
TS,24,20250807,20250830,trim_r1_to_r2,TSAL20250807_0830_staticAndStaticFree001,99,True,,
TS,24,20250807,20250830,trim_r1_to_r2,TSAL20250807_0830_staticAndStaticFree001,100,True,,
TS,24,20250807,20250830,trim_r1_to_r2,TSAL20250807_0830_staticAndStaticFree001,101,True,,
TS,24,20250807,20250830,trim_r1_to_r2,TSAL20250807_0830_staticAndStaticFree001,102,True,,
TS,24,20250807,20250830,trim_r1_to_r2,TSAL20250807_0830_staticAndStaticFree001,103,True,,
TS,24,20250807,20250830,trim_r1_to_r2,TSAL20250807_0830_staticAndStaticFree001,104,True,,
TS,24,20250807,20250830,trim_r1_to_r2,TSAL20250807_0830_staticAndStaticFree001,105,True,,
TS,25,20250808,20250828,trim_r2_to_r1,TSAL20250828_0830_interferenceAndInterferenceFree001,0,False,13.0,0.9328758805711543
TS,25,20250808,20250828,trim_r2_to_r1,TSAL20250828_0830_interferenceAndInterferenceFree001,1,False,27.0,0.8804520818664984
TS,25,20250808,20250828,trim_r2_to_r1,TSAL20250828_0830_interferenceAndInterferenceFree001,2,False,23.0,0.8916672805300823
TS,25,20250808,20250828,trim_r2_to_r1,TSAL20250828_0830_interferenceAndInterferenceFree001,3,False,44.0,0.8262183746977938
TS,25,20250808,20250828,trim_r2_to_r1,TSAL20250828_0830_interferenceAndInterferenceFree001,4,False,47.0,0.8314179151540733
TS,25,20250808,20250828,trim_r2_to_r1,TSAL20250828_0830_interferenceAndInterferenceFree001,5,False,17.0,0.9193654957714394
TS,25,20250808,20250828,trim_r2_to_r1,TSAL20250828_0830_interferenceAndInterferenceFree001,6,False,31.0,0.8727619226993827
TS,25,20250808,20250828,trim_r2_to_r1,TSAL20250828_0830_interferenceAndInterferenceFree001,7,False,28.0,0.879892038343384
TS,25,20250808,20250828,trim_r2_to_r1,TSAL20250828_0830_interferenceAndInterferenceFree001,8,False,22.0,0.8929268714063134
TS,25,20250808,20250828,trim_r2_to_r1,TSAL20250828_0830_interferenceAndInterferenceFree001,9,False,16.0,0.9278487054730683
TS,25,20250808,20250828,trim_r2_to_r1,TSAL20250828_0830_interferenceAndInterferenceFree001,10,False,7.0,0.9687159576304307
TS,25,20250808,20250828,trim_r2_to_r1,TSAL20250828_0830_interferenceAndInterferenceFree001,11,False,8.0,0.9662147508901726
TS,25,20250808,20250828,trim_r2_to_r1,TSAL20250828_0830_interferenceAndInterferenceFree001,12,False,19.0,0.8912185866766044
TS,25,20250808,20250828,trim_r2_to_r1,TSAL20250828_0830_interferenceAndInterferenceFree001,13,False,26.0,0.8820106986332331
TS,25,20250808,20250828,trim_r2_to_r1,TSAL20250828_0830_interferenceAndInterferenceFree001,14,False,21.0,0.8962151769012942
TS,25,20250808,20250828,trim_r2_to_r1,TSAL20250828_0830_interferenceAndInterferenceFree001,15,False,30.0,0.8792597486797697
TS,25,20250808,20250828,trim_r2_to_r1,TSAL20250828_0830_interferenceAndInterferenceFree001,16,False,32.0,0.8780444139241316
TS,25,20250808,20250828,trim_r2_to_r1,TSAL20250828_0830_interferenceAndInterferenceFree001,17,False,34.0,0.8691568513896865
TS,25,20250808,20250828,trim_r2_to_r1,TSAL20250828_0830_interferenceAndInterferenceFree001,18,False,20.0,0.8941206103798168
TS,25,20250808,20250828,trim_r2_to_r1,TSAL20250828_0830_interferenceAndInterferenceFree001,19,False,25.0,0.8853457713729647
TS,25,20250808,20250828,trim_r2_to_r1,TSAL20250828_0830_interferenceAndInterferenceFree001,20,False,46.0,0.823236071524928
TS,25,20250808,20250828,trim_r2_to_r1,TSAL20250828_0830_interferenceAndInterferenceFree001,21,False,33.0,0.8790074500641246
TS,25,20250808,20250828,trim_r2_to_r1,TSAL20250828_0830_interferenceAndInterferenceFree001,22,False,29.0,0.8768629287314258
TS,25,20250808,20250828,trim_r2_to_r1,TSAL20250828_0830_interferenceAndInterferenceFree001,23,False,35.0,0.8639319721548765
TS,25,20250808,20250828,trim_r2_to_r1,TSAL20250828_0830_interferenceAndInterferenceFree001,24,False,54.0,0.7774076297380569
TS,25,20250808,20250828,trim_r2_to_r1,TSAL20250828_0830_interferenceAndInterferenceFree001,25,True,,
TS,25,20250808,20250828,trim_r2_to_r1,TSAL20250828_0830_interferenceAndInterferenceFree001,26,True,,
TS,25,20250808,20250828,trim_r2_to_r1,TSAL20250828_0830_interferenceAndInterferenceFree001,27,False,1.0,1.1038034032743222
TS,25,20250808,20250828,trim_r2_to_r1,TSAL20250828_0830_interferenceAndInterferenceFree001,28,True,,
TS,25,20250808,20250828,trim_r2_to_r1,TSAL20250828_0830_interferenceAndInterferenceFree001,29,True,,
TS,25,20250808,20250828,trim_r2_to_r1,TSAL20250828_0830_interferenceAndInterferenceFree001,30,True,,
TS,25,20250808,20250828,trim_r2_to_r1,TSAL20250828_0830_interferenceAndInterferenceFree001,31,False,55.0,0.7519135769002167
TS,25,20250808,20250828,trim_r2_to_r1,TSAL20250828_0830_interferenceAndInterferenceFree001,32,True,,
TS,25,20250808,20250828,trim_r2_to_r1,TSAL20250828_0830_interferenceAndInterferenceFree001,33,True,,
TS,25,20250808,20250828,trim_r2_to_r1,TSAL20250828_0830_interferenceAndInterferenceFree001,34,True,,
TS,25,20250808,20250828,trim_r2_to_r1,TSAL20250828_0830_interferenceAndInterferenceFree001,35,True,,
TS,25,20250808,20250828,trim_r2_to_r1,TSAL20250828_0830_interferenceAndInterferenceFree001,36,True,,
TS,25,20250808,20250828,trim_r2_to_r1,TSAL20250828_0830_interferenceAndInterferenceFree001,37,True,,
TS,25,20250808,20250828,trim_r2_to_r1,TSAL20250828_0830_interferenceAndInterferenceFree001,38,False,53.0,0.8001658372252908
TS,25,20250808,20250828,trim_r2_to_r1,TSAL20250828_0830_interferenceAndInterferenceFree001,42,True,,
TS,25,20250808,20250828,trim_r2_to_r1,TSAL20250828_0830_interferenceAndInterferenceFree001,43,True,,
TS,25,20250808,20250828,trim_r2_to_r1,TSAL20250828_0830_interferenceAndInterferenceFree001,44,True,,
TS,25,20250808,20250828,trim_r2_to_r1,TSAL20250828_0830_interferenceAndInterferenceFree001,45,True,,
TS,25,20250808,20250828,trim_r2_to_r1,TSAL20250828_0830_interferenceAndInterferenceFree001,46,True,,
TS,25,20250808,20250828,trim_r2_to_r1,TSAL20250828_0830_interferenceAndInterferenceFree001,47,True,,
TS,25,20250808,20250828,trim_r2_to_r1,TSAL20250828_0830_interferenceAndInterferenceFree001,48,True,,
TS,25,20250808,20250828,trim_r2_to_r1,TSAL20250828_0830_interferenceAndInterferenceFree001,49,True,,
TS,25,20250808,20250828,trim_r2_to_r1,TSAL20250828_0830_interferenceAndInterferenceFree001,50,False,39.0,0.8451810198104147
TS,25,20250808,20250828,trim_r2_to_r1,TSAL20250828_0830_interferenceAndInterferenceFree001,51,True,,
TS,25,20250808,20250828,trim_r2_to_r1,TSAL20250828_0830_interferenceAndInterferenceFree001,52,True,,
TS,25,20250808,20250828,trim_r2_to_r1,TSAL20250828_0830_interferenceAndInterferenceFree001,53,False,61.0,0.70662282606619
TS,25,20250808,20250828,trim_r2_to_r1,TSAL20250828_0830_interferenceAndInterferenceFree001,54,True,,
TS,25,20250808,20250828,trim_r2_to_r1,TSAL20250828_0830_interferenceAndInterferenceFree001,55,False,57.0,0.730047726021223
TS,25,20250808,20250828,trim_r2_to_r1,TSAL20250828_0830_interferenceAndInterferenceFree001,56,True,,
TS,25,20250808,20250828,trim_r2_to_r1,TSAL20250828_0830_interferenceAndInterferenceFree001,57,False,56.0,0.7383805941377649
TS,25,20250808,20250828,trim_r2_to_r1,TSAL20250828_0830_interferenceAndInterferenceFree001,58,True,,
TS,25,20250808,20250828,trim_r2_to_r1,TSAL20250828_0830_interferenceAndInterferenceFree001,59,True,,
TS,25,20250808,20250828,trim_r2_to_r1,TSAL20250828_0830_interferenceAndInterferenceFree001,60,True,,
TS,25,20250808,20250828,trim_r2_to_r1,TSAL20250828_0830_interferenceAndInterferenceFree001,61,True,,
TS,25,20250808,20250828,trim_r2_to_r1,TSAL20250828_0830_interferenceAndInterferenceFree001,62,False,4.0,1.012928335512573
TS,25,20250808,20250828,trim_r2_to_r1,TSAL20250828_0830_interferenceAndInterferenceFree001,63,False,41.0,0.8418997327030424
TS,25,20250808,20250828,trim_r2_to_r1,TSAL20250828_0830_interferenceAndInterferenceFree001,64,True,,
TS,25,20250808,20250828,trim_r2_to_r1,TSAL20250828_0830_interferenceAndInterferenceFree001,65,False,3.0,1.0239435849859566
TS,25,20250808,20250828,trim_r2_to_r1,TSAL20250828_0830_interferenceAndInterferenceFree001,66,False,58.0,0.7248945605762349
TS,25,20250808,20250828,trim_r2_to_r1,TSAL20250828_0830_interferenceAndInterferenceFree001,67,False,60.0,0.7199669155386464
TS,25,20250808,20250828,trim_r2_to_r1,TSAL20250828_0830_interferenceAndInterferenceFree001,68,False,59.0,0.7152463858160074
TS,25,20250808,20250828,trim_r2_to_r1,TSAL20250828_0830_interferenceAndInterferenceFree001,69,True,,
TS,25,20250808,20250828,trim_r2_to_r1,TSAL20250828_0830_interferenceAndInterferenceFree001,70,False,14.0,0.9276525249902825
TS,25,20250808,20250828,trim_r2_to_r1,TSAL20250828_0830_interferenceAndInterferenceFree001,71,False,37.0,0.857070553871851
TS,25,20250808,20250828,trim_r2_to_r1,TSAL20250828_0830_interferenceAndInterferenceFree001,72,False,43.0,0.8277946323517075
TS,25,20250808,20250828,trim_r2_to_r1,TSAL20250828_0830_interferenceAndInterferenceFree001,73,False,48.0,0.8160980463443158
TS,25,20250808,20250828,trim_r2_to_r1,TSAL20250828_0830_interferenceAndInterferenceFree001,74,False,36.0,0.8566548434093106
TS,25,20250808,20250828,trim_r2_to_r1,TSAL20250828_0830_interferenceAndInterferenceFree001,75,False,38.0,0.8470975903511567
TS,25,20250808,20250828,trim_r2_to_r1,TSAL20250828_0830_interferenceAndInterferenceFree001,76,False,45.0,0.8241259061545556
TS,25,20250808,20250828,trim_r2_to_r1,TSAL20250828_0830_interferenceAndInterferenceFree001,77,False,11.0,0.9595094988865672
TS,25,20250808,20250828,trim_r2_to_r1,TSAL20250828_0830_interferenceAndInterferenceFree001,78,False,2.0,1.070760740418474
TS,25,20250808,20250828,trim_r2_to_r1,TSAL20250828_0830_interferenceAndInterferenceFree001,79,False,5.0,1.0043629107529695
TS,25,20250808,20250828,trim_r2_to_r1,TSAL20250828_0830_interferenceAndInterferenceFree001,80,False,18.0,0.9172170652860027
TS,25,20250808,20250828,trim_r2_to_r1,TSAL20250828_0830_interferenceAndInterferenceFree001,81,False,12.0,0.9499383199619792
TS,25,20250808,20250828,trim_r2_to_r1,TSAL20250828_0830_interferenceAndInterferenceFree001,82,False,9.0,0.965804824603299
TS,25,20250808,20250828,trim_r2_to_r1,TSAL20250828_0830_interferenceAndInterferenceFree001,83,False,50.0,0.8097182799228628
TS,25,20250808,20250828,trim_r2_to_r1,TSAL20250828_0830_interferenceAndInterferenceFree001,84,False,10.0,0.9605375515625395
TS,25,20250808,20250828,trim_r2_to_r1,TSAL20250828_0830_interferenceAndInterferenceFree001,85,False,51.0,0.8015088282338063
TS,25,20250808,20250828,trim_r2_to_r1,TSAL20250828_0830_interferenceAndInterferenceFree001,86,False,6.0,0.9989446709824561
TS,25,20250808,20250828,trim_r2_to_r1,TSAL20250828_0830_interferenceAndInterferenceFree001,87,False,15.0,0.9324138903599839
TS,25,20250808,20250828,trim_r2_to_r1,TSAL20250828_0830_interferenceAndInterferenceFree001,88,False,24.0,0.888355015015328
TS,25,20250808,20250828,trim_r2_to_r1,TSAL20250828_0830_interferenceAndInterferenceFree001,89,False,42.0,0.8262543629413841
TS,25,20250808,20250828,trim_r2_to_r1,TSAL20250828_0830_interferenceAndInterferenceFree001,91,False,40.0,0.8394320765076795
TS,25,20250808,20250828,trim_r2_to_r1,TSAL20250828_0830_interferenceAndInterferenceFree001,92,False,49.0,0.8219456352812506
TS,25,20250808,20250828,trim_r2_to_r1,TSAL20250828_0830_interferenceAndInterferenceFree001,93,False,52.0,0.802242667274677
TS,25,20250808,20250828,trim_r1_to_r2,TSAL20250808_0830_staticAndStaticFree001,1,False,18.0,0.4981481331728139
TS,25,20250808,20250828,trim_r1_to_r2,TSAL20250808_0830_staticAndStaticFree001,2,False,41.0,0.5631955459383994
TS,25,20250808,20250828,trim_r1_to_r2,TSAL20250808_0830_staticAndStaticFree001,3,False,20.0,0.5028392836755371
TS,25,20250808,20250828,trim_r1_to_r2,TSAL20250808_0830_staticAndStaticFree001,5,False,40.0,0.5600622336979664
TS,25,20250808,20250828,trim_r1_to_r2,TSAL20250808_0830_staticAndStaticFree001,8,False,43.0,0.5684665419875694
TS,25,20250808,20250828,trim_r1_to_r2,TSAL20250808_0830_staticAndStaticFree001,11,False,47.0,0.5943418630242859
TS,25,20250808,20250828,trim_r1_to_r2,TSAL20250808_0830_staticAndStaticFree001,12,False,42.0,0.5717656060270249
TS,25,20250808,20250828,trim_r1_to_r2,TSAL20250808_0830_staticAndStaticFree001,13,True,,
TS,25,20250808,20250828,trim_r1_to_r2,TSAL20250808_0830_staticAndStaticFree001,14,False,49.0,0.5979060577202897
TS,25,20250808,20250828,trim_r1_to_r2,TSAL20250808_0830_staticAndStaticFree001,16,False,24.0,0.5152338585898173
TS,25,20250808,20250828,trim_r1_to_r2,TSAL20250808_0830_staticAndStaticFree001,17,True,,
TS,25,20250808,20250828,trim_r1_to_r2,TSAL20250808_0830_staticAndStaticFree001,18,False,27.0,0.5196255846028901
TS,25,20250808,20250828,trim_r1_to_r2,TSAL20250808_0830_staticAndStaticFree001,19,False,15.0,0.4824472898812573
TS,25,20250808,20250828,trim_r1_to_r2,TSAL20250808_0830_staticAndStaticFree001,20,False,12.0,0.47762795165750616
TS,25,20250808,20250828,trim_r1_to_r2,TSAL20250808_0830_staticAndStaticFree001,21,False,35.0,0.5470086691775294
TS,25,20250808,20250828,trim_r1_to_r2,TSAL20250808_0830_staticAndStaticFree001,22,False,8.0,0.46039629348037436
TS,25,20250808,20250828,trim_r1_to_r2,TSAL20250808_0830_staticAndStaticFree001,23,False,29.0,0.5280899658098394
TS,25,20250808,20250828,trim_r1_to_r2,TSAL20250808_0830_staticAndStaticFree001,24,False,25.0,0.5145729611063011
TS,25,20250808,20250828,trim_r1_to_r2,TSAL20250808_0830_staticAndStaticFree001,25,False,6.0,0.45446321002473183
TS,25,20250808,20250828,trim_r1_to_r2,TSAL20250808_0830_staticAndStaticFree001,26,True,,
TS,25,20250808,20250828,trim_r1_to_r2,TSAL20250808_0830_staticAndStaticFree001,27,False,19.0,0.4994672438300402
TS,25,20250808,20250828,trim_r1_to_r2,TSAL20250808_0830_staticAndStaticFree001,28,False,36.0,0.5541597169276464
TS,25,20250808,20250828,trim_r1_to_r2,TSAL20250808_0830_staticAndStaticFree001,29,False,17.0,0.4923281137262036
TS,25,20250808,20250828,trim_r1_to_r2,TSAL20250808_0830_staticAndStaticFree001,30,False,38.0,0.5565142246534162
TS,25,20250808,20250828,trim_r1_to_r2,TSAL20250808_0830_staticAndStaticFree001,32,False,4.0,0.44602827456678473
TS,25,20250808,20250828,trim_r1_to_r2,TSAL20250808_0830_staticAndStaticFree001,33,False,3.0,0.4424002858153051
TS,25,20250808,20250828,trim_r1_to_r2,TSAL20250808_0830_staticAndStaticFree001,34,False,31.0,0.5335749389125453
TS,25,20250808,20250828,trim_r1_to_r2,TSAL20250808_0830_staticAndStaticFree001,35,True,,
TS,25,20250808,20250828,trim_r1_to_r2,TSAL20250808_0830_staticAndStaticFree001,36,True,,
TS,25,20250808,20250828,trim_r1_to_r2,TSAL20250808_0830_staticAndStaticFree001,37,False,22.0,0.5077962036572391
TS,25,20250808,20250828,trim_r1_to_r2,TSAL20250808_0830_staticAndStaticFree001,38,False,30.0,0.5311702562720552
TS,25,20250808,20250828,trim_r1_to_r2,TSAL20250808_0830_staticAndStaticFree001,39,True,,
TS,25,20250808,20250828,trim_r1_to_r2,TSAL20250808_0830_staticAndStaticFree001,40,True,,
TS,25,20250808,20250828,trim_r1_to_r2,TSAL20250808_0830_staticAndStaticFree001,41,True,,
TS,25,20250808,20250828,trim_r1_to_r2,TSAL20250808_0830_staticAndStaticFree001,42,False,32.0,0.5379218148955281
TS,25,20250808,20250828,trim_r1_to_r2,TSAL20250808_0830_staticAndStaticFree001,43,True,,
TS,25,20250808,20250828,trim_r1_to_r2,TSAL20250808_0830_staticAndStaticFree001,44,False,23.0,0.5116955359937478
TS,25,20250808,20250828,trim_r1_to_r2,TSAL20250808_0830_staticAndStaticFree001,45,False,45.0,0.583505317339088
TS,25,20250808,20250828,trim_r1_to_r2,TSAL20250808_0830_staticAndStaticFree001,46,False,26.0,0.5187259059172717
TS,25,20250808,20250828,trim_r1_to_r2,TSAL20250808_0830_staticAndStaticFree001,47,False,48.0,0.5935617710699892
TS,25,20250808,20250828,trim_r1_to_r2,TSAL20250808_0830_staticAndStaticFree001,49,True,,
TS,25,20250808,20250828,trim_r1_to_r2,TSAL20250808_0830_staticAndStaticFree001,51,False,5.0,0.45259997082782993
TS,25,20250808,20250828,trim_r1_to_r2,TSAL20250808_0830_staticAndStaticFree001,52,False,28.0,0.52465877590317
TS,25,20250808,20250828,trim_r1_to_r2,TSAL20250808_0830_staticAndStaticFree001,53,False,50.0,0.6014899668426247
TS,25,20250808,20250828,trim_r1_to_r2,TSAL20250808_0830_staticAndStaticFree001,54,False,1.0,0.4198863767220034
TS,25,20250808,20250828,trim_r1_to_r2,TSAL20250808_0830_staticAndStaticFree001,56,False,39.0,0.5558656310064002
TS,25,20250808,20250828,trim_r1_to_r2,TSAL20250808_0830_staticAndStaticFree001,57,True,,
TS,25,20250808,20250828,trim_r1_to_r2,TSAL20250808_0830_staticAndStaticFree001,58,True,,
TS,25,20250808,20250828,trim_r1_to_r2,TSAL20250808_0830_staticAndStaticFree001,59,False,14.0,0.47959080621189654
TS,25,20250808,20250828,trim_r1_to_r2,TSAL20250808_0830_staticAndStaticFree001,60,False,13.0,0.4783145378397582
TS,25,20250808,20250828,trim_r1_to_r2,TSAL20250808_0830_staticAndStaticFree001,61,False,46.0,0.5822938084529683
TS,25,20250808,20250828,trim_r1_to_r2,TSAL20250808_0830_staticAndStaticFree001,62,False,10.0,0.46512171882543807
TS,25,20250808,20250828,trim_r1_to_r2,TSAL20250808_0830_staticAndStaticFree001,63,False,44.0,0.5777332218326079
TS,25,20250808,20250828,trim_r1_to_r2,TSAL20250808_0830_staticAndStaticFree001,64,False,7.0,0.45565721796425024
TS,25,20250808,20250828,trim_r1_to_r2,TSAL20250808_0830_staticAndStaticFree001,65,False,34.0,0.5442187415673595
TS,25,20250808,20250828,trim_r1_to_r2,TSAL20250808_0830_staticAndStaticFree001,66,False,9.0,0.4621782955228846
TS,25,20250808,20250828,trim_r1_to_r2,TSAL20250808_0830_staticAndStaticFree001,67,False,21.0,0.5039332977201841
TS,25,20250808,20250828,trim_r1_to_r2,TSAL20250808_0830_staticAndStaticFree001,69,False,37.0,0.5524717349946274
TS,25,20250808,20250828,trim_r1_to_r2,TSAL20250808_0830_staticAndStaticFree001,70,False,16.0,0.48682374732816786
TS,25,20250808,20250828,trim_r1_to_r2,TSAL20250808_0830_staticAndStaticFree001,71,False,2.0,0.4412371572162134
TS,25,20250808,20250828,trim_r1_to_r2,TSAL20250808_0830_staticAndStaticFree001,72,False,33.0,0.5413179318969172
TS,25,20250808,20250828,trim_r1_to_r2,TSAL20250808_0830_staticAndStaticFree001,73,False,11.0,0.47281430496920035
TS,26,20250808,20250829,trim_r2_to_r1,TSAL20250829_0830_interferenceAndInterferenceFree001,0,True,,
TS,26,20250808,20250829,trim_r2_to_r1,TSAL20250829_0830_interferenceAndInterferenceFree001,1,True,,
TS,26,20250808,20250829,trim_r2_to_r1,TSAL20250829_0830_interferenceAndInterferenceFree001,2,True,,
TS,26,20250808,20250829,trim_r2_to_r1,TSAL20250829_0830_interferenceAndInterferenceFree001,3,True,,
TS,26,20250808,20250829,trim_r2_to_r1,TSAL20250829_0830_interferenceAndInterferenceFree001,4,True,,
TS,26,20250808,20250829,trim_r2_to_r1,TSAL20250829_0830_interferenceAndInterferenceFree001,5,True,,
TS,26,20250808,20250829,trim_r2_to_r1,TSAL20250829_0830_interferenceAndInterferenceFree001,6,True,,
TS,26,20250808,20250829,trim_r2_to_r1,TSAL20250829_0830_interferenceAndInterferenceFree001,7,True,,
TS,26,20250808,20250829,trim_r2_to_r1,TSAL20250829_0830_interferenceAndInterferenceFree001,8,True,,
TS,26,20250808,20250829,trim_r2_to_r1,TSAL20250829_0830_interferenceAndInterferenceFree001,9,True,,
TS,26,20250808,20250829,trim_r2_to_r1,TSAL20250829_0830_interferenceAndInterferenceFree001,10,True,,
TS,26,20250808,20250829,trim_r2_to_r1,TSAL20250829_0830_interferenceAndInterferenceFree001,11,True,,
TS,26,20250808,20250829,trim_r2_to_r1,TSAL20250829_0830_interferenceAndInterferenceFree001,12,True,,
TS,26,20250808,20250829,trim_r2_to_r1,TSAL20250829_0830_interferenceAndInterferenceFree001,13,True,,
TS,26,20250808,20250829,trim_r2_to_r1,TSAL20250829_0830_interferenceAndInterferenceFree001,14,True,,
TS,26,20250808,20250829,trim_r2_to_r1,TSAL20250829_0830_interferenceAndInterferenceFree001,15,True,,
TS,26,20250808,20250829,trim_r2_to_r1,TSAL20250829_0830_interferenceAndInterferenceFree001,16,True,,
TS,26,20250808,20250829,trim_r2_to_r1,TSAL20250829_0830_interferenceAndInterferenceFree001,17,True,,
TS,26,20250808,20250829,trim_r2_to_r1,TSAL20250829_0830_interferenceAndInterferenceFree001,18,True,,
TS,26,20250808,20250829,trim_r2_to_r1,TSAL20250829_0830_interferenceAndInterferenceFree001,19,True,,
TS,26,20250808,20250829,trim_r2_to_r1,TSAL20250829_0830_interferenceAndInterferenceFree001,20,True,,
TS,26,20250808,20250829,trim_r2_to_r1,TSAL20250829_0830_interferenceAndInterferenceFree001,21,True,,
TS,26,20250808,20250829,trim_r2_to_r1,TSAL20250829_0830_interferenceAndInterferenceFree001,22,True,,
TS,26,20250808,20250829,trim_r2_to_r1,TSAL20250829_0830_interferenceAndInterferenceFree001,23,True,,
TS,26,20250808,20250829,trim_r2_to_r1,TSAL20250829_0830_interferenceAndInterferenceFree001,24,True,,
TS,26,20250808,20250829,trim_r2_to_r1,TSAL20250829_0830_interferenceAndInterferenceFree001,25,True,,
TS,26,20250808,20250829,trim_r2_to_r1,TSAL20250829_0830_interferenceAndInterferenceFree001,26,True,,
TS,26,20250808,20250829,trim_r2_to_r1,TSAL20250829_0830_interferenceAndInterferenceFree001,27,True,,
TS,26,20250808,20250829,trim_r2_to_r1,TSAL20250829_0830_interferenceAndInterferenceFree001,28,True,,
TS,26,20250808,20250829,trim_r2_to_r1,TSAL20250829_0830_interferenceAndInterferenceFree001,29,True,,
TS,26,20250808,20250829,trim_r2_to_r1,TSAL20250829_0830_interferenceAndInterferenceFree001,30,True,,
TS,26,20250808,20250829,trim_r2_to_r1,TSAL20250829_0830_interferenceAndInterferenceFree001,31,True,,
TS,26,20250808,20250829,trim_r2_to_r1,TSAL20250829_0830_interferenceAndInterferenceFree001,32,True,,
TS,26,20250808,20250829,trim_r2_to_r1,TSAL20250829_0830_interferenceAndInterferenceFree001,33,True,,
TS,26,20250808,20250829,trim_r2_to_r1,TSAL20250829_0830_interferenceAndInterferenceFree001,34,True,,
TS,26,20250808,20250829,trim_r2_to_r1,TSAL20250829_0830_interferenceAndInterferenceFree001,35,True,,
TS,26,20250808,20250829,trim_r2_to_r1,TSAL20250829_0830_interferenceAndInterferenceFree001,36,True,,
TS,26,20250808,20250829,trim_r2_to_r1,TSAL20250829_0830_interferenceAndInterferenceFree001,37,True,,
TS,26,20250808,20250829,trim_r2_to_r1,TSAL20250829_0830_interferenceAndInterferenceFree001,38,False,54.0,0.7244724388079428
TS,26,20250808,20250829,trim_r2_to_r1,TSAL20250829_0830_interferenceAndInterferenceFree001,40,False,55.0,0.7110281073495075
TS,26,20250808,20250829,trim_r2_to_r1,TSAL20250829_0830_interferenceAndInterferenceFree001,41,True,,
TS,26,20250808,20250829,trim_r2_to_r1,TSAL20250829_0830_interferenceAndInterferenceFree001,42,True,,
TS,26,20250808,20250829,trim_r2_to_r1,TSAL20250829_0830_interferenceAndInterferenceFree001,43,False,30.0,0.8739512453184205
TS,26,20250808,20250829,trim_r2_to_r1,TSAL20250829_0830_interferenceAndInterferenceFree001,44,False,6.0,0.9417187379945096
TS,26,20250808,20250829,trim_r2_to_r1,TSAL20250829_0830_interferenceAndInterferenceFree001,45,False,1.0,1.6081293910607353
TS,26,20250808,20250829,trim_r2_to_r1,TSAL20250829_0830_interferenceAndInterferenceFree001,46,False,26.0,0.8750950422720816
TS,26,20250808,20250829,trim_r2_to_r1,TSAL20250829_0830_interferenceAndInterferenceFree001,47,False,40.0,0.8329614629844031
TS,26,20250808,20250829,trim_r2_to_r1,TSAL20250829_0830_interferenceAndInterferenceFree001,48,False,53.0,0.7635786855396322
TS,26,20250808,20250829,trim_r2_to_r1,TSAL20250829_0830_interferenceAndInterferenceFree001,49,False,22.0,0.8858964454321321
TS,26,20250808,20250829,trim_r2_to_r1,TSAL20250829_0830_interferenceAndInterferenceFree001,50,False,35.0,0.8563575120399414
TS,26,20250808,20250829,trim_r2_to_r1,TSAL20250829_0830_interferenceAndInterferenceFree001,51,False,42.0,0.8177713608613284
TS,26,20250808,20250829,trim_r2_to_r1,TSAL20250829_0830_interferenceAndInterferenceFree001,52,False,36.0,0.8499159852148478
TS,26,20250808,20250829,trim_r2_to_r1,TSAL20250829_0830_interferenceAndInterferenceFree001,53,False,50.0,0.7970079646043425
TS,26,20250808,20250829,trim_r2_to_r1,TSAL20250829_0830_interferenceAndInterferenceFree001,54,False,34.0,0.8554284981787099
TS,26,20250808,20250829,trim_r2_to_r1,TSAL20250829_0830_interferenceAndInterferenceFree001,55,False,9.0,0.9452137609847254
TS,26,20250808,20250829,trim_r2_to_r1,TSAL20250829_0830_interferenceAndInterferenceFree001,56,False,28.0,0.8730140247625211
TS,26,20250808,20250829,trim_r2_to_r1,TSAL20250829_0830_interferenceAndInterferenceFree001,57,False,5.0,0.9657343963635234
TS,26,20250808,20250829,trim_r2_to_r1,TSAL20250829_0830_interferenceAndInterferenceFree001,58,False,44.0,0.8040108381131732
TS,26,20250808,20250829,trim_r2_to_r1,TSAL20250829_0830_interferenceAndInterferenceFree001,59,False,52.0,0.7718652749515069
TS,26,20250808,20250829,trim_r2_to_r1,TSAL20250829_0830_interferenceAndInterferenceFree001,60,False,17.0,0.8915452026627136
TS,26,20250808,20250829,trim_r2_to_r1,TSAL20250829_0830_interferenceAndInterferenceFree001,61,False,33.0,0.8552177694643736
TS,26,20250808,20250829,trim_r2_to_r1,TSAL20250829_0830_interferenceAndInterferenceFree001,62,False,51.0,0.7869882383546202
TS,26,20250808,20250829,trim_r2_to_r1,TSAL20250829_0830_interferenceAndInterferenceFree001,63,False,13.0,0.9136363067203823
TS,26,20250808,20250829,trim_r2_to_r1,TSAL20250829_0830_interferenceAndInterferenceFree001,64,False,48.0,0.7965724237121689
TS,26,20250808,20250829,trim_r2_to_r1,TSAL20250829_0830_interferenceAndInterferenceFree001,65,False,49.0,0.8003853107065153
TS,26,20250808,20250829,trim_r2_to_r1,TSAL20250829_0830_interferenceAndInterferenceFree001,66,False,46.0,0.8117737797046728
TS,26,20250808,20250829,trim_r2_to_r1,TSAL20250829_0830_interferenceAndInterferenceFree001,67,False,19.0,0.8862489251799076
TS,26,20250808,20250829,trim_r2_to_r1,TSAL20250829_0830_interferenceAndInterferenceFree001,68,False,38.0,0.8572681651232118
TS,26,20250808,20250829,trim_r2_to_r1,TSAL20250829_0830_interferenceAndInterferenceFree001,69,False,39.0,0.8503536597338835
TS,26,20250808,20250829,trim_r2_to_r1,TSAL20250829_0830_interferenceAndInterferenceFree001,70,False,15.0,0.9017229387076201
TS,26,20250808,20250829,trim_r2_to_r1,TSAL20250829_0830_interferenceAndInterferenceFree001,71,False,37.0,0.8551890079850426
TS,26,20250808,20250829,trim_r2_to_r1,TSAL20250829_0830_interferenceAndInterferenceFree001,72,False,43.0,0.8151594601529918
TS,26,20250808,20250829,trim_r2_to_r1,TSAL20250829_0830_interferenceAndInterferenceFree001,73,False,24.0,0.8754912266653292
TS,26,20250808,20250829,trim_r2_to_r1,TSAL20250829_0830_interferenceAndInterferenceFree001,74,False,47.0,0.8174800094287944
TS,26,20250808,20250829,trim_r2_to_r1,TSAL20250829_0830_interferenceAndInterferenceFree001,75,False,14.0,0.9044508396777416
TS,26,20250808,20250829,trim_r2_to_r1,TSAL20250829_0830_interferenceAndInterferenceFree001,76,False,31.0,0.862626523394946
TS,26,20250808,20250829,trim_r2_to_r1,TSAL20250829_0830_interferenceAndInterferenceFree001,77,False,21.0,0.8871836495582134
TS,26,20250808,20250829,trim_r2_to_r1,TSAL20250829_0830_interferenceAndInterferenceFree001,78,False,32.0,0.8534553959287179
TS,26,20250808,20250829,trim_r2_to_r1,TSAL20250829_0830_interferenceAndInterferenceFree001,79,False,20.0,0.8904460905040421
TS,26,20250808,20250829,trim_r2_to_r1,TSAL20250829_0830_interferenceAndInterferenceFree001,81,False,10.0,0.9360968690438147
TS,26,20250808,20250829,trim_r2_to_r1,TSAL20250829_0830_interferenceAndInterferenceFree001,83,False,7.0,0.9415211856261998
TS,26,20250808,20250829,trim_r2_to_r1,TSAL20250829_0830_interferenceAndInterferenceFree001,84,False,11.0,0.935071267557698
TS,26,20250808,20250829,trim_r2_to_r1,TSAL20250829_0830_interferenceAndInterferenceFree001,85,False,16.0,0.8995147574430503
TS,26,20250808,20250829,trim_r2_to_r1,TSAL20250829_0830_interferenceAndInterferenceFree001,86,False,8.0,0.9404946843726187
TS,26,20250808,20250829,trim_r2_to_r1,TSAL20250829_0830_interferenceAndInterferenceFree001,88,False,29.0,0.8730832511074187
TS,26,20250808,20250829,trim_r2_to_r1,TSAL20250829_0830_interferenceAndInterferenceFree001,89,False,25.0,0.8742900919828056
TS,26,20250808,20250829,trim_r2_to_r1,TSAL20250829_0830_interferenceAndInterferenceFree001,90,False,41.0,0.834126704396119
TS,26,20250808,20250829,trim_r2_to_r1,TSAL20250829_0830_interferenceAndInterferenceFree001,91,False,2.0,1.3532300801840176
TS,26,20250808,20250829,trim_r2_to_r1,TSAL20250829_0830_interferenceAndInterferenceFree001,92,False,45.0,0.8069684020340148
TS,26,20250808,20250829,trim_r2_to_r1,TSAL20250829_0830_interferenceAndInterferenceFree001,93,False,18.0,0.8876904636177033
TS,26,20250808,20250829,trim_r2_to_r1,TSAL20250829_0830_interferenceAndInterferenceFree001,94,False,4.0,1.0414702525450104
TS,26,20250808,20250829,trim_r2_to_r1,TSAL20250829_0830_interferenceAndInterferenceFree001,95,False,23.0,0.8813678462245156
TS,26,20250808,20250829,trim_r2_to_r1,TSAL20250829_0830_interferenceAndInterferenceFree001,96,False,12.0,0.92156189100744
TS,26,20250808,20250829,trim_r2_to_r1,TSAL20250829_0830_interferenceAndInterferenceFree001,97,False,3.0,1.1923843486320234
TS,26,20250808,20250829,trim_r2_to_r1,TSAL20250829_0830_interferenceAndInterferenceFree001,98,False,27.0,0.8740150812547309
TS,26,20250808,20250829,trim_r1_to_r2,TSAL20250808_0830_staticAndStaticFree001,1,False,18.0,0.4981481331728139
TS,26,20250808,20250829,trim_r1_to_r2,TSAL20250808_0830_staticAndStaticFree001,2,True,,
TS,26,20250808,20250829,trim_r1_to_r2,TSAL20250808_0830_staticAndStaticFree001,3,False,20.0,0.5028392836755371
TS,26,20250808,20250829,trim_r1_to_r2,TSAL20250808_0830_staticAndStaticFree001,5,True,,
TS,26,20250808,20250829,trim_r1_to_r2,TSAL20250808_0830_staticAndStaticFree001,8,True,,
TS,26,20250808,20250829,trim_r1_to_r2,TSAL20250808_0830_staticAndStaticFree001,11,True,,
TS,26,20250808,20250829,trim_r1_to_r2,TSAL20250808_0830_staticAndStaticFree001,12,True,,
TS,26,20250808,20250829,trim_r1_to_r2,TSAL20250808_0830_staticAndStaticFree001,13,True,,
TS,26,20250808,20250829,trim_r1_to_r2,TSAL20250808_0830_staticAndStaticFree001,14,True,,
TS,26,20250808,20250829,trim_r1_to_r2,TSAL20250808_0830_staticAndStaticFree001,16,False,24.0,0.5152338585898173
TS,26,20250808,20250829,trim_r1_to_r2,TSAL20250808_0830_staticAndStaticFree001,17,True,,
TS,26,20250808,20250829,trim_r1_to_r2,TSAL20250808_0830_staticAndStaticFree001,18,False,27.0,0.5196255846028901
TS,26,20250808,20250829,trim_r1_to_r2,TSAL20250808_0830_staticAndStaticFree001,19,False,15.0,0.4824472898812573
TS,26,20250808,20250829,trim_r1_to_r2,TSAL20250808_0830_staticAndStaticFree001,20,False,12.0,0.47762795165750616
TS,26,20250808,20250829,trim_r1_to_r2,TSAL20250808_0830_staticAndStaticFree001,21,False,35.0,0.5470086691775294
TS,26,20250808,20250829,trim_r1_to_r2,TSAL20250808_0830_staticAndStaticFree001,22,False,8.0,0.46039629348037436
TS,26,20250808,20250829,trim_r1_to_r2,TSAL20250808_0830_staticAndStaticFree001,23,False,29.0,0.5280899658098394
TS,26,20250808,20250829,trim_r1_to_r2,TSAL20250808_0830_staticAndStaticFree001,24,False,25.0,0.5145729611063011
TS,26,20250808,20250829,trim_r1_to_r2,TSAL20250808_0830_staticAndStaticFree001,25,False,6.0,0.45446321002473183
TS,26,20250808,20250829,trim_r1_to_r2,TSAL20250808_0830_staticAndStaticFree001,26,True,,
TS,26,20250808,20250829,trim_r1_to_r2,TSAL20250808_0830_staticAndStaticFree001,27,False,19.0,0.4994672438300402
TS,26,20250808,20250829,trim_r1_to_r2,TSAL20250808_0830_staticAndStaticFree001,28,False,36.0,0.5541597169276464
TS,26,20250808,20250829,trim_r1_to_r2,TSAL20250808_0830_staticAndStaticFree001,29,False,17.0,0.4923281137262036
TS,26,20250808,20250829,trim_r1_to_r2,TSAL20250808_0830_staticAndStaticFree001,30,False,38.0,0.5565142246534162
TS,26,20250808,20250829,trim_r1_to_r2,TSAL20250808_0830_staticAndStaticFree001,32,False,4.0,0.44602827456678473
TS,26,20250808,20250829,trim_r1_to_r2,TSAL20250808_0830_staticAndStaticFree001,33,False,3.0,0.4424002858153051
TS,26,20250808,20250829,trim_r1_to_r2,TSAL20250808_0830_staticAndStaticFree001,34,False,31.0,0.5335749389125453
TS,26,20250808,20250829,trim_r1_to_r2,TSAL20250808_0830_staticAndStaticFree001,35,True,,
TS,26,20250808,20250829,trim_r1_to_r2,TSAL20250808_0830_staticAndStaticFree001,36,True,,
TS,26,20250808,20250829,trim_r1_to_r2,TSAL20250808_0830_staticAndStaticFree001,37,False,22.0,0.5077962036572391
TS,26,20250808,20250829,trim_r1_to_r2,TSAL20250808_0830_staticAndStaticFree001,38,False,30.0,0.5311702562720552
TS,26,20250808,20250829,trim_r1_to_r2,TSAL20250808_0830_staticAndStaticFree001,39,True,,
TS,26,20250808,20250829,trim_r1_to_r2,TSAL20250808_0830_staticAndStaticFree001,40,True,,
TS,26,20250808,20250829,trim_r1_to_r2,TSAL20250808_0830_staticAndStaticFree001,41,True,,
TS,26,20250808,20250829,trim_r1_to_r2,TSAL20250808_0830_staticAndStaticFree001,42,False,32.0,0.5379218148955281
TS,26,20250808,20250829,trim_r1_to_r2,TSAL20250808_0830_staticAndStaticFree001,43,True,,
TS,26,20250808,20250829,trim_r1_to_r2,TSAL20250808_0830_staticAndStaticFree001,44,False,23.0,0.5116955359937478
TS,26,20250808,20250829,trim_r1_to_r2,TSAL20250808_0830_staticAndStaticFree001,45,True,,
TS,26,20250808,20250829,trim_r1_to_r2,TSAL20250808_0830_staticAndStaticFree001,46,False,26.0,0.5187259059172717
TS,26,20250808,20250829,trim_r1_to_r2,TSAL20250808_0830_staticAndStaticFree001,47,True,,
TS,26,20250808,20250829,trim_r1_to_r2,TSAL20250808_0830_staticAndStaticFree001,49,True,,
TS,26,20250808,20250829,trim_r1_to_r2,TSAL20250808_0830_staticAndStaticFree001,51,False,5.0,0.45259997082782993
TS,26,20250808,20250829,trim_r1_to_r2,TSAL20250808_0830_staticAndStaticFree001,52,False,28.0,0.52465877590317
TS,26,20250808,20250829,trim_r1_to_r2,TSAL20250808_0830_staticAndStaticFree001,53,True,,
TS,26,20250808,20250829,trim_r1_to_r2,TSAL20250808_0830_staticAndStaticFree001,54,False,1.0,0.4198863767220034
TS,26,20250808,20250829,trim_r1_to_r2,TSAL20250808_0830_staticAndStaticFree001,56,True,,
TS,26,20250808,20250829,trim_r1_to_r2,TSAL20250808_0830_staticAndStaticFree001,57,True,,
TS,26,20250808,20250829,trim_r1_to_r2,TSAL20250808_0830_staticAndStaticFree001,58,True,,
TS,26,20250808,20250829,trim_r1_to_r2,TSAL20250808_0830_staticAndStaticFree001,59,False,14.0,0.47959080621189654
TS,26,20250808,20250829,trim_r1_to_r2,TSAL20250808_0830_staticAndStaticFree001,60,False,13.0,0.4783145378397582
TS,26,20250808,20250829,trim_r1_to_r2,TSAL20250808_0830_staticAndStaticFree001,61,True,,
TS,26,20250808,20250829,trim_r1_to_r2,TSAL20250808_0830_staticAndStaticFree001,62,False,10.0,0.46512171882543807
TS,26,20250808,20250829,trim_r1_to_r2,TSAL20250808_0830_staticAndStaticFree001,63,True,,
TS,26,20250808,20250829,trim_r1_to_r2,TSAL20250808_0830_staticAndStaticFree001,64,False,7.0,0.45565721796425024
TS,26,20250808,20250829,trim_r1_to_r2,TSAL20250808_0830_staticAndStaticFree001,65,False,34.0,0.5442187415673595
TS,26,20250808,20250829,trim_r1_to_r2,TSAL20250808_0830_staticAndStaticFree001,66,False,9.0,0.4621782955228846
TS,26,20250808,20250829,trim_r1_to_r2,TSAL20250808_0830_staticAndStaticFree001,67,False,21.0,0.5039332977201841
TS,26,20250808,20250829,trim_r1_to_r2,TSAL20250808_0830_staticAndStaticFree001,69,False,37.0,0.5524717349946274
TS,26,20250808,20250829,trim_r1_to_r2,TSAL20250808_0830_staticAndStaticFree001,70,False,16.0,0.48682374732816786
TS,26,20250808,20250829,trim_r1_to_r2,TSAL20250808_0830_staticAndStaticFree001,71,False,2.0,0.4412371572162134
TS,26,20250808,20250829,trim_r1_to_r2,TSAL20250808_0830_staticAndStaticFree001,72,False,33.0,0.5413179318969172
TS,26,20250808,20250829,trim_r1_to_r2,TSAL20250808_0830_staticAndStaticFree001,73,False,11.0,0.47281430496920035
TS,27,20250808,20250830,trim_r2_to_r1,TSAL20250830_0830_interferenceAndInterferenceFree001,1,True,,
TS,27,20250808,20250830,trim_r2_to_r1,TSAL20250830_0830_interferenceAndInterferenceFree001,2,True,,
TS,27,20250808,20250830,trim_r2_to_r1,TSAL20250830_0830_interferenceAndInterferenceFree001,3,True,,
TS,27,20250808,20250830,trim_r2_to_r1,TSAL20250830_0830_interferenceAndInterferenceFree001,4,True,,
TS,27,20250808,20250830,trim_r2_to_r1,TSAL20250830_0830_interferenceAndInterferenceFree001,5,True,,
TS,27,20250808,20250830,trim_r2_to_r1,TSAL20250830_0830_interferenceAndInterferenceFree001,6,True,,
TS,27,20250808,20250830,trim_r2_to_r1,TSAL20250830_0830_interferenceAndInterferenceFree001,7,True,,
TS,27,20250808,20250830,trim_r2_to_r1,TSAL20250830_0830_interferenceAndInterferenceFree001,8,True,,
TS,27,20250808,20250830,trim_r2_to_r1,TSAL20250830_0830_interferenceAndInterferenceFree001,9,True,,
TS,27,20250808,20250830,trim_r2_to_r1,TSAL20250830_0830_interferenceAndInterferenceFree001,10,True,,
TS,27,20250808,20250830,trim_r2_to_r1,TSAL20250830_0830_interferenceAndInterferenceFree001,12,False,10.0,0.8803871899949374
TS,27,20250808,20250830,trim_r2_to_r1,TSAL20250830_0830_interferenceAndInterferenceFree001,13,True,,
TS,27,20250808,20250830,trim_r2_to_r1,TSAL20250830_0830_interferenceAndInterferenceFree001,14,True,,
TS,27,20250808,20250830,trim_r2_to_r1,TSAL20250830_0830_interferenceAndInterferenceFree001,15,False,26.0,0.7330189491300624
TS,27,20250808,20250830,trim_r2_to_r1,TSAL20250830_0830_interferenceAndInterferenceFree001,16,True,,
TS,27,20250808,20250830,trim_r2_to_r1,TSAL20250830_0830_interferenceAndInterferenceFree001,17,False,1.0,1.0492151016052262
TS,27,20250808,20250830,trim_r2_to_r1,TSAL20250830_0830_interferenceAndInterferenceFree001,18,True,,
TS,27,20250808,20250830,trim_r2_to_r1,TSAL20250830_0830_interferenceAndInterferenceFree001,19,True,,
TS,27,20250808,20250830,trim_r2_to_r1,TSAL20250830_0830_interferenceAndInterferenceFree001,20,False,28.0,0.7142008799070457
TS,27,20250808,20250830,trim_r2_to_r1,TSAL20250830_0830_interferenceAndInterferenceFree001,21,True,,
TS,27,20250808,20250830,trim_r2_to_r1,TSAL20250830_0830_interferenceAndInterferenceFree001,23,False,29.0,0.6973303766250575
TS,27,20250808,20250830,trim_r2_to_r1,TSAL20250830_0830_interferenceAndInterferenceFree001,24,True,,
TS,27,20250808,20250830,trim_r2_to_r1,TSAL20250830_0830_interferenceAndInterferenceFree001,25,True,,
TS,27,20250808,20250830,trim_r2_to_r1,TSAL20250830_0830_interferenceAndInterferenceFree001,26,True,,
TS,27,20250808,20250830,trim_r2_to_r1,TSAL20250830_0830_interferenceAndInterferenceFree001,27,True,,
TS,27,20250808,20250830,trim_r2_to_r1,TSAL20250830_0830_interferenceAndInterferenceFree001,28,False,2.0,1.0247479159019566
TS,27,20250808,20250830,trim_r2_to_r1,TSAL20250830_0830_interferenceAndInterferenceFree001,29,True,,
TS,27,20250808,20250830,trim_r2_to_r1,TSAL20250830_0830_interferenceAndInterferenceFree001,30,True,,
TS,27,20250808,20250830,trim_r2_to_r1,TSAL20250830_0830_interferenceAndInterferenceFree001,31,True,,
TS,27,20250808,20250830,trim_r2_to_r1,TSAL20250830_0830_interferenceAndInterferenceFree001,32,True,,
TS,27,20250808,20250830,trim_r2_to_r1,TSAL20250830_0830_interferenceAndInterferenceFree001,33,True,,
TS,27,20250808,20250830,trim_r2_to_r1,TSAL20250830_0830_interferenceAndInterferenceFree001,34,True,,
TS,27,20250808,20250830,trim_r2_to_r1,TSAL20250830_0830_interferenceAndInterferenceFree001,35,True,,
TS,27,20250808,20250830,trim_r2_to_r1,TSAL20250830_0830_interferenceAndInterferenceFree001,36,False,33.0,0.676550960324344
TS,27,20250808,20250830,trim_r2_to_r1,TSAL20250830_0830_interferenceAndInterferenceFree001,37,True,,
TS,27,20250808,20250830,trim_r2_to_r1,TSAL20250830_0830_interferenceAndInterferenceFree001,38,False,30.0,0.6902882243719108
TS,27,20250808,20250830,trim_r2_to_r1,TSAL20250830_0830_interferenceAndInterferenceFree001,40,True,,
TS,27,20250808,20250830,trim_r2_to_r1,TSAL20250830_0830_interferenceAndInterferenceFree001,41,False,27.0,0.727194039046351
TS,27,20250808,20250830,trim_r2_to_r1,TSAL20250830_0830_interferenceAndInterferenceFree001,42,False,32.0,0.6801520552531221
TS,27,20250808,20250830,trim_r2_to_r1,TSAL20250830_0830_interferenceAndInterferenceFree001,43,True,,
TS,27,20250808,20250830,trim_r2_to_r1,TSAL20250830_0830_interferenceAndInterferenceFree001,44,False,3.0,0.9620676372370269
TS,27,20250808,20250830,trim_r2_to_r1,TSAL20250830_0830_interferenceAndInterferenceFree001,45,False,6.0,0.9112092901601999
TS,27,20250808,20250830,trim_r2_to_r1,TSAL20250830_0830_interferenceAndInterferenceFree001,46,False,25.0,0.7636954212181557
TS,27,20250808,20250830,trim_r2_to_r1,TSAL20250830_0830_interferenceAndInterferenceFree001,47,True,,
TS,27,20250808,20250830,trim_r2_to_r1,TSAL20250830_0830_interferenceAndInterferenceFree001,48,True,,
TS,27,20250808,20250830,trim_r2_to_r1,TSAL20250830_0830_interferenceAndInterferenceFree001,49,True,,
TS,27,20250808,20250830,trim_r2_to_r1,TSAL20250830_0830_interferenceAndInterferenceFree001,50,True,,
TS,27,20250808,20250830,trim_r2_to_r1,TSAL20250830_0830_interferenceAndInterferenceFree001,52,False,23.0,0.7858855243241208
TS,27,20250808,20250830,trim_r2_to_r1,TSAL20250830_0830_interferenceAndInterferenceFree001,53,True,,
TS,27,20250808,20250830,trim_r2_to_r1,TSAL20250830_0830_interferenceAndInterferenceFree001,54,True,,
TS,27,20250808,20250830,trim_r2_to_r1,TSAL20250830_0830_interferenceAndInterferenceFree001,55,False,16.0,0.8185616927130437
TS,27,20250808,20250830,trim_r2_to_r1,TSAL20250830_0830_interferenceAndInterferenceFree001,56,False,18.0,0.808502823701752
TS,27,20250808,20250830,trim_r2_to_r1,TSAL20250830_0830_interferenceAndInterferenceFree001,57,False,19.0,0.803995870130546
TS,27,20250808,20250830,trim_r2_to_r1,TSAL20250830_0830_interferenceAndInterferenceFree001,58,True,,
TS,27,20250808,20250830,trim_r2_to_r1,TSAL20250830_0830_interferenceAndInterferenceFree001,60,False,17.0,0.8126000458941938
TS,27,20250808,20250830,trim_r2_to_r1,TSAL20250830_0830_interferenceAndInterferenceFree001,61,True,,
TS,27,20250808,20250830,trim_r2_to_r1,TSAL20250830_0830_interferenceAndInterferenceFree001,62,True,,
TS,27,20250808,20250830,trim_r2_to_r1,TSAL20250830_0830_interferenceAndInterferenceFree001,63,True,,
TS,27,20250808,20250830,trim_r2_to_r1,TSAL20250830_0830_interferenceAndInterferenceFree001,64,False,15.0,0.8365395002768805
TS,27,20250808,20250830,trim_r2_to_r1,TSAL20250830_0830_interferenceAndInterferenceFree001,65,True,,
TS,27,20250808,20250830,trim_r2_to_r1,TSAL20250830_0830_interferenceAndInterferenceFree001,66,False,31.0,0.6794902723268347
TS,27,20250808,20250830,trim_r2_to_r1,TSAL20250830_0830_interferenceAndInterferenceFree001,67,True,,
TS,27,20250808,20250830,trim_r2_to_r1,TSAL20250830_0830_interferenceAndInterferenceFree001,68,False,4.0,0.9281237245193258
TS,27,20250808,20250830,trim_r2_to_r1,TSAL20250830_0830_interferenceAndInterferenceFree001,69,False,8.0,0.8855685020917664
TS,27,20250808,20250830,trim_r2_to_r1,TSAL20250830_0830_interferenceAndInterferenceFree001,70,False,5.0,0.9171297549018407
TS,27,20250808,20250830,trim_r2_to_r1,TSAL20250830_0830_interferenceAndInterferenceFree001,71,False,7.0,0.8967896872709239
TS,27,20250808,20250830,trim_r2_to_r1,TSAL20250830_0830_interferenceAndInterferenceFree001,72,False,11.0,0.8674520627247374
TS,27,20250808,20250830,trim_r2_to_r1,TSAL20250830_0830_interferenceAndInterferenceFree001,73,False,9.0,0.8848613529661441
TS,27,20250808,20250830,trim_r2_to_r1,TSAL20250830_0830_interferenceAndInterferenceFree001,74,True,,
TS,27,20250808,20250830,trim_r2_to_r1,TSAL20250830_0830_interferenceAndInterferenceFree001,75,False,20.0,0.7964154702874082
TS,27,20250808,20250830,trim_r2_to_r1,TSAL20250830_0830_interferenceAndInterferenceFree001,76,False,21.0,0.7929587990759963
TS,27,20250808,20250830,trim_r2_to_r1,TSAL20250830_0830_interferenceAndInterferenceFree001,77,False,13.0,0.8372465128212512
TS,27,20250808,20250830,trim_r2_to_r1,TSAL20250830_0830_interferenceAndInterferenceFree001,79,True,,
TS,27,20250808,20250830,trim_r2_to_r1,TSAL20250830_0830_interferenceAndInterferenceFree001,81,True,,
TS,27,20250808,20250830,trim_r2_to_r1,TSAL20250830_0830_interferenceAndInterferenceFree001,82,False,24.0,0.7651805783741491
TS,27,20250808,20250830,trim_r2_to_r1,TSAL20250830_0830_interferenceAndInterferenceFree001,83,False,22.0,0.7950211619540893
TS,27,20250808,20250830,trim_r2_to_r1,TSAL20250830_0830_interferenceAndInterferenceFree001,86,False,14.0,0.8401338234245985
TS,27,20250808,20250830,trim_r2_to_r1,TSAL20250830_0830_interferenceAndInterferenceFree001,87,True,,
TS,27,20250808,20250830,trim_r2_to_r1,TSAL20250830_0830_interferenceAndInterferenceFree001,88,False,12.0,0.8617866480545344
TS,27,20250808,20250830,trim_r1_to_r2,TSAL20250808_0830_staticAndStaticFree001,1,False,18.0,0.4981481331728139
TS,27,20250808,20250830,trim_r1_to_r2,TSAL20250808_0830_staticAndStaticFree001,2,True,,
TS,27,20250808,20250830,trim_r1_to_r2,TSAL20250808_0830_staticAndStaticFree001,3,False,20.0,0.5028392836755371
TS,27,20250808,20250830,trim_r1_to_r2,TSAL20250808_0830_staticAndStaticFree001,5,True,,
TS,27,20250808,20250830,trim_r1_to_r2,TSAL20250808_0830_staticAndStaticFree001,8,True,,
TS,27,20250808,20250830,trim_r1_to_r2,TSAL20250808_0830_staticAndStaticFree001,11,True,,
TS,27,20250808,20250830,trim_r1_to_r2,TSAL20250808_0830_staticAndStaticFree001,12,True,,
TS,27,20250808,20250830,trim_r1_to_r2,TSAL20250808_0830_staticAndStaticFree001,13,True,,
TS,27,20250808,20250830,trim_r1_to_r2,TSAL20250808_0830_staticAndStaticFree001,14,True,,
TS,27,20250808,20250830,trim_r1_to_r2,TSAL20250808_0830_staticAndStaticFree001,16,False,24.0,0.5152338585898173
TS,27,20250808,20250830,trim_r1_to_r2,TSAL20250808_0830_staticAndStaticFree001,17,True,,
TS,27,20250808,20250830,trim_r1_to_r2,TSAL20250808_0830_staticAndStaticFree001,18,False,27.0,0.5196255846028901
TS,27,20250808,20250830,trim_r1_to_r2,TSAL20250808_0830_staticAndStaticFree001,19,False,15.0,0.4824472898812573
TS,27,20250808,20250830,trim_r1_to_r2,TSAL20250808_0830_staticAndStaticFree001,20,False,12.0,0.47762795165750616
TS,27,20250808,20250830,trim_r1_to_r2,TSAL20250808_0830_staticAndStaticFree001,21,True,,
TS,27,20250808,20250830,trim_r1_to_r2,TSAL20250808_0830_staticAndStaticFree001,22,False,8.0,0.46039629348037436
TS,27,20250808,20250830,trim_r1_to_r2,TSAL20250808_0830_staticAndStaticFree001,23,False,29.0,0.5280899658098394
TS,27,20250808,20250830,trim_r1_to_r2,TSAL20250808_0830_staticAndStaticFree001,24,False,25.0,0.5145729611063011
TS,27,20250808,20250830,trim_r1_to_r2,TSAL20250808_0830_staticAndStaticFree001,25,False,6.0,0.45446321002473183
TS,27,20250808,20250830,trim_r1_to_r2,TSAL20250808_0830_staticAndStaticFree001,26,True,,
TS,27,20250808,20250830,trim_r1_to_r2,TSAL20250808_0830_staticAndStaticFree001,27,False,19.0,0.4994672438300402
TS,27,20250808,20250830,trim_r1_to_r2,TSAL20250808_0830_staticAndStaticFree001,28,True,,
TS,27,20250808,20250830,trim_r1_to_r2,TSAL20250808_0830_staticAndStaticFree001,29,False,17.0,0.4923281137262036
TS,27,20250808,20250830,trim_r1_to_r2,TSAL20250808_0830_staticAndStaticFree001,30,True,,
TS,27,20250808,20250830,trim_r1_to_r2,TSAL20250808_0830_staticAndStaticFree001,32,False,4.0,0.44602827456678473
TS,27,20250808,20250830,trim_r1_to_r2,TSAL20250808_0830_staticAndStaticFree001,33,False,3.0,0.4424002858153051
TS,27,20250808,20250830,trim_r1_to_r2,TSAL20250808_0830_staticAndStaticFree001,34,True,,
TS,27,20250808,20250830,trim_r1_to_r2,TSAL20250808_0830_staticAndStaticFree001,35,True,,
TS,27,20250808,20250830,trim_r1_to_r2,TSAL20250808_0830_staticAndStaticFree001,36,True,,
TS,27,20250808,20250830,trim_r1_to_r2,TSAL20250808_0830_staticAndStaticFree001,37,False,22.0,0.5077962036572391
TS,27,20250808,20250830,trim_r1_to_r2,TSAL20250808_0830_staticAndStaticFree001,38,True,,
TS,27,20250808,20250830,trim_r1_to_r2,TSAL20250808_0830_staticAndStaticFree001,39,True,,
TS,27,20250808,20250830,trim_r1_to_r2,TSAL20250808_0830_staticAndStaticFree001,40,True,,
TS,27,20250808,20250830,trim_r1_to_r2,TSAL20250808_0830_staticAndStaticFree001,41,True,,
TS,27,20250808,20250830,trim_r1_to_r2,TSAL20250808_0830_staticAndStaticFree001,42,True,,
TS,27,20250808,20250830,trim_r1_to_r2,TSAL20250808_0830_staticAndStaticFree001,43,True,,
TS,27,20250808,20250830,trim_r1_to_r2,TSAL20250808_0830_staticAndStaticFree001,44,False,23.0,0.5116955359937478
TS,27,20250808,20250830,trim_r1_to_r2,TSAL20250808_0830_staticAndStaticFree001,45,True,,
TS,27,20250808,20250830,trim_r1_to_r2,TSAL20250808_0830_staticAndStaticFree001,46,False,26.0,0.5187259059172717
TS,27,20250808,20250830,trim_r1_to_r2,TSAL20250808_0830_staticAndStaticFree001,47,True,,
TS,27,20250808,20250830,trim_r1_to_r2,TSAL20250808_0830_staticAndStaticFree001,49,True,,
TS,27,20250808,20250830,trim_r1_to_r2,TSAL20250808_0830_staticAndStaticFree001,51,False,5.0,0.45259997082782993
TS,27,20250808,20250830,trim_r1_to_r2,TSAL20250808_0830_staticAndStaticFree001,52,False,28.0,0.52465877590317
TS,27,20250808,20250830,trim_r1_to_r2,TSAL20250808_0830_staticAndStaticFree001,53,True,,
TS,27,20250808,20250830,trim_r1_to_r2,TSAL20250808_0830_staticAndStaticFree001,54,False,1.0,0.4198863767220034
TS,27,20250808,20250830,trim_r1_to_r2,TSAL20250808_0830_staticAndStaticFree001,56,True,,
TS,27,20250808,20250830,trim_r1_to_r2,TSAL20250808_0830_staticAndStaticFree001,57,True,,
TS,27,20250808,20250830,trim_r1_to_r2,TSAL20250808_0830_staticAndStaticFree001,58,True,,
TS,27,20250808,20250830,trim_r1_to_r2,TSAL20250808_0830_staticAndStaticFree001,59,False,14.0,0.47959080621189654
TS,27,20250808,20250830,trim_r1_to_r2,TSAL20250808_0830_staticAndStaticFree001,60,False,13.0,0.4783145378397582
TS,27,20250808,20250830,trim_r1_to_r2,TSAL20250808_0830_staticAndStaticFree001,61,True,,
TS,27,20250808,20250830,trim_r1_to_r2,TSAL20250808_0830_staticAndStaticFree001,62,False,10.0,0.46512171882543807
TS,27,20250808,20250830,trim_r1_to_r2,TSAL20250808_0830_staticAndStaticFree001,63,True,,
TS,27,20250808,20250830,trim_r1_to_r2,TSAL20250808_0830_staticAndStaticFree001,64,False,7.0,0.45565721796425024
TS,27,20250808,20250830,trim_r1_to_r2,TSAL20250808_0830_staticAndStaticFree001,65,True,,
TS,27,20250808,20250830,trim_r1_to_r2,TSAL20250808_0830_staticAndStaticFree001,66,False,9.0,0.4621782955228846
TS,27,20250808,20250830,trim_r1_to_r2,TSAL20250808_0830_staticAndStaticFree001,67,False,21.0,0.5039332977201841
TS,27,20250808,20250830,trim_r1_to_r2,TSAL20250808_0830_staticAndStaticFree001,69,True,,
TS,27,20250808,20250830,trim_r1_to_r2,TSAL20250808_0830_staticAndStaticFree001,70,False,16.0,0.48682374732816786
TS,27,20250808,20250830,trim_r1_to_r2,TSAL20250808_0830_staticAndStaticFree001,71,False,2.0,0.4412371572162134
TS,27,20250808,20250830,trim_r1_to_r2,TSAL20250808_0830_staticAndStaticFree001,72,True,,
TS,27,20250808,20250830,trim_r1_to_r2,TSAL20250808_0830_staticAndStaticFree001,73,False,11.0,0.47281430496920035
TS,28,20250809,20250828,trim_r2_to_r1,TSAL20250828_0830_interferenceAndInterferenceFree001,0,False,13.0,0.9328758805711543
TS,28,20250809,20250828,trim_r2_to_r1,TSAL20250828_0830_interferenceAndInterferenceFree001,1,False,27.0,0.8804520818664984
TS,28,20250809,20250828,trim_r2_to_r1,TSAL20250828_0830_interferenceAndInterferenceFree001,2,False,23.0,0.8916672805300823
TS,28,20250809,20250828,trim_r2_to_r1,TSAL20250828_0830_interferenceAndInterferenceFree001,3,False,44.0,0.8262183746977938
TS,28,20250809,20250828,trim_r2_to_r1,TSAL20250828_0830_interferenceAndInterferenceFree001,4,False,47.0,0.8314179151540733
TS,28,20250809,20250828,trim_r2_to_r1,TSAL20250828_0830_interferenceAndInterferenceFree001,5,False,17.0,0.9193654957714394
TS,28,20250809,20250828,trim_r2_to_r1,TSAL20250828_0830_interferenceAndInterferenceFree001,6,False,31.0,0.8727619226993827
TS,28,20250809,20250828,trim_r2_to_r1,TSAL20250828_0830_interferenceAndInterferenceFree001,7,False,28.0,0.879892038343384
TS,28,20250809,20250828,trim_r2_to_r1,TSAL20250828_0830_interferenceAndInterferenceFree001,8,False,22.0,0.8929268714063134
TS,28,20250809,20250828,trim_r2_to_r1,TSAL20250828_0830_interferenceAndInterferenceFree001,9,False,16.0,0.9278487054730683
TS,28,20250809,20250828,trim_r2_to_r1,TSAL20250828_0830_interferenceAndInterferenceFree001,10,False,7.0,0.9687159576304307
TS,28,20250809,20250828,trim_r2_to_r1,TSAL20250828_0830_interferenceAndInterferenceFree001,11,False,8.0,0.9662147508901726
TS,28,20250809,20250828,trim_r2_to_r1,TSAL20250828_0830_interferenceAndInterferenceFree001,12,False,19.0,0.8912185866766044
TS,28,20250809,20250828,trim_r2_to_r1,TSAL20250828_0830_interferenceAndInterferenceFree001,13,False,26.0,0.8820106986332331
TS,28,20250809,20250828,trim_r2_to_r1,TSAL20250828_0830_interferenceAndInterferenceFree001,14,False,21.0,0.8962151769012942
TS,28,20250809,20250828,trim_r2_to_r1,TSAL20250828_0830_interferenceAndInterferenceFree001,15,False,30.0,0.8792597486797697
TS,28,20250809,20250828,trim_r2_to_r1,TSAL20250828_0830_interferenceAndInterferenceFree001,16,False,32.0,0.8780444139241316
TS,28,20250809,20250828,trim_r2_to_r1,TSAL20250828_0830_interferenceAndInterferenceFree001,17,False,34.0,0.8691568513896865
TS,28,20250809,20250828,trim_r2_to_r1,TSAL20250828_0830_interferenceAndInterferenceFree001,18,False,20.0,0.8941206103798168
TS,28,20250809,20250828,trim_r2_to_r1,TSAL20250828_0830_interferenceAndInterferenceFree001,19,False,25.0,0.8853457713729647
TS,28,20250809,20250828,trim_r2_to_r1,TSAL20250828_0830_interferenceAndInterferenceFree001,20,False,46.0,0.823236071524928
TS,28,20250809,20250828,trim_r2_to_r1,TSAL20250828_0830_interferenceAndInterferenceFree001,21,False,33.0,0.8790074500641246
TS,28,20250809,20250828,trim_r2_to_r1,TSAL20250828_0830_interferenceAndInterferenceFree001,22,False,29.0,0.8768629287314258
TS,28,20250809,20250828,trim_r2_to_r1,TSAL20250828_0830_interferenceAndInterferenceFree001,23,False,35.0,0.8639319721548765
TS,28,20250809,20250828,trim_r2_to_r1,TSAL20250828_0830_interferenceAndInterferenceFree001,24,False,54.0,0.7774076297380569
TS,28,20250809,20250828,trim_r2_to_r1,TSAL20250828_0830_interferenceAndInterferenceFree001,25,True,,
TS,28,20250809,20250828,trim_r2_to_r1,TSAL20250828_0830_interferenceAndInterferenceFree001,26,True,,
TS,28,20250809,20250828,trim_r2_to_r1,TSAL20250828_0830_interferenceAndInterferenceFree001,27,False,1.0,1.1038034032743222
TS,28,20250809,20250828,trim_r2_to_r1,TSAL20250828_0830_interferenceAndInterferenceFree001,28,True,,
TS,28,20250809,20250828,trim_r2_to_r1,TSAL20250828_0830_interferenceAndInterferenceFree001,29,True,,
TS,28,20250809,20250828,trim_r2_to_r1,TSAL20250828_0830_interferenceAndInterferenceFree001,30,True,,
TS,28,20250809,20250828,trim_r2_to_r1,TSAL20250828_0830_interferenceAndInterferenceFree001,31,False,55.0,0.7519135769002167
TS,28,20250809,20250828,trim_r2_to_r1,TSAL20250828_0830_interferenceAndInterferenceFree001,32,True,,
TS,28,20250809,20250828,trim_r2_to_r1,TSAL20250828_0830_interferenceAndInterferenceFree001,33,True,,
TS,28,20250809,20250828,trim_r2_to_r1,TSAL20250828_0830_interferenceAndInterferenceFree001,34,True,,
TS,28,20250809,20250828,trim_r2_to_r1,TSAL20250828_0830_interferenceAndInterferenceFree001,35,True,,
TS,28,20250809,20250828,trim_r2_to_r1,TSAL20250828_0830_interferenceAndInterferenceFree001,36,True,,
TS,28,20250809,20250828,trim_r2_to_r1,TSAL20250828_0830_interferenceAndInterferenceFree001,37,True,,
TS,28,20250809,20250828,trim_r2_to_r1,TSAL20250828_0830_interferenceAndInterferenceFree001,38,False,53.0,0.8001658372252908
TS,28,20250809,20250828,trim_r2_to_r1,TSAL20250828_0830_interferenceAndInterferenceFree001,42,True,,
TS,28,20250809,20250828,trim_r2_to_r1,TSAL20250828_0830_interferenceAndInterferenceFree001,43,True,,
TS,28,20250809,20250828,trim_r2_to_r1,TSAL20250828_0830_interferenceAndInterferenceFree001,44,True,,
TS,28,20250809,20250828,trim_r2_to_r1,TSAL20250828_0830_interferenceAndInterferenceFree001,45,True,,
TS,28,20250809,20250828,trim_r2_to_r1,TSAL20250828_0830_interferenceAndInterferenceFree001,46,True,,
TS,28,20250809,20250828,trim_r2_to_r1,TSAL20250828_0830_interferenceAndInterferenceFree001,47,True,,
TS,28,20250809,20250828,trim_r2_to_r1,TSAL20250828_0830_interferenceAndInterferenceFree001,48,True,,
TS,28,20250809,20250828,trim_r2_to_r1,TSAL20250828_0830_interferenceAndInterferenceFree001,49,True,,
TS,28,20250809,20250828,trim_r2_to_r1,TSAL20250828_0830_interferenceAndInterferenceFree001,50,False,39.0,0.8451810198104147
TS,28,20250809,20250828,trim_r2_to_r1,TSAL20250828_0830_interferenceAndInterferenceFree001,51,True,,
TS,28,20250809,20250828,trim_r2_to_r1,TSAL20250828_0830_interferenceAndInterferenceFree001,52,True,,
TS,28,20250809,20250828,trim_r2_to_r1,TSAL20250828_0830_interferenceAndInterferenceFree001,53,True,,
TS,28,20250809,20250828,trim_r2_to_r1,TSAL20250828_0830_interferenceAndInterferenceFree001,54,True,,
TS,28,20250809,20250828,trim_r2_to_r1,TSAL20250828_0830_interferenceAndInterferenceFree001,55,False,57.0,0.730047726021223
TS,28,20250809,20250828,trim_r2_to_r1,TSAL20250828_0830_interferenceAndInterferenceFree001,56,True,,
TS,28,20250809,20250828,trim_r2_to_r1,TSAL20250828_0830_interferenceAndInterferenceFree001,57,False,56.0,0.7383805941377649
TS,28,20250809,20250828,trim_r2_to_r1,TSAL20250828_0830_interferenceAndInterferenceFree001,58,True,,
TS,28,20250809,20250828,trim_r2_to_r1,TSAL20250828_0830_interferenceAndInterferenceFree001,59,True,,
TS,28,20250809,20250828,trim_r2_to_r1,TSAL20250828_0830_interferenceAndInterferenceFree001,60,True,,
TS,28,20250809,20250828,trim_r2_to_r1,TSAL20250828_0830_interferenceAndInterferenceFree001,61,True,,
TS,28,20250809,20250828,trim_r2_to_r1,TSAL20250828_0830_interferenceAndInterferenceFree001,62,False,4.0,1.012928335512573
TS,28,20250809,20250828,trim_r2_to_r1,TSAL20250828_0830_interferenceAndInterferenceFree001,63,False,41.0,0.8418997327030424
TS,28,20250809,20250828,trim_r2_to_r1,TSAL20250828_0830_interferenceAndInterferenceFree001,64,True,,
TS,28,20250809,20250828,trim_r2_to_r1,TSAL20250828_0830_interferenceAndInterferenceFree001,65,False,3.0,1.0239435849859566
TS,28,20250809,20250828,trim_r2_to_r1,TSAL20250828_0830_interferenceAndInterferenceFree001,66,False,58.0,0.7248945605762349
TS,28,20250809,20250828,trim_r2_to_r1,TSAL20250828_0830_interferenceAndInterferenceFree001,67,True,,
TS,28,20250809,20250828,trim_r2_to_r1,TSAL20250828_0830_interferenceAndInterferenceFree001,68,True,,
TS,28,20250809,20250828,trim_r2_to_r1,TSAL20250828_0830_interferenceAndInterferenceFree001,69,True,,
TS,28,20250809,20250828,trim_r2_to_r1,TSAL20250828_0830_interferenceAndInterferenceFree001,70,False,14.0,0.9276525249902825
TS,28,20250809,20250828,trim_r2_to_r1,TSAL20250828_0830_interferenceAndInterferenceFree001,71,False,37.0,0.857070553871851
TS,28,20250809,20250828,trim_r2_to_r1,TSAL20250828_0830_interferenceAndInterferenceFree001,72,False,43.0,0.8277946323517075
TS,28,20250809,20250828,trim_r2_to_r1,TSAL20250828_0830_interferenceAndInterferenceFree001,73,False,48.0,0.8160980463443158
TS,28,20250809,20250828,trim_r2_to_r1,TSAL20250828_0830_interferenceAndInterferenceFree001,74,False,36.0,0.8566548434093106
TS,28,20250809,20250828,trim_r2_to_r1,TSAL20250828_0830_interferenceAndInterferenceFree001,75,False,38.0,0.8470975903511567
TS,28,20250809,20250828,trim_r2_to_r1,TSAL20250828_0830_interferenceAndInterferenceFree001,76,False,45.0,0.8241259061545556
TS,28,20250809,20250828,trim_r2_to_r1,TSAL20250828_0830_interferenceAndInterferenceFree001,77,False,11.0,0.9595094988865672
TS,28,20250809,20250828,trim_r2_to_r1,TSAL20250828_0830_interferenceAndInterferenceFree001,78,False,2.0,1.070760740418474
TS,28,20250809,20250828,trim_r2_to_r1,TSAL20250828_0830_interferenceAndInterferenceFree001,79,False,5.0,1.0043629107529695
TS,28,20250809,20250828,trim_r2_to_r1,TSAL20250828_0830_interferenceAndInterferenceFree001,80,False,18.0,0.9172170652860027
TS,28,20250809,20250828,trim_r2_to_r1,TSAL20250828_0830_interferenceAndInterferenceFree001,81,False,12.0,0.9499383199619792
TS,28,20250809,20250828,trim_r2_to_r1,TSAL20250828_0830_interferenceAndInterferenceFree001,82,False,9.0,0.965804824603299
TS,28,20250809,20250828,trim_r2_to_r1,TSAL20250828_0830_interferenceAndInterferenceFree001,83,False,50.0,0.8097182799228628
TS,28,20250809,20250828,trim_r2_to_r1,TSAL20250828_0830_interferenceAndInterferenceFree001,84,False,10.0,0.9605375515625395
TS,28,20250809,20250828,trim_r2_to_r1,TSAL20250828_0830_interferenceAndInterferenceFree001,85,False,51.0,0.8015088282338063
TS,28,20250809,20250828,trim_r2_to_r1,TSAL20250828_0830_interferenceAndInterferenceFree001,86,False,6.0,0.9989446709824561
TS,28,20250809,20250828,trim_r2_to_r1,TSAL20250828_0830_interferenceAndInterferenceFree001,87,False,15.0,0.9324138903599839
TS,28,20250809,20250828,trim_r2_to_r1,TSAL20250828_0830_interferenceAndInterferenceFree001,88,False,24.0,0.888355015015328
TS,28,20250809,20250828,trim_r2_to_r1,TSAL20250828_0830_interferenceAndInterferenceFree001,89,False,42.0,0.8262543629413841
TS,28,20250809,20250828,trim_r2_to_r1,TSAL20250828_0830_interferenceAndInterferenceFree001,91,False,40.0,0.8394320765076795
TS,28,20250809,20250828,trim_r2_to_r1,TSAL20250828_0830_interferenceAndInterferenceFree001,92,False,49.0,0.8219456352812506
TS,28,20250809,20250828,trim_r2_to_r1,TSAL20250828_0830_interferenceAndInterferenceFree001,93,False,52.0,0.802242667274677
TS,28,20250809,20250828,trim_r1_to_r2,TSAL20250809_0830_staticAndStaticFree001,0,False,26.0,0.5260769144082915
TS,28,20250809,20250828,trim_r1_to_r2,TSAL20250809_0830_staticAndStaticFree001,1,False,42.0,0.5943954664173138
TS,28,20250809,20250828,trim_r1_to_r2,TSAL20250809_0830_staticAndStaticFree001,2,False,39.0,0.5802045815127702
TS,28,20250809,20250828,trim_r1_to_r2,TSAL20250809_0830_staticAndStaticFree001,3,False,2.0,0.4404096684409363
TS,28,20250809,20250828,trim_r1_to_r2,TSAL20250809_0830_staticAndStaticFree001,4,False,10.0,0.48044014042947053
TS,28,20250809,20250828,trim_r1_to_r2,TSAL20250809_0830_staticAndStaticFree001,6,True,,
TS,28,20250809,20250828,trim_r1_to_r2,TSAL20250809_0830_staticAndStaticFree001,7,False,22.0,0.5160311778247945
TS,28,20250809,20250828,trim_r1_to_r2,TSAL20250809_0830_staticAndStaticFree001,8,True,,
TS,28,20250809,20250828,trim_r1_to_r2,TSAL20250809_0830_staticAndStaticFree001,9,False,17.0,0.5004959224070772
TS,28,20250809,20250828,trim_r1_to_r2,TSAL20250809_0830_staticAndStaticFree001,10,False,35.0,0.5589066000279186
TS,28,20250809,20250828,trim_r1_to_r2,TSAL20250809_0830_staticAndStaticFree001,11,False,18.0,0.5049676038110277
TS,28,20250809,20250828,trim_r1_to_r2,TSAL20250809_0830_staticAndStaticFree001,12,True,,
TS,28,20250809,20250828,trim_r1_to_r2,TSAL20250809_0830_staticAndStaticFree001,13,False,7.0,0.46971538312815064
TS,28,20250809,20250828,trim_r1_to_r2,TSAL20250809_0830_staticAndStaticFree001,14,False,13.0,0.4908286892564626
TS,28,20250809,20250828,trim_r1_to_r2,TSAL20250809_0830_staticAndStaticFree001,15,True,,
TS,28,20250809,20250828,trim_r1_to_r2,TSAL20250809_0830_staticAndStaticFree001,16,False,32.0,0.5491944469124623
TS,28,20250809,20250828,trim_r1_to_r2,TSAL20250809_0830_staticAndStaticFree001,17,False,27.0,0.5302197402997956
TS,28,20250809,20250828,trim_r1_to_r2,TSAL20250809_0830_staticAndStaticFree001,18,True,,
TS,28,20250809,20250828,trim_r1_to_r2,TSAL20250809_0830_staticAndStaticFree001,19,False,38.0,0.574407722095109
TS,28,20250809,20250828,trim_r1_to_r2,TSAL20250809_0830_staticAndStaticFree001,20,True,,
TS,28,20250809,20250828,trim_r1_to_r2,TSAL20250809_0830_staticAndStaticFree001,21,True,,
TS,28,20250809,20250828,trim_r1_to_r2,TSAL20250809_0830_staticAndStaticFree001,22,False,25.0,0.5213275645369159
TS,28,20250809,20250828,trim_r1_to_r2,TSAL20250809_0830_staticAndStaticFree001,23,False,41.0,0.5904012247525332
TS,28,20250809,20250828,trim_r1_to_r2,TSAL20250809_0830_staticAndStaticFree001,24,False,12.0,0.4872515850627144
TS,28,20250809,20250828,trim_r1_to_r2,TSAL20250809_0830_staticAndStaticFree001,26,False,14.0,0.4943327554215817
TS,28,20250809,20250828,trim_r1_to_r2,TSAL20250809_0830_staticAndStaticFree001,27,False,24.0,0.5202776534327517
TS,28,20250809,20250828,trim_r1_to_r2,TSAL20250809_0830_staticAndStaticFree001,28,True,,
TS,28,20250809,20250828,trim_r1_to_r2,TSAL20250809_0830_staticAndStaticFree001,29,False,5.0,0.46105882855896635
TS,28,20250809,20250828,trim_r1_to_r2,TSAL20250809_0830_staticAndStaticFree001,30,False,30.0,0.5426962750410659
TS,28,20250809,20250828,trim_r1_to_r2,TSAL20250809_0830_staticAndStaticFree001,31,False,8.0,0.47390183094567206
TS,28,20250809,20250828,trim_r1_to_r2,TSAL20250809_0830_staticAndStaticFree001,33,True,,
TS,28,20250809,20250828,trim_r1_to_r2,TSAL20250809_0830_staticAndStaticFree001,34,False,20.0,0.5095894982961627
TS,28,20250809,20250828,trim_r1_to_r2,TSAL20250809_0830_staticAndStaticFree001,35,False,34.0,0.5604427875033818
TS,28,20250809,20250828,trim_r1_to_r2,TSAL20250809_0830_staticAndStaticFree001,36,True,,
TS,28,20250809,20250828,trim_r1_to_r2,TSAL20250809_0830_staticAndStaticFree001,37,True,,
TS,28,20250809,20250828,trim_r1_to_r2,TSAL20250809_0830_staticAndStaticFree001,38,False,29.0,0.5333361795366853
TS,28,20250809,20250828,trim_r1_to_r2,TSAL20250809_0830_staticAndStaticFree001,39,False,33.0,0.5544437402930222
TS,28,20250809,20250828,trim_r1_to_r2,TSAL20250809_0830_staticAndStaticFree001,40,True,,
TS,28,20250809,20250828,trim_r1_to_r2,TSAL20250809_0830_staticAndStaticFree001,41,False,21.0,0.5139263806115947
TS,28,20250809,20250828,trim_r1_to_r2,TSAL20250809_0830_staticAndStaticFree001,42,False,1.0,0.4342548256163362
TS,28,20250809,20250828,trim_r1_to_r2,TSAL20250809_0830_staticAndStaticFree001,43,False,3.0,0.4464722367278231
TS,28,20250809,20250828,trim_r1_to_r2,TSAL20250809_0830_staticAndStaticFree001,44,False,28.0,0.5311299784055833
TS,28,20250809,20250828,trim_r1_to_r2,TSAL20250809_0830_staticAndStaticFree001,45,False,6.0,0.46417328614078446
TS,28,20250809,20250828,trim_r1_to_r2,TSAL20250809_0830_staticAndStaticFree001,46,True,,
TS,28,20250809,20250828,trim_r1_to_r2,TSAL20250809_0830_staticAndStaticFree001,47,False,31.0,0.5419758010422965
TS,28,20250809,20250828,trim_r1_to_r2,TSAL20250809_0830_staticAndStaticFree001,48,False,15.0,0.4942610507654448
TS,28,20250809,20250828,trim_r1_to_r2,TSAL20250809_0830_staticAndStaticFree001,49,False,11.0,0.4858037449168395
TS,28,20250809,20250828,trim_r1_to_r2,TSAL20250809_0830_staticAndStaticFree001,50,True,,
TS,28,20250809,20250828,trim_r1_to_r2,TSAL20250809_0830_staticAndStaticFree001,51,False,9.0,0.477697859772002
TS,28,20250809,20250828,trim_r1_to_r2,TSAL20250809_0830_staticAndStaticFree001,52,False,36.0,0.5702496424182594
TS,28,20250809,20250828,trim_r1_to_r2,TSAL20250809_0830_staticAndStaticFree001,53,True,,
TS,28,20250809,20250828,trim_r1_to_r2,TSAL20250809_0830_staticAndStaticFree001,54,False,16.0,0.4973528464069381
TS,28,20250809,20250828,trim_r1_to_r2,TSAL20250809_0830_staticAndStaticFree001,56,False,4.0,0.4575491147576446
TS,28,20250809,20250828,trim_r1_to_r2,TSAL20250809_0830_staticAndStaticFree001,57,False,40.0,0.582057264162124
TS,28,20250809,20250828,trim_r1_to_r2,TSAL20250809_0830_staticAndStaticFree001,58,False,19.0,0.5079502586614618
TS,28,20250809,20250828,trim_r1_to_r2,TSAL20250809_0830_staticAndStaticFree001,59,True,,
TS,28,20250809,20250828,trim_r1_to_r2,TSAL20250809_0830_staticAndStaticFree001,61,True,,
TS,28,20250809,20250828,trim_r1_to_r2,TSAL20250809_0830_staticAndStaticFree001,63,False,37.0,0.5729101957964153
TS,28,20250809,20250828,trim_r1_to_r2,TSAL20250809_0830_staticAndStaticFree001,64,True,,
TS,28,20250809,20250828,trim_r1_to_r2,TSAL20250809_0830_staticAndStaticFree001,65,True,,
TS,28,20250809,20250828,trim_r1_to_r2,TSAL20250809_0830_staticAndStaticFree001,66,False,23.0,0.5190793287864383
TS,29,20250809,20250829,trim_r2_to_r1,TSAL20250829_0830_interferenceAndInterferenceFree001,0,True,,
TS,29,20250809,20250829,trim_r2_to_r1,TSAL20250829_0830_interferenceAndInterferenceFree001,1,True,,
TS,29,20250809,20250829,trim_r2_to_r1,TSAL20250829_0830_interferenceAndInterferenceFree001,2,True,,
TS,29,20250809,20250829,trim_r2_to_r1,TSAL20250829_0830_interferenceAndInterferenceFree001,3,True,,
TS,29,20250809,20250829,trim_r2_to_r1,TSAL20250829_0830_interferenceAndInterferenceFree001,4,True,,
TS,29,20250809,20250829,trim_r2_to_r1,TSAL20250829_0830_interferenceAndInterferenceFree001,5,True,,
TS,29,20250809,20250829,trim_r2_to_r1,TSAL20250829_0830_interferenceAndInterferenceFree001,6,True,,
TS,29,20250809,20250829,trim_r2_to_r1,TSAL20250829_0830_interferenceAndInterferenceFree001,7,True,,
TS,29,20250809,20250829,trim_r2_to_r1,TSAL20250829_0830_interferenceAndInterferenceFree001,8,True,,
TS,29,20250809,20250829,trim_r2_to_r1,TSAL20250829_0830_interferenceAndInterferenceFree001,9,True,,
TS,29,20250809,20250829,trim_r2_to_r1,TSAL20250829_0830_interferenceAndInterferenceFree001,10,True,,
TS,29,20250809,20250829,trim_r2_to_r1,TSAL20250829_0830_interferenceAndInterferenceFree001,11,True,,
TS,29,20250809,20250829,trim_r2_to_r1,TSAL20250829_0830_interferenceAndInterferenceFree001,12,True,,
TS,29,20250809,20250829,trim_r2_to_r1,TSAL20250829_0830_interferenceAndInterferenceFree001,13,True,,
TS,29,20250809,20250829,trim_r2_to_r1,TSAL20250829_0830_interferenceAndInterferenceFree001,14,True,,
TS,29,20250809,20250829,trim_r2_to_r1,TSAL20250829_0830_interferenceAndInterferenceFree001,15,True,,
TS,29,20250809,20250829,trim_r2_to_r1,TSAL20250829_0830_interferenceAndInterferenceFree001,16,True,,
TS,29,20250809,20250829,trim_r2_to_r1,TSAL20250829_0830_interferenceAndInterferenceFree001,17,True,,
TS,29,20250809,20250829,trim_r2_to_r1,TSAL20250829_0830_interferenceAndInterferenceFree001,18,True,,
TS,29,20250809,20250829,trim_r2_to_r1,TSAL20250829_0830_interferenceAndInterferenceFree001,19,True,,
TS,29,20250809,20250829,trim_r2_to_r1,TSAL20250829_0830_interferenceAndInterferenceFree001,20,True,,
TS,29,20250809,20250829,trim_r2_to_r1,TSAL20250829_0830_interferenceAndInterferenceFree001,21,True,,
TS,29,20250809,20250829,trim_r2_to_r1,TSAL20250829_0830_interferenceAndInterferenceFree001,22,True,,
TS,29,20250809,20250829,trim_r2_to_r1,TSAL20250829_0830_interferenceAndInterferenceFree001,23,True,,
TS,29,20250809,20250829,trim_r2_to_r1,TSAL20250829_0830_interferenceAndInterferenceFree001,24,True,,
TS,29,20250809,20250829,trim_r2_to_r1,TSAL20250829_0830_interferenceAndInterferenceFree001,25,True,,
TS,29,20250809,20250829,trim_r2_to_r1,TSAL20250829_0830_interferenceAndInterferenceFree001,26,True,,
TS,29,20250809,20250829,trim_r2_to_r1,TSAL20250829_0830_interferenceAndInterferenceFree001,27,True,,
TS,29,20250809,20250829,trim_r2_to_r1,TSAL20250829_0830_interferenceAndInterferenceFree001,28,True,,
TS,29,20250809,20250829,trim_r2_to_r1,TSAL20250829_0830_interferenceAndInterferenceFree001,29,True,,
TS,29,20250809,20250829,trim_r2_to_r1,TSAL20250829_0830_interferenceAndInterferenceFree001,30,True,,
TS,29,20250809,20250829,trim_r2_to_r1,TSAL20250829_0830_interferenceAndInterferenceFree001,31,True,,
TS,29,20250809,20250829,trim_r2_to_r1,TSAL20250829_0830_interferenceAndInterferenceFree001,32,True,,
TS,29,20250809,20250829,trim_r2_to_r1,TSAL20250829_0830_interferenceAndInterferenceFree001,33,True,,
TS,29,20250809,20250829,trim_r2_to_r1,TSAL20250829_0830_interferenceAndInterferenceFree001,34,True,,
TS,29,20250809,20250829,trim_r2_to_r1,TSAL20250829_0830_interferenceAndInterferenceFree001,35,True,,
TS,29,20250809,20250829,trim_r2_to_r1,TSAL20250829_0830_interferenceAndInterferenceFree001,36,True,,
TS,29,20250809,20250829,trim_r2_to_r1,TSAL20250829_0830_interferenceAndInterferenceFree001,37,True,,
TS,29,20250809,20250829,trim_r2_to_r1,TSAL20250829_0830_interferenceAndInterferenceFree001,38,True,,
TS,29,20250809,20250829,trim_r2_to_r1,TSAL20250829_0830_interferenceAndInterferenceFree001,40,True,,
TS,29,20250809,20250829,trim_r2_to_r1,TSAL20250829_0830_interferenceAndInterferenceFree001,41,True,,
TS,29,20250809,20250829,trim_r2_to_r1,TSAL20250829_0830_interferenceAndInterferenceFree001,42,True,,
TS,29,20250809,20250829,trim_r2_to_r1,TSAL20250829_0830_interferenceAndInterferenceFree001,43,False,30.0,0.8739512453184205
TS,29,20250809,20250829,trim_r2_to_r1,TSAL20250829_0830_interferenceAndInterferenceFree001,44,False,6.0,0.9417187379945096
TS,29,20250809,20250829,trim_r2_to_r1,TSAL20250829_0830_interferenceAndInterferenceFree001,45,False,1.0,1.6081293910607353
TS,29,20250809,20250829,trim_r2_to_r1,TSAL20250829_0830_interferenceAndInterferenceFree001,46,False,26.0,0.8750950422720816
TS,29,20250809,20250829,trim_r2_to_r1,TSAL20250829_0830_interferenceAndInterferenceFree001,47,False,40.0,0.8329614629844031
TS,29,20250809,20250829,trim_r2_to_r1,TSAL20250829_0830_interferenceAndInterferenceFree001,48,True,,
TS,29,20250809,20250829,trim_r2_to_r1,TSAL20250829_0830_interferenceAndInterferenceFree001,49,False,22.0,0.8858964454321321
TS,29,20250809,20250829,trim_r2_to_r1,TSAL20250829_0830_interferenceAndInterferenceFree001,50,False,35.0,0.8563575120399414
TS,29,20250809,20250829,trim_r2_to_r1,TSAL20250829_0830_interferenceAndInterferenceFree001,51,False,42.0,0.8177713608613284
TS,29,20250809,20250829,trim_r2_to_r1,TSAL20250829_0830_interferenceAndInterferenceFree001,52,False,36.0,0.8499159852148478
TS,29,20250809,20250829,trim_r2_to_r1,TSAL20250829_0830_interferenceAndInterferenceFree001,53,False,50.0,0.7970079646043425
TS,29,20250809,20250829,trim_r2_to_r1,TSAL20250829_0830_interferenceAndInterferenceFree001,54,False,34.0,0.8554284981787099
TS,29,20250809,20250829,trim_r2_to_r1,TSAL20250829_0830_interferenceAndInterferenceFree001,55,False,9.0,0.9452137609847254
TS,29,20250809,20250829,trim_r2_to_r1,TSAL20250829_0830_interferenceAndInterferenceFree001,56,False,28.0,0.8730140247625211
TS,29,20250809,20250829,trim_r2_to_r1,TSAL20250829_0830_interferenceAndInterferenceFree001,57,False,5.0,0.9657343963635234
TS,29,20250809,20250829,trim_r2_to_r1,TSAL20250829_0830_interferenceAndInterferenceFree001,58,False,44.0,0.8040108381131732
TS,29,20250809,20250829,trim_r2_to_r1,TSAL20250829_0830_interferenceAndInterferenceFree001,59,False,52.0,0.7718652749515069
TS,29,20250809,20250829,trim_r2_to_r1,TSAL20250829_0830_interferenceAndInterferenceFree001,60,False,17.0,0.8915452026627136
TS,29,20250809,20250829,trim_r2_to_r1,TSAL20250829_0830_interferenceAndInterferenceFree001,61,False,33.0,0.8552177694643736
TS,29,20250809,20250829,trim_r2_to_r1,TSAL20250829_0830_interferenceAndInterferenceFree001,62,False,51.0,0.7869882383546202
TS,29,20250809,20250829,trim_r2_to_r1,TSAL20250829_0830_interferenceAndInterferenceFree001,63,False,13.0,0.9136363067203823
TS,29,20250809,20250829,trim_r2_to_r1,TSAL20250829_0830_interferenceAndInterferenceFree001,64,False,48.0,0.7965724237121689
TS,29,20250809,20250829,trim_r2_to_r1,TSAL20250829_0830_interferenceAndInterferenceFree001,65,False,49.0,0.8003853107065153
TS,29,20250809,20250829,trim_r2_to_r1,TSAL20250829_0830_interferenceAndInterferenceFree001,66,False,46.0,0.8117737797046728
TS,29,20250809,20250829,trim_r2_to_r1,TSAL20250829_0830_interferenceAndInterferenceFree001,67,False,19.0,0.8862489251799076
TS,29,20250809,20250829,trim_r2_to_r1,TSAL20250829_0830_interferenceAndInterferenceFree001,68,False,38.0,0.8572681651232118
TS,29,20250809,20250829,trim_r2_to_r1,TSAL20250829_0830_interferenceAndInterferenceFree001,69,False,39.0,0.8503536597338835
TS,29,20250809,20250829,trim_r2_to_r1,TSAL20250829_0830_interferenceAndInterferenceFree001,70,False,15.0,0.9017229387076201
TS,29,20250809,20250829,trim_r2_to_r1,TSAL20250829_0830_interferenceAndInterferenceFree001,71,False,37.0,0.8551890079850426
TS,29,20250809,20250829,trim_r2_to_r1,TSAL20250829_0830_interferenceAndInterferenceFree001,72,False,43.0,0.8151594601529918
TS,29,20250809,20250829,trim_r2_to_r1,TSAL20250829_0830_interferenceAndInterferenceFree001,73,False,24.0,0.8754912266653292
TS,29,20250809,20250829,trim_r2_to_r1,TSAL20250829_0830_interferenceAndInterferenceFree001,74,False,47.0,0.8174800094287944
TS,29,20250809,20250829,trim_r2_to_r1,TSAL20250829_0830_interferenceAndInterferenceFree001,75,False,14.0,0.9044508396777416
TS,29,20250809,20250829,trim_r2_to_r1,TSAL20250829_0830_interferenceAndInterferenceFree001,76,False,31.0,0.862626523394946
TS,29,20250809,20250829,trim_r2_to_r1,TSAL20250829_0830_interferenceAndInterferenceFree001,77,False,21.0,0.8871836495582134
TS,29,20250809,20250829,trim_r2_to_r1,TSAL20250829_0830_interferenceAndInterferenceFree001,78,False,32.0,0.8534553959287179
TS,29,20250809,20250829,trim_r2_to_r1,TSAL20250829_0830_interferenceAndInterferenceFree001,79,False,20.0,0.8904460905040421
TS,29,20250809,20250829,trim_r2_to_r1,TSAL20250829_0830_interferenceAndInterferenceFree001,81,False,10.0,0.9360968690438147
TS,29,20250809,20250829,trim_r2_to_r1,TSAL20250829_0830_interferenceAndInterferenceFree001,83,False,7.0,0.9415211856261998
TS,29,20250809,20250829,trim_r2_to_r1,TSAL20250829_0830_interferenceAndInterferenceFree001,84,False,11.0,0.935071267557698
TS,29,20250809,20250829,trim_r2_to_r1,TSAL20250829_0830_interferenceAndInterferenceFree001,85,False,16.0,0.8995147574430503
TS,29,20250809,20250829,trim_r2_to_r1,TSAL20250829_0830_interferenceAndInterferenceFree001,86,False,8.0,0.9404946843726187
TS,29,20250809,20250829,trim_r2_to_r1,TSAL20250829_0830_interferenceAndInterferenceFree001,88,False,29.0,0.8730832511074187
TS,29,20250809,20250829,trim_r2_to_r1,TSAL20250829_0830_interferenceAndInterferenceFree001,89,False,25.0,0.8742900919828056
TS,29,20250809,20250829,trim_r2_to_r1,TSAL20250829_0830_interferenceAndInterferenceFree001,90,False,41.0,0.834126704396119
TS,29,20250809,20250829,trim_r2_to_r1,TSAL20250829_0830_interferenceAndInterferenceFree001,91,False,2.0,1.3532300801840176
TS,29,20250809,20250829,trim_r2_to_r1,TSAL20250829_0830_interferenceAndInterferenceFree001,92,False,45.0,0.8069684020340148
TS,29,20250809,20250829,trim_r2_to_r1,TSAL20250829_0830_interferenceAndInterferenceFree001,93,False,18.0,0.8876904636177033
TS,29,20250809,20250829,trim_r2_to_r1,TSAL20250829_0830_interferenceAndInterferenceFree001,94,False,4.0,1.0414702525450104
TS,29,20250809,20250829,trim_r2_to_r1,TSAL20250829_0830_interferenceAndInterferenceFree001,95,False,23.0,0.8813678462245156
TS,29,20250809,20250829,trim_r2_to_r1,TSAL20250829_0830_interferenceAndInterferenceFree001,96,False,12.0,0.92156189100744
TS,29,20250809,20250829,trim_r2_to_r1,TSAL20250829_0830_interferenceAndInterferenceFree001,97,False,3.0,1.1923843486320234
TS,29,20250809,20250829,trim_r2_to_r1,TSAL20250829_0830_interferenceAndInterferenceFree001,98,False,27.0,0.8740150812547309
TS,29,20250809,20250829,trim_r1_to_r2,TSAL20250809_0830_staticAndStaticFree001,0,False,26.0,0.5260769144082915
TS,29,20250809,20250829,trim_r1_to_r2,TSAL20250809_0830_staticAndStaticFree001,1,True,,
TS,29,20250809,20250829,trim_r1_to_r2,TSAL20250809_0830_staticAndStaticFree001,2,True,,
TS,29,20250809,20250829,trim_r1_to_r2,TSAL20250809_0830_staticAndStaticFree001,3,False,2.0,0.4404096684409363
TS,29,20250809,20250829,trim_r1_to_r2,TSAL20250809_0830_staticAndStaticFree001,4,False,10.0,0.48044014042947053
TS,29,20250809,20250829,trim_r1_to_r2,TSAL20250809_0830_staticAndStaticFree001,6,True,,
TS,29,20250809,20250829,trim_r1_to_r2,TSAL20250809_0830_staticAndStaticFree001,7,False,22.0,0.5160311778247945
TS,29,20250809,20250829,trim_r1_to_r2,TSAL20250809_0830_staticAndStaticFree001,8,True,,
TS,29,20250809,20250829,trim_r1_to_r2,TSAL20250809_0830_staticAndStaticFree001,9,False,17.0,0.5004959224070772
TS,29,20250809,20250829,trim_r1_to_r2,TSAL20250809_0830_staticAndStaticFree001,10,True,,
TS,29,20250809,20250829,trim_r1_to_r2,TSAL20250809_0830_staticAndStaticFree001,11,False,18.0,0.5049676038110277
TS,29,20250809,20250829,trim_r1_to_r2,TSAL20250809_0830_staticAndStaticFree001,12,True,,
TS,29,20250809,20250829,trim_r1_to_r2,TSAL20250809_0830_staticAndStaticFree001,13,False,7.0,0.46971538312815064
TS,29,20250809,20250829,trim_r1_to_r2,TSAL20250809_0830_staticAndStaticFree001,14,False,13.0,0.4908286892564626
TS,29,20250809,20250829,trim_r1_to_r2,TSAL20250809_0830_staticAndStaticFree001,15,True,,
TS,29,20250809,20250829,trim_r1_to_r2,TSAL20250809_0830_staticAndStaticFree001,16,True,,
TS,29,20250809,20250829,trim_r1_to_r2,TSAL20250809_0830_staticAndStaticFree001,17,False,27.0,0.5302197402997956
TS,29,20250809,20250829,trim_r1_to_r2,TSAL20250809_0830_staticAndStaticFree001,18,True,,
TS,29,20250809,20250829,trim_r1_to_r2,TSAL20250809_0830_staticAndStaticFree001,19,True,,
TS,29,20250809,20250829,trim_r1_to_r2,TSAL20250809_0830_staticAndStaticFree001,20,True,,
TS,29,20250809,20250829,trim_r1_to_r2,TSAL20250809_0830_staticAndStaticFree001,21,True,,
TS,29,20250809,20250829,trim_r1_to_r2,TSAL20250809_0830_staticAndStaticFree001,22,False,25.0,0.5213275645369159
TS,29,20250809,20250829,trim_r1_to_r2,TSAL20250809_0830_staticAndStaticFree001,23,True,,
TS,29,20250809,20250829,trim_r1_to_r2,TSAL20250809_0830_staticAndStaticFree001,24,False,12.0,0.4872515850627144
TS,29,20250809,20250829,trim_r1_to_r2,TSAL20250809_0830_staticAndStaticFree001,26,False,14.0,0.4943327554215817
TS,29,20250809,20250829,trim_r1_to_r2,TSAL20250809_0830_staticAndStaticFree001,27,False,24.0,0.5202776534327517
TS,29,20250809,20250829,trim_r1_to_r2,TSAL20250809_0830_staticAndStaticFree001,28,True,,
TS,29,20250809,20250829,trim_r1_to_r2,TSAL20250809_0830_staticAndStaticFree001,29,False,5.0,0.46105882855896635
TS,29,20250809,20250829,trim_r1_to_r2,TSAL20250809_0830_staticAndStaticFree001,30,True,,
TS,29,20250809,20250829,trim_r1_to_r2,TSAL20250809_0830_staticAndStaticFree001,31,False,8.0,0.47390183094567206
TS,29,20250809,20250829,trim_r1_to_r2,TSAL20250809_0830_staticAndStaticFree001,33,True,,
TS,29,20250809,20250829,trim_r1_to_r2,TSAL20250809_0830_staticAndStaticFree001,34,False,20.0,0.5095894982961627
TS,29,20250809,20250829,trim_r1_to_r2,TSAL20250809_0830_staticAndStaticFree001,35,True,,
TS,29,20250809,20250829,trim_r1_to_r2,TSAL20250809_0830_staticAndStaticFree001,36,True,,
TS,29,20250809,20250829,trim_r1_to_r2,TSAL20250809_0830_staticAndStaticFree001,37,True,,
TS,29,20250809,20250829,trim_r1_to_r2,TSAL20250809_0830_staticAndStaticFree001,38,False,29.0,0.5333361795366853
TS,29,20250809,20250829,trim_r1_to_r2,TSAL20250809_0830_staticAndStaticFree001,39,True,,
TS,29,20250809,20250829,trim_r1_to_r2,TSAL20250809_0830_staticAndStaticFree001,40,True,,
TS,29,20250809,20250829,trim_r1_to_r2,TSAL20250809_0830_staticAndStaticFree001,41,False,21.0,0.5139263806115947
TS,29,20250809,20250829,trim_r1_to_r2,TSAL20250809_0830_staticAndStaticFree001,42,False,1.0,0.4342548256163362
TS,29,20250809,20250829,trim_r1_to_r2,TSAL20250809_0830_staticAndStaticFree001,43,False,3.0,0.4464722367278231
TS,29,20250809,20250829,trim_r1_to_r2,TSAL20250809_0830_staticAndStaticFree001,44,False,28.0,0.5311299784055833
TS,29,20250809,20250829,trim_r1_to_r2,TSAL20250809_0830_staticAndStaticFree001,45,False,6.0,0.46417328614078446
TS,29,20250809,20250829,trim_r1_to_r2,TSAL20250809_0830_staticAndStaticFree001,46,True,,
TS,29,20250809,20250829,trim_r1_to_r2,TSAL20250809_0830_staticAndStaticFree001,47,True,,
TS,29,20250809,20250829,trim_r1_to_r2,TSAL20250809_0830_staticAndStaticFree001,48,False,15.0,0.4942610507654448
TS,29,20250809,20250829,trim_r1_to_r2,TSAL20250809_0830_staticAndStaticFree001,49,False,11.0,0.4858037449168395
TS,29,20250809,20250829,trim_r1_to_r2,TSAL20250809_0830_staticAndStaticFree001,50,True,,
TS,29,20250809,20250829,trim_r1_to_r2,TSAL20250809_0830_staticAndStaticFree001,51,False,9.0,0.477697859772002
TS,29,20250809,20250829,trim_r1_to_r2,TSAL20250809_0830_staticAndStaticFree001,52,True,,
TS,29,20250809,20250829,trim_r1_to_r2,TSAL20250809_0830_staticAndStaticFree001,53,True,,
TS,29,20250809,20250829,trim_r1_to_r2,TSAL20250809_0830_staticAndStaticFree001,54,False,16.0,0.4973528464069381
TS,29,20250809,20250829,trim_r1_to_r2,TSAL20250809_0830_staticAndStaticFree001,56,False,4.0,0.4575491147576446
TS,29,20250809,20250829,trim_r1_to_r2,TSAL20250809_0830_staticAndStaticFree001,57,True,,
TS,29,20250809,20250829,trim_r1_to_r2,TSAL20250809_0830_staticAndStaticFree001,58,False,19.0,0.5079502586614618
TS,29,20250809,20250829,trim_r1_to_r2,TSAL20250809_0830_staticAndStaticFree001,59,True,,
TS,29,20250809,20250829,trim_r1_to_r2,TSAL20250809_0830_staticAndStaticFree001,61,True,,
TS,29,20250809,20250829,trim_r1_to_r2,TSAL20250809_0830_staticAndStaticFree001,63,True,,
TS,29,20250809,20250829,trim_r1_to_r2,TSAL20250809_0830_staticAndStaticFree001,64,True,,
TS,29,20250809,20250829,trim_r1_to_r2,TSAL20250809_0830_staticAndStaticFree001,65,True,,
TS,29,20250809,20250829,trim_r1_to_r2,TSAL20250809_0830_staticAndStaticFree001,66,False,23.0,0.5190793287864383
TS,30,20250809,20250830,trim_r2_to_r1,TSAL20250830_0830_interferenceAndInterferenceFree001,1,True,,
TS,30,20250809,20250830,trim_r2_to_r1,TSAL20250830_0830_interferenceAndInterferenceFree001,2,True,,
TS,30,20250809,20250830,trim_r2_to_r1,TSAL20250830_0830_interferenceAndInterferenceFree001,3,True,,
TS,30,20250809,20250830,trim_r2_to_r1,TSAL20250830_0830_interferenceAndInterferenceFree001,4,True,,
TS,30,20250809,20250830,trim_r2_to_r1,TSAL20250830_0830_interferenceAndInterferenceFree001,5,True,,
TS,30,20250809,20250830,trim_r2_to_r1,TSAL20250830_0830_interferenceAndInterferenceFree001,6,True,,
TS,30,20250809,20250830,trim_r2_to_r1,TSAL20250830_0830_interferenceAndInterferenceFree001,7,True,,
TS,30,20250809,20250830,trim_r2_to_r1,TSAL20250830_0830_interferenceAndInterferenceFree001,8,True,,
TS,30,20250809,20250830,trim_r2_to_r1,TSAL20250830_0830_interferenceAndInterferenceFree001,9,True,,
TS,30,20250809,20250830,trim_r2_to_r1,TSAL20250830_0830_interferenceAndInterferenceFree001,10,True,,
TS,30,20250809,20250830,trim_r2_to_r1,TSAL20250830_0830_interferenceAndInterferenceFree001,12,False,10.0,0.8803871899949374
TS,30,20250809,20250830,trim_r2_to_r1,TSAL20250830_0830_interferenceAndInterferenceFree001,13,True,,
TS,30,20250809,20250830,trim_r2_to_r1,TSAL20250830_0830_interferenceAndInterferenceFree001,14,True,,
TS,30,20250809,20250830,trim_r2_to_r1,TSAL20250830_0830_interferenceAndInterferenceFree001,15,False,26.0,0.7330189491300624
TS,30,20250809,20250830,trim_r2_to_r1,TSAL20250830_0830_interferenceAndInterferenceFree001,16,True,,
TS,30,20250809,20250830,trim_r2_to_r1,TSAL20250830_0830_interferenceAndInterferenceFree001,17,False,1.0,1.0492151016052262
TS,30,20250809,20250830,trim_r2_to_r1,TSAL20250830_0830_interferenceAndInterferenceFree001,18,True,,
TS,30,20250809,20250830,trim_r2_to_r1,TSAL20250830_0830_interferenceAndInterferenceFree001,19,True,,
TS,30,20250809,20250830,trim_r2_to_r1,TSAL20250830_0830_interferenceAndInterferenceFree001,20,True,,
TS,30,20250809,20250830,trim_r2_to_r1,TSAL20250830_0830_interferenceAndInterferenceFree001,21,True,,
TS,30,20250809,20250830,trim_r2_to_r1,TSAL20250830_0830_interferenceAndInterferenceFree001,23,True,,
TS,30,20250809,20250830,trim_r2_to_r1,TSAL20250830_0830_interferenceAndInterferenceFree001,24,True,,
TS,30,20250809,20250830,trim_r2_to_r1,TSAL20250830_0830_interferenceAndInterferenceFree001,25,True,,
TS,30,20250809,20250830,trim_r2_to_r1,TSAL20250830_0830_interferenceAndInterferenceFree001,26,True,,
TS,30,20250809,20250830,trim_r2_to_r1,TSAL20250830_0830_interferenceAndInterferenceFree001,27,True,,
TS,30,20250809,20250830,trim_r2_to_r1,TSAL20250830_0830_interferenceAndInterferenceFree001,28,False,2.0,1.0247479159019566
TS,30,20250809,20250830,trim_r2_to_r1,TSAL20250830_0830_interferenceAndInterferenceFree001,29,True,,
TS,30,20250809,20250830,trim_r2_to_r1,TSAL20250830_0830_interferenceAndInterferenceFree001,30,True,,
TS,30,20250809,20250830,trim_r2_to_r1,TSAL20250830_0830_interferenceAndInterferenceFree001,31,True,,
TS,30,20250809,20250830,trim_r2_to_r1,TSAL20250830_0830_interferenceAndInterferenceFree001,32,True,,
TS,30,20250809,20250830,trim_r2_to_r1,TSAL20250830_0830_interferenceAndInterferenceFree001,33,True,,
TS,30,20250809,20250830,trim_r2_to_r1,TSAL20250830_0830_interferenceAndInterferenceFree001,34,True,,
TS,30,20250809,20250830,trim_r2_to_r1,TSAL20250830_0830_interferenceAndInterferenceFree001,35,True,,
TS,30,20250809,20250830,trim_r2_to_r1,TSAL20250830_0830_interferenceAndInterferenceFree001,36,True,,
TS,30,20250809,20250830,trim_r2_to_r1,TSAL20250830_0830_interferenceAndInterferenceFree001,37,True,,
TS,30,20250809,20250830,trim_r2_to_r1,TSAL20250830_0830_interferenceAndInterferenceFree001,38,True,,
TS,30,20250809,20250830,trim_r2_to_r1,TSAL20250830_0830_interferenceAndInterferenceFree001,40,True,,
TS,30,20250809,20250830,trim_r2_to_r1,TSAL20250830_0830_interferenceAndInterferenceFree001,41,False,27.0,0.727194039046351
TS,30,20250809,20250830,trim_r2_to_r1,TSAL20250830_0830_interferenceAndInterferenceFree001,42,True,,
TS,30,20250809,20250830,trim_r2_to_r1,TSAL20250830_0830_interferenceAndInterferenceFree001,43,True,,
TS,30,20250809,20250830,trim_r2_to_r1,TSAL20250830_0830_interferenceAndInterferenceFree001,44,False,3.0,0.9620676372370269
TS,30,20250809,20250830,trim_r2_to_r1,TSAL20250830_0830_interferenceAndInterferenceFree001,45,False,6.0,0.9112092901601999
TS,30,20250809,20250830,trim_r2_to_r1,TSAL20250830_0830_interferenceAndInterferenceFree001,46,False,25.0,0.7636954212181557
TS,30,20250809,20250830,trim_r2_to_r1,TSAL20250830_0830_interferenceAndInterferenceFree001,47,True,,
TS,30,20250809,20250830,trim_r2_to_r1,TSAL20250830_0830_interferenceAndInterferenceFree001,48,True,,
TS,30,20250809,20250830,trim_r2_to_r1,TSAL20250830_0830_interferenceAndInterferenceFree001,49,True,,
TS,30,20250809,20250830,trim_r2_to_r1,TSAL20250830_0830_interferenceAndInterferenceFree001,50,True,,
TS,30,20250809,20250830,trim_r2_to_r1,TSAL20250830_0830_interferenceAndInterferenceFree001,52,False,23.0,0.7858855243241208
TS,30,20250809,20250830,trim_r2_to_r1,TSAL20250830_0830_interferenceAndInterferenceFree001,53,True,,
TS,30,20250809,20250830,trim_r2_to_r1,TSAL20250830_0830_interferenceAndInterferenceFree001,54,True,,
TS,30,20250809,20250830,trim_r2_to_r1,TSAL20250830_0830_interferenceAndInterferenceFree001,55,False,16.0,0.8185616927130437
TS,30,20250809,20250830,trim_r2_to_r1,TSAL20250830_0830_interferenceAndInterferenceFree001,56,False,18.0,0.808502823701752
TS,30,20250809,20250830,trim_r2_to_r1,TSAL20250830_0830_interferenceAndInterferenceFree001,57,False,19.0,0.803995870130546
TS,30,20250809,20250830,trim_r2_to_r1,TSAL20250830_0830_interferenceAndInterferenceFree001,58,True,,
TS,30,20250809,20250830,trim_r2_to_r1,TSAL20250830_0830_interferenceAndInterferenceFree001,60,False,17.0,0.8126000458941938
TS,30,20250809,20250830,trim_r2_to_r1,TSAL20250830_0830_interferenceAndInterferenceFree001,61,True,,
TS,30,20250809,20250830,trim_r2_to_r1,TSAL20250830_0830_interferenceAndInterferenceFree001,62,True,,
TS,30,20250809,20250830,trim_r2_to_r1,TSAL20250830_0830_interferenceAndInterferenceFree001,63,True,,
TS,30,20250809,20250830,trim_r2_to_r1,TSAL20250830_0830_interferenceAndInterferenceFree001,64,False,15.0,0.8365395002768805
TS,30,20250809,20250830,trim_r2_to_r1,TSAL20250830_0830_interferenceAndInterferenceFree001,65,True,,
TS,30,20250809,20250830,trim_r2_to_r1,TSAL20250830_0830_interferenceAndInterferenceFree001,66,True,,
TS,30,20250809,20250830,trim_r2_to_r1,TSAL20250830_0830_interferenceAndInterferenceFree001,67,True,,
TS,30,20250809,20250830,trim_r2_to_r1,TSAL20250830_0830_interferenceAndInterferenceFree001,68,False,4.0,0.9281237245193258
TS,30,20250809,20250830,trim_r2_to_r1,TSAL20250830_0830_interferenceAndInterferenceFree001,69,False,8.0,0.8855685020917664
TS,30,20250809,20250830,trim_r2_to_r1,TSAL20250830_0830_interferenceAndInterferenceFree001,70,False,5.0,0.9171297549018407
TS,30,20250809,20250830,trim_r2_to_r1,TSAL20250830_0830_interferenceAndInterferenceFree001,71,False,7.0,0.8967896872709239
TS,30,20250809,20250830,trim_r2_to_r1,TSAL20250830_0830_interferenceAndInterferenceFree001,72,False,11.0,0.8674520627247374
TS,30,20250809,20250830,trim_r2_to_r1,TSAL20250830_0830_interferenceAndInterferenceFree001,73,False,9.0,0.8848613529661441
TS,30,20250809,20250830,trim_r2_to_r1,TSAL20250830_0830_interferenceAndInterferenceFree001,74,True,,
TS,30,20250809,20250830,trim_r2_to_r1,TSAL20250830_0830_interferenceAndInterferenceFree001,75,False,20.0,0.7964154702874082
TS,30,20250809,20250830,trim_r2_to_r1,TSAL20250830_0830_interferenceAndInterferenceFree001,76,False,21.0,0.7929587990759963
TS,30,20250809,20250830,trim_r2_to_r1,TSAL20250830_0830_interferenceAndInterferenceFree001,77,False,13.0,0.8372465128212512
TS,30,20250809,20250830,trim_r2_to_r1,TSAL20250830_0830_interferenceAndInterferenceFree001,79,True,,
TS,30,20250809,20250830,trim_r2_to_r1,TSAL20250830_0830_interferenceAndInterferenceFree001,81,True,,
TS,30,20250809,20250830,trim_r2_to_r1,TSAL20250830_0830_interferenceAndInterferenceFree001,82,False,24.0,0.7651805783741491
TS,30,20250809,20250830,trim_r2_to_r1,TSAL20250830_0830_interferenceAndInterferenceFree001,83,False,22.0,0.7950211619540893
TS,30,20250809,20250830,trim_r2_to_r1,TSAL20250830_0830_interferenceAndInterferenceFree001,86,False,14.0,0.8401338234245985
TS,30,20250809,20250830,trim_r2_to_r1,TSAL20250830_0830_interferenceAndInterferenceFree001,87,True,,
TS,30,20250809,20250830,trim_r2_to_r1,TSAL20250830_0830_interferenceAndInterferenceFree001,88,False,12.0,0.8617866480545344
TS,30,20250809,20250830,trim_r1_to_r2,TSAL20250809_0830_staticAndStaticFree001,0,True,,
TS,30,20250809,20250830,trim_r1_to_r2,TSAL20250809_0830_staticAndStaticFree001,1,True,,
TS,30,20250809,20250830,trim_r1_to_r2,TSAL20250809_0830_staticAndStaticFree001,2,True,,
TS,30,20250809,20250830,trim_r1_to_r2,TSAL20250809_0830_staticAndStaticFree001,3,False,2.0,0.4404096684409363
TS,30,20250809,20250830,trim_r1_to_r2,TSAL20250809_0830_staticAndStaticFree001,4,False,10.0,0.48044014042947053
TS,30,20250809,20250830,trim_r1_to_r2,TSAL20250809_0830_staticAndStaticFree001,6,True,,
TS,30,20250809,20250830,trim_r1_to_r2,TSAL20250809_0830_staticAndStaticFree001,7,False,22.0,0.5160311778247945
TS,30,20250809,20250830,trim_r1_to_r2,TSAL20250809_0830_staticAndStaticFree001,8,True,,
TS,30,20250809,20250830,trim_r1_to_r2,TSAL20250809_0830_staticAndStaticFree001,9,False,17.0,0.5004959224070772
TS,30,20250809,20250830,trim_r1_to_r2,TSAL20250809_0830_staticAndStaticFree001,10,True,,
TS,30,20250809,20250830,trim_r1_to_r2,TSAL20250809_0830_staticAndStaticFree001,11,False,18.0,0.5049676038110277
TS,30,20250809,20250830,trim_r1_to_r2,TSAL20250809_0830_staticAndStaticFree001,12,True,,
TS,30,20250809,20250830,trim_r1_to_r2,TSAL20250809_0830_staticAndStaticFree001,13,False,7.0,0.46971538312815064
TS,30,20250809,20250830,trim_r1_to_r2,TSAL20250809_0830_staticAndStaticFree001,14,False,13.0,0.4908286892564626
TS,30,20250809,20250830,trim_r1_to_r2,TSAL20250809_0830_staticAndStaticFree001,15,True,,
TS,30,20250809,20250830,trim_r1_to_r2,TSAL20250809_0830_staticAndStaticFree001,16,True,,
TS,30,20250809,20250830,trim_r1_to_r2,TSAL20250809_0830_staticAndStaticFree001,17,True,,
TS,30,20250809,20250830,trim_r1_to_r2,TSAL20250809_0830_staticAndStaticFree001,18,True,,
TS,30,20250809,20250830,trim_r1_to_r2,TSAL20250809_0830_staticAndStaticFree001,19,True,,
TS,30,20250809,20250830,trim_r1_to_r2,TSAL20250809_0830_staticAndStaticFree001,20,True,,
TS,30,20250809,20250830,trim_r1_to_r2,TSAL20250809_0830_staticAndStaticFree001,21,True,,
TS,30,20250809,20250830,trim_r1_to_r2,TSAL20250809_0830_staticAndStaticFree001,22,True,,
TS,30,20250809,20250830,trim_r1_to_r2,TSAL20250809_0830_staticAndStaticFree001,23,True,,
TS,30,20250809,20250830,trim_r1_to_r2,TSAL20250809_0830_staticAndStaticFree001,24,False,12.0,0.4872515850627144
TS,30,20250809,20250830,trim_r1_to_r2,TSAL20250809_0830_staticAndStaticFree001,26,False,14.0,0.4943327554215817
TS,30,20250809,20250830,trim_r1_to_r2,TSAL20250809_0830_staticAndStaticFree001,27,True,,
TS,30,20250809,20250830,trim_r1_to_r2,TSAL20250809_0830_staticAndStaticFree001,28,True,,
TS,30,20250809,20250830,trim_r1_to_r2,TSAL20250809_0830_staticAndStaticFree001,29,False,5.0,0.46105882855896635
TS,30,20250809,20250830,trim_r1_to_r2,TSAL20250809_0830_staticAndStaticFree001,30,True,,
TS,30,20250809,20250830,trim_r1_to_r2,TSAL20250809_0830_staticAndStaticFree001,31,False,8.0,0.47390183094567206
TS,30,20250809,20250830,trim_r1_to_r2,TSAL20250809_0830_staticAndStaticFree001,33,True,,
TS,30,20250809,20250830,trim_r1_to_r2,TSAL20250809_0830_staticAndStaticFree001,34,False,20.0,0.5095894982961627
TS,30,20250809,20250830,trim_r1_to_r2,TSAL20250809_0830_staticAndStaticFree001,35,True,,
TS,30,20250809,20250830,trim_r1_to_r2,TSAL20250809_0830_staticAndStaticFree001,36,True,,
TS,30,20250809,20250830,trim_r1_to_r2,TSAL20250809_0830_staticAndStaticFree001,37,True,,
TS,30,20250809,20250830,trim_r1_to_r2,TSAL20250809_0830_staticAndStaticFree001,38,True,,
TS,30,20250809,20250830,trim_r1_to_r2,TSAL20250809_0830_staticAndStaticFree001,39,True,,
TS,30,20250809,20250830,trim_r1_to_r2,TSAL20250809_0830_staticAndStaticFree001,40,True,,
TS,30,20250809,20250830,trim_r1_to_r2,TSAL20250809_0830_staticAndStaticFree001,41,False,21.0,0.5139263806115947
TS,30,20250809,20250830,trim_r1_to_r2,TSAL20250809_0830_staticAndStaticFree001,42,False,1.0,0.4342548256163362
TS,30,20250809,20250830,trim_r1_to_r2,TSAL20250809_0830_staticAndStaticFree001,43,False,3.0,0.4464722367278231
TS,30,20250809,20250830,trim_r1_to_r2,TSAL20250809_0830_staticAndStaticFree001,44,True,,
TS,30,20250809,20250830,trim_r1_to_r2,TSAL20250809_0830_staticAndStaticFree001,45,False,6.0,0.46417328614078446
TS,30,20250809,20250830,trim_r1_to_r2,TSAL20250809_0830_staticAndStaticFree001,46,True,,
TS,30,20250809,20250830,trim_r1_to_r2,TSAL20250809_0830_staticAndStaticFree001,47,True,,
TS,30,20250809,20250830,trim_r1_to_r2,TSAL20250809_0830_staticAndStaticFree001,48,False,15.0,0.4942610507654448
TS,30,20250809,20250830,trim_r1_to_r2,TSAL20250809_0830_staticAndStaticFree001,49,False,11.0,0.4858037449168395
TS,30,20250809,20250830,trim_r1_to_r2,TSAL20250809_0830_staticAndStaticFree001,50,True,,
TS,30,20250809,20250830,trim_r1_to_r2,TSAL20250809_0830_staticAndStaticFree001,51,False,9.0,0.477697859772002
TS,30,20250809,20250830,trim_r1_to_r2,TSAL20250809_0830_staticAndStaticFree001,52,True,,
TS,30,20250809,20250830,trim_r1_to_r2,TSAL20250809_0830_staticAndStaticFree001,53,True,,
TS,30,20250809,20250830,trim_r1_to_r2,TSAL20250809_0830_staticAndStaticFree001,54,False,16.0,0.4973528464069381
TS,30,20250809,20250830,trim_r1_to_r2,TSAL20250809_0830_staticAndStaticFree001,56,False,4.0,0.4575491147576446
TS,30,20250809,20250830,trim_r1_to_r2,TSAL20250809_0830_staticAndStaticFree001,57,True,,
TS,30,20250809,20250830,trim_r1_to_r2,TSAL20250809_0830_staticAndStaticFree001,58,False,19.0,0.5079502586614618
TS,30,20250809,20250830,trim_r1_to_r2,TSAL20250809_0830_staticAndStaticFree001,59,True,,
TS,30,20250809,20250830,trim_r1_to_r2,TSAL20250809_0830_staticAndStaticFree001,61,True,,
TS,30,20250809,20250830,trim_r1_to_r2,TSAL20250809_0830_staticAndStaticFree001,63,True,,
TS,30,20250809,20250830,trim_r1_to_r2,TSAL20250809_0830_staticAndStaticFree001,64,True,,
TS,30,20250809,20250830,trim_r1_to_r2,TSAL20250809_0830_staticAndStaticFree001,65,True,,
TS,30,20250809,20250830,trim_r1_to_r2,TSAL20250809_0830_staticAndStaticFree001,66,True,,
TS,31,20250810,20250828,trim_r2_to_r1,TSAL20250828_0830_interferenceAndInterferenceFree001,0,False,13.0,0.9328758805711543
TS,31,20250810,20250828,trim_r2_to_r1,TSAL20250828_0830_interferenceAndInterferenceFree001,1,False,27.0,0.8804520818664984
TS,31,20250810,20250828,trim_r2_to_r1,TSAL20250828_0830_interferenceAndInterferenceFree001,2,False,23.0,0.8916672805300823
TS,31,20250810,20250828,trim_r2_to_r1,TSAL20250828_0830_interferenceAndInterferenceFree001,3,False,44.0,0.8262183746977938
TS,31,20250810,20250828,trim_r2_to_r1,TSAL20250828_0830_interferenceAndInterferenceFree001,4,False,47.0,0.8314179151540733
TS,31,20250810,20250828,trim_r2_to_r1,TSAL20250828_0830_interferenceAndInterferenceFree001,5,False,17.0,0.9193654957714394
TS,31,20250810,20250828,trim_r2_to_r1,TSAL20250828_0830_interferenceAndInterferenceFree001,6,False,31.0,0.8727619226993827
TS,31,20250810,20250828,trim_r2_to_r1,TSAL20250828_0830_interferenceAndInterferenceFree001,7,False,28.0,0.879892038343384
TS,31,20250810,20250828,trim_r2_to_r1,TSAL20250828_0830_interferenceAndInterferenceFree001,8,False,22.0,0.8929268714063134
TS,31,20250810,20250828,trim_r2_to_r1,TSAL20250828_0830_interferenceAndInterferenceFree001,9,False,16.0,0.9278487054730683
TS,31,20250810,20250828,trim_r2_to_r1,TSAL20250828_0830_interferenceAndInterferenceFree001,10,False,7.0,0.9687159576304307
TS,31,20250810,20250828,trim_r2_to_r1,TSAL20250828_0830_interferenceAndInterferenceFree001,11,False,8.0,0.9662147508901726
TS,31,20250810,20250828,trim_r2_to_r1,TSAL20250828_0830_interferenceAndInterferenceFree001,12,False,19.0,0.8912185866766044
TS,31,20250810,20250828,trim_r2_to_r1,TSAL20250828_0830_interferenceAndInterferenceFree001,13,False,26.0,0.8820106986332331
TS,31,20250810,20250828,trim_r2_to_r1,TSAL20250828_0830_interferenceAndInterferenceFree001,14,False,21.0,0.8962151769012942
TS,31,20250810,20250828,trim_r2_to_r1,TSAL20250828_0830_interferenceAndInterferenceFree001,15,False,30.0,0.8792597486797697
TS,31,20250810,20250828,trim_r2_to_r1,TSAL20250828_0830_interferenceAndInterferenceFree001,16,False,32.0,0.8780444139241316
TS,31,20250810,20250828,trim_r2_to_r1,TSAL20250828_0830_interferenceAndInterferenceFree001,17,False,34.0,0.8691568513896865
TS,31,20250810,20250828,trim_r2_to_r1,TSAL20250828_0830_interferenceAndInterferenceFree001,18,False,20.0,0.8941206103798168
TS,31,20250810,20250828,trim_r2_to_r1,TSAL20250828_0830_interferenceAndInterferenceFree001,19,False,25.0,0.8853457713729647
TS,31,20250810,20250828,trim_r2_to_r1,TSAL20250828_0830_interferenceAndInterferenceFree001,20,False,46.0,0.823236071524928
TS,31,20250810,20250828,trim_r2_to_r1,TSAL20250828_0830_interferenceAndInterferenceFree001,21,False,33.0,0.8790074500641246
TS,31,20250810,20250828,trim_r2_to_r1,TSAL20250828_0830_interferenceAndInterferenceFree001,22,False,29.0,0.8768629287314258
TS,31,20250810,20250828,trim_r2_to_r1,TSAL20250828_0830_interferenceAndInterferenceFree001,23,False,35.0,0.8639319721548765
TS,31,20250810,20250828,trim_r2_to_r1,TSAL20250828_0830_interferenceAndInterferenceFree001,24,False,54.0,0.7774076297380569
TS,31,20250810,20250828,trim_r2_to_r1,TSAL20250828_0830_interferenceAndInterferenceFree001,25,True,,
TS,31,20250810,20250828,trim_r2_to_r1,TSAL20250828_0830_interferenceAndInterferenceFree001,26,True,,
TS,31,20250810,20250828,trim_r2_to_r1,TSAL20250828_0830_interferenceAndInterferenceFree001,27,False,1.0,1.1038034032743222
TS,31,20250810,20250828,trim_r2_to_r1,TSAL20250828_0830_interferenceAndInterferenceFree001,28,True,,
TS,31,20250810,20250828,trim_r2_to_r1,TSAL20250828_0830_interferenceAndInterferenceFree001,29,True,,
TS,31,20250810,20250828,trim_r2_to_r1,TSAL20250828_0830_interferenceAndInterferenceFree001,30,True,,
TS,31,20250810,20250828,trim_r2_to_r1,TSAL20250828_0830_interferenceAndInterferenceFree001,31,False,55.0,0.7519135769002167
TS,31,20250810,20250828,trim_r2_to_r1,TSAL20250828_0830_interferenceAndInterferenceFree001,32,True,,
TS,31,20250810,20250828,trim_r2_to_r1,TSAL20250828_0830_interferenceAndInterferenceFree001,33,True,,
TS,31,20250810,20250828,trim_r2_to_r1,TSAL20250828_0830_interferenceAndInterferenceFree001,34,True,,
TS,31,20250810,20250828,trim_r2_to_r1,TSAL20250828_0830_interferenceAndInterferenceFree001,35,True,,
TS,31,20250810,20250828,trim_r2_to_r1,TSAL20250828_0830_interferenceAndInterferenceFree001,36,True,,
TS,31,20250810,20250828,trim_r2_to_r1,TSAL20250828_0830_interferenceAndInterferenceFree001,37,True,,
TS,31,20250810,20250828,trim_r2_to_r1,TSAL20250828_0830_interferenceAndInterferenceFree001,38,False,53.0,0.8001658372252908
TS,31,20250810,20250828,trim_r2_to_r1,TSAL20250828_0830_interferenceAndInterferenceFree001,42,True,,
TS,31,20250810,20250828,trim_r2_to_r1,TSAL20250828_0830_interferenceAndInterferenceFree001,43,True,,
TS,31,20250810,20250828,trim_r2_to_r1,TSAL20250828_0830_interferenceAndInterferenceFree001,44,True,,
TS,31,20250810,20250828,trim_r2_to_r1,TSAL20250828_0830_interferenceAndInterferenceFree001,45,True,,
TS,31,20250810,20250828,trim_r2_to_r1,TSAL20250828_0830_interferenceAndInterferenceFree001,46,True,,
TS,31,20250810,20250828,trim_r2_to_r1,TSAL20250828_0830_interferenceAndInterferenceFree001,47,True,,
TS,31,20250810,20250828,trim_r2_to_r1,TSAL20250828_0830_interferenceAndInterferenceFree001,48,True,,
TS,31,20250810,20250828,trim_r2_to_r1,TSAL20250828_0830_interferenceAndInterferenceFree001,49,True,,
TS,31,20250810,20250828,trim_r2_to_r1,TSAL20250828_0830_interferenceAndInterferenceFree001,50,False,39.0,0.8451810198104147
TS,31,20250810,20250828,trim_r2_to_r1,TSAL20250828_0830_interferenceAndInterferenceFree001,51,True,,
TS,31,20250810,20250828,trim_r2_to_r1,TSAL20250828_0830_interferenceAndInterferenceFree001,52,True,,
TS,31,20250810,20250828,trim_r2_to_r1,TSAL20250828_0830_interferenceAndInterferenceFree001,53,True,,
TS,31,20250810,20250828,trim_r2_to_r1,TSAL20250828_0830_interferenceAndInterferenceFree001,54,True,,
TS,31,20250810,20250828,trim_r2_to_r1,TSAL20250828_0830_interferenceAndInterferenceFree001,55,False,57.0,0.730047726021223
TS,31,20250810,20250828,trim_r2_to_r1,TSAL20250828_0830_interferenceAndInterferenceFree001,56,True,,
TS,31,20250810,20250828,trim_r2_to_r1,TSAL20250828_0830_interferenceAndInterferenceFree001,57,False,56.0,0.7383805941377649
TS,31,20250810,20250828,trim_r2_to_r1,TSAL20250828_0830_interferenceAndInterferenceFree001,58,True,,
TS,31,20250810,20250828,trim_r2_to_r1,TSAL20250828_0830_interferenceAndInterferenceFree001,59,True,,
TS,31,20250810,20250828,trim_r2_to_r1,TSAL20250828_0830_interferenceAndInterferenceFree001,60,True,,
TS,31,20250810,20250828,trim_r2_to_r1,TSAL20250828_0830_interferenceAndInterferenceFree001,61,True,,
TS,31,20250810,20250828,trim_r2_to_r1,TSAL20250828_0830_interferenceAndInterferenceFree001,62,False,4.0,1.012928335512573
TS,31,20250810,20250828,trim_r2_to_r1,TSAL20250828_0830_interferenceAndInterferenceFree001,63,False,41.0,0.8418997327030424
TS,31,20250810,20250828,trim_r2_to_r1,TSAL20250828_0830_interferenceAndInterferenceFree001,64,True,,
TS,31,20250810,20250828,trim_r2_to_r1,TSAL20250828_0830_interferenceAndInterferenceFree001,65,False,3.0,1.0239435849859566
TS,31,20250810,20250828,trim_r2_to_r1,TSAL20250828_0830_interferenceAndInterferenceFree001,66,False,58.0,0.7248945605762349
TS,31,20250810,20250828,trim_r2_to_r1,TSAL20250828_0830_interferenceAndInterferenceFree001,67,False,60.0,0.7199669155386464
TS,31,20250810,20250828,trim_r2_to_r1,TSAL20250828_0830_interferenceAndInterferenceFree001,68,False,59.0,0.7152463858160074
TS,31,20250810,20250828,trim_r2_to_r1,TSAL20250828_0830_interferenceAndInterferenceFree001,69,True,,
TS,31,20250810,20250828,trim_r2_to_r1,TSAL20250828_0830_interferenceAndInterferenceFree001,70,False,14.0,0.9276525249902825
TS,31,20250810,20250828,trim_r2_to_r1,TSAL20250828_0830_interferenceAndInterferenceFree001,71,False,37.0,0.857070553871851
TS,31,20250810,20250828,trim_r2_to_r1,TSAL20250828_0830_interferenceAndInterferenceFree001,72,False,43.0,0.8277946323517075
TS,31,20250810,20250828,trim_r2_to_r1,TSAL20250828_0830_interferenceAndInterferenceFree001,73,False,48.0,0.8160980463443158
TS,31,20250810,20250828,trim_r2_to_r1,TSAL20250828_0830_interferenceAndInterferenceFree001,74,False,36.0,0.8566548434093106
TS,31,20250810,20250828,trim_r2_to_r1,TSAL20250828_0830_interferenceAndInterferenceFree001,75,False,38.0,0.8470975903511567
TS,31,20250810,20250828,trim_r2_to_r1,TSAL20250828_0830_interferenceAndInterferenceFree001,76,False,45.0,0.8241259061545556
TS,31,20250810,20250828,trim_r2_to_r1,TSAL20250828_0830_interferenceAndInterferenceFree001,77,False,11.0,0.9595094988865672
TS,31,20250810,20250828,trim_r2_to_r1,TSAL20250828_0830_interferenceAndInterferenceFree001,78,False,2.0,1.070760740418474
TS,31,20250810,20250828,trim_r2_to_r1,TSAL20250828_0830_interferenceAndInterferenceFree001,79,False,5.0,1.0043629107529695
TS,31,20250810,20250828,trim_r2_to_r1,TSAL20250828_0830_interferenceAndInterferenceFree001,80,False,18.0,0.9172170652860027
TS,31,20250810,20250828,trim_r2_to_r1,TSAL20250828_0830_interferenceAndInterferenceFree001,81,False,12.0,0.9499383199619792
TS,31,20250810,20250828,trim_r2_to_r1,TSAL20250828_0830_interferenceAndInterferenceFree001,82,False,9.0,0.965804824603299
TS,31,20250810,20250828,trim_r2_to_r1,TSAL20250828_0830_interferenceAndInterferenceFree001,83,False,50.0,0.8097182799228628
TS,31,20250810,20250828,trim_r2_to_r1,TSAL20250828_0830_interferenceAndInterferenceFree001,84,False,10.0,0.9605375515625395
TS,31,20250810,20250828,trim_r2_to_r1,TSAL20250828_0830_interferenceAndInterferenceFree001,85,False,51.0,0.8015088282338063
TS,31,20250810,20250828,trim_r2_to_r1,TSAL20250828_0830_interferenceAndInterferenceFree001,86,False,6.0,0.9989446709824561
TS,31,20250810,20250828,trim_r2_to_r1,TSAL20250828_0830_interferenceAndInterferenceFree001,87,False,15.0,0.9324138903599839
TS,31,20250810,20250828,trim_r2_to_r1,TSAL20250828_0830_interferenceAndInterferenceFree001,88,False,24.0,0.888355015015328
TS,31,20250810,20250828,trim_r2_to_r1,TSAL20250828_0830_interferenceAndInterferenceFree001,89,False,42.0,0.8262543629413841
TS,31,20250810,20250828,trim_r2_to_r1,TSAL20250828_0830_interferenceAndInterferenceFree001,91,False,40.0,0.8394320765076795
TS,31,20250810,20250828,trim_r2_to_r1,TSAL20250828_0830_interferenceAndInterferenceFree001,92,False,49.0,0.8219456352812506
TS,31,20250810,20250828,trim_r2_to_r1,TSAL20250828_0830_interferenceAndInterferenceFree001,93,False,52.0,0.802242667274677
TS,31,20250810,20250828,trim_r1_to_r2,TSAL20250810_0830_staticAndStaticFree001,0,False,49.0,0.5608118241715252
TS,31,20250810,20250828,trim_r1_to_r2,TSAL20250810_0830_staticAndStaticFree001,1,False,67.0,0.6090311451523867
TS,31,20250810,20250828,trim_r1_to_r2,TSAL20250810_0830_staticAndStaticFree001,2,False,26.0,0.5085840522678096
TS,31,20250810,20250828,trim_r1_to_r2,TSAL20250810_0830_staticAndStaticFree001,3,False,66.0,0.5994081604119339
TS,31,20250810,20250828,trim_r1_to_r2,TSAL20250810_0830_staticAndStaticFree001,5,False,30.0,0.516018494689315
TS,31,20250810,20250828,trim_r1_to_r2,TSAL20250810_0830_staticAndStaticFree001,6,False,39.0,0.5403675858990864
TS,31,20250810,20250828,trim_r1_to_r2,TSAL20250810_0830_staticAndStaticFree001,7,False,32.0,0.5239241972396796
TS,31,20250810,20250828,trim_r1_to_r2,TSAL20250810_0830_staticAndStaticFree001,8,False,16.0,0.4888087348965823
TS,31,20250810,20250828,trim_r1_to_r2,TSAL20250810_0830_staticAndStaticFree001,9,False,52.0,0.5680486362615007
TS,31,20250810,20250828,trim_r1_to_r2,TSAL20250810_0830_staticAndStaticFree001,10,False,61.0,0.5926834019636064
TS,31,20250810,20250828,trim_r1_to_r2,TSAL20250810_0830_staticAndStaticFree001,11,False,18.0,0.49205258478246866
TS,31,20250810,20250828,trim_r1_to_r2,TSAL20250810_0830_staticAndStaticFree001,12,True,,
TS,31,20250810,20250828,trim_r1_to_r2,TSAL20250810_0830_staticAndStaticFree001,13,False,55.0,0.5823289512632931
TS,31,20250810,20250828,trim_r1_to_r2,TSAL20250810_0830_staticAndStaticFree001,14,False,37.0,0.5345722561730659
TS,31,20250810,20250828,trim_r1_to_r2,TSAL20250810_0830_staticAndStaticFree001,16,False,35.0,0.5288452671268206
TS,31,20250810,20250828,trim_r1_to_r2,TSAL20250810_0830_staticAndStaticFree001,17,True,,
TS,31,20250810,20250828,trim_r1_to_r2,TSAL20250810_0830_staticAndStaticFree001,18,False,41.0,0.5487995279729793
TS,31,20250810,20250828,trim_r1_to_r2,TSAL20250810_0830_staticAndStaticFree001,19,False,45.0,0.553978961737994
TS,31,20250810,20250828,trim_r1_to_r2,TSAL20250810_0830_staticAndStaticFree001,20,False,42.0,0.5493394770100684
TS,31,20250810,20250828,trim_r1_to_r2,TSAL20250810_0830_staticAndStaticFree001,21,True,,
TS,31,20250810,20250828,trim_r1_to_r2,TSAL20250810_0830_staticAndStaticFree001,22,True,,
TS,31,20250810,20250828,trim_r1_to_r2,TSAL20250810_0830_staticAndStaticFree001,24,False,38.0,0.5374255578972065
TS,31,20250810,20250828,trim_r1_to_r2,TSAL20250810_0830_staticAndStaticFree001,25,False,36.0,0.5312946376194821
TS,31,20250810,20250828,trim_r1_to_r2,TSAL20250810_0830_staticAndStaticFree001,26,False,5.0,0.4413851327068438
TS,31,20250810,20250828,trim_r1_to_r2,TSAL20250810_0830_staticAndStaticFree001,27,False,31.0,0.5203930823308652
TS,31,20250810,20250828,trim_r1_to_r2,TSAL20250810_0830_staticAndStaticFree001,28,False,20.0,0.4956206083448382
TS,31,20250810,20250828,trim_r1_to_r2,TSAL20250810_0830_staticAndStaticFree001,29,False,8.0,0.46034061633623535
TS,31,20250810,20250828,trim_r1_to_r2,TSAL20250810_0830_staticAndStaticFree001,30,False,23.0,0.5015689891764921
TS,31,20250810,20250828,trim_r1_to_r2,TSAL20250810_0830_staticAndStaticFree001,31,True,,
TS,31,20250810,20250828,trim_r1_to_r2,TSAL20250810_0830_staticAndStaticFree001,32,False,59.0,0.5904542667188796
TS,31,20250810,20250828,trim_r1_to_r2,TSAL20250810_0830_staticAndStaticFree001,33,True,,
TS,31,20250810,20250828,trim_r1_to_r2,TSAL20250810_0830_staticAndStaticFree001,34,False,29.0,0.5155682024819929
TS,31,20250810,20250828,trim_r1_to_r2,TSAL20250810_0830_staticAndStaticFree001,35,False,65.0,0.5998220001414084
TS,31,20250810,20250828,trim_r1_to_r2,TSAL20250810_0830_staticAndStaticFree001,36,False,25.0,0.505319482009144
TS,31,20250810,20250828,trim_r1_to_r2,TSAL20250810_0830_staticAndStaticFree001,37,False,48.0,0.5619575360463547
TS,31,20250810,20250828,trim_r1_to_r2,TSAL20250810_0830_staticAndStaticFree001,38,False,43.0,0.5503035210996641
TS,31,20250810,20250828,trim_r1_to_r2,TSAL20250810_0830_staticAndStaticFree001,39,False,63.0,0.600568316601293
TS,31,20250810,20250828,trim_r1_to_r2,TSAL20250810_0830_staticAndStaticFree001,41,False,24.0,0.5057955074084328
TS,31,20250810,20250828,trim_r1_to_r2,TSAL20250810_0830_staticAndStaticFree001,42,False,13.0,0.48028023558491606
TS,31,20250810,20250828,trim_r1_to_r2,TSAL20250810_0830_staticAndStaticFree001,43,False,56.0,0.584824551861405
TS,31,20250810,20250828,trim_r1_to_r2,TSAL20250810_0830_staticAndStaticFree001,44,False,62.0,0.5948744194030773
TS,31,20250810,20250828,trim_r1_to_r2,TSAL20250810_0830_staticAndStaticFree001,45,False,12.0,0.4700541390282266
TS,31,20250810,20250828,trim_r1_to_r2,TSAL20250810_0830_staticAndStaticFree001,48,True,,
TS,31,20250810,20250828,trim_r1_to_r2,TSAL20250810_0830_staticAndStaticFree001,49,True,,
TS,31,20250810,20250828,trim_r1_to_r2,TSAL20250810_0830_staticAndStaticFree001,50,False,34.0,0.5283091751777673
TS,31,20250810,20250828,trim_r1_to_r2,TSAL20250810_0830_staticAndStaticFree001,51,False,33.0,0.5227297433155302
TS,31,20250810,20250828,trim_r1_to_r2,TSAL20250810_0830_staticAndStaticFree001,52,False,46.0,0.5588169889552466
TS,31,20250810,20250828,trim_r1_to_r2,TSAL20250810_0830_staticAndStaticFree001,53,False,44.0,0.5560759904847437
TS,31,20250810,20250828,trim_r1_to_r2,TSAL20250810_0830_staticAndStaticFree001,54,False,9.0,0.46368316731451936
TS,31,20250810,20250828,trim_r1_to_r2,TSAL20250810_0830_staticAndStaticFree001,55,False,14.0,0.4845475046047528
TS,31,20250810,20250828,trim_r1_to_r2,TSAL20250810_0830_staticAndStaticFree001,56,True,,
TS,31,20250810,20250828,trim_r1_to_r2,TSAL20250810_0830_staticAndStaticFree001,57,False,40.0,0.5471066536365865
TS,31,20250810,20250828,trim_r1_to_r2,TSAL20250810_0830_staticAndStaticFree001,58,False,27.0,0.511923503226908
TS,31,20250810,20250828,trim_r1_to_r2,TSAL20250810_0830_staticAndStaticFree001,59,True,,
TS,31,20250810,20250828,trim_r1_to_r2,TSAL20250810_0830_staticAndStaticFree001,60,True,,
TS,31,20250810,20250828,trim_r1_to_r2,TSAL20250810_0830_staticAndStaticFree001,61,False,15.0,0.48618706248828664
TS,31,20250810,20250828,trim_r1_to_r2,TSAL20250810_0830_staticAndStaticFree001,63,False,57.0,0.5851057589012689
TS,31,20250810,20250828,trim_r1_to_r2,TSAL20250810_0830_staticAndStaticFree001,64,False,47.0,0.5581024471573872
TS,31,20250810,20250828,trim_r1_to_r2,TSAL20250810_0830_staticAndStaticFree001,65,False,50.0,0.5659129391766049
TS,31,20250810,20250828,trim_r1_to_r2,TSAL20250810_0830_staticAndStaticFree001,66,False,64.0,0.598906369654421
TS,31,20250810,20250828,trim_r1_to_r2,TSAL20250810_0830_staticAndStaticFree001,67,False,10.0,0.4663113027909882
TS,31,20250810,20250828,trim_r1_to_r2,TSAL20250810_0830_staticAndStaticFree001,68,False,21.0,0.49664729267746344
TS,31,20250810,20250828,trim_r1_to_r2,TSAL20250810_0830_staticAndStaticFree001,69,False,22.0,0.5011249981224839
TS,31,20250810,20250828,trim_r1_to_r2,TSAL20250810_0830_staticAndStaticFree001,70,False,2.0,0.43385684810929226
TS,31,20250810,20250828,trim_r1_to_r2,TSAL20250810_0830_staticAndStaticFree001,71,False,4.0,0.4384020729833899
TS,31,20250810,20250828,trim_r1_to_r2,TSAL20250810_0830_staticAndStaticFree001,72,True,,
TS,31,20250810,20250828,trim_r1_to_r2,TSAL20250810_0830_staticAndStaticFree001,73,False,60.0,0.5886961443747056
TS,31,20250810,20250828,trim_r1_to_r2,TSAL20250810_0830_staticAndStaticFree001,74,False,17.0,0.48911327751289224
TS,31,20250810,20250828,trim_r1_to_r2,TSAL20250810_0830_staticAndStaticFree001,75,False,1.0,0.4250595204536149
TS,31,20250810,20250828,trim_r1_to_r2,TSAL20250810_0830_staticAndStaticFree001,76,False,6.0,0.44277574054331165
TS,31,20250810,20250828,trim_r1_to_r2,TSAL20250810_0830_staticAndStaticFree001,77,False,19.0,0.49492744933260746
TS,31,20250810,20250828,trim_r1_to_r2,TSAL20250810_0830_staticAndStaticFree001,78,True,,
TS,31,20250810,20250828,trim_r1_to_r2,TSAL20250810_0830_staticAndStaticFree001,80,True,,
TS,31,20250810,20250828,trim_r1_to_r2,TSAL20250810_0830_staticAndStaticFree001,81,False,51.0,0.5652012957116899
TS,31,20250810,20250828,trim_r1_to_r2,TSAL20250810_0830_staticAndStaticFree001,82,True,,
TS,31,20250810,20250828,trim_r1_to_r2,TSAL20250810_0830_staticAndStaticFree001,83,False,11.0,0.46784896041904467
TS,31,20250810,20250828,trim_r1_to_r2,TSAL20250810_0830_staticAndStaticFree001,84,True,,
TS,31,20250810,20250828,trim_r1_to_r2,TSAL20250810_0830_staticAndStaticFree001,85,False,53.0,0.5793339629389717
TS,31,20250810,20250828,trim_r1_to_r2,TSAL20250810_0830_staticAndStaticFree001,86,False,58.0,0.5871168307502674
TS,31,20250810,20250828,trim_r1_to_r2,TSAL20250810_0830_staticAndStaticFree001,87,False,3.0,0.4350242982788382
TS,31,20250810,20250828,trim_r1_to_r2,TSAL20250810_0830_staticAndStaticFree001,88,False,7.0,0.4488941590181543
TS,31,20250810,20250828,trim_r1_to_r2,TSAL20250810_0830_staticAndStaticFree001,89,False,28.0,0.514938942494991
TS,31,20250810,20250828,trim_r1_to_r2,TSAL20250810_0830_staticAndStaticFree001,90,False,54.0,0.5804049290669713
TS,32,20250810,20250829,trim_r2_to_r1,TSAL20250829_0830_interferenceAndInterferenceFree001,0,True,,
TS,32,20250810,20250829,trim_r2_to_r1,TSAL20250829_0830_interferenceAndInterferenceFree001,1,True,,
TS,32,20250810,20250829,trim_r2_to_r1,TSAL20250829_0830_interferenceAndInterferenceFree001,2,True,,
TS,32,20250810,20250829,trim_r2_to_r1,TSAL20250829_0830_interferenceAndInterferenceFree001,3,True,,
TS,32,20250810,20250829,trim_r2_to_r1,TSAL20250829_0830_interferenceAndInterferenceFree001,4,True,,
TS,32,20250810,20250829,trim_r2_to_r1,TSAL20250829_0830_interferenceAndInterferenceFree001,5,True,,
TS,32,20250810,20250829,trim_r2_to_r1,TSAL20250829_0830_interferenceAndInterferenceFree001,6,True,,
TS,32,20250810,20250829,trim_r2_to_r1,TSAL20250829_0830_interferenceAndInterferenceFree001,7,True,,
TS,32,20250810,20250829,trim_r2_to_r1,TSAL20250829_0830_interferenceAndInterferenceFree001,8,True,,
TS,32,20250810,20250829,trim_r2_to_r1,TSAL20250829_0830_interferenceAndInterferenceFree001,9,True,,
TS,32,20250810,20250829,trim_r2_to_r1,TSAL20250829_0830_interferenceAndInterferenceFree001,10,True,,
TS,32,20250810,20250829,trim_r2_to_r1,TSAL20250829_0830_interferenceAndInterferenceFree001,11,True,,
TS,32,20250810,20250829,trim_r2_to_r1,TSAL20250829_0830_interferenceAndInterferenceFree001,12,True,,
TS,32,20250810,20250829,trim_r2_to_r1,TSAL20250829_0830_interferenceAndInterferenceFree001,13,True,,
TS,32,20250810,20250829,trim_r2_to_r1,TSAL20250829_0830_interferenceAndInterferenceFree001,14,True,,
TS,32,20250810,20250829,trim_r2_to_r1,TSAL20250829_0830_interferenceAndInterferenceFree001,15,True,,
TS,32,20250810,20250829,trim_r2_to_r1,TSAL20250829_0830_interferenceAndInterferenceFree001,16,True,,
TS,32,20250810,20250829,trim_r2_to_r1,TSAL20250829_0830_interferenceAndInterferenceFree001,17,True,,
TS,32,20250810,20250829,trim_r2_to_r1,TSAL20250829_0830_interferenceAndInterferenceFree001,18,True,,
TS,32,20250810,20250829,trim_r2_to_r1,TSAL20250829_0830_interferenceAndInterferenceFree001,19,True,,
TS,32,20250810,20250829,trim_r2_to_r1,TSAL20250829_0830_interferenceAndInterferenceFree001,20,True,,
TS,32,20250810,20250829,trim_r2_to_r1,TSAL20250829_0830_interferenceAndInterferenceFree001,21,True,,
TS,32,20250810,20250829,trim_r2_to_r1,TSAL20250829_0830_interferenceAndInterferenceFree001,22,True,,
TS,32,20250810,20250829,trim_r2_to_r1,TSAL20250829_0830_interferenceAndInterferenceFree001,23,True,,
TS,32,20250810,20250829,trim_r2_to_r1,TSAL20250829_0830_interferenceAndInterferenceFree001,24,True,,
TS,32,20250810,20250829,trim_r2_to_r1,TSAL20250829_0830_interferenceAndInterferenceFree001,25,True,,
TS,32,20250810,20250829,trim_r2_to_r1,TSAL20250829_0830_interferenceAndInterferenceFree001,26,True,,
TS,32,20250810,20250829,trim_r2_to_r1,TSAL20250829_0830_interferenceAndInterferenceFree001,27,True,,
TS,32,20250810,20250829,trim_r2_to_r1,TSAL20250829_0830_interferenceAndInterferenceFree001,28,True,,
TS,32,20250810,20250829,trim_r2_to_r1,TSAL20250829_0830_interferenceAndInterferenceFree001,29,True,,
TS,32,20250810,20250829,trim_r2_to_r1,TSAL20250829_0830_interferenceAndInterferenceFree001,30,True,,
TS,32,20250810,20250829,trim_r2_to_r1,TSAL20250829_0830_interferenceAndInterferenceFree001,31,True,,
TS,32,20250810,20250829,trim_r2_to_r1,TSAL20250829_0830_interferenceAndInterferenceFree001,32,True,,
TS,32,20250810,20250829,trim_r2_to_r1,TSAL20250829_0830_interferenceAndInterferenceFree001,33,True,,
TS,32,20250810,20250829,trim_r2_to_r1,TSAL20250829_0830_interferenceAndInterferenceFree001,34,True,,
TS,32,20250810,20250829,trim_r2_to_r1,TSAL20250829_0830_interferenceAndInterferenceFree001,35,True,,
TS,32,20250810,20250829,trim_r2_to_r1,TSAL20250829_0830_interferenceAndInterferenceFree001,36,True,,
TS,32,20250810,20250829,trim_r2_to_r1,TSAL20250829_0830_interferenceAndInterferenceFree001,37,True,,
TS,32,20250810,20250829,trim_r2_to_r1,TSAL20250829_0830_interferenceAndInterferenceFree001,38,False,54.0,0.7244724388079428
TS,32,20250810,20250829,trim_r2_to_r1,TSAL20250829_0830_interferenceAndInterferenceFree001,40,True,,
TS,32,20250810,20250829,trim_r2_to_r1,TSAL20250829_0830_interferenceAndInterferenceFree001,41,True,,
TS,32,20250810,20250829,trim_r2_to_r1,TSAL20250829_0830_interferenceAndInterferenceFree001,42,True,,
TS,32,20250810,20250829,trim_r2_to_r1,TSAL20250829_0830_interferenceAndInterferenceFree001,43,False,30.0,0.8739512453184205
TS,32,20250810,20250829,trim_r2_to_r1,TSAL20250829_0830_interferenceAndInterferenceFree001,44,False,6.0,0.9417187379945096
TS,32,20250810,20250829,trim_r2_to_r1,TSAL20250829_0830_interferenceAndInterferenceFree001,45,False,1.0,1.6081293910607353
TS,32,20250810,20250829,trim_r2_to_r1,TSAL20250829_0830_interferenceAndInterferenceFree001,46,False,26.0,0.8750950422720816
TS,32,20250810,20250829,trim_r2_to_r1,TSAL20250829_0830_interferenceAndInterferenceFree001,47,False,40.0,0.8329614629844031
TS,32,20250810,20250829,trim_r2_to_r1,TSAL20250829_0830_interferenceAndInterferenceFree001,48,False,53.0,0.7635786855396322
TS,32,20250810,20250829,trim_r2_to_r1,TSAL20250829_0830_interferenceAndInterferenceFree001,49,False,22.0,0.8858964454321321
TS,32,20250810,20250829,trim_r2_to_r1,TSAL20250829_0830_interferenceAndInterferenceFree001,50,False,35.0,0.8563575120399414
TS,32,20250810,20250829,trim_r2_to_r1,TSAL20250829_0830_interferenceAndInterferenceFree001,51,False,42.0,0.8177713608613284
TS,32,20250810,20250829,trim_r2_to_r1,TSAL20250829_0830_interferenceAndInterferenceFree001,52,False,36.0,0.8499159852148478
TS,32,20250810,20250829,trim_r2_to_r1,TSAL20250829_0830_interferenceAndInterferenceFree001,53,False,50.0,0.7970079646043425
TS,32,20250810,20250829,trim_r2_to_r1,TSAL20250829_0830_interferenceAndInterferenceFree001,54,False,34.0,0.8554284981787099
TS,32,20250810,20250829,trim_r2_to_r1,TSAL20250829_0830_interferenceAndInterferenceFree001,55,False,9.0,0.9452137609847254
TS,32,20250810,20250829,trim_r2_to_r1,TSAL20250829_0830_interferenceAndInterferenceFree001,56,False,28.0,0.8730140247625211
TS,32,20250810,20250829,trim_r2_to_r1,TSAL20250829_0830_interferenceAndInterferenceFree001,57,False,5.0,0.9657343963635234
TS,32,20250810,20250829,trim_r2_to_r1,TSAL20250829_0830_interferenceAndInterferenceFree001,58,False,44.0,0.8040108381131732
TS,32,20250810,20250829,trim_r2_to_r1,TSAL20250829_0830_interferenceAndInterferenceFree001,59,False,52.0,0.7718652749515069
TS,32,20250810,20250829,trim_r2_to_r1,TSAL20250829_0830_interferenceAndInterferenceFree001,60,False,17.0,0.8915452026627136
TS,32,20250810,20250829,trim_r2_to_r1,TSAL20250829_0830_interferenceAndInterferenceFree001,61,False,33.0,0.8552177694643736
TS,32,20250810,20250829,trim_r2_to_r1,TSAL20250829_0830_interferenceAndInterferenceFree001,62,False,51.0,0.7869882383546202
TS,32,20250810,20250829,trim_r2_to_r1,TSAL20250829_0830_interferenceAndInterferenceFree001,63,False,13.0,0.9136363067203823
TS,32,20250810,20250829,trim_r2_to_r1,TSAL20250829_0830_interferenceAndInterferenceFree001,64,False,48.0,0.7965724237121689
TS,32,20250810,20250829,trim_r2_to_r1,TSAL20250829_0830_interferenceAndInterferenceFree001,65,False,49.0,0.8003853107065153
TS,32,20250810,20250829,trim_r2_to_r1,TSAL20250829_0830_interferenceAndInterferenceFree001,66,False,46.0,0.8117737797046728
TS,32,20250810,20250829,trim_r2_to_r1,TSAL20250829_0830_interferenceAndInterferenceFree001,67,False,19.0,0.8862489251799076
TS,32,20250810,20250829,trim_r2_to_r1,TSAL20250829_0830_interferenceAndInterferenceFree001,68,False,38.0,0.8572681651232118
TS,32,20250810,20250829,trim_r2_to_r1,TSAL20250829_0830_interferenceAndInterferenceFree001,69,False,39.0,0.8503536597338835
TS,32,20250810,20250829,trim_r2_to_r1,TSAL20250829_0830_interferenceAndInterferenceFree001,70,False,15.0,0.9017229387076201
TS,32,20250810,20250829,trim_r2_to_r1,TSAL20250829_0830_interferenceAndInterferenceFree001,71,False,37.0,0.8551890079850426
TS,32,20250810,20250829,trim_r2_to_r1,TSAL20250829_0830_interferenceAndInterferenceFree001,72,False,43.0,0.8151594601529918
TS,32,20250810,20250829,trim_r2_to_r1,TSAL20250829_0830_interferenceAndInterferenceFree001,73,False,24.0,0.8754912266653292
TS,32,20250810,20250829,trim_r2_to_r1,TSAL20250829_0830_interferenceAndInterferenceFree001,74,False,47.0,0.8174800094287944
TS,32,20250810,20250829,trim_r2_to_r1,TSAL20250829_0830_interferenceAndInterferenceFree001,75,False,14.0,0.9044508396777416
TS,32,20250810,20250829,trim_r2_to_r1,TSAL20250829_0830_interferenceAndInterferenceFree001,76,False,31.0,0.862626523394946
TS,32,20250810,20250829,trim_r2_to_r1,TSAL20250829_0830_interferenceAndInterferenceFree001,77,False,21.0,0.8871836495582134
TS,32,20250810,20250829,trim_r2_to_r1,TSAL20250829_0830_interferenceAndInterferenceFree001,78,False,32.0,0.8534553959287179
TS,32,20250810,20250829,trim_r2_to_r1,TSAL20250829_0830_interferenceAndInterferenceFree001,79,False,20.0,0.8904460905040421
TS,32,20250810,20250829,trim_r2_to_r1,TSAL20250829_0830_interferenceAndInterferenceFree001,81,False,10.0,0.9360968690438147
TS,32,20250810,20250829,trim_r2_to_r1,TSAL20250829_0830_interferenceAndInterferenceFree001,83,False,7.0,0.9415211856261998
TS,32,20250810,20250829,trim_r2_to_r1,TSAL20250829_0830_interferenceAndInterferenceFree001,84,False,11.0,0.935071267557698
TS,32,20250810,20250829,trim_r2_to_r1,TSAL20250829_0830_interferenceAndInterferenceFree001,85,False,16.0,0.8995147574430503
TS,32,20250810,20250829,trim_r2_to_r1,TSAL20250829_0830_interferenceAndInterferenceFree001,86,False,8.0,0.9404946843726187
TS,32,20250810,20250829,trim_r2_to_r1,TSAL20250829_0830_interferenceAndInterferenceFree001,88,False,29.0,0.8730832511074187
TS,32,20250810,20250829,trim_r2_to_r1,TSAL20250829_0830_interferenceAndInterferenceFree001,89,False,25.0,0.8742900919828056
TS,32,20250810,20250829,trim_r2_to_r1,TSAL20250829_0830_interferenceAndInterferenceFree001,90,False,41.0,0.834126704396119
TS,32,20250810,20250829,trim_r2_to_r1,TSAL20250829_0830_interferenceAndInterferenceFree001,91,False,2.0,1.3532300801840176
TS,32,20250810,20250829,trim_r2_to_r1,TSAL20250829_0830_interferenceAndInterferenceFree001,92,False,45.0,0.8069684020340148
TS,32,20250810,20250829,trim_r2_to_r1,TSAL20250829_0830_interferenceAndInterferenceFree001,93,False,18.0,0.8876904636177033
TS,32,20250810,20250829,trim_r2_to_r1,TSAL20250829_0830_interferenceAndInterferenceFree001,94,False,4.0,1.0414702525450104
TS,32,20250810,20250829,trim_r2_to_r1,TSAL20250829_0830_interferenceAndInterferenceFree001,95,False,23.0,0.8813678462245156
TS,32,20250810,20250829,trim_r2_to_r1,TSAL20250829_0830_interferenceAndInterferenceFree001,96,False,12.0,0.92156189100744
TS,32,20250810,20250829,trim_r2_to_r1,TSAL20250829_0830_interferenceAndInterferenceFree001,97,False,3.0,1.1923843486320234
TS,32,20250810,20250829,trim_r2_to_r1,TSAL20250829_0830_interferenceAndInterferenceFree001,98,False,27.0,0.8740150812547309
TS,32,20250810,20250829,trim_r1_to_r2,TSAL20250810_0830_staticAndStaticFree001,0,True,,
TS,32,20250810,20250829,trim_r1_to_r2,TSAL20250810_0830_staticAndStaticFree001,1,True,,
TS,32,20250810,20250829,trim_r1_to_r2,TSAL20250810_0830_staticAndStaticFree001,2,False,26.0,0.5085840522678096
TS,32,20250810,20250829,trim_r1_to_r2,TSAL20250810_0830_staticAndStaticFree001,3,True,,
TS,32,20250810,20250829,trim_r1_to_r2,TSAL20250810_0830_staticAndStaticFree001,5,False,30.0,0.516018494689315
TS,32,20250810,20250829,trim_r1_to_r2,TSAL20250810_0830_staticAndStaticFree001,6,False,39.0,0.5403675858990864
TS,32,20250810,20250829,trim_r1_to_r2,TSAL20250810_0830_staticAndStaticFree001,7,False,32.0,0.5239241972396796
TS,32,20250810,20250829,trim_r1_to_r2,TSAL20250810_0830_staticAndStaticFree001,8,False,16.0,0.4888087348965823
TS,32,20250810,20250829,trim_r1_to_r2,TSAL20250810_0830_staticAndStaticFree001,9,True,,
TS,32,20250810,20250829,trim_r1_to_r2,TSAL20250810_0830_staticAndStaticFree001,10,True,,
TS,32,20250810,20250829,trim_r1_to_r2,TSAL20250810_0830_staticAndStaticFree001,11,False,18.0,0.49205258478246866
TS,32,20250810,20250829,trim_r1_to_r2,TSAL20250810_0830_staticAndStaticFree001,12,True,,
TS,32,20250810,20250829,trim_r1_to_r2,TSAL20250810_0830_staticAndStaticFree001,13,True,,
TS,32,20250810,20250829,trim_r1_to_r2,TSAL20250810_0830_staticAndStaticFree001,14,False,37.0,0.5345722561730659
TS,32,20250810,20250829,trim_r1_to_r2,TSAL20250810_0830_staticAndStaticFree001,16,False,35.0,0.5288452671268206
TS,32,20250810,20250829,trim_r1_to_r2,TSAL20250810_0830_staticAndStaticFree001,17,True,,
TS,32,20250810,20250829,trim_r1_to_r2,TSAL20250810_0830_staticAndStaticFree001,18,False,41.0,0.5487995279729793
TS,32,20250810,20250829,trim_r1_to_r2,TSAL20250810_0830_staticAndStaticFree001,19,False,45.0,0.553978961737994
TS,32,20250810,20250829,trim_r1_to_r2,TSAL20250810_0830_staticAndStaticFree001,20,False,42.0,0.5493394770100684
TS,32,20250810,20250829,trim_r1_to_r2,TSAL20250810_0830_staticAndStaticFree001,21,True,,
TS,32,20250810,20250829,trim_r1_to_r2,TSAL20250810_0830_staticAndStaticFree001,22,True,,
TS,32,20250810,20250829,trim_r1_to_r2,TSAL20250810_0830_staticAndStaticFree001,24,False,38.0,0.5374255578972065
TS,32,20250810,20250829,trim_r1_to_r2,TSAL20250810_0830_staticAndStaticFree001,25,False,36.0,0.5312946376194821
TS,32,20250810,20250829,trim_r1_to_r2,TSAL20250810_0830_staticAndStaticFree001,26,False,5.0,0.4413851327068438
TS,32,20250810,20250829,trim_r1_to_r2,TSAL20250810_0830_staticAndStaticFree001,27,False,31.0,0.5203930823308652
TS,32,20250810,20250829,trim_r1_to_r2,TSAL20250810_0830_staticAndStaticFree001,28,False,20.0,0.4956206083448382
TS,32,20250810,20250829,trim_r1_to_r2,TSAL20250810_0830_staticAndStaticFree001,29,False,8.0,0.46034061633623535
TS,32,20250810,20250829,trim_r1_to_r2,TSAL20250810_0830_staticAndStaticFree001,30,False,23.0,0.5015689891764921
TS,32,20250810,20250829,trim_r1_to_r2,TSAL20250810_0830_staticAndStaticFree001,31,True,,
TS,32,20250810,20250829,trim_r1_to_r2,TSAL20250810_0830_staticAndStaticFree001,32,True,,
TS,32,20250810,20250829,trim_r1_to_r2,TSAL20250810_0830_staticAndStaticFree001,33,True,,
TS,32,20250810,20250829,trim_r1_to_r2,TSAL20250810_0830_staticAndStaticFree001,34,False,29.0,0.5155682024819929
TS,32,20250810,20250829,trim_r1_to_r2,TSAL20250810_0830_staticAndStaticFree001,35,True,,
TS,32,20250810,20250829,trim_r1_to_r2,TSAL20250810_0830_staticAndStaticFree001,36,False,25.0,0.505319482009144
TS,32,20250810,20250829,trim_r1_to_r2,TSAL20250810_0830_staticAndStaticFree001,37,True,,
TS,32,20250810,20250829,trim_r1_to_r2,TSAL20250810_0830_staticAndStaticFree001,38,False,43.0,0.5503035210996641
TS,32,20250810,20250829,trim_r1_to_r2,TSAL20250810_0830_staticAndStaticFree001,39,True,,
TS,32,20250810,20250829,trim_r1_to_r2,TSAL20250810_0830_staticAndStaticFree001,41,False,24.0,0.5057955074084328
TS,32,20250810,20250829,trim_r1_to_r2,TSAL20250810_0830_staticAndStaticFree001,42,False,13.0,0.48028023558491606
TS,32,20250810,20250829,trim_r1_to_r2,TSAL20250810_0830_staticAndStaticFree001,43,True,,
TS,32,20250810,20250829,trim_r1_to_r2,TSAL20250810_0830_staticAndStaticFree001,44,True,,
TS,32,20250810,20250829,trim_r1_to_r2,TSAL20250810_0830_staticAndStaticFree001,45,False,12.0,0.4700541390282266
TS,32,20250810,20250829,trim_r1_to_r2,TSAL20250810_0830_staticAndStaticFree001,48,True,,
TS,32,20250810,20250829,trim_r1_to_r2,TSAL20250810_0830_staticAndStaticFree001,49,True,,
TS,32,20250810,20250829,trim_r1_to_r2,TSAL20250810_0830_staticAndStaticFree001,50,False,34.0,0.5283091751777673
TS,32,20250810,20250829,trim_r1_to_r2,TSAL20250810_0830_staticAndStaticFree001,51,False,33.0,0.5227297433155302
TS,32,20250810,20250829,trim_r1_to_r2,TSAL20250810_0830_staticAndStaticFree001,52,False,46.0,0.5588169889552466
TS,32,20250810,20250829,trim_r1_to_r2,TSAL20250810_0830_staticAndStaticFree001,53,False,44.0,0.5560759904847437
TS,32,20250810,20250829,trim_r1_to_r2,TSAL20250810_0830_staticAndStaticFree001,54,False,9.0,0.46368316731451936
TS,32,20250810,20250829,trim_r1_to_r2,TSAL20250810_0830_staticAndStaticFree001,55,False,14.0,0.4845475046047528
TS,32,20250810,20250829,trim_r1_to_r2,TSAL20250810_0830_staticAndStaticFree001,56,True,,
TS,32,20250810,20250829,trim_r1_to_r2,TSAL20250810_0830_staticAndStaticFree001,57,False,40.0,0.5471066536365865
TS,32,20250810,20250829,trim_r1_to_r2,TSAL20250810_0830_staticAndStaticFree001,58,False,27.0,0.511923503226908
TS,32,20250810,20250829,trim_r1_to_r2,TSAL20250810_0830_staticAndStaticFree001,59,True,,
TS,32,20250810,20250829,trim_r1_to_r2,TSAL20250810_0830_staticAndStaticFree001,60,True,,
TS,32,20250810,20250829,trim_r1_to_r2,TSAL20250810_0830_staticAndStaticFree001,61,False,15.0,0.48618706248828664
TS,32,20250810,20250829,trim_r1_to_r2,TSAL20250810_0830_staticAndStaticFree001,63,True,,
TS,32,20250810,20250829,trim_r1_to_r2,TSAL20250810_0830_staticAndStaticFree001,64,True,,
TS,32,20250810,20250829,trim_r1_to_r2,TSAL20250810_0830_staticAndStaticFree001,65,True,,
TS,32,20250810,20250829,trim_r1_to_r2,TSAL20250810_0830_staticAndStaticFree001,66,True,,
TS,32,20250810,20250829,trim_r1_to_r2,TSAL20250810_0830_staticAndStaticFree001,67,False,10.0,0.4663113027909882
TS,32,20250810,20250829,trim_r1_to_r2,TSAL20250810_0830_staticAndStaticFree001,68,False,21.0,0.49664729267746344
TS,32,20250810,20250829,trim_r1_to_r2,TSAL20250810_0830_staticAndStaticFree001,69,False,22.0,0.5011249981224839
TS,32,20250810,20250829,trim_r1_to_r2,TSAL20250810_0830_staticAndStaticFree001,70,False,2.0,0.43385684810929226
TS,32,20250810,20250829,trim_r1_to_r2,TSAL20250810_0830_staticAndStaticFree001,71,False,4.0,0.4384020729833899
TS,32,20250810,20250829,trim_r1_to_r2,TSAL20250810_0830_staticAndStaticFree001,72,True,,
TS,32,20250810,20250829,trim_r1_to_r2,TSAL20250810_0830_staticAndStaticFree001,73,True,,
TS,32,20250810,20250829,trim_r1_to_r2,TSAL20250810_0830_staticAndStaticFree001,74,False,17.0,0.48911327751289224
TS,32,20250810,20250829,trim_r1_to_r2,TSAL20250810_0830_staticAndStaticFree001,75,False,1.0,0.4250595204536149
TS,32,20250810,20250829,trim_r1_to_r2,TSAL20250810_0830_staticAndStaticFree001,76,False,6.0,0.44277574054331165
TS,32,20250810,20250829,trim_r1_to_r2,TSAL20250810_0830_staticAndStaticFree001,77,False,19.0,0.49492744933260746
TS,32,20250810,20250829,trim_r1_to_r2,TSAL20250810_0830_staticAndStaticFree001,78,True,,
TS,32,20250810,20250829,trim_r1_to_r2,TSAL20250810_0830_staticAndStaticFree001,80,True,,
TS,32,20250810,20250829,trim_r1_to_r2,TSAL20250810_0830_staticAndStaticFree001,81,True,,
TS,32,20250810,20250829,trim_r1_to_r2,TSAL20250810_0830_staticAndStaticFree001,82,True,,
TS,32,20250810,20250829,trim_r1_to_r2,TSAL20250810_0830_staticAndStaticFree001,83,False,11.0,0.46784896041904467
TS,32,20250810,20250829,trim_r1_to_r2,TSAL20250810_0830_staticAndStaticFree001,84,True,,
TS,32,20250810,20250829,trim_r1_to_r2,TSAL20250810_0830_staticAndStaticFree001,85,True,,
TS,32,20250810,20250829,trim_r1_to_r2,TSAL20250810_0830_staticAndStaticFree001,86,True,,
TS,32,20250810,20250829,trim_r1_to_r2,TSAL20250810_0830_staticAndStaticFree001,87,False,3.0,0.4350242982788382
TS,32,20250810,20250829,trim_r1_to_r2,TSAL20250810_0830_staticAndStaticFree001,88,False,7.0,0.4488941590181543
TS,32,20250810,20250829,trim_r1_to_r2,TSAL20250810_0830_staticAndStaticFree001,89,False,28.0,0.514938942494991
TS,32,20250810,20250829,trim_r1_to_r2,TSAL20250810_0830_staticAndStaticFree001,90,True,,
TS,33,20250810,20250830,trim_r2_to_r1,TSAL20250830_0830_interferenceAndInterferenceFree001,1,True,,
TS,33,20250810,20250830,trim_r2_to_r1,TSAL20250830_0830_interferenceAndInterferenceFree001,2,True,,
TS,33,20250810,20250830,trim_r2_to_r1,TSAL20250830_0830_interferenceAndInterferenceFree001,3,True,,
TS,33,20250810,20250830,trim_r2_to_r1,TSAL20250830_0830_interferenceAndInterferenceFree001,4,True,,
TS,33,20250810,20250830,trim_r2_to_r1,TSAL20250830_0830_interferenceAndInterferenceFree001,5,True,,
TS,33,20250810,20250830,trim_r2_to_r1,TSAL20250830_0830_interferenceAndInterferenceFree001,6,True,,
TS,33,20250810,20250830,trim_r2_to_r1,TSAL20250830_0830_interferenceAndInterferenceFree001,7,True,,
TS,33,20250810,20250830,trim_r2_to_r1,TSAL20250830_0830_interferenceAndInterferenceFree001,8,True,,
TS,33,20250810,20250830,trim_r2_to_r1,TSAL20250830_0830_interferenceAndInterferenceFree001,9,True,,
TS,33,20250810,20250830,trim_r2_to_r1,TSAL20250830_0830_interferenceAndInterferenceFree001,10,True,,
TS,33,20250810,20250830,trim_r2_to_r1,TSAL20250830_0830_interferenceAndInterferenceFree001,12,False,10.0,0.8803871899949374
TS,33,20250810,20250830,trim_r2_to_r1,TSAL20250830_0830_interferenceAndInterferenceFree001,13,True,,
TS,33,20250810,20250830,trim_r2_to_r1,TSAL20250830_0830_interferenceAndInterferenceFree001,14,True,,
TS,33,20250810,20250830,trim_r2_to_r1,TSAL20250830_0830_interferenceAndInterferenceFree001,15,False,26.0,0.7330189491300624
TS,33,20250810,20250830,trim_r2_to_r1,TSAL20250830_0830_interferenceAndInterferenceFree001,16,True,,
TS,33,20250810,20250830,trim_r2_to_r1,TSAL20250830_0830_interferenceAndInterferenceFree001,17,False,1.0,1.0492151016052262
TS,33,20250810,20250830,trim_r2_to_r1,TSAL20250830_0830_interferenceAndInterferenceFree001,18,True,,
TS,33,20250810,20250830,trim_r2_to_r1,TSAL20250830_0830_interferenceAndInterferenceFree001,19,True,,
TS,33,20250810,20250830,trim_r2_to_r1,TSAL20250830_0830_interferenceAndInterferenceFree001,20,False,28.0,0.7142008799070457
TS,33,20250810,20250830,trim_r2_to_r1,TSAL20250830_0830_interferenceAndInterferenceFree001,21,True,,
TS,33,20250810,20250830,trim_r2_to_r1,TSAL20250830_0830_interferenceAndInterferenceFree001,23,False,29.0,0.6973303766250575
TS,33,20250810,20250830,trim_r2_to_r1,TSAL20250830_0830_interferenceAndInterferenceFree001,24,True,,
TS,33,20250810,20250830,trim_r2_to_r1,TSAL20250830_0830_interferenceAndInterferenceFree001,25,True,,
TS,33,20250810,20250830,trim_r2_to_r1,TSAL20250830_0830_interferenceAndInterferenceFree001,26,True,,
TS,33,20250810,20250830,trim_r2_to_r1,TSAL20250830_0830_interferenceAndInterferenceFree001,27,True,,
TS,33,20250810,20250830,trim_r2_to_r1,TSAL20250830_0830_interferenceAndInterferenceFree001,28,False,2.0,1.0247479159019566
TS,33,20250810,20250830,trim_r2_to_r1,TSAL20250830_0830_interferenceAndInterferenceFree001,29,True,,
TS,33,20250810,20250830,trim_r2_to_r1,TSAL20250830_0830_interferenceAndInterferenceFree001,30,True,,
TS,33,20250810,20250830,trim_r2_to_r1,TSAL20250830_0830_interferenceAndInterferenceFree001,31,True,,
TS,33,20250810,20250830,trim_r2_to_r1,TSAL20250830_0830_interferenceAndInterferenceFree001,32,True,,
TS,33,20250810,20250830,trim_r2_to_r1,TSAL20250830_0830_interferenceAndInterferenceFree001,33,True,,
TS,33,20250810,20250830,trim_r2_to_r1,TSAL20250830_0830_interferenceAndInterferenceFree001,34,True,,
TS,33,20250810,20250830,trim_r2_to_r1,TSAL20250830_0830_interferenceAndInterferenceFree001,35,True,,
TS,33,20250810,20250830,trim_r2_to_r1,TSAL20250830_0830_interferenceAndInterferenceFree001,36,True,,
TS,33,20250810,20250830,trim_r2_to_r1,TSAL20250830_0830_interferenceAndInterferenceFree001,37,True,,
TS,33,20250810,20250830,trim_r2_to_r1,TSAL20250830_0830_interferenceAndInterferenceFree001,38,False,30.0,0.6902882243719108
TS,33,20250810,20250830,trim_r2_to_r1,TSAL20250830_0830_interferenceAndInterferenceFree001,40,True,,
TS,33,20250810,20250830,trim_r2_to_r1,TSAL20250830_0830_interferenceAndInterferenceFree001,41,False,27.0,0.727194039046351
TS,33,20250810,20250830,trim_r2_to_r1,TSAL20250830_0830_interferenceAndInterferenceFree001,42,True,,
TS,33,20250810,20250830,trim_r2_to_r1,TSAL20250830_0830_interferenceAndInterferenceFree001,43,True,,
TS,33,20250810,20250830,trim_r2_to_r1,TSAL20250830_0830_interferenceAndInterferenceFree001,44,False,3.0,0.9620676372370269
TS,33,20250810,20250830,trim_r2_to_r1,TSAL20250830_0830_interferenceAndInterferenceFree001,45,False,6.0,0.9112092901601999
TS,33,20250810,20250830,trim_r2_to_r1,TSAL20250830_0830_interferenceAndInterferenceFree001,46,False,25.0,0.7636954212181557
TS,33,20250810,20250830,trim_r2_to_r1,TSAL20250830_0830_interferenceAndInterferenceFree001,47,True,,
TS,33,20250810,20250830,trim_r2_to_r1,TSAL20250830_0830_interferenceAndInterferenceFree001,48,True,,
TS,33,20250810,20250830,trim_r2_to_r1,TSAL20250830_0830_interferenceAndInterferenceFree001,49,True,,
TS,33,20250810,20250830,trim_r2_to_r1,TSAL20250830_0830_interferenceAndInterferenceFree001,50,True,,
TS,33,20250810,20250830,trim_r2_to_r1,TSAL20250830_0830_interferenceAndInterferenceFree001,52,False,23.0,0.7858855243241208
TS,33,20250810,20250830,trim_r2_to_r1,TSAL20250830_0830_interferenceAndInterferenceFree001,53,True,,
TS,33,20250810,20250830,trim_r2_to_r1,TSAL20250830_0830_interferenceAndInterferenceFree001,54,True,,
TS,33,20250810,20250830,trim_r2_to_r1,TSAL20250830_0830_interferenceAndInterferenceFree001,55,False,16.0,0.8185616927130437
TS,33,20250810,20250830,trim_r2_to_r1,TSAL20250830_0830_interferenceAndInterferenceFree001,56,False,18.0,0.808502823701752
TS,33,20250810,20250830,trim_r2_to_r1,TSAL20250830_0830_interferenceAndInterferenceFree001,57,False,19.0,0.803995870130546
TS,33,20250810,20250830,trim_r2_to_r1,TSAL20250830_0830_interferenceAndInterferenceFree001,58,True,,
TS,33,20250810,20250830,trim_r2_to_r1,TSAL20250830_0830_interferenceAndInterferenceFree001,60,False,17.0,0.8126000458941938
TS,33,20250810,20250830,trim_r2_to_r1,TSAL20250830_0830_interferenceAndInterferenceFree001,61,True,,
TS,33,20250810,20250830,trim_r2_to_r1,TSAL20250830_0830_interferenceAndInterferenceFree001,62,True,,
TS,33,20250810,20250830,trim_r2_to_r1,TSAL20250830_0830_interferenceAndInterferenceFree001,63,True,,
TS,33,20250810,20250830,trim_r2_to_r1,TSAL20250830_0830_interferenceAndInterferenceFree001,64,False,15.0,0.8365395002768805
TS,33,20250810,20250830,trim_r2_to_r1,TSAL20250830_0830_interferenceAndInterferenceFree001,65,True,,
TS,33,20250810,20250830,trim_r2_to_r1,TSAL20250830_0830_interferenceAndInterferenceFree001,66,True,,
TS,33,20250810,20250830,trim_r2_to_r1,TSAL20250830_0830_interferenceAndInterferenceFree001,67,True,,
TS,33,20250810,20250830,trim_r2_to_r1,TSAL20250830_0830_interferenceAndInterferenceFree001,68,False,4.0,0.9281237245193258
TS,33,20250810,20250830,trim_r2_to_r1,TSAL20250830_0830_interferenceAndInterferenceFree001,69,False,8.0,0.8855685020917664
TS,33,20250810,20250830,trim_r2_to_r1,TSAL20250830_0830_interferenceAndInterferenceFree001,70,False,5.0,0.9171297549018407
TS,33,20250810,20250830,trim_r2_to_r1,TSAL20250830_0830_interferenceAndInterferenceFree001,71,False,7.0,0.8967896872709239
TS,33,20250810,20250830,trim_r2_to_r1,TSAL20250830_0830_interferenceAndInterferenceFree001,72,False,11.0,0.8674520627247374
TS,33,20250810,20250830,trim_r2_to_r1,TSAL20250830_0830_interferenceAndInterferenceFree001,73,False,9.0,0.8848613529661441
TS,33,20250810,20250830,trim_r2_to_r1,TSAL20250830_0830_interferenceAndInterferenceFree001,74,True,,
TS,33,20250810,20250830,trim_r2_to_r1,TSAL20250830_0830_interferenceAndInterferenceFree001,75,False,20.0,0.7964154702874082
TS,33,20250810,20250830,trim_r2_to_r1,TSAL20250830_0830_interferenceAndInterferenceFree001,76,False,21.0,0.7929587990759963
TS,33,20250810,20250830,trim_r2_to_r1,TSAL20250830_0830_interferenceAndInterferenceFree001,77,False,13.0,0.8372465128212512
TS,33,20250810,20250830,trim_r2_to_r1,TSAL20250830_0830_interferenceAndInterferenceFree001,79,True,,
TS,33,20250810,20250830,trim_r2_to_r1,TSAL20250830_0830_interferenceAndInterferenceFree001,81,True,,
TS,33,20250810,20250830,trim_r2_to_r1,TSAL20250830_0830_interferenceAndInterferenceFree001,82,False,24.0,0.7651805783741491
TS,33,20250810,20250830,trim_r2_to_r1,TSAL20250830_0830_interferenceAndInterferenceFree001,83,False,22.0,0.7950211619540893
TS,33,20250810,20250830,trim_r2_to_r1,TSAL20250830_0830_interferenceAndInterferenceFree001,86,False,14.0,0.8401338234245985
TS,33,20250810,20250830,trim_r2_to_r1,TSAL20250830_0830_interferenceAndInterferenceFree001,87,True,,
TS,33,20250810,20250830,trim_r2_to_r1,TSAL20250830_0830_interferenceAndInterferenceFree001,88,False,12.0,0.8617866480545344
TS,33,20250810,20250830,trim_r1_to_r2,TSAL20250810_0830_staticAndStaticFree001,0,True,,
TS,33,20250810,20250830,trim_r1_to_r2,TSAL20250810_0830_staticAndStaticFree001,1,True,,
TS,33,20250810,20250830,trim_r1_to_r2,TSAL20250810_0830_staticAndStaticFree001,2,False,26.0,0.5085840522678096
TS,33,20250810,20250830,trim_r1_to_r2,TSAL20250810_0830_staticAndStaticFree001,3,True,,
TS,33,20250810,20250830,trim_r1_to_r2,TSAL20250810_0830_staticAndStaticFree001,5,False,30.0,0.516018494689315
TS,33,20250810,20250830,trim_r1_to_r2,TSAL20250810_0830_staticAndStaticFree001,6,True,,
TS,33,20250810,20250830,trim_r1_to_r2,TSAL20250810_0830_staticAndStaticFree001,7,False,32.0,0.5239241972396796
TS,33,20250810,20250830,trim_r1_to_r2,TSAL20250810_0830_staticAndStaticFree001,8,False,16.0,0.4888087348965823
TS,33,20250810,20250830,trim_r1_to_r2,TSAL20250810_0830_staticAndStaticFree001,9,True,,
TS,33,20250810,20250830,trim_r1_to_r2,TSAL20250810_0830_staticAndStaticFree001,10,True,,
TS,33,20250810,20250830,trim_r1_to_r2,TSAL20250810_0830_staticAndStaticFree001,11,False,18.0,0.49205258478246866
TS,33,20250810,20250830,trim_r1_to_r2,TSAL20250810_0830_staticAndStaticFree001,12,True,,
TS,33,20250810,20250830,trim_r1_to_r2,TSAL20250810_0830_staticAndStaticFree001,13,True,,
TS,33,20250810,20250830,trim_r1_to_r2,TSAL20250810_0830_staticAndStaticFree001,14,True,,
TS,33,20250810,20250830,trim_r1_to_r2,TSAL20250810_0830_staticAndStaticFree001,16,True,,
TS,33,20250810,20250830,trim_r1_to_r2,TSAL20250810_0830_staticAndStaticFree001,17,True,,
TS,33,20250810,20250830,trim_r1_to_r2,TSAL20250810_0830_staticAndStaticFree001,18,True,,
TS,33,20250810,20250830,trim_r1_to_r2,TSAL20250810_0830_staticAndStaticFree001,19,True,,
TS,33,20250810,20250830,trim_r1_to_r2,TSAL20250810_0830_staticAndStaticFree001,20,True,,
TS,33,20250810,20250830,trim_r1_to_r2,TSAL20250810_0830_staticAndStaticFree001,21,True,,
TS,33,20250810,20250830,trim_r1_to_r2,TSAL20250810_0830_staticAndStaticFree001,22,True,,
TS,33,20250810,20250830,trim_r1_to_r2,TSAL20250810_0830_staticAndStaticFree001,24,True,,
TS,33,20250810,20250830,trim_r1_to_r2,TSAL20250810_0830_staticAndStaticFree001,25,True,,
TS,33,20250810,20250830,trim_r1_to_r2,TSAL20250810_0830_staticAndStaticFree001,26,False,5.0,0.4413851327068438
TS,33,20250810,20250830,trim_r1_to_r2,TSAL20250810_0830_staticAndStaticFree001,27,False,31.0,0.5203930823308652
TS,33,20250810,20250830,trim_r1_to_r2,TSAL20250810_0830_staticAndStaticFree001,28,False,20.0,0.4956206083448382
TS,33,20250810,20250830,trim_r1_to_r2,TSAL20250810_0830_staticAndStaticFree001,29,False,8.0,0.46034061633623535
TS,33,20250810,20250830,trim_r1_to_r2,TSAL20250810_0830_staticAndStaticFree001,30,False,23.0,0.5015689891764921
TS,33,20250810,20250830,trim_r1_to_r2,TSAL20250810_0830_staticAndStaticFree001,31,True,,
TS,33,20250810,20250830,trim_r1_to_r2,TSAL20250810_0830_staticAndStaticFree001,32,True,,
TS,33,20250810,20250830,trim_r1_to_r2,TSAL20250810_0830_staticAndStaticFree001,33,True,,
TS,33,20250810,20250830,trim_r1_to_r2,TSAL20250810_0830_staticAndStaticFree001,34,False,29.0,0.5155682024819929
TS,33,20250810,20250830,trim_r1_to_r2,TSAL20250810_0830_staticAndStaticFree001,35,True,,
TS,33,20250810,20250830,trim_r1_to_r2,TSAL20250810_0830_staticAndStaticFree001,36,False,25.0,0.505319482009144
TS,33,20250810,20250830,trim_r1_to_r2,TSAL20250810_0830_staticAndStaticFree001,37,True,,
TS,33,20250810,20250830,trim_r1_to_r2,TSAL20250810_0830_staticAndStaticFree001,38,True,,
TS,33,20250810,20250830,trim_r1_to_r2,TSAL20250810_0830_staticAndStaticFree001,39,True,,
TS,33,20250810,20250830,trim_r1_to_r2,TSAL20250810_0830_staticAndStaticFree001,41,False,24.0,0.5057955074084328
TS,33,20250810,20250830,trim_r1_to_r2,TSAL20250810_0830_staticAndStaticFree001,42,False,13.0,0.48028023558491606
TS,33,20250810,20250830,trim_r1_to_r2,TSAL20250810_0830_staticAndStaticFree001,43,True,,
TS,33,20250810,20250830,trim_r1_to_r2,TSAL20250810_0830_staticAndStaticFree001,44,True,,
TS,33,20250810,20250830,trim_r1_to_r2,TSAL20250810_0830_staticAndStaticFree001,45,False,12.0,0.4700541390282266
TS,33,20250810,20250830,trim_r1_to_r2,TSAL20250810_0830_staticAndStaticFree001,48,True,,
TS,33,20250810,20250830,trim_r1_to_r2,TSAL20250810_0830_staticAndStaticFree001,49,True,,
TS,33,20250810,20250830,trim_r1_to_r2,TSAL20250810_0830_staticAndStaticFree001,50,True,,
TS,33,20250810,20250830,trim_r1_to_r2,TSAL20250810_0830_staticAndStaticFree001,51,False,33.0,0.5227297433155302
TS,33,20250810,20250830,trim_r1_to_r2,TSAL20250810_0830_staticAndStaticFree001,52,True,,
TS,33,20250810,20250830,trim_r1_to_r2,TSAL20250810_0830_staticAndStaticFree001,53,True,,
TS,33,20250810,20250830,trim_r1_to_r2,TSAL20250810_0830_staticAndStaticFree001,54,False,9.0,0.46368316731451936
TS,33,20250810,20250830,trim_r1_to_r2,TSAL20250810_0830_staticAndStaticFree001,55,False,14.0,0.4845475046047528
TS,33,20250810,20250830,trim_r1_to_r2,TSAL20250810_0830_staticAndStaticFree001,56,True,,
TS,33,20250810,20250830,trim_r1_to_r2,TSAL20250810_0830_staticAndStaticFree001,57,True,,
TS,33,20250810,20250830,trim_r1_to_r2,TSAL20250810_0830_staticAndStaticFree001,58,False,27.0,0.511923503226908
TS,33,20250810,20250830,trim_r1_to_r2,TSAL20250810_0830_staticAndStaticFree001,59,True,,
TS,33,20250810,20250830,trim_r1_to_r2,TSAL20250810_0830_staticAndStaticFree001,60,True,,
TS,33,20250810,20250830,trim_r1_to_r2,TSAL20250810_0830_staticAndStaticFree001,61,False,15.0,0.48618706248828664
TS,33,20250810,20250830,trim_r1_to_r2,TSAL20250810_0830_staticAndStaticFree001,63,True,,
TS,33,20250810,20250830,trim_r1_to_r2,TSAL20250810_0830_staticAndStaticFree001,64,True,,
TS,33,20250810,20250830,trim_r1_to_r2,TSAL20250810_0830_staticAndStaticFree001,65,True,,
TS,33,20250810,20250830,trim_r1_to_r2,TSAL20250810_0830_staticAndStaticFree001,66,True,,
TS,33,20250810,20250830,trim_r1_to_r2,TSAL20250810_0830_staticAndStaticFree001,67,False,10.0,0.4663113027909882
TS,33,20250810,20250830,trim_r1_to_r2,TSAL20250810_0830_staticAndStaticFree001,68,False,21.0,0.49664729267746344
TS,33,20250810,20250830,trim_r1_to_r2,TSAL20250810_0830_staticAndStaticFree001,69,False,22.0,0.5011249981224839
TS,33,20250810,20250830,trim_r1_to_r2,TSAL20250810_0830_staticAndStaticFree001,70,False,2.0,0.43385684810929226
TS,33,20250810,20250830,trim_r1_to_r2,TSAL20250810_0830_staticAndStaticFree001,71,False,4.0,0.4384020729833899
TS,33,20250810,20250830,trim_r1_to_r2,TSAL20250810_0830_staticAndStaticFree001,72,True,,
TS,33,20250810,20250830,trim_r1_to_r2,TSAL20250810_0830_staticAndStaticFree001,73,True,,
TS,33,20250810,20250830,trim_r1_to_r2,TSAL20250810_0830_staticAndStaticFree001,74,False,17.0,0.48911327751289224
TS,33,20250810,20250830,trim_r1_to_r2,TSAL20250810_0830_staticAndStaticFree001,75,False,1.0,0.4250595204536149
TS,33,20250810,20250830,trim_r1_to_r2,TSAL20250810_0830_staticAndStaticFree001,76,False,6.0,0.44277574054331165
TS,33,20250810,20250830,trim_r1_to_r2,TSAL20250810_0830_staticAndStaticFree001,77,False,19.0,0.49492744933260746
TS,33,20250810,20250830,trim_r1_to_r2,TSAL20250810_0830_staticAndStaticFree001,78,True,,
TS,33,20250810,20250830,trim_r1_to_r2,TSAL20250810_0830_staticAndStaticFree001,80,True,,
TS,33,20250810,20250830,trim_r1_to_r2,TSAL20250810_0830_staticAndStaticFree001,81,True,,
TS,33,20250810,20250830,trim_r1_to_r2,TSAL20250810_0830_staticAndStaticFree001,82,True,,
TS,33,20250810,20250830,trim_r1_to_r2,TSAL20250810_0830_staticAndStaticFree001,83,False,11.0,0.46784896041904467
TS,33,20250810,20250830,trim_r1_to_r2,TSAL20250810_0830_staticAndStaticFree001,84,True,,
TS,33,20250810,20250830,trim_r1_to_r2,TSAL20250810_0830_staticAndStaticFree001,85,True,,
TS,33,20250810,20250830,trim_r1_to_r2,TSAL20250810_0830_staticAndStaticFree001,86,True,,
TS,33,20250810,20250830,trim_r1_to_r2,TSAL20250810_0830_staticAndStaticFree001,87,False,3.0,0.4350242982788382
TS,33,20250810,20250830,trim_r1_to_r2,TSAL20250810_0830_staticAndStaticFree001,88,False,7.0,0.4488941590181543
TS,33,20250810,20250830,trim_r1_to_r2,TSAL20250810_0830_staticAndStaticFree001,89,False,28.0,0.514938942494991
TS,33,20250810,20250830,trim_r1_to_r2,TSAL20250810_0830_staticAndStaticFree001,90,True,,
TS,34,20250811,20250828,trim_r2_to_r1,TSAL20250828_0830_interferenceAndInterferenceFree001,0,False,13.0,0.9328758805711543
TS,34,20250811,20250828,trim_r2_to_r1,TSAL20250828_0830_interferenceAndInterferenceFree001,1,False,27.0,0.8804520818664984
TS,34,20250811,20250828,trim_r2_to_r1,TSAL20250828_0830_interferenceAndInterferenceFree001,2,False,23.0,0.8916672805300823
TS,34,20250811,20250828,trim_r2_to_r1,TSAL20250828_0830_interferenceAndInterferenceFree001,3,False,44.0,0.8262183746977938
TS,34,20250811,20250828,trim_r2_to_r1,TSAL20250828_0830_interferenceAndInterferenceFree001,4,False,47.0,0.8314179151540733
TS,34,20250811,20250828,trim_r2_to_r1,TSAL20250828_0830_interferenceAndInterferenceFree001,5,False,17.0,0.9193654957714394
TS,34,20250811,20250828,trim_r2_to_r1,TSAL20250828_0830_interferenceAndInterferenceFree001,6,False,31.0,0.8727619226993827
TS,34,20250811,20250828,trim_r2_to_r1,TSAL20250828_0830_interferenceAndInterferenceFree001,7,False,28.0,0.879892038343384
TS,34,20250811,20250828,trim_r2_to_r1,TSAL20250828_0830_interferenceAndInterferenceFree001,8,False,22.0,0.8929268714063134
TS,34,20250811,20250828,trim_r2_to_r1,TSAL20250828_0830_interferenceAndInterferenceFree001,9,False,16.0,0.9278487054730683
TS,34,20250811,20250828,trim_r2_to_r1,TSAL20250828_0830_interferenceAndInterferenceFree001,10,False,7.0,0.9687159576304307
TS,34,20250811,20250828,trim_r2_to_r1,TSAL20250828_0830_interferenceAndInterferenceFree001,11,False,8.0,0.9662147508901726
TS,34,20250811,20250828,trim_r2_to_r1,TSAL20250828_0830_interferenceAndInterferenceFree001,12,False,19.0,0.8912185866766044
TS,34,20250811,20250828,trim_r2_to_r1,TSAL20250828_0830_interferenceAndInterferenceFree001,13,False,26.0,0.8820106986332331
TS,34,20250811,20250828,trim_r2_to_r1,TSAL20250828_0830_interferenceAndInterferenceFree001,14,False,21.0,0.8962151769012942
TS,34,20250811,20250828,trim_r2_to_r1,TSAL20250828_0830_interferenceAndInterferenceFree001,15,False,30.0,0.8792597486797697
TS,34,20250811,20250828,trim_r2_to_r1,TSAL20250828_0830_interferenceAndInterferenceFree001,16,False,32.0,0.8780444139241316
TS,34,20250811,20250828,trim_r2_to_r1,TSAL20250828_0830_interferenceAndInterferenceFree001,17,False,34.0,0.8691568513896865
TS,34,20250811,20250828,trim_r2_to_r1,TSAL20250828_0830_interferenceAndInterferenceFree001,18,False,20.0,0.8941206103798168
TS,34,20250811,20250828,trim_r2_to_r1,TSAL20250828_0830_interferenceAndInterferenceFree001,19,False,25.0,0.8853457713729647
TS,34,20250811,20250828,trim_r2_to_r1,TSAL20250828_0830_interferenceAndInterferenceFree001,20,False,46.0,0.823236071524928
TS,34,20250811,20250828,trim_r2_to_r1,TSAL20250828_0830_interferenceAndInterferenceFree001,21,False,33.0,0.8790074500641246
TS,34,20250811,20250828,trim_r2_to_r1,TSAL20250828_0830_interferenceAndInterferenceFree001,22,False,29.0,0.8768629287314258
TS,34,20250811,20250828,trim_r2_to_r1,TSAL20250828_0830_interferenceAndInterferenceFree001,23,False,35.0,0.8639319721548765
TS,34,20250811,20250828,trim_r2_to_r1,TSAL20250828_0830_interferenceAndInterferenceFree001,24,False,54.0,0.7774076297380569
TS,34,20250811,20250828,trim_r2_to_r1,TSAL20250828_0830_interferenceAndInterferenceFree001,25,True,,
TS,34,20250811,20250828,trim_r2_to_r1,TSAL20250828_0830_interferenceAndInterferenceFree001,26,True,,
TS,34,20250811,20250828,trim_r2_to_r1,TSAL20250828_0830_interferenceAndInterferenceFree001,27,False,1.0,1.1038034032743222
TS,34,20250811,20250828,trim_r2_to_r1,TSAL20250828_0830_interferenceAndInterferenceFree001,28,True,,
TS,34,20250811,20250828,trim_r2_to_r1,TSAL20250828_0830_interferenceAndInterferenceFree001,29,True,,
TS,34,20250811,20250828,trim_r2_to_r1,TSAL20250828_0830_interferenceAndInterferenceFree001,30,True,,
TS,34,20250811,20250828,trim_r2_to_r1,TSAL20250828_0830_interferenceAndInterferenceFree001,31,False,55.0,0.7519135769002167
TS,34,20250811,20250828,trim_r2_to_r1,TSAL20250828_0830_interferenceAndInterferenceFree001,32,True,,
TS,34,20250811,20250828,trim_r2_to_r1,TSAL20250828_0830_interferenceAndInterferenceFree001,33,True,,
TS,34,20250811,20250828,trim_r2_to_r1,TSAL20250828_0830_interferenceAndInterferenceFree001,34,True,,
TS,34,20250811,20250828,trim_r2_to_r1,TSAL20250828_0830_interferenceAndInterferenceFree001,35,True,,
TS,34,20250811,20250828,trim_r2_to_r1,TSAL20250828_0830_interferenceAndInterferenceFree001,36,True,,
TS,34,20250811,20250828,trim_r2_to_r1,TSAL20250828_0830_interferenceAndInterferenceFree001,37,True,,
TS,34,20250811,20250828,trim_r2_to_r1,TSAL20250828_0830_interferenceAndInterferenceFree001,38,False,53.0,0.8001658372252908
TS,34,20250811,20250828,trim_r2_to_r1,TSAL20250828_0830_interferenceAndInterferenceFree001,42,True,,
TS,34,20250811,20250828,trim_r2_to_r1,TSAL20250828_0830_interferenceAndInterferenceFree001,43,True,,
TS,34,20250811,20250828,trim_r2_to_r1,TSAL20250828_0830_interferenceAndInterferenceFree001,44,True,,
TS,34,20250811,20250828,trim_r2_to_r1,TSAL20250828_0830_interferenceAndInterferenceFree001,45,True,,
TS,34,20250811,20250828,trim_r2_to_r1,TSAL20250828_0830_interferenceAndInterferenceFree001,46,True,,
TS,34,20250811,20250828,trim_r2_to_r1,TSAL20250828_0830_interferenceAndInterferenceFree001,47,True,,
TS,34,20250811,20250828,trim_r2_to_r1,TSAL20250828_0830_interferenceAndInterferenceFree001,48,True,,
TS,34,20250811,20250828,trim_r2_to_r1,TSAL20250828_0830_interferenceAndInterferenceFree001,49,True,,
TS,34,20250811,20250828,trim_r2_to_r1,TSAL20250828_0830_interferenceAndInterferenceFree001,50,False,39.0,0.8451810198104147
TS,34,20250811,20250828,trim_r2_to_r1,TSAL20250828_0830_interferenceAndInterferenceFree001,51,True,,
TS,34,20250811,20250828,trim_r2_to_r1,TSAL20250828_0830_interferenceAndInterferenceFree001,52,True,,
TS,34,20250811,20250828,trim_r2_to_r1,TSAL20250828_0830_interferenceAndInterferenceFree001,53,True,,
TS,34,20250811,20250828,trim_r2_to_r1,TSAL20250828_0830_interferenceAndInterferenceFree001,54,True,,
TS,34,20250811,20250828,trim_r2_to_r1,TSAL20250828_0830_interferenceAndInterferenceFree001,55,False,57.0,0.730047726021223
TS,34,20250811,20250828,trim_r2_to_r1,TSAL20250828_0830_interferenceAndInterferenceFree001,56,True,,
TS,34,20250811,20250828,trim_r2_to_r1,TSAL20250828_0830_interferenceAndInterferenceFree001,57,False,56.0,0.7383805941377649
TS,34,20250811,20250828,trim_r2_to_r1,TSAL20250828_0830_interferenceAndInterferenceFree001,58,True,,
TS,34,20250811,20250828,trim_r2_to_r1,TSAL20250828_0830_interferenceAndInterferenceFree001,59,True,,
TS,34,20250811,20250828,trim_r2_to_r1,TSAL20250828_0830_interferenceAndInterferenceFree001,60,True,,
TS,34,20250811,20250828,trim_r2_to_r1,TSAL20250828_0830_interferenceAndInterferenceFree001,61,True,,
TS,34,20250811,20250828,trim_r2_to_r1,TSAL20250828_0830_interferenceAndInterferenceFree001,62,False,4.0,1.012928335512573
TS,34,20250811,20250828,trim_r2_to_r1,TSAL20250828_0830_interferenceAndInterferenceFree001,63,False,41.0,0.8418997327030424
TS,34,20250811,20250828,trim_r2_to_r1,TSAL20250828_0830_interferenceAndInterferenceFree001,64,True,,
TS,34,20250811,20250828,trim_r2_to_r1,TSAL20250828_0830_interferenceAndInterferenceFree001,65,False,3.0,1.0239435849859566
TS,34,20250811,20250828,trim_r2_to_r1,TSAL20250828_0830_interferenceAndInterferenceFree001,66,True,,
TS,34,20250811,20250828,trim_r2_to_r1,TSAL20250828_0830_interferenceAndInterferenceFree001,67,True,,
TS,34,20250811,20250828,trim_r2_to_r1,TSAL20250828_0830_interferenceAndInterferenceFree001,68,True,,
TS,34,20250811,20250828,trim_r2_to_r1,TSAL20250828_0830_interferenceAndInterferenceFree001,69,True,,
TS,34,20250811,20250828,trim_r2_to_r1,TSAL20250828_0830_interferenceAndInterferenceFree001,70,False,14.0,0.9276525249902825
TS,34,20250811,20250828,trim_r2_to_r1,TSAL20250828_0830_interferenceAndInterferenceFree001,71,False,37.0,0.857070553871851
TS,34,20250811,20250828,trim_r2_to_r1,TSAL20250828_0830_interferenceAndInterferenceFree001,72,False,43.0,0.8277946323517075
TS,34,20250811,20250828,trim_r2_to_r1,TSAL20250828_0830_interferenceAndInterferenceFree001,73,False,48.0,0.8160980463443158
TS,34,20250811,20250828,trim_r2_to_r1,TSAL20250828_0830_interferenceAndInterferenceFree001,74,False,36.0,0.8566548434093106
TS,34,20250811,20250828,trim_r2_to_r1,TSAL20250828_0830_interferenceAndInterferenceFree001,75,False,38.0,0.8470975903511567
TS,34,20250811,20250828,trim_r2_to_r1,TSAL20250828_0830_interferenceAndInterferenceFree001,76,False,45.0,0.8241259061545556
TS,34,20250811,20250828,trim_r2_to_r1,TSAL20250828_0830_interferenceAndInterferenceFree001,77,False,11.0,0.9595094988865672
TS,34,20250811,20250828,trim_r2_to_r1,TSAL20250828_0830_interferenceAndInterferenceFree001,78,False,2.0,1.070760740418474
TS,34,20250811,20250828,trim_r2_to_r1,TSAL20250828_0830_interferenceAndInterferenceFree001,79,False,5.0,1.0043629107529695
TS,34,20250811,20250828,trim_r2_to_r1,TSAL20250828_0830_interferenceAndInterferenceFree001,80,False,18.0,0.9172170652860027
TS,34,20250811,20250828,trim_r2_to_r1,TSAL20250828_0830_interferenceAndInterferenceFree001,81,False,12.0,0.9499383199619792
TS,34,20250811,20250828,trim_r2_to_r1,TSAL20250828_0830_interferenceAndInterferenceFree001,82,False,9.0,0.965804824603299
TS,34,20250811,20250828,trim_r2_to_r1,TSAL20250828_0830_interferenceAndInterferenceFree001,83,False,50.0,0.8097182799228628
TS,34,20250811,20250828,trim_r2_to_r1,TSAL20250828_0830_interferenceAndInterferenceFree001,84,False,10.0,0.9605375515625395
TS,34,20250811,20250828,trim_r2_to_r1,TSAL20250828_0830_interferenceAndInterferenceFree001,85,False,51.0,0.8015088282338063
TS,34,20250811,20250828,trim_r2_to_r1,TSAL20250828_0830_interferenceAndInterferenceFree001,86,False,6.0,0.9989446709824561
TS,34,20250811,20250828,trim_r2_to_r1,TSAL20250828_0830_interferenceAndInterferenceFree001,87,False,15.0,0.9324138903599839
TS,34,20250811,20250828,trim_r2_to_r1,TSAL20250828_0830_interferenceAndInterferenceFree001,88,False,24.0,0.888355015015328
TS,34,20250811,20250828,trim_r2_to_r1,TSAL20250828_0830_interferenceAndInterferenceFree001,89,False,42.0,0.8262543629413841
TS,34,20250811,20250828,trim_r2_to_r1,TSAL20250828_0830_interferenceAndInterferenceFree001,91,False,40.0,0.8394320765076795
TS,34,20250811,20250828,trim_r2_to_r1,TSAL20250828_0830_interferenceAndInterferenceFree001,92,False,49.0,0.8219456352812506
TS,34,20250811,20250828,trim_r2_to_r1,TSAL20250828_0830_interferenceAndInterferenceFree001,93,False,52.0,0.802242667274677
TS,34,20250811,20250828,trim_r1_to_r2,TSAL20250811_0830_staticAndStaticFree001,0,True,,
TS,34,20250811,20250828,trim_r1_to_r2,TSAL20250811_0830_staticAndStaticFree001,1,True,,
TS,34,20250811,20250828,trim_r1_to_r2,TSAL20250811_0830_staticAndStaticFree001,3,True,,
TS,34,20250811,20250828,trim_r1_to_r2,TSAL20250811_0830_staticAndStaticFree001,4,False,34.0,0.5249588387978374
TS,34,20250811,20250828,trim_r1_to_r2,TSAL20250811_0830_staticAndStaticFree001,5,False,30.0,0.515189847835987
TS,34,20250811,20250828,trim_r1_to_r2,TSAL20250811_0830_staticAndStaticFree001,6,False,18.0,0.4819950270803074
TS,34,20250811,20250828,trim_r1_to_r2,TSAL20250811_0830_staticAndStaticFree001,7,False,20.0,0.4869545817964641
TS,34,20250811,20250828,trim_r1_to_r2,TSAL20250811_0830_staticAndStaticFree001,8,True,,
TS,34,20250811,20250828,trim_r1_to_r2,TSAL20250811_0830_staticAndStaticFree001,9,True,,
TS,34,20250811,20250828,trim_r1_to_r2,TSAL20250811_0830_staticAndStaticFree001,10,True,,
TS,34,20250811,20250828,trim_r1_to_r2,TSAL20250811_0830_staticAndStaticFree001,11,False,55.0,0.5853295085595307
TS,34,20250811,20250828,trim_r1_to_r2,TSAL20250811_0830_staticAndStaticFree001,12,True,,
TS,34,20250811,20250828,trim_r1_to_r2,TSAL20250811_0830_staticAndStaticFree001,13,True,,
TS,34,20250811,20250828,trim_r1_to_r2,TSAL20250811_0830_staticAndStaticFree001,14,False,9.0,0.4592726600878686
TS,34,20250811,20250828,trim_r1_to_r2,TSAL20250811_0830_staticAndStaticFree001,15,True,,
TS,34,20250811,20250828,trim_r1_to_r2,TSAL20250811_0830_staticAndStaticFree001,16,False,13.0,0.46780009887869006
TS,34,20250811,20250828,trim_r1_to_r2,TSAL20250811_0830_staticAndStaticFree001,17,False,12.0,0.46471742333010646
TS,34,20250811,20250828,trim_r1_to_r2,TSAL20250811_0830_staticAndStaticFree001,18,False,3.0,0.44242560629143246
TS,34,20250811,20250828,trim_r1_to_r2,TSAL20250811_0830_staticAndStaticFree001,19,False,45.0,0.5564125569600729
TS,34,20250811,20250828,trim_r1_to_r2,TSAL20250811_0830_staticAndStaticFree001,20,True,,
TS,34,20250811,20250828,trim_r1_to_r2,TSAL20250811_0830_staticAndStaticFree001,21,False,31.0,0.5167425881779657
TS,34,20250811,20250828,trim_r1_to_r2,TSAL20250811_0830_staticAndStaticFree001,22,False,23.0,0.49518928958993014
TS,34,20250811,20250828,trim_r1_to_r2,TSAL20250811_0830_staticAndStaticFree001,23,False,47.0,0.5623892023443672
TS,34,20250811,20250828,trim_r1_to_r2,TSAL20250811_0830_staticAndStaticFree001,24,False,43.0,0.5457946069248958
TS,34,20250811,20250828,trim_r1_to_r2,TSAL20250811_0830_staticAndStaticFree001,25,True,,
TS,34,20250811,20250828,trim_r1_to_r2,TSAL20250811_0830_staticAndStaticFree001,26,False,51.0,0.5735068436165613
TS,34,20250811,20250828,trim_r1_to_r2,TSAL20250811_0830_staticAndStaticFree001,27,False,41.0,0.5421418543509989
TS,34,20250811,20250828,trim_r1_to_r2,TSAL20250811_0830_staticAndStaticFree001,28,False,4.0,0.44540518840519794
TS,34,20250811,20250828,trim_r1_to_r2,TSAL20250811_0830_staticAndStaticFree001,29,False,46.0,0.5583807747107897
TS,34,20250811,20250828,trim_r1_to_r2,TSAL20250811_0830_staticAndStaticFree001,30,False,8.0,0.4545310673759816
TS,34,20250811,20250828,trim_r1_to_r2,TSAL20250811_0830_staticAndStaticFree001,31,False,11.0,0.46239726882705146
TS,34,20250811,20250828,trim_r1_to_r2,TSAL20250811_0830_staticAndStaticFree001,32,False,37.0,0.5339179462289654
TS,34,20250811,20250828,trim_r1_to_r2,TSAL20250811_0830_staticAndStaticFree001,33,False,29.0,0.5103607667023448
TS,34,20250811,20250828,trim_r1_to_r2,TSAL20250811_0830_staticAndStaticFree001,34,False,25.0,0.503573612376821
TS,34,20250811,20250828,trim_r1_to_r2,TSAL20250811_0830_staticAndStaticFree001,35,False,42.0,0.5456998401796036
TS,34,20250811,20250828,trim_r1_to_r2,TSAL20250811_0830_staticAndStaticFree001,36,True,,
TS,34,20250811,20250828,trim_r1_to_r2,TSAL20250811_0830_staticAndStaticFree001,37,True,,
TS,34,20250811,20250828,trim_r1_to_r2,TSAL20250811_0830_staticAndStaticFree001,38,False,1.0,0.43674918616747815
TS,34,20250811,20250828,trim_r1_to_r2,TSAL20250811_0830_staticAndStaticFree001,39,False,2.0,0.4398204782148239
TS,34,20250811,20250828,trim_r1_to_r2,TSAL20250811_0830_staticAndStaticFree001,40,False,36.0,0.5302518679650462
TS,34,20250811,20250828,trim_r1_to_r2,TSAL20250811_0830_staticAndStaticFree001,41,False,14.0,0.4728264518964497
TS,34,20250811,20250828,trim_r1_to_r2,TSAL20250811_0830_staticAndStaticFree001,42,False,27.0,0.5051163485478536
TS,34,20250811,20250828,trim_r1_to_r2,TSAL20250811_0830_staticAndStaticFree001,43,False,7.0,0.45116527673336543
TS,34,20250811,20250828,trim_r1_to_r2,TSAL20250811_0830_staticAndStaticFree001,44,False,22.0,0.4934753272335473
TS,34,20250811,20250828,trim_r1_to_r2,TSAL20250811_0830_staticAndStaticFree001,45,False,32.0,0.5174319168445572
TS,34,20250811,20250828,trim_r1_to_r2,TSAL20250811_0830_staticAndStaticFree001,46,True,,
TS,34,20250811,20250828,trim_r1_to_r2,TSAL20250811_0830_staticAndStaticFree001,47,True,,
TS,34,20250811,20250828,trim_r1_to_r2,TSAL20250811_0830_staticAndStaticFree001,48,False,50.0,0.5681481677897562
TS,34,20250811,20250828,trim_r1_to_r2,TSAL20250811_0830_staticAndStaticFree001,49,False,44.0,0.5506782099446819
TS,34,20250811,20250828,trim_r1_to_r2,TSAL20250811_0830_staticAndStaticFree001,50,True,,
TS,34,20250811,20250828,trim_r1_to_r2,TSAL20250811_0830_staticAndStaticFree001,51,True,,
TS,34,20250811,20250828,trim_r1_to_r2,TSAL20250811_0830_staticAndStaticFree001,53,False,48.0,0.5677231854199762
TS,34,20250811,20250828,trim_r1_to_r2,TSAL20250811_0830_staticAndStaticFree001,54,False,53.0,0.5827246301504745
TS,34,20250811,20250828,trim_r1_to_r2,TSAL20250811_0830_staticAndStaticFree001,55,False,58.0,0.5978975394204847
TS,34,20250811,20250828,trim_r1_to_r2,TSAL20250811_0830_staticAndStaticFree001,56,False,5.0,0.44783150412553696
TS,34,20250811,20250828,trim_r1_to_r2,TSAL20250811_0830_staticAndStaticFree001,57,True,,
TS,34,20250811,20250828,trim_r1_to_r2,TSAL20250811_0830_staticAndStaticFree001,58,True,,
TS,34,20250811,20250828,trim_r1_to_r2,TSAL20250811_0830_staticAndStaticFree001,59,False,33.0,0.5214043194587218
TS,34,20250811,20250828,trim_r1_to_r2,TSAL20250811_0830_staticAndStaticFree001,60,False,39.0,0.5379653619501903
TS,34,20250811,20250828,trim_r1_to_r2,TSAL20250811_0830_staticAndStaticFree001,61,False,6.0,0.448932509908067
TS,34,20250811,20250828,trim_r1_to_r2,TSAL20250811_0830_staticAndStaticFree001,62,False,16.0,0.4748901612359262
TS,34,20250811,20250828,trim_r1_to_r2,TSAL20250811_0830_staticAndStaticFree001,63,False,57.0,0.5931324792838455
TS,34,20250811,20250828,trim_r1_to_r2,TSAL20250811_0830_staticAndStaticFree001,64,False,56.0,0.5937476354907772
TS,34,20250811,20250828,trim_r1_to_r2,TSAL20250811_0830_staticAndStaticFree001,65,False,38.0,0.5354262982658003
TS,34,20250811,20250828,trim_r1_to_r2,TSAL20250811_0830_staticAndStaticFree001,66,True,,
TS,34,20250811,20250828,trim_r1_to_r2,TSAL20250811_0830_staticAndStaticFree001,67,False,21.0,0.4905971959900961
TS,34,20250811,20250828,trim_r1_to_r2,TSAL20250811_0830_staticAndStaticFree001,68,False,59.0,0.6001175777818503
TS,34,20250811,20250828,trim_r1_to_r2,TSAL20250811_0830_staticAndStaticFree001,69,False,40.0,0.5404042664967313
TS,34,20250811,20250828,trim_r1_to_r2,TSAL20250811_0830_staticAndStaticFree001,70,True,,
TS,34,20250811,20250828,trim_r1_to_r2,TSAL20250811_0830_staticAndStaticFree001,71,True,,
TS,34,20250811,20250828,trim_r1_to_r2,TSAL20250811_0830_staticAndStaticFree001,72,False,26.0,0.5029057552087911
TS,34,20250811,20250828,trim_r1_to_r2,TSAL20250811_0830_staticAndStaticFree001,73,False,10.0,0.46122803877471846
TS,34,20250811,20250828,trim_r1_to_r2,TSAL20250811_0830_staticAndStaticFree001,74,True,,
TS,34,20250811,20250828,trim_r1_to_r2,TSAL20250811_0830_staticAndStaticFree001,75,False,35.0,0.5253768143158963
TS,34,20250811,20250828,trim_r1_to_r2,TSAL20250811_0830_staticAndStaticFree001,76,False,17.0,0.47985636997641556
TS,34,20250811,20250828,trim_r1_to_r2,TSAL20250811_0830_staticAndStaticFree001,77,False,15.0,0.4737214962589242
TS,34,20250811,20250828,trim_r1_to_r2,TSAL20250811_0830_staticAndStaticFree001,78,False,19.0,0.4842081062371527
TS,34,20250811,20250828,trim_r1_to_r2,TSAL20250811_0830_staticAndStaticFree001,79,True,,
TS,34,20250811,20250828,trim_r1_to_r2,TSAL20250811_0830_staticAndStaticFree001,80,True,,
TS,34,20250811,20250828,trim_r1_to_r2,TSAL20250811_0830_staticAndStaticFree001,81,False,49.0,0.5680671333240378
TS,34,20250811,20250828,trim_r1_to_r2,TSAL20250811_0830_staticAndStaticFree001,82,False,24.0,0.49930829357617396
TS,34,20250811,20250828,trim_r1_to_r2,TSAL20250811_0830_staticAndStaticFree001,83,True,,
TS,34,20250811,20250828,trim_r1_to_r2,TSAL20250811_0830_staticAndStaticFree001,84,False,52.0,0.5766189729982705
TS,34,20250811,20250828,trim_r1_to_r2,TSAL20250811_0830_staticAndStaticFree001,85,True,,
TS,34,20250811,20250828,trim_r1_to_r2,TSAL20250811_0830_staticAndStaticFree001,86,False,28.0,0.5101020559796077
TS,34,20250811,20250828,trim_r1_to_r2,TSAL20250811_0830_staticAndStaticFree001,87,False,54.0,0.5852675258138447
TS,35,20250811,20250829,trim_r2_to_r1,TSAL20250829_0830_interferenceAndInterferenceFree001,0,True,,
TS,35,20250811,20250829,trim_r2_to_r1,TSAL20250829_0830_interferenceAndInterferenceFree001,1,True,,
TS,35,20250811,20250829,trim_r2_to_r1,TSAL20250829_0830_interferenceAndInterferenceFree001,2,True,,
TS,35,20250811,20250829,trim_r2_to_r1,TSAL20250829_0830_interferenceAndInterferenceFree001,3,True,,
TS,35,20250811,20250829,trim_r2_to_r1,TSAL20250829_0830_interferenceAndInterferenceFree001,4,True,,
TS,35,20250811,20250829,trim_r2_to_r1,TSAL20250829_0830_interferenceAndInterferenceFree001,5,True,,
TS,35,20250811,20250829,trim_r2_to_r1,TSAL20250829_0830_interferenceAndInterferenceFree001,6,True,,
TS,35,20250811,20250829,trim_r2_to_r1,TSAL20250829_0830_interferenceAndInterferenceFree001,7,True,,
TS,35,20250811,20250829,trim_r2_to_r1,TSAL20250829_0830_interferenceAndInterferenceFree001,8,True,,
TS,35,20250811,20250829,trim_r2_to_r1,TSAL20250829_0830_interferenceAndInterferenceFree001,9,True,,
TS,35,20250811,20250829,trim_r2_to_r1,TSAL20250829_0830_interferenceAndInterferenceFree001,10,True,,
TS,35,20250811,20250829,trim_r2_to_r1,TSAL20250829_0830_interferenceAndInterferenceFree001,11,True,,
TS,35,20250811,20250829,trim_r2_to_r1,TSAL20250829_0830_interferenceAndInterferenceFree001,12,True,,
TS,35,20250811,20250829,trim_r2_to_r1,TSAL20250829_0830_interferenceAndInterferenceFree001,13,True,,
TS,35,20250811,20250829,trim_r2_to_r1,TSAL20250829_0830_interferenceAndInterferenceFree001,14,True,,
TS,35,20250811,20250829,trim_r2_to_r1,TSAL20250829_0830_interferenceAndInterferenceFree001,15,True,,
TS,35,20250811,20250829,trim_r2_to_r1,TSAL20250829_0830_interferenceAndInterferenceFree001,16,True,,
TS,35,20250811,20250829,trim_r2_to_r1,TSAL20250829_0830_interferenceAndInterferenceFree001,17,True,,
TS,35,20250811,20250829,trim_r2_to_r1,TSAL20250829_0830_interferenceAndInterferenceFree001,18,True,,
TS,35,20250811,20250829,trim_r2_to_r1,TSAL20250829_0830_interferenceAndInterferenceFree001,19,True,,
TS,35,20250811,20250829,trim_r2_to_r1,TSAL20250829_0830_interferenceAndInterferenceFree001,20,True,,
TS,35,20250811,20250829,trim_r2_to_r1,TSAL20250829_0830_interferenceAndInterferenceFree001,21,True,,
TS,35,20250811,20250829,trim_r2_to_r1,TSAL20250829_0830_interferenceAndInterferenceFree001,22,True,,
TS,35,20250811,20250829,trim_r2_to_r1,TSAL20250829_0830_interferenceAndInterferenceFree001,23,True,,
TS,35,20250811,20250829,trim_r2_to_r1,TSAL20250829_0830_interferenceAndInterferenceFree001,24,True,,
TS,35,20250811,20250829,trim_r2_to_r1,TSAL20250829_0830_interferenceAndInterferenceFree001,25,True,,
TS,35,20250811,20250829,trim_r2_to_r1,TSAL20250829_0830_interferenceAndInterferenceFree001,26,True,,
TS,35,20250811,20250829,trim_r2_to_r1,TSAL20250829_0830_interferenceAndInterferenceFree001,27,True,,
TS,35,20250811,20250829,trim_r2_to_r1,TSAL20250829_0830_interferenceAndInterferenceFree001,28,True,,
TS,35,20250811,20250829,trim_r2_to_r1,TSAL20250829_0830_interferenceAndInterferenceFree001,29,True,,
TS,35,20250811,20250829,trim_r2_to_r1,TSAL20250829_0830_interferenceAndInterferenceFree001,30,True,,
TS,35,20250811,20250829,trim_r2_to_r1,TSAL20250829_0830_interferenceAndInterferenceFree001,31,True,,
TS,35,20250811,20250829,trim_r2_to_r1,TSAL20250829_0830_interferenceAndInterferenceFree001,32,True,,
TS,35,20250811,20250829,trim_r2_to_r1,TSAL20250829_0830_interferenceAndInterferenceFree001,33,True,,
TS,35,20250811,20250829,trim_r2_to_r1,TSAL20250829_0830_interferenceAndInterferenceFree001,34,True,,
TS,35,20250811,20250829,trim_r2_to_r1,TSAL20250829_0830_interferenceAndInterferenceFree001,35,True,,
TS,35,20250811,20250829,trim_r2_to_r1,TSAL20250829_0830_interferenceAndInterferenceFree001,36,True,,
TS,35,20250811,20250829,trim_r2_to_r1,TSAL20250829_0830_interferenceAndInterferenceFree001,37,True,,
TS,35,20250811,20250829,trim_r2_to_r1,TSAL20250829_0830_interferenceAndInterferenceFree001,38,True,,
TS,35,20250811,20250829,trim_r2_to_r1,TSAL20250829_0830_interferenceAndInterferenceFree001,40,True,,
TS,35,20250811,20250829,trim_r2_to_r1,TSAL20250829_0830_interferenceAndInterferenceFree001,41,True,,
TS,35,20250811,20250829,trim_r2_to_r1,TSAL20250829_0830_interferenceAndInterferenceFree001,42,True,,
TS,35,20250811,20250829,trim_r2_to_r1,TSAL20250829_0830_interferenceAndInterferenceFree001,43,False,30.0,0.8739512453184205
TS,35,20250811,20250829,trim_r2_to_r1,TSAL20250829_0830_interferenceAndInterferenceFree001,44,False,6.0,0.9417187379945096
TS,35,20250811,20250829,trim_r2_to_r1,TSAL20250829_0830_interferenceAndInterferenceFree001,45,False,1.0,1.6081293910607353
TS,35,20250811,20250829,trim_r2_to_r1,TSAL20250829_0830_interferenceAndInterferenceFree001,46,False,26.0,0.8750950422720816
TS,35,20250811,20250829,trim_r2_to_r1,TSAL20250829_0830_interferenceAndInterferenceFree001,47,False,40.0,0.8329614629844031
TS,35,20250811,20250829,trim_r2_to_r1,TSAL20250829_0830_interferenceAndInterferenceFree001,48,True,,
TS,35,20250811,20250829,trim_r2_to_r1,TSAL20250829_0830_interferenceAndInterferenceFree001,49,False,22.0,0.8858964454321321
TS,35,20250811,20250829,trim_r2_to_r1,TSAL20250829_0830_interferenceAndInterferenceFree001,50,False,35.0,0.8563575120399414
TS,35,20250811,20250829,trim_r2_to_r1,TSAL20250829_0830_interferenceAndInterferenceFree001,51,False,42.0,0.8177713608613284
TS,35,20250811,20250829,trim_r2_to_r1,TSAL20250829_0830_interferenceAndInterferenceFree001,52,False,36.0,0.8499159852148478
TS,35,20250811,20250829,trim_r2_to_r1,TSAL20250829_0830_interferenceAndInterferenceFree001,53,False,50.0,0.7970079646043425
TS,35,20250811,20250829,trim_r2_to_r1,TSAL20250829_0830_interferenceAndInterferenceFree001,54,False,34.0,0.8554284981787099
TS,35,20250811,20250829,trim_r2_to_r1,TSAL20250829_0830_interferenceAndInterferenceFree001,55,False,9.0,0.9452137609847254
TS,35,20250811,20250829,trim_r2_to_r1,TSAL20250829_0830_interferenceAndInterferenceFree001,56,False,28.0,0.8730140247625211
TS,35,20250811,20250829,trim_r2_to_r1,TSAL20250829_0830_interferenceAndInterferenceFree001,57,False,5.0,0.9657343963635234
TS,35,20250811,20250829,trim_r2_to_r1,TSAL20250829_0830_interferenceAndInterferenceFree001,58,False,44.0,0.8040108381131732
TS,35,20250811,20250829,trim_r2_to_r1,TSAL20250829_0830_interferenceAndInterferenceFree001,59,False,52.0,0.7718652749515069
TS,35,20250811,20250829,trim_r2_to_r1,TSAL20250829_0830_interferenceAndInterferenceFree001,60,False,17.0,0.8915452026627136
TS,35,20250811,20250829,trim_r2_to_r1,TSAL20250829_0830_interferenceAndInterferenceFree001,61,False,33.0,0.8552177694643736
TS,35,20250811,20250829,trim_r2_to_r1,TSAL20250829_0830_interferenceAndInterferenceFree001,62,False,51.0,0.7869882383546202
TS,35,20250811,20250829,trim_r2_to_r1,TSAL20250829_0830_interferenceAndInterferenceFree001,63,False,13.0,0.9136363067203823
TS,35,20250811,20250829,trim_r2_to_r1,TSAL20250829_0830_interferenceAndInterferenceFree001,64,False,48.0,0.7965724237121689
TS,35,20250811,20250829,trim_r2_to_r1,TSAL20250829_0830_interferenceAndInterferenceFree001,65,False,49.0,0.8003853107065153
TS,35,20250811,20250829,trim_r2_to_r1,TSAL20250829_0830_interferenceAndInterferenceFree001,66,False,46.0,0.8117737797046728
TS,35,20250811,20250829,trim_r2_to_r1,TSAL20250829_0830_interferenceAndInterferenceFree001,67,False,19.0,0.8862489251799076
TS,35,20250811,20250829,trim_r2_to_r1,TSAL20250829_0830_interferenceAndInterferenceFree001,68,False,38.0,0.8572681651232118
TS,35,20250811,20250829,trim_r2_to_r1,TSAL20250829_0830_interferenceAndInterferenceFree001,69,False,39.0,0.8503536597338835
TS,35,20250811,20250829,trim_r2_to_r1,TSAL20250829_0830_interferenceAndInterferenceFree001,70,False,15.0,0.9017229387076201
TS,35,20250811,20250829,trim_r2_to_r1,TSAL20250829_0830_interferenceAndInterferenceFree001,71,False,37.0,0.8551890079850426
TS,35,20250811,20250829,trim_r2_to_r1,TSAL20250829_0830_interferenceAndInterferenceFree001,72,False,43.0,0.8151594601529918
TS,35,20250811,20250829,trim_r2_to_r1,TSAL20250829_0830_interferenceAndInterferenceFree001,73,False,24.0,0.8754912266653292
TS,35,20250811,20250829,trim_r2_to_r1,TSAL20250829_0830_interferenceAndInterferenceFree001,74,False,47.0,0.8174800094287944
TS,35,20250811,20250829,trim_r2_to_r1,TSAL20250829_0830_interferenceAndInterferenceFree001,75,False,14.0,0.9044508396777416
TS,35,20250811,20250829,trim_r2_to_r1,TSAL20250829_0830_interferenceAndInterferenceFree001,76,False,31.0,0.862626523394946
TS,35,20250811,20250829,trim_r2_to_r1,TSAL20250829_0830_interferenceAndInterferenceFree001,77,False,21.0,0.8871836495582134
TS,35,20250811,20250829,trim_r2_to_r1,TSAL20250829_0830_interferenceAndInterferenceFree001,78,False,32.0,0.8534553959287179
TS,35,20250811,20250829,trim_r2_to_r1,TSAL20250829_0830_interferenceAndInterferenceFree001,79,False,20.0,0.8904460905040421
TS,35,20250811,20250829,trim_r2_to_r1,TSAL20250829_0830_interferenceAndInterferenceFree001,81,False,10.0,0.9360968690438147
TS,35,20250811,20250829,trim_r2_to_r1,TSAL20250829_0830_interferenceAndInterferenceFree001,83,False,7.0,0.9415211856261998
TS,35,20250811,20250829,trim_r2_to_r1,TSAL20250829_0830_interferenceAndInterferenceFree001,84,False,11.0,0.935071267557698
TS,35,20250811,20250829,trim_r2_to_r1,TSAL20250829_0830_interferenceAndInterferenceFree001,85,False,16.0,0.8995147574430503
TS,35,20250811,20250829,trim_r2_to_r1,TSAL20250829_0830_interferenceAndInterferenceFree001,86,False,8.0,0.9404946843726187
TS,35,20250811,20250829,trim_r2_to_r1,TSAL20250829_0830_interferenceAndInterferenceFree001,88,False,29.0,0.8730832511074187
TS,35,20250811,20250829,trim_r2_to_r1,TSAL20250829_0830_interferenceAndInterferenceFree001,89,False,25.0,0.8742900919828056
TS,35,20250811,20250829,trim_r2_to_r1,TSAL20250829_0830_interferenceAndInterferenceFree001,90,False,41.0,0.834126704396119
TS,35,20250811,20250829,trim_r2_to_r1,TSAL20250829_0830_interferenceAndInterferenceFree001,91,False,2.0,1.3532300801840176
TS,35,20250811,20250829,trim_r2_to_r1,TSAL20250829_0830_interferenceAndInterferenceFree001,92,False,45.0,0.8069684020340148
TS,35,20250811,20250829,trim_r2_to_r1,TSAL20250829_0830_interferenceAndInterferenceFree001,93,False,18.0,0.8876904636177033
TS,35,20250811,20250829,trim_r2_to_r1,TSAL20250829_0830_interferenceAndInterferenceFree001,94,False,4.0,1.0414702525450104
TS,35,20250811,20250829,trim_r2_to_r1,TSAL20250829_0830_interferenceAndInterferenceFree001,95,False,23.0,0.8813678462245156
TS,35,20250811,20250829,trim_r2_to_r1,TSAL20250829_0830_interferenceAndInterferenceFree001,96,False,12.0,0.92156189100744
TS,35,20250811,20250829,trim_r2_to_r1,TSAL20250829_0830_interferenceAndInterferenceFree001,97,False,3.0,1.1923843486320234
TS,35,20250811,20250829,trim_r2_to_r1,TSAL20250829_0830_interferenceAndInterferenceFree001,98,False,27.0,0.8740150812547309
TS,35,20250811,20250829,trim_r1_to_r2,TSAL20250811_0830_staticAndStaticFree001,0,True,,
TS,35,20250811,20250829,trim_r1_to_r2,TSAL20250811_0830_staticAndStaticFree001,1,True,,
TS,35,20250811,20250829,trim_r1_to_r2,TSAL20250811_0830_staticAndStaticFree001,3,True,,
TS,35,20250811,20250829,trim_r1_to_r2,TSAL20250811_0830_staticAndStaticFree001,4,False,34.0,0.5249588387978374
TS,35,20250811,20250829,trim_r1_to_r2,TSAL20250811_0830_staticAndStaticFree001,5,False,30.0,0.515189847835987
TS,35,20250811,20250829,trim_r1_to_r2,TSAL20250811_0830_staticAndStaticFree001,6,False,18.0,0.4819950270803074
TS,35,20250811,20250829,trim_r1_to_r2,TSAL20250811_0830_staticAndStaticFree001,7,False,20.0,0.4869545817964641
TS,35,20250811,20250829,trim_r1_to_r2,TSAL20250811_0830_staticAndStaticFree001,8,True,,
TS,35,20250811,20250829,trim_r1_to_r2,TSAL20250811_0830_staticAndStaticFree001,9,True,,
TS,35,20250811,20250829,trim_r1_to_r2,TSAL20250811_0830_staticAndStaticFree001,10,True,,
TS,35,20250811,20250829,trim_r1_to_r2,TSAL20250811_0830_staticAndStaticFree001,11,True,,
TS,35,20250811,20250829,trim_r1_to_r2,TSAL20250811_0830_staticAndStaticFree001,12,True,,
TS,35,20250811,20250829,trim_r1_to_r2,TSAL20250811_0830_staticAndStaticFree001,13,True,,
TS,35,20250811,20250829,trim_r1_to_r2,TSAL20250811_0830_staticAndStaticFree001,14,False,9.0,0.4592726600878686
TS,35,20250811,20250829,trim_r1_to_r2,TSAL20250811_0830_staticAndStaticFree001,15,True,,
TS,35,20250811,20250829,trim_r1_to_r2,TSAL20250811_0830_staticAndStaticFree001,16,False,13.0,0.46780009887869006
TS,35,20250811,20250829,trim_r1_to_r2,TSAL20250811_0830_staticAndStaticFree001,17,False,12.0,0.46471742333010646
TS,35,20250811,20250829,trim_r1_to_r2,TSAL20250811_0830_staticAndStaticFree001,18,False,3.0,0.44242560629143246
TS,35,20250811,20250829,trim_r1_to_r2,TSAL20250811_0830_staticAndStaticFree001,19,True,,
TS,35,20250811,20250829,trim_r1_to_r2,TSAL20250811_0830_staticAndStaticFree001,20,True,,
TS,35,20250811,20250829,trim_r1_to_r2,TSAL20250811_0830_staticAndStaticFree001,21,False,31.0,0.5167425881779657
TS,35,20250811,20250829,trim_r1_to_r2,TSAL20250811_0830_staticAndStaticFree001,22,False,23.0,0.49518928958993014
TS,35,20250811,20250829,trim_r1_to_r2,TSAL20250811_0830_staticAndStaticFree001,23,True,,
TS,35,20250811,20250829,trim_r1_to_r2,TSAL20250811_0830_staticAndStaticFree001,24,True,,
TS,35,20250811,20250829,trim_r1_to_r2,TSAL20250811_0830_staticAndStaticFree001,25,True,,
TS,35,20250811,20250829,trim_r1_to_r2,TSAL20250811_0830_staticAndStaticFree001,26,True,,
TS,35,20250811,20250829,trim_r1_to_r2,TSAL20250811_0830_staticAndStaticFree001,27,True,,
TS,35,20250811,20250829,trim_r1_to_r2,TSAL20250811_0830_staticAndStaticFree001,28,False,4.0,0.44540518840519794
TS,35,20250811,20250829,trim_r1_to_r2,TSAL20250811_0830_staticAndStaticFree001,29,True,,
TS,35,20250811,20250829,trim_r1_to_r2,TSAL20250811_0830_staticAndStaticFree001,30,False,8.0,0.4545310673759816
TS,35,20250811,20250829,trim_r1_to_r2,TSAL20250811_0830_staticAndStaticFree001,31,False,11.0,0.46239726882705146
TS,35,20250811,20250829,trim_r1_to_r2,TSAL20250811_0830_staticAndStaticFree001,32,False,37.0,0.5339179462289654
TS,35,20250811,20250829,trim_r1_to_r2,TSAL20250811_0830_staticAndStaticFree001,33,False,29.0,0.5103607667023448
TS,35,20250811,20250829,trim_r1_to_r2,TSAL20250811_0830_staticAndStaticFree001,34,False,25.0,0.503573612376821
TS,35,20250811,20250829,trim_r1_to_r2,TSAL20250811_0830_staticAndStaticFree001,35,True,,
TS,35,20250811,20250829,trim_r1_to_r2,TSAL20250811_0830_staticAndStaticFree001,36,True,,
TS,35,20250811,20250829,trim_r1_to_r2,TSAL20250811_0830_staticAndStaticFree001,37,True,,
TS,35,20250811,20250829,trim_r1_to_r2,TSAL20250811_0830_staticAndStaticFree001,38,False,1.0,0.43674918616747815
TS,35,20250811,20250829,trim_r1_to_r2,TSAL20250811_0830_staticAndStaticFree001,39,False,2.0,0.4398204782148239
TS,35,20250811,20250829,trim_r1_to_r2,TSAL20250811_0830_staticAndStaticFree001,40,False,36.0,0.5302518679650462
TS,35,20250811,20250829,trim_r1_to_r2,TSAL20250811_0830_staticAndStaticFree001,41,False,14.0,0.4728264518964497
TS,35,20250811,20250829,trim_r1_to_r2,TSAL20250811_0830_staticAndStaticFree001,42,False,27.0,0.5051163485478536
TS,35,20250811,20250829,trim_r1_to_r2,TSAL20250811_0830_staticAndStaticFree001,43,False,7.0,0.45116527673336543
TS,35,20250811,20250829,trim_r1_to_r2,TSAL20250811_0830_staticAndStaticFree001,44,False,22.0,0.4934753272335473
TS,35,20250811,20250829,trim_r1_to_r2,TSAL20250811_0830_staticAndStaticFree001,45,False,32.0,0.5174319168445572
TS,35,20250811,20250829,trim_r1_to_r2,TSAL20250811_0830_staticAndStaticFree001,46,True,,
TS,35,20250811,20250829,trim_r1_to_r2,TSAL20250811_0830_staticAndStaticFree001,47,True,,
TS,35,20250811,20250829,trim_r1_to_r2,TSAL20250811_0830_staticAndStaticFree001,48,True,,
TS,35,20250811,20250829,trim_r1_to_r2,TSAL20250811_0830_staticAndStaticFree001,49,True,,
TS,35,20250811,20250829,trim_r1_to_r2,TSAL20250811_0830_staticAndStaticFree001,50,True,,
TS,35,20250811,20250829,trim_r1_to_r2,TSAL20250811_0830_staticAndStaticFree001,51,True,,
TS,35,20250811,20250829,trim_r1_to_r2,TSAL20250811_0830_staticAndStaticFree001,53,True,,
TS,35,20250811,20250829,trim_r1_to_r2,TSAL20250811_0830_staticAndStaticFree001,54,True,,
TS,35,20250811,20250829,trim_r1_to_r2,TSAL20250811_0830_staticAndStaticFree001,55,True,,
TS,35,20250811,20250829,trim_r1_to_r2,TSAL20250811_0830_staticAndStaticFree001,56,False,5.0,0.44783150412553696
TS,35,20250811,20250829,trim_r1_to_r2,TSAL20250811_0830_staticAndStaticFree001,57,True,,
TS,35,20250811,20250829,trim_r1_to_r2,TSAL20250811_0830_staticAndStaticFree001,58,True,,
TS,35,20250811,20250829,trim_r1_to_r2,TSAL20250811_0830_staticAndStaticFree001,59,False,33.0,0.5214043194587218
TS,35,20250811,20250829,trim_r1_to_r2,TSAL20250811_0830_staticAndStaticFree001,60,False,39.0,0.5379653619501903
TS,35,20250811,20250829,trim_r1_to_r2,TSAL20250811_0830_staticAndStaticFree001,61,False,6.0,0.448932509908067
TS,35,20250811,20250829,trim_r1_to_r2,TSAL20250811_0830_staticAndStaticFree001,62,False,16.0,0.4748901612359262
TS,35,20250811,20250829,trim_r1_to_r2,TSAL20250811_0830_staticAndStaticFree001,63,True,,
TS,35,20250811,20250829,trim_r1_to_r2,TSAL20250811_0830_staticAndStaticFree001,64,True,,
TS,35,20250811,20250829,trim_r1_to_r2,TSAL20250811_0830_staticAndStaticFree001,65,False,38.0,0.5354262982658003
TS,35,20250811,20250829,trim_r1_to_r2,TSAL20250811_0830_staticAndStaticFree001,66,True,,
TS,35,20250811,20250829,trim_r1_to_r2,TSAL20250811_0830_staticAndStaticFree001,67,False,21.0,0.4905971959900961
TS,35,20250811,20250829,trim_r1_to_r2,TSAL20250811_0830_staticAndStaticFree001,68,True,,
TS,35,20250811,20250829,trim_r1_to_r2,TSAL20250811_0830_staticAndStaticFree001,69,True,,
TS,35,20250811,20250829,trim_r1_to_r2,TSAL20250811_0830_staticAndStaticFree001,70,True,,
TS,35,20250811,20250829,trim_r1_to_r2,TSAL20250811_0830_staticAndStaticFree001,71,True,,
TS,35,20250811,20250829,trim_r1_to_r2,TSAL20250811_0830_staticAndStaticFree001,72,False,26.0,0.5029057552087911
TS,35,20250811,20250829,trim_r1_to_r2,TSAL20250811_0830_staticAndStaticFree001,73,False,10.0,0.46122803877471846
TS,35,20250811,20250829,trim_r1_to_r2,TSAL20250811_0830_staticAndStaticFree001,74,True,,
TS,35,20250811,20250829,trim_r1_to_r2,TSAL20250811_0830_staticAndStaticFree001,75,False,35.0,0.5253768143158963
TS,35,20250811,20250829,trim_r1_to_r2,TSAL20250811_0830_staticAndStaticFree001,76,False,17.0,0.47985636997641556
TS,35,20250811,20250829,trim_r1_to_r2,TSAL20250811_0830_staticAndStaticFree001,77,False,15.0,0.4737214962589242
TS,35,20250811,20250829,trim_r1_to_r2,TSAL20250811_0830_staticAndStaticFree001,78,False,19.0,0.4842081062371527
TS,35,20250811,20250829,trim_r1_to_r2,TSAL20250811_0830_staticAndStaticFree001,79,True,,
TS,35,20250811,20250829,trim_r1_to_r2,TSAL20250811_0830_staticAndStaticFree001,80,True,,
TS,35,20250811,20250829,trim_r1_to_r2,TSAL20250811_0830_staticAndStaticFree001,81,True,,
TS,35,20250811,20250829,trim_r1_to_r2,TSAL20250811_0830_staticAndStaticFree001,82,False,24.0,0.49930829357617396
TS,35,20250811,20250829,trim_r1_to_r2,TSAL20250811_0830_staticAndStaticFree001,83,True,,
TS,35,20250811,20250829,trim_r1_to_r2,TSAL20250811_0830_staticAndStaticFree001,84,True,,
TS,35,20250811,20250829,trim_r1_to_r2,TSAL20250811_0830_staticAndStaticFree001,85,True,,
TS,35,20250811,20250829,trim_r1_to_r2,TSAL20250811_0830_staticAndStaticFree001,86,False,28.0,0.5101020559796077
TS,35,20250811,20250829,trim_r1_to_r2,TSAL20250811_0830_staticAndStaticFree001,87,True,,
TS,36,20250811,20250830,trim_r2_to_r1,TSAL20250830_0830_interferenceAndInterferenceFree001,1,True,,
TS,36,20250811,20250830,trim_r2_to_r1,TSAL20250830_0830_interferenceAndInterferenceFree001,2,True,,
TS,36,20250811,20250830,trim_r2_to_r1,TSAL20250830_0830_interferenceAndInterferenceFree001,3,True,,
TS,36,20250811,20250830,trim_r2_to_r1,TSAL20250830_0830_interferenceAndInterferenceFree001,4,True,,
TS,36,20250811,20250830,trim_r2_to_r1,TSAL20250830_0830_interferenceAndInterferenceFree001,5,True,,
TS,36,20250811,20250830,trim_r2_to_r1,TSAL20250830_0830_interferenceAndInterferenceFree001,6,True,,
TS,36,20250811,20250830,trim_r2_to_r1,TSAL20250830_0830_interferenceAndInterferenceFree001,7,True,,
TS,36,20250811,20250830,trim_r2_to_r1,TSAL20250830_0830_interferenceAndInterferenceFree001,8,True,,
TS,36,20250811,20250830,trim_r2_to_r1,TSAL20250830_0830_interferenceAndInterferenceFree001,9,True,,
TS,36,20250811,20250830,trim_r2_to_r1,TSAL20250830_0830_interferenceAndInterferenceFree001,10,True,,
TS,36,20250811,20250830,trim_r2_to_r1,TSAL20250830_0830_interferenceAndInterferenceFree001,12,False,10.0,0.8803871899949374
TS,36,20250811,20250830,trim_r2_to_r1,TSAL20250830_0830_interferenceAndInterferenceFree001,13,True,,
TS,36,20250811,20250830,trim_r2_to_r1,TSAL20250830_0830_interferenceAndInterferenceFree001,14,True,,
TS,36,20250811,20250830,trim_r2_to_r1,TSAL20250830_0830_interferenceAndInterferenceFree001,15,False,26.0,0.7330189491300624
TS,36,20250811,20250830,trim_r2_to_r1,TSAL20250830_0830_interferenceAndInterferenceFree001,16,True,,
TS,36,20250811,20250830,trim_r2_to_r1,TSAL20250830_0830_interferenceAndInterferenceFree001,17,False,1.0,1.0492151016052262
TS,36,20250811,20250830,trim_r2_to_r1,TSAL20250830_0830_interferenceAndInterferenceFree001,18,True,,
TS,36,20250811,20250830,trim_r2_to_r1,TSAL20250830_0830_interferenceAndInterferenceFree001,19,True,,
TS,36,20250811,20250830,trim_r2_to_r1,TSAL20250830_0830_interferenceAndInterferenceFree001,20,True,,
TS,36,20250811,20250830,trim_r2_to_r1,TSAL20250830_0830_interferenceAndInterferenceFree001,21,True,,
TS,36,20250811,20250830,trim_r2_to_r1,TSAL20250830_0830_interferenceAndInterferenceFree001,23,True,,
TS,36,20250811,20250830,trim_r2_to_r1,TSAL20250830_0830_interferenceAndInterferenceFree001,24,True,,
TS,36,20250811,20250830,trim_r2_to_r1,TSAL20250830_0830_interferenceAndInterferenceFree001,25,True,,
TS,36,20250811,20250830,trim_r2_to_r1,TSAL20250830_0830_interferenceAndInterferenceFree001,26,True,,
TS,36,20250811,20250830,trim_r2_to_r1,TSAL20250830_0830_interferenceAndInterferenceFree001,27,True,,
TS,36,20250811,20250830,trim_r2_to_r1,TSAL20250830_0830_interferenceAndInterferenceFree001,28,False,2.0,1.0247479159019566
TS,36,20250811,20250830,trim_r2_to_r1,TSAL20250830_0830_interferenceAndInterferenceFree001,29,True,,
TS,36,20250811,20250830,trim_r2_to_r1,TSAL20250830_0830_interferenceAndInterferenceFree001,30,True,,
TS,36,20250811,20250830,trim_r2_to_r1,TSAL20250830_0830_interferenceAndInterferenceFree001,31,True,,
TS,36,20250811,20250830,trim_r2_to_r1,TSAL20250830_0830_interferenceAndInterferenceFree001,32,True,,
TS,36,20250811,20250830,trim_r2_to_r1,TSAL20250830_0830_interferenceAndInterferenceFree001,33,True,,
TS,36,20250811,20250830,trim_r2_to_r1,TSAL20250830_0830_interferenceAndInterferenceFree001,34,True,,
TS,36,20250811,20250830,trim_r2_to_r1,TSAL20250830_0830_interferenceAndInterferenceFree001,35,True,,
TS,36,20250811,20250830,trim_r2_to_r1,TSAL20250830_0830_interferenceAndInterferenceFree001,36,True,,
TS,36,20250811,20250830,trim_r2_to_r1,TSAL20250830_0830_interferenceAndInterferenceFree001,37,True,,
TS,36,20250811,20250830,trim_r2_to_r1,TSAL20250830_0830_interferenceAndInterferenceFree001,38,True,,
TS,36,20250811,20250830,trim_r2_to_r1,TSAL20250830_0830_interferenceAndInterferenceFree001,40,True,,
TS,36,20250811,20250830,trim_r2_to_r1,TSAL20250830_0830_interferenceAndInterferenceFree001,41,True,,
TS,36,20250811,20250830,trim_r2_to_r1,TSAL20250830_0830_interferenceAndInterferenceFree001,42,True,,
TS,36,20250811,20250830,trim_r2_to_r1,TSAL20250830_0830_interferenceAndInterferenceFree001,43,True,,
TS,36,20250811,20250830,trim_r2_to_r1,TSAL20250830_0830_interferenceAndInterferenceFree001,44,False,3.0,0.9620676372370269
TS,36,20250811,20250830,trim_r2_to_r1,TSAL20250830_0830_interferenceAndInterferenceFree001,45,False,6.0,0.9112092901601999
TS,36,20250811,20250830,trim_r2_to_r1,TSAL20250830_0830_interferenceAndInterferenceFree001,46,False,25.0,0.7636954212181557
TS,36,20250811,20250830,trim_r2_to_r1,TSAL20250830_0830_interferenceAndInterferenceFree001,47,True,,
TS,36,20250811,20250830,trim_r2_to_r1,TSAL20250830_0830_interferenceAndInterferenceFree001,48,True,,
TS,36,20250811,20250830,trim_r2_to_r1,TSAL20250830_0830_interferenceAndInterferenceFree001,49,True,,
TS,36,20250811,20250830,trim_r2_to_r1,TSAL20250830_0830_interferenceAndInterferenceFree001,50,True,,
TS,36,20250811,20250830,trim_r2_to_r1,TSAL20250830_0830_interferenceAndInterferenceFree001,52,False,23.0,0.7858855243241208
TS,36,20250811,20250830,trim_r2_to_r1,TSAL20250830_0830_interferenceAndInterferenceFree001,53,True,,
TS,36,20250811,20250830,trim_r2_to_r1,TSAL20250830_0830_interferenceAndInterferenceFree001,54,True,,
TS,36,20250811,20250830,trim_r2_to_r1,TSAL20250830_0830_interferenceAndInterferenceFree001,55,False,16.0,0.8185616927130437
TS,36,20250811,20250830,trim_r2_to_r1,TSAL20250830_0830_interferenceAndInterferenceFree001,56,False,18.0,0.808502823701752
TS,36,20250811,20250830,trim_r2_to_r1,TSAL20250830_0830_interferenceAndInterferenceFree001,57,False,19.0,0.803995870130546
TS,36,20250811,20250830,trim_r2_to_r1,TSAL20250830_0830_interferenceAndInterferenceFree001,58,True,,
TS,36,20250811,20250830,trim_r2_to_r1,TSAL20250830_0830_interferenceAndInterferenceFree001,60,False,17.0,0.8126000458941938
TS,36,20250811,20250830,trim_r2_to_r1,TSAL20250830_0830_interferenceAndInterferenceFree001,61,True,,
TS,36,20250811,20250830,trim_r2_to_r1,TSAL20250830_0830_interferenceAndInterferenceFree001,62,True,,
TS,36,20250811,20250830,trim_r2_to_r1,TSAL20250830_0830_interferenceAndInterferenceFree001,63,True,,
TS,36,20250811,20250830,trim_r2_to_r1,TSAL20250830_0830_interferenceAndInterferenceFree001,64,False,15.0,0.8365395002768805
TS,36,20250811,20250830,trim_r2_to_r1,TSAL20250830_0830_interferenceAndInterferenceFree001,65,True,,
TS,36,20250811,20250830,trim_r2_to_r1,TSAL20250830_0830_interferenceAndInterferenceFree001,66,True,,
TS,36,20250811,20250830,trim_r2_to_r1,TSAL20250830_0830_interferenceAndInterferenceFree001,67,True,,
TS,36,20250811,20250830,trim_r2_to_r1,TSAL20250830_0830_interferenceAndInterferenceFree001,68,False,4.0,0.9281237245193258
TS,36,20250811,20250830,trim_r2_to_r1,TSAL20250830_0830_interferenceAndInterferenceFree001,69,False,8.0,0.8855685020917664
TS,36,20250811,20250830,trim_r2_to_r1,TSAL20250830_0830_interferenceAndInterferenceFree001,70,False,5.0,0.9171297549018407
TS,36,20250811,20250830,trim_r2_to_r1,TSAL20250830_0830_interferenceAndInterferenceFree001,71,False,7.0,0.8967896872709239
TS,36,20250811,20250830,trim_r2_to_r1,TSAL20250830_0830_interferenceAndInterferenceFree001,72,False,11.0,0.8674520627247374
TS,36,20250811,20250830,trim_r2_to_r1,TSAL20250830_0830_interferenceAndInterferenceFree001,73,False,9.0,0.8848613529661441
TS,36,20250811,20250830,trim_r2_to_r1,TSAL20250830_0830_interferenceAndInterferenceFree001,74,True,,
TS,36,20250811,20250830,trim_r2_to_r1,TSAL20250830_0830_interferenceAndInterferenceFree001,75,False,20.0,0.7964154702874082
TS,36,20250811,20250830,trim_r2_to_r1,TSAL20250830_0830_interferenceAndInterferenceFree001,76,False,21.0,0.7929587990759963
TS,36,20250811,20250830,trim_r2_to_r1,TSAL20250830_0830_interferenceAndInterferenceFree001,77,False,13.0,0.8372465128212512
TS,36,20250811,20250830,trim_r2_to_r1,TSAL20250830_0830_interferenceAndInterferenceFree001,79,True,,
TS,36,20250811,20250830,trim_r2_to_r1,TSAL20250830_0830_interferenceAndInterferenceFree001,81,True,,
TS,36,20250811,20250830,trim_r2_to_r1,TSAL20250830_0830_interferenceAndInterferenceFree001,82,False,24.0,0.7651805783741491
TS,36,20250811,20250830,trim_r2_to_r1,TSAL20250830_0830_interferenceAndInterferenceFree001,83,False,22.0,0.7950211619540893
TS,36,20250811,20250830,trim_r2_to_r1,TSAL20250830_0830_interferenceAndInterferenceFree001,86,False,14.0,0.8401338234245985
TS,36,20250811,20250830,trim_r2_to_r1,TSAL20250830_0830_interferenceAndInterferenceFree001,87,True,,
TS,36,20250811,20250830,trim_r2_to_r1,TSAL20250830_0830_interferenceAndInterferenceFree001,88,False,12.0,0.8617866480545344
TS,36,20250811,20250830,trim_r1_to_r2,TSAL20250811_0830_staticAndStaticFree001,0,True,,
TS,36,20250811,20250830,trim_r1_to_r2,TSAL20250811_0830_staticAndStaticFree001,1,True,,
TS,36,20250811,20250830,trim_r1_to_r2,TSAL20250811_0830_staticAndStaticFree001,3,True,,
TS,36,20250811,20250830,trim_r1_to_r2,TSAL20250811_0830_staticAndStaticFree001,4,True,,
TS,36,20250811,20250830,trim_r1_to_r2,TSAL20250811_0830_staticAndStaticFree001,5,True,,
TS,36,20250811,20250830,trim_r1_to_r2,TSAL20250811_0830_staticAndStaticFree001,6,False,18.0,0.4819950270803074
TS,36,20250811,20250830,trim_r1_to_r2,TSAL20250811_0830_staticAndStaticFree001,7,False,20.0,0.4869545817964641
TS,36,20250811,20250830,trim_r1_to_r2,TSAL20250811_0830_staticAndStaticFree001,8,True,,
TS,36,20250811,20250830,trim_r1_to_r2,TSAL20250811_0830_staticAndStaticFree001,9,True,,
TS,36,20250811,20250830,trim_r1_to_r2,TSAL20250811_0830_staticAndStaticFree001,10,True,,
TS,36,20250811,20250830,trim_r1_to_r2,TSAL20250811_0830_staticAndStaticFree001,11,True,,
TS,36,20250811,20250830,trim_r1_to_r2,TSAL20250811_0830_staticAndStaticFree001,12,True,,
TS,36,20250811,20250830,trim_r1_to_r2,TSAL20250811_0830_staticAndStaticFree001,13,True,,
TS,36,20250811,20250830,trim_r1_to_r2,TSAL20250811_0830_staticAndStaticFree001,14,False,9.0,0.4592726600878686
TS,36,20250811,20250830,trim_r1_to_r2,TSAL20250811_0830_staticAndStaticFree001,15,True,,
TS,36,20250811,20250830,trim_r1_to_r2,TSAL20250811_0830_staticAndStaticFree001,16,False,13.0,0.46780009887869006
TS,36,20250811,20250830,trim_r1_to_r2,TSAL20250811_0830_staticAndStaticFree001,17,False,12.0,0.46471742333010646
TS,36,20250811,20250830,trim_r1_to_r2,TSAL20250811_0830_staticAndStaticFree001,18,False,3.0,0.44242560629143246
TS,36,20250811,20250830,trim_r1_to_r2,TSAL20250811_0830_staticAndStaticFree001,19,True,,
TS,36,20250811,20250830,trim_r1_to_r2,TSAL20250811_0830_staticAndStaticFree001,20,True,,
TS,36,20250811,20250830,trim_r1_to_r2,TSAL20250811_0830_staticAndStaticFree001,21,True,,
TS,36,20250811,20250830,trim_r1_to_r2,TSAL20250811_0830_staticAndStaticFree001,22,False,23.0,0.49518928958993014
TS,36,20250811,20250830,trim_r1_to_r2,TSAL20250811_0830_staticAndStaticFree001,23,True,,
TS,36,20250811,20250830,trim_r1_to_r2,TSAL20250811_0830_staticAndStaticFree001,24,True,,
TS,36,20250811,20250830,trim_r1_to_r2,TSAL20250811_0830_staticAndStaticFree001,25,True,,
TS,36,20250811,20250830,trim_r1_to_r2,TSAL20250811_0830_staticAndStaticFree001,26,True,,
TS,36,20250811,20250830,trim_r1_to_r2,TSAL20250811_0830_staticAndStaticFree001,27,True,,
TS,36,20250811,20250830,trim_r1_to_r2,TSAL20250811_0830_staticAndStaticFree001,28,False,4.0,0.44540518840519794
TS,36,20250811,20250830,trim_r1_to_r2,TSAL20250811_0830_staticAndStaticFree001,29,True,,
TS,36,20250811,20250830,trim_r1_to_r2,TSAL20250811_0830_staticAndStaticFree001,30,False,8.0,0.4545310673759816
TS,36,20250811,20250830,trim_r1_to_r2,TSAL20250811_0830_staticAndStaticFree001,31,False,11.0,0.46239726882705146
TS,36,20250811,20250830,trim_r1_to_r2,TSAL20250811_0830_staticAndStaticFree001,32,True,,
TS,36,20250811,20250830,trim_r1_to_r2,TSAL20250811_0830_staticAndStaticFree001,33,False,29.0,0.5103607667023448
TS,36,20250811,20250830,trim_r1_to_r2,TSAL20250811_0830_staticAndStaticFree001,34,False,25.0,0.503573612376821
TS,36,20250811,20250830,trim_r1_to_r2,TSAL20250811_0830_staticAndStaticFree001,35,True,,
TS,36,20250811,20250830,trim_r1_to_r2,TSAL20250811_0830_staticAndStaticFree001,36,True,,
TS,36,20250811,20250830,trim_r1_to_r2,TSAL20250811_0830_staticAndStaticFree001,37,True,,
TS,36,20250811,20250830,trim_r1_to_r2,TSAL20250811_0830_staticAndStaticFree001,38,False,1.0,0.43674918616747815
TS,36,20250811,20250830,trim_r1_to_r2,TSAL20250811_0830_staticAndStaticFree001,39,False,2.0,0.4398204782148239
TS,36,20250811,20250830,trim_r1_to_r2,TSAL20250811_0830_staticAndStaticFree001,40,True,,
TS,36,20250811,20250830,trim_r1_to_r2,TSAL20250811_0830_staticAndStaticFree001,41,False,14.0,0.4728264518964497
TS,36,20250811,20250830,trim_r1_to_r2,TSAL20250811_0830_staticAndStaticFree001,42,False,27.0,0.5051163485478536
TS,36,20250811,20250830,trim_r1_to_r2,TSAL20250811_0830_staticAndStaticFree001,43,False,7.0,0.45116527673336543
TS,36,20250811,20250830,trim_r1_to_r2,TSAL20250811_0830_staticAndStaticFree001,44,False,22.0,0.4934753272335473
TS,36,20250811,20250830,trim_r1_to_r2,TSAL20250811_0830_staticAndStaticFree001,45,True,,
TS,36,20250811,20250830,trim_r1_to_r2,TSAL20250811_0830_staticAndStaticFree001,46,True,,
TS,36,20250811,20250830,trim_r1_to_r2,TSAL20250811_0830_staticAndStaticFree001,47,True,,
TS,36,20250811,20250830,trim_r1_to_r2,TSAL20250811_0830_staticAndStaticFree001,48,True,,
TS,36,20250811,20250830,trim_r1_to_r2,TSAL20250811_0830_staticAndStaticFree001,49,True,,
TS,36,20250811,20250830,trim_r1_to_r2,TSAL20250811_0830_staticAndStaticFree001,50,True,,
TS,36,20250811,20250830,trim_r1_to_r2,TSAL20250811_0830_staticAndStaticFree001,51,True,,
TS,36,20250811,20250830,trim_r1_to_r2,TSAL20250811_0830_staticAndStaticFree001,53,True,,
TS,36,20250811,20250830,trim_r1_to_r2,TSAL20250811_0830_staticAndStaticFree001,54,True,,
TS,36,20250811,20250830,trim_r1_to_r2,TSAL20250811_0830_staticAndStaticFree001,55,True,,
TS,36,20250811,20250830,trim_r1_to_r2,TSAL20250811_0830_staticAndStaticFree001,56,False,5.0,0.44783150412553696
TS,36,20250811,20250830,trim_r1_to_r2,TSAL20250811_0830_staticAndStaticFree001,57,True,,
TS,36,20250811,20250830,trim_r1_to_r2,TSAL20250811_0830_staticAndStaticFree001,58,True,,
TS,36,20250811,20250830,trim_r1_to_r2,TSAL20250811_0830_staticAndStaticFree001,59,True,,
TS,36,20250811,20250830,trim_r1_to_r2,TSAL20250811_0830_staticAndStaticFree001,60,True,,
TS,36,20250811,20250830,trim_r1_to_r2,TSAL20250811_0830_staticAndStaticFree001,61,False,6.0,0.448932509908067
TS,36,20250811,20250830,trim_r1_to_r2,TSAL20250811_0830_staticAndStaticFree001,62,False,16.0,0.4748901612359262
TS,36,20250811,20250830,trim_r1_to_r2,TSAL20250811_0830_staticAndStaticFree001,63,True,,
TS,36,20250811,20250830,trim_r1_to_r2,TSAL20250811_0830_staticAndStaticFree001,64,True,,
TS,36,20250811,20250830,trim_r1_to_r2,TSAL20250811_0830_staticAndStaticFree001,65,True,,
TS,36,20250811,20250830,trim_r1_to_r2,TSAL20250811_0830_staticAndStaticFree001,66,True,,
TS,36,20250811,20250830,trim_r1_to_r2,TSAL20250811_0830_staticAndStaticFree001,67,False,21.0,0.4905971959900961
TS,36,20250811,20250830,trim_r1_to_r2,TSAL20250811_0830_staticAndStaticFree001,68,True,,
TS,36,20250811,20250830,trim_r1_to_r2,TSAL20250811_0830_staticAndStaticFree001,69,True,,
TS,36,20250811,20250830,trim_r1_to_r2,TSAL20250811_0830_staticAndStaticFree001,70,True,,
TS,36,20250811,20250830,trim_r1_to_r2,TSAL20250811_0830_staticAndStaticFree001,71,True,,
TS,36,20250811,20250830,trim_r1_to_r2,TSAL20250811_0830_staticAndStaticFree001,72,False,26.0,0.5029057552087911
TS,36,20250811,20250830,trim_r1_to_r2,TSAL20250811_0830_staticAndStaticFree001,73,False,10.0,0.46122803877471846
TS,36,20250811,20250830,trim_r1_to_r2,TSAL20250811_0830_staticAndStaticFree001,74,True,,
TS,36,20250811,20250830,trim_r1_to_r2,TSAL20250811_0830_staticAndStaticFree001,75,True,,
TS,36,20250811,20250830,trim_r1_to_r2,TSAL20250811_0830_staticAndStaticFree001,76,False,17.0,0.47985636997641556
TS,36,20250811,20250830,trim_r1_to_r2,TSAL20250811_0830_staticAndStaticFree001,77,False,15.0,0.4737214962589242
TS,36,20250811,20250830,trim_r1_to_r2,TSAL20250811_0830_staticAndStaticFree001,78,False,19.0,0.4842081062371527
TS,36,20250811,20250830,trim_r1_to_r2,TSAL20250811_0830_staticAndStaticFree001,79,True,,
TS,36,20250811,20250830,trim_r1_to_r2,TSAL20250811_0830_staticAndStaticFree001,80,True,,
TS,36,20250811,20250830,trim_r1_to_r2,TSAL20250811_0830_staticAndStaticFree001,81,True,,
TS,36,20250811,20250830,trim_r1_to_r2,TSAL20250811_0830_staticAndStaticFree001,82,False,24.0,0.49930829357617396
TS,36,20250811,20250830,trim_r1_to_r2,TSAL20250811_0830_staticAndStaticFree001,83,True,,
TS,36,20250811,20250830,trim_r1_to_r2,TSAL20250811_0830_staticAndStaticFree001,84,True,,
TS,36,20250811,20250830,trim_r1_to_r2,TSAL20250811_0830_staticAndStaticFree001,85,True,,
TS,36,20250811,20250830,trim_r1_to_r2,TSAL20250811_0830_staticAndStaticFree001,86,False,28.0,0.5101020559796077
TS,36,20250811,20250830,trim_r1_to_r2,TSAL20250811_0830_staticAndStaticFree001,87,True,,
TS,37,20250812,20250828,trim_r2_to_r1,TSAL20250828_0830_interferenceAndInterferenceFree001,0,False,13.0,0.9328758805711543
TS,37,20250812,20250828,trim_r2_to_r1,TSAL20250828_0830_interferenceAndInterferenceFree001,1,False,27.0,0.8804520818664984
TS,37,20250812,20250828,trim_r2_to_r1,TSAL20250828_0830_interferenceAndInterferenceFree001,2,False,23.0,0.8916672805300823
TS,37,20250812,20250828,trim_r2_to_r1,TSAL20250828_0830_interferenceAndInterferenceFree001,3,False,44.0,0.8262183746977938
TS,37,20250812,20250828,trim_r2_to_r1,TSAL20250828_0830_interferenceAndInterferenceFree001,4,False,47.0,0.8314179151540733
TS,37,20250812,20250828,trim_r2_to_r1,TSAL20250828_0830_interferenceAndInterferenceFree001,5,False,17.0,0.9193654957714394
TS,37,20250812,20250828,trim_r2_to_r1,TSAL20250828_0830_interferenceAndInterferenceFree001,6,False,31.0,0.8727619226993827
TS,37,20250812,20250828,trim_r2_to_r1,TSAL20250828_0830_interferenceAndInterferenceFree001,7,False,28.0,0.879892038343384
TS,37,20250812,20250828,trim_r2_to_r1,TSAL20250828_0830_interferenceAndInterferenceFree001,8,False,22.0,0.8929268714063134
TS,37,20250812,20250828,trim_r2_to_r1,TSAL20250828_0830_interferenceAndInterferenceFree001,9,False,16.0,0.9278487054730683
TS,37,20250812,20250828,trim_r2_to_r1,TSAL20250828_0830_interferenceAndInterferenceFree001,10,False,7.0,0.9687159576304307
TS,37,20250812,20250828,trim_r2_to_r1,TSAL20250828_0830_interferenceAndInterferenceFree001,11,False,8.0,0.9662147508901726
TS,37,20250812,20250828,trim_r2_to_r1,TSAL20250828_0830_interferenceAndInterferenceFree001,12,False,19.0,0.8912185866766044
TS,37,20250812,20250828,trim_r2_to_r1,TSAL20250828_0830_interferenceAndInterferenceFree001,13,False,26.0,0.8820106986332331
TS,37,20250812,20250828,trim_r2_to_r1,TSAL20250828_0830_interferenceAndInterferenceFree001,14,False,21.0,0.8962151769012942
TS,37,20250812,20250828,trim_r2_to_r1,TSAL20250828_0830_interferenceAndInterferenceFree001,15,False,30.0,0.8792597486797697
TS,37,20250812,20250828,trim_r2_to_r1,TSAL20250828_0830_interferenceAndInterferenceFree001,16,False,32.0,0.8780444139241316
TS,37,20250812,20250828,trim_r2_to_r1,TSAL20250828_0830_interferenceAndInterferenceFree001,17,False,34.0,0.8691568513896865
TS,37,20250812,20250828,trim_r2_to_r1,TSAL20250828_0830_interferenceAndInterferenceFree001,18,False,20.0,0.8941206103798168
TS,37,20250812,20250828,trim_r2_to_r1,TSAL20250828_0830_interferenceAndInterferenceFree001,19,False,25.0,0.8853457713729647
TS,37,20250812,20250828,trim_r2_to_r1,TSAL20250828_0830_interferenceAndInterferenceFree001,20,False,46.0,0.823236071524928
TS,37,20250812,20250828,trim_r2_to_r1,TSAL20250828_0830_interferenceAndInterferenceFree001,21,False,33.0,0.8790074500641246
TS,37,20250812,20250828,trim_r2_to_r1,TSAL20250828_0830_interferenceAndInterferenceFree001,22,False,29.0,0.8768629287314258
TS,37,20250812,20250828,trim_r2_to_r1,TSAL20250828_0830_interferenceAndInterferenceFree001,23,False,35.0,0.8639319721548765
TS,37,20250812,20250828,trim_r2_to_r1,TSAL20250828_0830_interferenceAndInterferenceFree001,24,False,54.0,0.7774076297380569
TS,37,20250812,20250828,trim_r2_to_r1,TSAL20250828_0830_interferenceAndInterferenceFree001,25,True,,
TS,37,20250812,20250828,trim_r2_to_r1,TSAL20250828_0830_interferenceAndInterferenceFree001,26,True,,
TS,37,20250812,20250828,trim_r2_to_r1,TSAL20250828_0830_interferenceAndInterferenceFree001,27,False,1.0,1.1038034032743222
TS,37,20250812,20250828,trim_r2_to_r1,TSAL20250828_0830_interferenceAndInterferenceFree001,28,True,,
TS,37,20250812,20250828,trim_r2_to_r1,TSAL20250828_0830_interferenceAndInterferenceFree001,29,True,,
TS,37,20250812,20250828,trim_r2_to_r1,TSAL20250828_0830_interferenceAndInterferenceFree001,30,True,,
TS,37,20250812,20250828,trim_r2_to_r1,TSAL20250828_0830_interferenceAndInterferenceFree001,31,False,55.0,0.7519135769002167
TS,37,20250812,20250828,trim_r2_to_r1,TSAL20250828_0830_interferenceAndInterferenceFree001,32,True,,
TS,37,20250812,20250828,trim_r2_to_r1,TSAL20250828_0830_interferenceAndInterferenceFree001,33,True,,
TS,37,20250812,20250828,trim_r2_to_r1,TSAL20250828_0830_interferenceAndInterferenceFree001,34,True,,
TS,37,20250812,20250828,trim_r2_to_r1,TSAL20250828_0830_interferenceAndInterferenceFree001,35,True,,
TS,37,20250812,20250828,trim_r2_to_r1,TSAL20250828_0830_interferenceAndInterferenceFree001,36,True,,
TS,37,20250812,20250828,trim_r2_to_r1,TSAL20250828_0830_interferenceAndInterferenceFree001,37,True,,
TS,37,20250812,20250828,trim_r2_to_r1,TSAL20250828_0830_interferenceAndInterferenceFree001,38,False,53.0,0.8001658372252908
TS,37,20250812,20250828,trim_r2_to_r1,TSAL20250828_0830_interferenceAndInterferenceFree001,42,True,,
TS,37,20250812,20250828,trim_r2_to_r1,TSAL20250828_0830_interferenceAndInterferenceFree001,43,True,,
TS,37,20250812,20250828,trim_r2_to_r1,TSAL20250828_0830_interferenceAndInterferenceFree001,44,True,,
TS,37,20250812,20250828,trim_r2_to_r1,TSAL20250828_0830_interferenceAndInterferenceFree001,45,True,,
TS,37,20250812,20250828,trim_r2_to_r1,TSAL20250828_0830_interferenceAndInterferenceFree001,46,True,,
TS,37,20250812,20250828,trim_r2_to_r1,TSAL20250828_0830_interferenceAndInterferenceFree001,47,True,,
TS,37,20250812,20250828,trim_r2_to_r1,TSAL20250828_0830_interferenceAndInterferenceFree001,48,True,,
TS,37,20250812,20250828,trim_r2_to_r1,TSAL20250828_0830_interferenceAndInterferenceFree001,49,True,,
TS,37,20250812,20250828,trim_r2_to_r1,TSAL20250828_0830_interferenceAndInterferenceFree001,50,False,39.0,0.8451810198104147
TS,37,20250812,20250828,trim_r2_to_r1,TSAL20250828_0830_interferenceAndInterferenceFree001,51,True,,
TS,37,20250812,20250828,trim_r2_to_r1,TSAL20250828_0830_interferenceAndInterferenceFree001,52,True,,
TS,37,20250812,20250828,trim_r2_to_r1,TSAL20250828_0830_interferenceAndInterferenceFree001,53,False,61.0,0.70662282606619
TS,37,20250812,20250828,trim_r2_to_r1,TSAL20250828_0830_interferenceAndInterferenceFree001,54,True,,
TS,37,20250812,20250828,trim_r2_to_r1,TSAL20250828_0830_interferenceAndInterferenceFree001,55,False,57.0,0.730047726021223
TS,37,20250812,20250828,trim_r2_to_r1,TSAL20250828_0830_interferenceAndInterferenceFree001,56,True,,
TS,37,20250812,20250828,trim_r2_to_r1,TSAL20250828_0830_interferenceAndInterferenceFree001,57,False,56.0,0.7383805941377649
TS,37,20250812,20250828,trim_r2_to_r1,TSAL20250828_0830_interferenceAndInterferenceFree001,58,True,,
TS,37,20250812,20250828,trim_r2_to_r1,TSAL20250828_0830_interferenceAndInterferenceFree001,59,True,,
TS,37,20250812,20250828,trim_r2_to_r1,TSAL20250828_0830_interferenceAndInterferenceFree001,60,True,,
TS,37,20250812,20250828,trim_r2_to_r1,TSAL20250828_0830_interferenceAndInterferenceFree001,61,True,,
TS,37,20250812,20250828,trim_r2_to_r1,TSAL20250828_0830_interferenceAndInterferenceFree001,62,False,4.0,1.012928335512573
TS,37,20250812,20250828,trim_r2_to_r1,TSAL20250828_0830_interferenceAndInterferenceFree001,63,False,41.0,0.8418997327030424
TS,37,20250812,20250828,trim_r2_to_r1,TSAL20250828_0830_interferenceAndInterferenceFree001,64,True,,
TS,37,20250812,20250828,trim_r2_to_r1,TSAL20250828_0830_interferenceAndInterferenceFree001,65,False,3.0,1.0239435849859566
TS,37,20250812,20250828,trim_r2_to_r1,TSAL20250828_0830_interferenceAndInterferenceFree001,66,False,58.0,0.7248945605762349
TS,37,20250812,20250828,trim_r2_to_r1,TSAL20250828_0830_interferenceAndInterferenceFree001,67,False,60.0,0.7199669155386464
TS,37,20250812,20250828,trim_r2_to_r1,TSAL20250828_0830_interferenceAndInterferenceFree001,68,False,59.0,0.7152463858160074
TS,37,20250812,20250828,trim_r2_to_r1,TSAL20250828_0830_interferenceAndInterferenceFree001,69,True,,
TS,37,20250812,20250828,trim_r2_to_r1,TSAL20250828_0830_interferenceAndInterferenceFree001,70,False,14.0,0.9276525249902825
TS,37,20250812,20250828,trim_r2_to_r1,TSAL20250828_0830_interferenceAndInterferenceFree001,71,False,37.0,0.857070553871851
TS,37,20250812,20250828,trim_r2_to_r1,TSAL20250828_0830_interferenceAndInterferenceFree001,72,False,43.0,0.8277946323517075
TS,37,20250812,20250828,trim_r2_to_r1,TSAL20250828_0830_interferenceAndInterferenceFree001,73,False,48.0,0.8160980463443158
TS,37,20250812,20250828,trim_r2_to_r1,TSAL20250828_0830_interferenceAndInterferenceFree001,74,False,36.0,0.8566548434093106
TS,37,20250812,20250828,trim_r2_to_r1,TSAL20250828_0830_interferenceAndInterferenceFree001,75,False,38.0,0.8470975903511567
TS,37,20250812,20250828,trim_r2_to_r1,TSAL20250828_0830_interferenceAndInterferenceFree001,76,False,45.0,0.8241259061545556
TS,37,20250812,20250828,trim_r2_to_r1,TSAL20250828_0830_interferenceAndInterferenceFree001,77,False,11.0,0.9595094988865672
TS,37,20250812,20250828,trim_r2_to_r1,TSAL20250828_0830_interferenceAndInterferenceFree001,78,False,2.0,1.070760740418474
TS,37,20250812,20250828,trim_r2_to_r1,TSAL20250828_0830_interferenceAndInterferenceFree001,79,False,5.0,1.0043629107529695
TS,37,20250812,20250828,trim_r2_to_r1,TSAL20250828_0830_interferenceAndInterferenceFree001,80,False,18.0,0.9172170652860027
TS,37,20250812,20250828,trim_r2_to_r1,TSAL20250828_0830_interferenceAndInterferenceFree001,81,False,12.0,0.9499383199619792
TS,37,20250812,20250828,trim_r2_to_r1,TSAL20250828_0830_interferenceAndInterferenceFree001,82,False,9.0,0.965804824603299
TS,37,20250812,20250828,trim_r2_to_r1,TSAL20250828_0830_interferenceAndInterferenceFree001,83,False,50.0,0.8097182799228628
TS,37,20250812,20250828,trim_r2_to_r1,TSAL20250828_0830_interferenceAndInterferenceFree001,84,False,10.0,0.9605375515625395
TS,37,20250812,20250828,trim_r2_to_r1,TSAL20250828_0830_interferenceAndInterferenceFree001,85,False,51.0,0.8015088282338063
TS,37,20250812,20250828,trim_r2_to_r1,TSAL20250828_0830_interferenceAndInterferenceFree001,86,False,6.0,0.9989446709824561
TS,37,20250812,20250828,trim_r2_to_r1,TSAL20250828_0830_interferenceAndInterferenceFree001,87,False,15.0,0.9324138903599839
TS,37,20250812,20250828,trim_r2_to_r1,TSAL20250828_0830_interferenceAndInterferenceFree001,88,False,24.0,0.888355015015328
TS,37,20250812,20250828,trim_r2_to_r1,TSAL20250828_0830_interferenceAndInterferenceFree001,89,False,42.0,0.8262543629413841
TS,37,20250812,20250828,trim_r2_to_r1,TSAL20250828_0830_interferenceAndInterferenceFree001,91,False,40.0,0.8394320765076795
TS,37,20250812,20250828,trim_r2_to_r1,TSAL20250828_0830_interferenceAndInterferenceFree001,92,False,49.0,0.8219456352812506
TS,37,20250812,20250828,trim_r2_to_r1,TSAL20250828_0830_interferenceAndInterferenceFree001,93,False,52.0,0.802242667274677
TS,37,20250812,20250828,trim_r1_to_r2,TSAL20250812_0830_staticAndStaticFree001,0,False,30.0,0.502698537087901
TS,37,20250812,20250828,trim_r1_to_r2,TSAL20250812_0830_staticAndStaticFree001,1,True,,
TS,37,20250812,20250828,trim_r1_to_r2,TSAL20250812_0830_staticAndStaticFree001,2,False,24.0,0.491203024975528
TS,37,20250812,20250828,trim_r1_to_r2,TSAL20250812_0830_staticAndStaticFree001,4,False,13.0,0.46537240148798054
TS,37,20250812,20250828,trim_r1_to_r2,TSAL20250812_0830_staticAndStaticFree001,5,False,42.0,0.5378090891787991
TS,37,20250812,20250828,trim_r1_to_r2,TSAL20250812_0830_staticAndStaticFree001,6,False,43.0,0.5388921801575873
TS,37,20250812,20250828,trim_r1_to_r2,TSAL20250812_0830_staticAndStaticFree001,7,False,1.0,0.4297693597711523
TS,37,20250812,20250828,trim_r1_to_r2,TSAL20250812_0830_staticAndStaticFree001,8,False,12.0,0.46036368649755693
TS,37,20250812,20250828,trim_r1_to_r2,TSAL20250812_0830_staticAndStaticFree001,9,False,32.0,0.5133700247603801
TS,37,20250812,20250828,trim_r1_to_r2,TSAL20250812_0830_staticAndStaticFree001,10,False,4.0,0.4396107605700769
TS,37,20250812,20250828,trim_r1_to_r2,TSAL20250812_0830_staticAndStaticFree001,11,True,,
TS,37,20250812,20250828,trim_r1_to_r2,TSAL20250812_0830_staticAndStaticFree001,12,False,45.0,0.5425182990440655
TS,37,20250812,20250828,trim_r1_to_r2,TSAL20250812_0830_staticAndStaticFree001,14,False,10.0,0.4562385826999971
TS,37,20250812,20250828,trim_r1_to_r2,TSAL20250812_0830_staticAndStaticFree001,15,False,8.0,0.4514691883532372
TS,37,20250812,20250828,trim_r1_to_r2,TSAL20250812_0830_staticAndStaticFree001,16,True,,
TS,37,20250812,20250828,trim_r1_to_r2,TSAL20250812_0830_staticAndStaticFree001,17,True,,
TS,37,20250812,20250828,trim_r1_to_r2,TSAL20250812_0830_staticAndStaticFree001,18,False,52.0,0.5696366932048078
TS,37,20250812,20250828,trim_r1_to_r2,TSAL20250812_0830_staticAndStaticFree001,19,False,46.0,0.5462398592834646
TS,37,20250812,20250828,trim_r1_to_r2,TSAL20250812_0830_staticAndStaticFree001,20,False,39.0,0.5324755033680798
TS,37,20250812,20250828,trim_r1_to_r2,TSAL20250812_0830_staticAndStaticFree001,21,True,,
TS,37,20250812,20250828,trim_r1_to_r2,TSAL20250812_0830_staticAndStaticFree001,22,False,15.0,0.4722137392216744
TS,37,20250812,20250828,trim_r1_to_r2,TSAL20250812_0830_staticAndStaticFree001,23,False,22.0,0.4860486453840859
TS,37,20250812,20250828,trim_r1_to_r2,TSAL20250812_0830_staticAndStaticFree001,24,False,49.0,0.5558998133317353
TS,37,20250812,20250828,trim_r1_to_r2,TSAL20250812_0830_staticAndStaticFree001,25,True,,
TS,37,20250812,20250828,trim_r1_to_r2,TSAL20250812_0830_staticAndStaticFree001,26,False,3.0,0.43816315087542024
TS,37,20250812,20250828,trim_r1_to_r2,TSAL20250812_0830_staticAndStaticFree001,27,False,14.0,0.4707508250881088
TS,37,20250812,20250828,trim_r1_to_r2,TSAL20250812_0830_staticAndStaticFree001,28,False,29.0,0.4992611382658277
TS,37,20250812,20250828,trim_r1_to_r2,TSAL20250812_0830_staticAndStaticFree001,29,True,,
TS,37,20250812,20250828,trim_r1_to_r2,TSAL20250812_0830_staticAndStaticFree001,30,False,31.0,0.5080335155465214
TS,37,20250812,20250828,trim_r1_to_r2,TSAL20250812_0830_staticAndStaticFree001,31,False,20.0,0.4839187295888264
TS,37,20250812,20250828,trim_r1_to_r2,TSAL20250812_0830_staticAndStaticFree001,32,False,6.0,0.4446998574977647
TS,37,20250812,20250828,trim_r1_to_r2,TSAL20250812_0830_staticAndStaticFree001,33,False,48.0,0.5527310431876149
TS,37,20250812,20250828,trim_r1_to_r2,TSAL20250812_0830_staticAndStaticFree001,34,False,7.0,0.4463609913661597
TS,37,20250812,20250828,trim_r1_to_r2,TSAL20250812_0830_staticAndStaticFree001,35,True,,
TS,37,20250812,20250828,trim_r1_to_r2,TSAL20250812_0830_staticAndStaticFree001,36,False,53.0,0.5762082716538123
TS,37,20250812,20250828,trim_r1_to_r2,TSAL20250812_0830_staticAndStaticFree001,37,False,19.0,0.48245965908414074
TS,37,20250812,20250828,trim_r1_to_r2,TSAL20250812_0830_staticAndStaticFree001,38,True,,
TS,37,20250812,20250828,trim_r1_to_r2,TSAL20250812_0830_staticAndStaticFree001,39,False,36.0,0.5212240594560754
TS,37,20250812,20250828,trim_r1_to_r2,TSAL20250812_0830_staticAndStaticFree001,40,True,,
TS,37,20250812,20250828,trim_r1_to_r2,TSAL20250812_0830_staticAndStaticFree001,41,True,,
TS,37,20250812,20250828,trim_r1_to_r2,TSAL20250812_0830_staticAndStaticFree001,42,False,28.0,0.4996114471904028
TS,37,20250812,20250828,trim_r1_to_r2,TSAL20250812_0830_staticAndStaticFree001,43,True,,
TS,37,20250812,20250828,trim_r1_to_r2,TSAL20250812_0830_staticAndStaticFree001,44,False,55.0,0.5824026680940065
TS,37,20250812,20250828,trim_r1_to_r2,TSAL20250812_0830_staticAndStaticFree001,45,False,35.0,0.5198112747284988
TS,37,20250812,20250828,trim_r1_to_r2,TSAL20250812_0830_staticAndStaticFree001,46,True,,
TS,37,20250812,20250828,trim_r1_to_r2,TSAL20250812_0830_staticAndStaticFree001,47,False,21.0,0.48604545004191096
TS,37,20250812,20250828,trim_r1_to_r2,TSAL20250812_0830_staticAndStaticFree001,48,False,51.0,0.5589647982133003
TS,37,20250812,20250828,trim_r1_to_r2,TSAL20250812_0830_staticAndStaticFree001,50,False,47.0,0.5514644165080571
TS,37,20250812,20250828,trim_r1_to_r2,TSAL20250812_0830_staticAndStaticFree001,51,False,5.0,0.44198635878420006
TS,37,20250812,20250828,trim_r1_to_r2,TSAL20250812_0830_staticAndStaticFree001,52,False,25.0,0.4931614718027413
TS,37,20250812,20250828,trim_r1_to_r2,TSAL20250812_0830_staticAndStaticFree001,53,True,,
TS,37,20250812,20250828,trim_r1_to_r2,TSAL20250812_0830_staticAndStaticFree001,54,False,27.0,0.4978328603850537
TS,37,20250812,20250828,trim_r1_to_r2,TSAL20250812_0830_staticAndStaticFree001,55,False,40.0,0.5342139373156873
TS,37,20250812,20250828,trim_r1_to_r2,TSAL20250812_0830_staticAndStaticFree001,56,False,2.0,0.435788681620699
TS,37,20250812,20250828,trim_r1_to_r2,TSAL20250812_0830_staticAndStaticFree001,57,True,,
TS,37,20250812,20250828,trim_r1_to_r2,TSAL20250812_0830_staticAndStaticFree001,58,True,,
TS,37,20250812,20250828,trim_r1_to_r2,TSAL20250812_0830_staticAndStaticFree001,60,True,,
TS,37,20250812,20250828,trim_r1_to_r2,TSAL20250812_0830_staticAndStaticFree001,61,False,44.0,0.5408585344240429
TS,37,20250812,20250828,trim_r1_to_r2,TSAL20250812_0830_staticAndStaticFree001,62,False,17.0,0.47727592341308717
TS,37,20250812,20250828,trim_r1_to_r2,TSAL20250812_0830_staticAndStaticFree001,63,False,38.0,0.5300590811752375
TS,37,20250812,20250828,trim_r1_to_r2,TSAL20250812_0830_staticAndStaticFree001,64,False,34.0,0.5160851071842546
TS,37,20250812,20250828,trim_r1_to_r2,TSAL20250812_0830_staticAndStaticFree001,65,False,16.0,0.47546542091799543
TS,37,20250812,20250828,trim_r1_to_r2,TSAL20250812_0830_staticAndStaticFree001,66,False,18.0,0.4781504871596171
TS,37,20250812,20250828,trim_r1_to_r2,TSAL20250812_0830_staticAndStaticFree001,68,True,,
TS,37,20250812,20250828,trim_r1_to_r2,TSAL20250812_0830_staticAndStaticFree001,69,False,26.0,0.4958044050664685
TS,37,20250812,20250828,trim_r1_to_r2,TSAL20250812_0830_staticAndStaticFree001,70,False,37.0,0.5249526281354951
TS,37,20250812,20250828,trim_r1_to_r2,TSAL20250812_0830_staticAndStaticFree001,71,False,11.0,0.4585375494021849
TS,37,20250812,20250828,trim_r1_to_r2,TSAL20250812_0830_staticAndStaticFree001,72,False,23.0,0.4890830515625394
TS,37,20250812,20250828,trim_r1_to_r2,TSAL20250812_0830_staticAndStaticFree001,73,False,54.0,0.5762786633063237
TS,37,20250812,20250828,trim_r1_to_r2,TSAL20250812_0830_staticAndStaticFree001,74,False,41.0,0.5363561176430913
TS,37,20250812,20250828,trim_r1_to_r2,TSAL20250812_0830_staticAndStaticFree001,75,True,,
TS,37,20250812,20250828,trim_r1_to_r2,TSAL20250812_0830_staticAndStaticFree001,76,False,56.0,0.5836963123000696
TS,37,20250812,20250828,trim_r1_to_r2,TSAL20250812_0830_staticAndStaticFree001,77,False,50.0,0.5596310428615461
TS,37,20250812,20250828,trim_r1_to_r2,TSAL20250812_0830_staticAndStaticFree001,78,True,,
TS,37,20250812,20250828,trim_r1_to_r2,TSAL20250812_0830_staticAndStaticFree001,79,False,9.0,0.45342172778093637
TS,37,20250812,20250828,trim_r1_to_r2,TSAL20250812_0830_staticAndStaticFree001,80,False,33.0,0.5139740661531612
TS,38,20250812,20250829,trim_r2_to_r1,TSAL20250829_0830_interferenceAndInterferenceFree001,0,True,,
TS,38,20250812,20250829,trim_r2_to_r1,TSAL20250829_0830_interferenceAndInterferenceFree001,1,True,,
TS,38,20250812,20250829,trim_r2_to_r1,TSAL20250829_0830_interferenceAndInterferenceFree001,2,True,,
TS,38,20250812,20250829,trim_r2_to_r1,TSAL20250829_0830_interferenceAndInterferenceFree001,3,True,,
TS,38,20250812,20250829,trim_r2_to_r1,TSAL20250829_0830_interferenceAndInterferenceFree001,4,True,,
TS,38,20250812,20250829,trim_r2_to_r1,TSAL20250829_0830_interferenceAndInterferenceFree001,5,False,56.0,0.701188858987457
TS,38,20250812,20250829,trim_r2_to_r1,TSAL20250829_0830_interferenceAndInterferenceFree001,6,True,,
TS,38,20250812,20250829,trim_r2_to_r1,TSAL20250829_0830_interferenceAndInterferenceFree001,7,True,,
TS,38,20250812,20250829,trim_r2_to_r1,TSAL20250829_0830_interferenceAndInterferenceFree001,8,True,,
TS,38,20250812,20250829,trim_r2_to_r1,TSAL20250829_0830_interferenceAndInterferenceFree001,9,True,,
TS,38,20250812,20250829,trim_r2_to_r1,TSAL20250829_0830_interferenceAndInterferenceFree001,10,True,,
TS,38,20250812,20250829,trim_r2_to_r1,TSAL20250829_0830_interferenceAndInterferenceFree001,11,True,,
TS,38,20250812,20250829,trim_r2_to_r1,TSAL20250829_0830_interferenceAndInterferenceFree001,12,True,,
TS,38,20250812,20250829,trim_r2_to_r1,TSAL20250829_0830_interferenceAndInterferenceFree001,13,True,,
TS,38,20250812,20250829,trim_r2_to_r1,TSAL20250829_0830_interferenceAndInterferenceFree001,14,True,,
TS,38,20250812,20250829,trim_r2_to_r1,TSAL20250829_0830_interferenceAndInterferenceFree001,15,True,,
TS,38,20250812,20250829,trim_r2_to_r1,TSAL20250829_0830_interferenceAndInterferenceFree001,16,True,,
TS,38,20250812,20250829,trim_r2_to_r1,TSAL20250829_0830_interferenceAndInterferenceFree001,17,True,,
TS,38,20250812,20250829,trim_r2_to_r1,TSAL20250829_0830_interferenceAndInterferenceFree001,18,True,,
TS,38,20250812,20250829,trim_r2_to_r1,TSAL20250829_0830_interferenceAndInterferenceFree001,19,True,,
TS,38,20250812,20250829,trim_r2_to_r1,TSAL20250829_0830_interferenceAndInterferenceFree001,20,True,,
TS,38,20250812,20250829,trim_r2_to_r1,TSAL20250829_0830_interferenceAndInterferenceFree001,21,True,,
TS,38,20250812,20250829,trim_r2_to_r1,TSAL20250829_0830_interferenceAndInterferenceFree001,22,True,,
TS,38,20250812,20250829,trim_r2_to_r1,TSAL20250829_0830_interferenceAndInterferenceFree001,23,True,,
TS,38,20250812,20250829,trim_r2_to_r1,TSAL20250829_0830_interferenceAndInterferenceFree001,24,True,,
TS,38,20250812,20250829,trim_r2_to_r1,TSAL20250829_0830_interferenceAndInterferenceFree001,25,True,,
TS,38,20250812,20250829,trim_r2_to_r1,TSAL20250829_0830_interferenceAndInterferenceFree001,26,True,,
TS,38,20250812,20250829,trim_r2_to_r1,TSAL20250829_0830_interferenceAndInterferenceFree001,27,True,,
TS,38,20250812,20250829,trim_r2_to_r1,TSAL20250829_0830_interferenceAndInterferenceFree001,28,True,,
TS,38,20250812,20250829,trim_r2_to_r1,TSAL20250829_0830_interferenceAndInterferenceFree001,29,True,,
TS,38,20250812,20250829,trim_r2_to_r1,TSAL20250829_0830_interferenceAndInterferenceFree001,30,True,,
TS,38,20250812,20250829,trim_r2_to_r1,TSAL20250829_0830_interferenceAndInterferenceFree001,31,True,,
TS,38,20250812,20250829,trim_r2_to_r1,TSAL20250829_0830_interferenceAndInterferenceFree001,32,True,,
TS,38,20250812,20250829,trim_r2_to_r1,TSAL20250829_0830_interferenceAndInterferenceFree001,33,True,,
TS,38,20250812,20250829,trim_r2_to_r1,TSAL20250829_0830_interferenceAndInterferenceFree001,34,True,,
TS,38,20250812,20250829,trim_r2_to_r1,TSAL20250829_0830_interferenceAndInterferenceFree001,35,True,,
TS,38,20250812,20250829,trim_r2_to_r1,TSAL20250829_0830_interferenceAndInterferenceFree001,36,True,,
TS,38,20250812,20250829,trim_r2_to_r1,TSAL20250829_0830_interferenceAndInterferenceFree001,37,True,,
TS,38,20250812,20250829,trim_r2_to_r1,TSAL20250829_0830_interferenceAndInterferenceFree001,38,False,54.0,0.7244724388079428
TS,38,20250812,20250829,trim_r2_to_r1,TSAL20250829_0830_interferenceAndInterferenceFree001,40,False,55.0,0.7110281073495075
TS,38,20250812,20250829,trim_r2_to_r1,TSAL20250829_0830_interferenceAndInterferenceFree001,41,True,,
TS,38,20250812,20250829,trim_r2_to_r1,TSAL20250829_0830_interferenceAndInterferenceFree001,42,True,,
TS,38,20250812,20250829,trim_r2_to_r1,TSAL20250829_0830_interferenceAndInterferenceFree001,43,False,30.0,0.8739512453184205
TS,38,20250812,20250829,trim_r2_to_r1,TSAL20250829_0830_interferenceAndInterferenceFree001,44,False,6.0,0.9417187379945096
TS,38,20250812,20250829,trim_r2_to_r1,TSAL20250829_0830_interferenceAndInterferenceFree001,45,False,1.0,1.6081293910607353
TS,38,20250812,20250829,trim_r2_to_r1,TSAL20250829_0830_interferenceAndInterferenceFree001,46,False,26.0,0.8750950422720816
TS,38,20250812,20250829,trim_r2_to_r1,TSAL20250829_0830_interferenceAndInterferenceFree001,47,False,40.0,0.8329614629844031
TS,38,20250812,20250829,trim_r2_to_r1,TSAL20250829_0830_interferenceAndInterferenceFree001,48,False,53.0,0.7635786855396322
TS,38,20250812,20250829,trim_r2_to_r1,TSAL20250829_0830_interferenceAndInterferenceFree001,49,False,22.0,0.8858964454321321
TS,38,20250812,20250829,trim_r2_to_r1,TSAL20250829_0830_interferenceAndInterferenceFree001,50,False,35.0,0.8563575120399414
TS,38,20250812,20250829,trim_r2_to_r1,TSAL20250829_0830_interferenceAndInterferenceFree001,51,False,42.0,0.8177713608613284
TS,38,20250812,20250829,trim_r2_to_r1,TSAL20250829_0830_interferenceAndInterferenceFree001,52,False,36.0,0.8499159852148478
TS,38,20250812,20250829,trim_r2_to_r1,TSAL20250829_0830_interferenceAndInterferenceFree001,53,False,50.0,0.7970079646043425
TS,38,20250812,20250829,trim_r2_to_r1,TSAL20250829_0830_interferenceAndInterferenceFree001,54,False,34.0,0.8554284981787099
TS,38,20250812,20250829,trim_r2_to_r1,TSAL20250829_0830_interferenceAndInterferenceFree001,55,False,9.0,0.9452137609847254
TS,38,20250812,20250829,trim_r2_to_r1,TSAL20250829_0830_interferenceAndInterferenceFree001,56,False,28.0,0.8730140247625211
TS,38,20250812,20250829,trim_r2_to_r1,TSAL20250829_0830_interferenceAndInterferenceFree001,57,False,5.0,0.9657343963635234
TS,38,20250812,20250829,trim_r2_to_r1,TSAL20250829_0830_interferenceAndInterferenceFree001,58,False,44.0,0.8040108381131732
TS,38,20250812,20250829,trim_r2_to_r1,TSAL20250829_0830_interferenceAndInterferenceFree001,59,False,52.0,0.7718652749515069
TS,38,20250812,20250829,trim_r2_to_r1,TSAL20250829_0830_interferenceAndInterferenceFree001,60,False,17.0,0.8915452026627136
TS,38,20250812,20250829,trim_r2_to_r1,TSAL20250829_0830_interferenceAndInterferenceFree001,61,False,33.0,0.8552177694643736
TS,38,20250812,20250829,trim_r2_to_r1,TSAL20250829_0830_interferenceAndInterferenceFree001,62,False,51.0,0.7869882383546202
TS,38,20250812,20250829,trim_r2_to_r1,TSAL20250829_0830_interferenceAndInterferenceFree001,63,False,13.0,0.9136363067203823
TS,38,20250812,20250829,trim_r2_to_r1,TSAL20250829_0830_interferenceAndInterferenceFree001,64,False,48.0,0.7965724237121689
TS,38,20250812,20250829,trim_r2_to_r1,TSAL20250829_0830_interferenceAndInterferenceFree001,65,False,49.0,0.8003853107065153
TS,38,20250812,20250829,trim_r2_to_r1,TSAL20250829_0830_interferenceAndInterferenceFree001,66,False,46.0,0.8117737797046728
TS,38,20250812,20250829,trim_r2_to_r1,TSAL20250829_0830_interferenceAndInterferenceFree001,67,False,19.0,0.8862489251799076
TS,38,20250812,20250829,trim_r2_to_r1,TSAL20250829_0830_interferenceAndInterferenceFree001,68,False,38.0,0.8572681651232118
TS,38,20250812,20250829,trim_r2_to_r1,TSAL20250829_0830_interferenceAndInterferenceFree001,69,False,39.0,0.8503536597338835
TS,38,20250812,20250829,trim_r2_to_r1,TSAL20250829_0830_interferenceAndInterferenceFree001,70,False,15.0,0.9017229387076201
TS,38,20250812,20250829,trim_r2_to_r1,TSAL20250829_0830_interferenceAndInterferenceFree001,71,False,37.0,0.8551890079850426
TS,38,20250812,20250829,trim_r2_to_r1,TSAL20250829_0830_interferenceAndInterferenceFree001,72,False,43.0,0.8151594601529918
TS,38,20250812,20250829,trim_r2_to_r1,TSAL20250829_0830_interferenceAndInterferenceFree001,73,False,24.0,0.8754912266653292
TS,38,20250812,20250829,trim_r2_to_r1,TSAL20250829_0830_interferenceAndInterferenceFree001,74,False,47.0,0.8174800094287944
TS,38,20250812,20250829,trim_r2_to_r1,TSAL20250829_0830_interferenceAndInterferenceFree001,75,False,14.0,0.9044508396777416
TS,38,20250812,20250829,trim_r2_to_r1,TSAL20250829_0830_interferenceAndInterferenceFree001,76,False,31.0,0.862626523394946
TS,38,20250812,20250829,trim_r2_to_r1,TSAL20250829_0830_interferenceAndInterferenceFree001,77,False,21.0,0.8871836495582134
TS,38,20250812,20250829,trim_r2_to_r1,TSAL20250829_0830_interferenceAndInterferenceFree001,78,False,32.0,0.8534553959287179
TS,38,20250812,20250829,trim_r2_to_r1,TSAL20250829_0830_interferenceAndInterferenceFree001,79,False,20.0,0.8904460905040421
TS,38,20250812,20250829,trim_r2_to_r1,TSAL20250829_0830_interferenceAndInterferenceFree001,81,False,10.0,0.9360968690438147
TS,38,20250812,20250829,trim_r2_to_r1,TSAL20250829_0830_interferenceAndInterferenceFree001,83,False,7.0,0.9415211856261998
TS,38,20250812,20250829,trim_r2_to_r1,TSAL20250829_0830_interferenceAndInterferenceFree001,84,False,11.0,0.935071267557698
TS,38,20250812,20250829,trim_r2_to_r1,TSAL20250829_0830_interferenceAndInterferenceFree001,85,False,16.0,0.8995147574430503
TS,38,20250812,20250829,trim_r2_to_r1,TSAL20250829_0830_interferenceAndInterferenceFree001,86,False,8.0,0.9404946843726187
TS,38,20250812,20250829,trim_r2_to_r1,TSAL20250829_0830_interferenceAndInterferenceFree001,88,False,29.0,0.8730832511074187
TS,38,20250812,20250829,trim_r2_to_r1,TSAL20250829_0830_interferenceAndInterferenceFree001,89,False,25.0,0.8742900919828056
TS,38,20250812,20250829,trim_r2_to_r1,TSAL20250829_0830_interferenceAndInterferenceFree001,90,False,41.0,0.834126704396119
TS,38,20250812,20250829,trim_r2_to_r1,TSAL20250829_0830_interferenceAndInterferenceFree001,91,False,2.0,1.3532300801840176
TS,38,20250812,20250829,trim_r2_to_r1,TSAL20250829_0830_interferenceAndInterferenceFree001,92,False,45.0,0.8069684020340148
TS,38,20250812,20250829,trim_r2_to_r1,TSAL20250829_0830_interferenceAndInterferenceFree001,93,False,18.0,0.8876904636177033
TS,38,20250812,20250829,trim_r2_to_r1,TSAL20250829_0830_interferenceAndInterferenceFree001,94,False,4.0,1.0414702525450104
TS,38,20250812,20250829,trim_r2_to_r1,TSAL20250829_0830_interferenceAndInterferenceFree001,95,False,23.0,0.8813678462245156
TS,38,20250812,20250829,trim_r2_to_r1,TSAL20250829_0830_interferenceAndInterferenceFree001,96,False,12.0,0.92156189100744
TS,38,20250812,20250829,trim_r2_to_r1,TSAL20250829_0830_interferenceAndInterferenceFree001,97,False,3.0,1.1923843486320234
TS,38,20250812,20250829,trim_r2_to_r1,TSAL20250829_0830_interferenceAndInterferenceFree001,98,False,27.0,0.8740150812547309
TS,38,20250812,20250829,trim_r1_to_r2,TSAL20250812_0830_staticAndStaticFree001,0,False,30.0,0.502698537087901
TS,38,20250812,20250829,trim_r1_to_r2,TSAL20250812_0830_staticAndStaticFree001,1,True,,
TS,38,20250812,20250829,trim_r1_to_r2,TSAL20250812_0830_staticAndStaticFree001,2,False,24.0,0.491203024975528
TS,38,20250812,20250829,trim_r1_to_r2,TSAL20250812_0830_staticAndStaticFree001,4,False,13.0,0.46537240148798054
TS,38,20250812,20250829,trim_r1_to_r2,TSAL20250812_0830_staticAndStaticFree001,5,False,42.0,0.5378090891787991
TS,38,20250812,20250829,trim_r1_to_r2,TSAL20250812_0830_staticAndStaticFree001,6,False,43.0,0.5388921801575873
TS,38,20250812,20250829,trim_r1_to_r2,TSAL20250812_0830_staticAndStaticFree001,7,False,1.0,0.4297693597711523
TS,38,20250812,20250829,trim_r1_to_r2,TSAL20250812_0830_staticAndStaticFree001,8,False,12.0,0.46036368649755693
TS,38,20250812,20250829,trim_r1_to_r2,TSAL20250812_0830_staticAndStaticFree001,9,False,32.0,0.5133700247603801
TS,38,20250812,20250829,trim_r1_to_r2,TSAL20250812_0830_staticAndStaticFree001,10,False,4.0,0.4396107605700769
TS,38,20250812,20250829,trim_r1_to_r2,TSAL20250812_0830_staticAndStaticFree001,11,True,,
TS,38,20250812,20250829,trim_r1_to_r2,TSAL20250812_0830_staticAndStaticFree001,12,True,,
TS,38,20250812,20250829,trim_r1_to_r2,TSAL20250812_0830_staticAndStaticFree001,14,False,10.0,0.4562385826999971
TS,38,20250812,20250829,trim_r1_to_r2,TSAL20250812_0830_staticAndStaticFree001,15,False,8.0,0.4514691883532372
TS,38,20250812,20250829,trim_r1_to_r2,TSAL20250812_0830_staticAndStaticFree001,16,True,,
TS,38,20250812,20250829,trim_r1_to_r2,TSAL20250812_0830_staticAndStaticFree001,17,True,,
TS,38,20250812,20250829,trim_r1_to_r2,TSAL20250812_0830_staticAndStaticFree001,18,True,,
TS,38,20250812,20250829,trim_r1_to_r2,TSAL20250812_0830_staticAndStaticFree001,19,True,,
TS,38,20250812,20250829,trim_r1_to_r2,TSAL20250812_0830_staticAndStaticFree001,20,False,39.0,0.5324755033680798
TS,38,20250812,20250829,trim_r1_to_r2,TSAL20250812_0830_staticAndStaticFree001,21,True,,
TS,38,20250812,20250829,trim_r1_to_r2,TSAL20250812_0830_staticAndStaticFree001,22,False,15.0,0.4722137392216744
TS,38,20250812,20250829,trim_r1_to_r2,TSAL20250812_0830_staticAndStaticFree001,23,False,22.0,0.4860486453840859
TS,38,20250812,20250829,trim_r1_to_r2,TSAL20250812_0830_staticAndStaticFree001,24,True,,
TS,38,20250812,20250829,trim_r1_to_r2,TSAL20250812_0830_staticAndStaticFree001,25,True,,
TS,38,20250812,20250829,trim_r1_to_r2,TSAL20250812_0830_staticAndStaticFree001,26,False,3.0,0.43816315087542024
TS,38,20250812,20250829,trim_r1_to_r2,TSAL20250812_0830_staticAndStaticFree001,27,False,14.0,0.4707508250881088
TS,38,20250812,20250829,trim_r1_to_r2,TSAL20250812_0830_staticAndStaticFree001,28,False,29.0,0.4992611382658277
TS,38,20250812,20250829,trim_r1_to_r2,TSAL20250812_0830_staticAndStaticFree001,29,True,,
TS,38,20250812,20250829,trim_r1_to_r2,TSAL20250812_0830_staticAndStaticFree001,30,False,31.0,0.5080335155465214
TS,38,20250812,20250829,trim_r1_to_r2,TSAL20250812_0830_staticAndStaticFree001,31,False,20.0,0.4839187295888264
TS,38,20250812,20250829,trim_r1_to_r2,TSAL20250812_0830_staticAndStaticFree001,32,False,6.0,0.4446998574977647
TS,38,20250812,20250829,trim_r1_to_r2,TSAL20250812_0830_staticAndStaticFree001,33,True,,
TS,38,20250812,20250829,trim_r1_to_r2,TSAL20250812_0830_staticAndStaticFree001,34,False,7.0,0.4463609913661597
TS,38,20250812,20250829,trim_r1_to_r2,TSAL20250812_0830_staticAndStaticFree001,35,True,,
TS,38,20250812,20250829,trim_r1_to_r2,TSAL20250812_0830_staticAndStaticFree001,36,True,,
TS,38,20250812,20250829,trim_r1_to_r2,TSAL20250812_0830_staticAndStaticFree001,37,False,19.0,0.48245965908414074
TS,38,20250812,20250829,trim_r1_to_r2,TSAL20250812_0830_staticAndStaticFree001,38,True,,
TS,38,20250812,20250829,trim_r1_to_r2,TSAL20250812_0830_staticAndStaticFree001,39,False,36.0,0.5212240594560754
TS,38,20250812,20250829,trim_r1_to_r2,TSAL20250812_0830_staticAndStaticFree001,40,True,,
TS,38,20250812,20250829,trim_r1_to_r2,TSAL20250812_0830_staticAndStaticFree001,41,True,,
TS,38,20250812,20250829,trim_r1_to_r2,TSAL20250812_0830_staticAndStaticFree001,42,False,28.0,0.4996114471904028
TS,38,20250812,20250829,trim_r1_to_r2,TSAL20250812_0830_staticAndStaticFree001,43,True,,
TS,38,20250812,20250829,trim_r1_to_r2,TSAL20250812_0830_staticAndStaticFree001,44,True,,
TS,38,20250812,20250829,trim_r1_to_r2,TSAL20250812_0830_staticAndStaticFree001,45,False,35.0,0.5198112747284988
TS,38,20250812,20250829,trim_r1_to_r2,TSAL20250812_0830_staticAndStaticFree001,46,True,,
TS,38,20250812,20250829,trim_r1_to_r2,TSAL20250812_0830_staticAndStaticFree001,47,False,21.0,0.48604545004191096
TS,38,20250812,20250829,trim_r1_to_r2,TSAL20250812_0830_staticAndStaticFree001,48,True,,
TS,38,20250812,20250829,trim_r1_to_r2,TSAL20250812_0830_staticAndStaticFree001,50,True,,
TS,38,20250812,20250829,trim_r1_to_r2,TSAL20250812_0830_staticAndStaticFree001,51,False,5.0,0.44198635878420006
TS,38,20250812,20250829,trim_r1_to_r2,TSAL20250812_0830_staticAndStaticFree001,52,False,25.0,0.4931614718027413
TS,38,20250812,20250829,trim_r1_to_r2,TSAL20250812_0830_staticAndStaticFree001,53,True,,
TS,38,20250812,20250829,trim_r1_to_r2,TSAL20250812_0830_staticAndStaticFree001,54,False,27.0,0.4978328603850537
TS,38,20250812,20250829,trim_r1_to_r2,TSAL20250812_0830_staticAndStaticFree001,55,False,40.0,0.5342139373156873
TS,38,20250812,20250829,trim_r1_to_r2,TSAL20250812_0830_staticAndStaticFree001,56,False,2.0,0.435788681620699
TS,38,20250812,20250829,trim_r1_to_r2,TSAL20250812_0830_staticAndStaticFree001,57,True,,
TS,38,20250812,20250829,trim_r1_to_r2,TSAL20250812_0830_staticAndStaticFree001,58,True,,
TS,38,20250812,20250829,trim_r1_to_r2,TSAL20250812_0830_staticAndStaticFree001,60,True,,
TS,38,20250812,20250829,trim_r1_to_r2,TSAL20250812_0830_staticAndStaticFree001,61,False,44.0,0.5408585344240429
TS,38,20250812,20250829,trim_r1_to_r2,TSAL20250812_0830_staticAndStaticFree001,62,False,17.0,0.47727592341308717
TS,38,20250812,20250829,trim_r1_to_r2,TSAL20250812_0830_staticAndStaticFree001,63,False,38.0,0.5300590811752375
TS,38,20250812,20250829,trim_r1_to_r2,TSAL20250812_0830_staticAndStaticFree001,64,False,34.0,0.5160851071842546
TS,38,20250812,20250829,trim_r1_to_r2,TSAL20250812_0830_staticAndStaticFree001,65,False,16.0,0.47546542091799543
TS,38,20250812,20250829,trim_r1_to_r2,TSAL20250812_0830_staticAndStaticFree001,66,False,18.0,0.4781504871596171
TS,38,20250812,20250829,trim_r1_to_r2,TSAL20250812_0830_staticAndStaticFree001,68,True,,
TS,38,20250812,20250829,trim_r1_to_r2,TSAL20250812_0830_staticAndStaticFree001,69,False,26.0,0.4958044050664685
TS,38,20250812,20250829,trim_r1_to_r2,TSAL20250812_0830_staticAndStaticFree001,70,False,37.0,0.5249526281354951
TS,38,20250812,20250829,trim_r1_to_r2,TSAL20250812_0830_staticAndStaticFree001,71,False,11.0,0.4585375494021849
TS,38,20250812,20250829,trim_r1_to_r2,TSAL20250812_0830_staticAndStaticFree001,72,False,23.0,0.4890830515625394
TS,38,20250812,20250829,trim_r1_to_r2,TSAL20250812_0830_staticAndStaticFree001,73,True,,
TS,38,20250812,20250829,trim_r1_to_r2,TSAL20250812_0830_staticAndStaticFree001,74,False,41.0,0.5363561176430913
TS,38,20250812,20250829,trim_r1_to_r2,TSAL20250812_0830_staticAndStaticFree001,75,True,,
TS,38,20250812,20250829,trim_r1_to_r2,TSAL20250812_0830_staticAndStaticFree001,76,True,,
TS,38,20250812,20250829,trim_r1_to_r2,TSAL20250812_0830_staticAndStaticFree001,77,True,,
TS,38,20250812,20250829,trim_r1_to_r2,TSAL20250812_0830_staticAndStaticFree001,78,True,,
TS,38,20250812,20250829,trim_r1_to_r2,TSAL20250812_0830_staticAndStaticFree001,79,False,9.0,0.45342172778093637
TS,38,20250812,20250829,trim_r1_to_r2,TSAL20250812_0830_staticAndStaticFree001,80,False,33.0,0.5139740661531612
TS,39,20250812,20250830,trim_r2_to_r1,TSAL20250830_0830_interferenceAndInterferenceFree001,1,True,,
TS,39,20250812,20250830,trim_r2_to_r1,TSAL20250830_0830_interferenceAndInterferenceFree001,2,True,,
TS,39,20250812,20250830,trim_r2_to_r1,TSAL20250830_0830_interferenceAndInterferenceFree001,3,True,,
TS,39,20250812,20250830,trim_r2_to_r1,TSAL20250830_0830_interferenceAndInterferenceFree001,4,True,,
TS,39,20250812,20250830,trim_r2_to_r1,TSAL20250830_0830_interferenceAndInterferenceFree001,5,True,,
TS,39,20250812,20250830,trim_r2_to_r1,TSAL20250830_0830_interferenceAndInterferenceFree001,6,True,,
TS,39,20250812,20250830,trim_r2_to_r1,TSAL20250830_0830_interferenceAndInterferenceFree001,7,True,,
TS,39,20250812,20250830,trim_r2_to_r1,TSAL20250830_0830_interferenceAndInterferenceFree001,8,True,,
TS,39,20250812,20250830,trim_r2_to_r1,TSAL20250830_0830_interferenceAndInterferenceFree001,9,True,,
TS,39,20250812,20250830,trim_r2_to_r1,TSAL20250830_0830_interferenceAndInterferenceFree001,10,True,,
TS,39,20250812,20250830,trim_r2_to_r1,TSAL20250830_0830_interferenceAndInterferenceFree001,12,False,10.0,0.8803871899949374
TS,39,20250812,20250830,trim_r2_to_r1,TSAL20250830_0830_interferenceAndInterferenceFree001,13,True,,
TS,39,20250812,20250830,trim_r2_to_r1,TSAL20250830_0830_interferenceAndInterferenceFree001,14,True,,
TS,39,20250812,20250830,trim_r2_to_r1,TSAL20250830_0830_interferenceAndInterferenceFree001,15,False,26.0,0.7330189491300624
TS,39,20250812,20250830,trim_r2_to_r1,TSAL20250830_0830_interferenceAndInterferenceFree001,16,True,,
TS,39,20250812,20250830,trim_r2_to_r1,TSAL20250830_0830_interferenceAndInterferenceFree001,17,False,1.0,1.0492151016052262
TS,39,20250812,20250830,trim_r2_to_r1,TSAL20250830_0830_interferenceAndInterferenceFree001,18,True,,
TS,39,20250812,20250830,trim_r2_to_r1,TSAL20250830_0830_interferenceAndInterferenceFree001,19,True,,
TS,39,20250812,20250830,trim_r2_to_r1,TSAL20250830_0830_interferenceAndInterferenceFree001,20,False,28.0,0.7142008799070457
TS,39,20250812,20250830,trim_r2_to_r1,TSAL20250830_0830_interferenceAndInterferenceFree001,21,True,,
TS,39,20250812,20250830,trim_r2_to_r1,TSAL20250830_0830_interferenceAndInterferenceFree001,23,False,29.0,0.6973303766250575
TS,39,20250812,20250830,trim_r2_to_r1,TSAL20250830_0830_interferenceAndInterferenceFree001,24,True,,
TS,39,20250812,20250830,trim_r2_to_r1,TSAL20250830_0830_interferenceAndInterferenceFree001,25,True,,
TS,39,20250812,20250830,trim_r2_to_r1,TSAL20250830_0830_interferenceAndInterferenceFree001,26,True,,
TS,39,20250812,20250830,trim_r2_to_r1,TSAL20250830_0830_interferenceAndInterferenceFree001,27,True,,
TS,39,20250812,20250830,trim_r2_to_r1,TSAL20250830_0830_interferenceAndInterferenceFree001,28,False,2.0,1.0247479159019566
TS,39,20250812,20250830,trim_r2_to_r1,TSAL20250830_0830_interferenceAndInterferenceFree001,29,True,,
TS,39,20250812,20250830,trim_r2_to_r1,TSAL20250830_0830_interferenceAndInterferenceFree001,30,True,,
TS,39,20250812,20250830,trim_r2_to_r1,TSAL20250830_0830_interferenceAndInterferenceFree001,31,True,,
TS,39,20250812,20250830,trim_r2_to_r1,TSAL20250830_0830_interferenceAndInterferenceFree001,32,True,,
TS,39,20250812,20250830,trim_r2_to_r1,TSAL20250830_0830_interferenceAndInterferenceFree001,33,True,,
TS,39,20250812,20250830,trim_r2_to_r1,TSAL20250830_0830_interferenceAndInterferenceFree001,34,True,,
TS,39,20250812,20250830,trim_r2_to_r1,TSAL20250830_0830_interferenceAndInterferenceFree001,35,True,,
TS,39,20250812,20250830,trim_r2_to_r1,TSAL20250830_0830_interferenceAndInterferenceFree001,36,False,33.0,0.676550960324344
TS,39,20250812,20250830,trim_r2_to_r1,TSAL20250830_0830_interferenceAndInterferenceFree001,37,True,,
TS,39,20250812,20250830,trim_r2_to_r1,TSAL20250830_0830_interferenceAndInterferenceFree001,38,False,30.0,0.6902882243719108
TS,39,20250812,20250830,trim_r2_to_r1,TSAL20250830_0830_interferenceAndInterferenceFree001,40,True,,
TS,39,20250812,20250830,trim_r2_to_r1,TSAL20250830_0830_interferenceAndInterferenceFree001,41,False,27.0,0.727194039046351
TS,39,20250812,20250830,trim_r2_to_r1,TSAL20250830_0830_interferenceAndInterferenceFree001,42,False,32.0,0.6801520552531221
TS,39,20250812,20250830,trim_r2_to_r1,TSAL20250830_0830_interferenceAndInterferenceFree001,43,True,,
TS,39,20250812,20250830,trim_r2_to_r1,TSAL20250830_0830_interferenceAndInterferenceFree001,44,False,3.0,0.9620676372370269
TS,39,20250812,20250830,trim_r2_to_r1,TSAL20250830_0830_interferenceAndInterferenceFree001,45,False,6.0,0.9112092901601999
TS,39,20250812,20250830,trim_r2_to_r1,TSAL20250830_0830_interferenceAndInterferenceFree001,46,False,25.0,0.7636954212181557
TS,39,20250812,20250830,trim_r2_to_r1,TSAL20250830_0830_interferenceAndInterferenceFree001,47,True,,
TS,39,20250812,20250830,trim_r2_to_r1,TSAL20250830_0830_interferenceAndInterferenceFree001,48,True,,
TS,39,20250812,20250830,trim_r2_to_r1,TSAL20250830_0830_interferenceAndInterferenceFree001,49,True,,
TS,39,20250812,20250830,trim_r2_to_r1,TSAL20250830_0830_interferenceAndInterferenceFree001,50,True,,
TS,39,20250812,20250830,trim_r2_to_r1,TSAL20250830_0830_interferenceAndInterferenceFree001,52,False,23.0,0.7858855243241208
TS,39,20250812,20250830,trim_r2_to_r1,TSAL20250830_0830_interferenceAndInterferenceFree001,53,False,34.0,0.6771451703522674
TS,39,20250812,20250830,trim_r2_to_r1,TSAL20250830_0830_interferenceAndInterferenceFree001,54,True,,
TS,39,20250812,20250830,trim_r2_to_r1,TSAL20250830_0830_interferenceAndInterferenceFree001,55,False,16.0,0.8185616927130437
TS,39,20250812,20250830,trim_r2_to_r1,TSAL20250830_0830_interferenceAndInterferenceFree001,56,False,18.0,0.808502823701752
TS,39,20250812,20250830,trim_r2_to_r1,TSAL20250830_0830_interferenceAndInterferenceFree001,57,False,19.0,0.803995870130546
TS,39,20250812,20250830,trim_r2_to_r1,TSAL20250830_0830_interferenceAndInterferenceFree001,58,True,,
TS,39,20250812,20250830,trim_r2_to_r1,TSAL20250830_0830_interferenceAndInterferenceFree001,60,False,17.0,0.8126000458941938
TS,39,20250812,20250830,trim_r2_to_r1,TSAL20250830_0830_interferenceAndInterferenceFree001,61,True,,
TS,39,20250812,20250830,trim_r2_to_r1,TSAL20250830_0830_interferenceAndInterferenceFree001,62,True,,
TS,39,20250812,20250830,trim_r2_to_r1,TSAL20250830_0830_interferenceAndInterferenceFree001,63,True,,
TS,39,20250812,20250830,trim_r2_to_r1,TSAL20250830_0830_interferenceAndInterferenceFree001,64,False,15.0,0.8365395002768805
TS,39,20250812,20250830,trim_r2_to_r1,TSAL20250830_0830_interferenceAndInterferenceFree001,65,True,,
TS,39,20250812,20250830,trim_r2_to_r1,TSAL20250830_0830_interferenceAndInterferenceFree001,66,False,31.0,0.6794902723268347
TS,39,20250812,20250830,trim_r2_to_r1,TSAL20250830_0830_interferenceAndInterferenceFree001,67,True,,
TS,39,20250812,20250830,trim_r2_to_r1,TSAL20250830_0830_interferenceAndInterferenceFree001,68,False,4.0,0.9281237245193258
TS,39,20250812,20250830,trim_r2_to_r1,TSAL20250830_0830_interferenceAndInterferenceFree001,69,False,8.0,0.8855685020917664
TS,39,20250812,20250830,trim_r2_to_r1,TSAL20250830_0830_interferenceAndInterferenceFree001,70,False,5.0,0.9171297549018407
TS,39,20250812,20250830,trim_r2_to_r1,TSAL20250830_0830_interferenceAndInterferenceFree001,71,False,7.0,0.8967896872709239
TS,39,20250812,20250830,trim_r2_to_r1,TSAL20250830_0830_interferenceAndInterferenceFree001,72,False,11.0,0.8674520627247374
TS,39,20250812,20250830,trim_r2_to_r1,TSAL20250830_0830_interferenceAndInterferenceFree001,73,False,9.0,0.8848613529661441
TS,39,20250812,20250830,trim_r2_to_r1,TSAL20250830_0830_interferenceAndInterferenceFree001,74,True,,
TS,39,20250812,20250830,trim_r2_to_r1,TSAL20250830_0830_interferenceAndInterferenceFree001,75,False,20.0,0.7964154702874082
TS,39,20250812,20250830,trim_r2_to_r1,TSAL20250830_0830_interferenceAndInterferenceFree001,76,False,21.0,0.7929587990759963
TS,39,20250812,20250830,trim_r2_to_r1,TSAL20250830_0830_interferenceAndInterferenceFree001,77,False,13.0,0.8372465128212512
TS,39,20250812,20250830,trim_r2_to_r1,TSAL20250830_0830_interferenceAndInterferenceFree001,79,True,,
TS,39,20250812,20250830,trim_r2_to_r1,TSAL20250830_0830_interferenceAndInterferenceFree001,81,True,,
TS,39,20250812,20250830,trim_r2_to_r1,TSAL20250830_0830_interferenceAndInterferenceFree001,82,False,24.0,0.7651805783741491
TS,39,20250812,20250830,trim_r2_to_r1,TSAL20250830_0830_interferenceAndInterferenceFree001,83,False,22.0,0.7950211619540893
TS,39,20250812,20250830,trim_r2_to_r1,TSAL20250830_0830_interferenceAndInterferenceFree001,86,False,14.0,0.8401338234245985
TS,39,20250812,20250830,trim_r2_to_r1,TSAL20250830_0830_interferenceAndInterferenceFree001,87,True,,
TS,39,20250812,20250830,trim_r2_to_r1,TSAL20250830_0830_interferenceAndInterferenceFree001,88,False,12.0,0.8617866480545344
TS,39,20250812,20250830,trim_r1_to_r2,TSAL20250812_0830_staticAndStaticFree001,0,False,30.0,0.502698537087901
TS,39,20250812,20250830,trim_r1_to_r2,TSAL20250812_0830_staticAndStaticFree001,1,True,,
TS,39,20250812,20250830,trim_r1_to_r2,TSAL20250812_0830_staticAndStaticFree001,2,False,24.0,0.491203024975528
TS,39,20250812,20250830,trim_r1_to_r2,TSAL20250812_0830_staticAndStaticFree001,4,False,13.0,0.46537240148798054
TS,39,20250812,20250830,trim_r1_to_r2,TSAL20250812_0830_staticAndStaticFree001,5,True,,
TS,39,20250812,20250830,trim_r1_to_r2,TSAL20250812_0830_staticAndStaticFree001,6,True,,
TS,39,20250812,20250830,trim_r1_to_r2,TSAL20250812_0830_staticAndStaticFree001,7,False,1.0,0.4297693597711523
TS,39,20250812,20250830,trim_r1_to_r2,TSAL20250812_0830_staticAndStaticFree001,8,False,12.0,0.46036368649755693
TS,39,20250812,20250830,trim_r1_to_r2,TSAL20250812_0830_staticAndStaticFree001,9,False,32.0,0.5133700247603801
TS,39,20250812,20250830,trim_r1_to_r2,TSAL20250812_0830_staticAndStaticFree001,10,False,4.0,0.4396107605700769
TS,39,20250812,20250830,trim_r1_to_r2,TSAL20250812_0830_staticAndStaticFree001,11,True,,
TS,39,20250812,20250830,trim_r1_to_r2,TSAL20250812_0830_staticAndStaticFree001,12,True,,
TS,39,20250812,20250830,trim_r1_to_r2,TSAL20250812_0830_staticAndStaticFree001,14,False,10.0,0.4562385826999971
TS,39,20250812,20250830,trim_r1_to_r2,TSAL20250812_0830_staticAndStaticFree001,15,False,8.0,0.4514691883532372
TS,39,20250812,20250830,trim_r1_to_r2,TSAL20250812_0830_staticAndStaticFree001,16,True,,
TS,39,20250812,20250830,trim_r1_to_r2,TSAL20250812_0830_staticAndStaticFree001,17,True,,
TS,39,20250812,20250830,trim_r1_to_r2,TSAL20250812_0830_staticAndStaticFree001,18,True,,
TS,39,20250812,20250830,trim_r1_to_r2,TSAL20250812_0830_staticAndStaticFree001,19,True,,
TS,39,20250812,20250830,trim_r1_to_r2,TSAL20250812_0830_staticAndStaticFree001,20,True,,
TS,39,20250812,20250830,trim_r1_to_r2,TSAL20250812_0830_staticAndStaticFree001,21,True,,
TS,39,20250812,20250830,trim_r1_to_r2,TSAL20250812_0830_staticAndStaticFree001,22,False,15.0,0.4722137392216744
TS,39,20250812,20250830,trim_r1_to_r2,TSAL20250812_0830_staticAndStaticFree001,23,False,22.0,0.4860486453840859
TS,39,20250812,20250830,trim_r1_to_r2,TSAL20250812_0830_staticAndStaticFree001,24,True,,
TS,39,20250812,20250830,trim_r1_to_r2,TSAL20250812_0830_staticAndStaticFree001,25,True,,
TS,39,20250812,20250830,trim_r1_to_r2,TSAL20250812_0830_staticAndStaticFree001,26,False,3.0,0.43816315087542024
TS,39,20250812,20250830,trim_r1_to_r2,TSAL20250812_0830_staticAndStaticFree001,27,False,14.0,0.4707508250881088
TS,39,20250812,20250830,trim_r1_to_r2,TSAL20250812_0830_staticAndStaticFree001,28,False,29.0,0.4992611382658277
TS,39,20250812,20250830,trim_r1_to_r2,TSAL20250812_0830_staticAndStaticFree001,29,True,,
TS,39,20250812,20250830,trim_r1_to_r2,TSAL20250812_0830_staticAndStaticFree001,30,False,31.0,0.5080335155465214
TS,39,20250812,20250830,trim_r1_to_r2,TSAL20250812_0830_staticAndStaticFree001,31,False,20.0,0.4839187295888264
TS,39,20250812,20250830,trim_r1_to_r2,TSAL20250812_0830_staticAndStaticFree001,32,False,6.0,0.4446998574977647
TS,39,20250812,20250830,trim_r1_to_r2,TSAL20250812_0830_staticAndStaticFree001,33,True,,
TS,39,20250812,20250830,trim_r1_to_r2,TSAL20250812_0830_staticAndStaticFree001,34,False,7.0,0.4463609913661597
TS,39,20250812,20250830,trim_r1_to_r2,TSAL20250812_0830_staticAndStaticFree001,35,True,,
TS,39,20250812,20250830,trim_r1_to_r2,TSAL20250812_0830_staticAndStaticFree001,36,True,,
TS,39,20250812,20250830,trim_r1_to_r2,TSAL20250812_0830_staticAndStaticFree001,37,False,19.0,0.48245965908414074
TS,39,20250812,20250830,trim_r1_to_r2,TSAL20250812_0830_staticAndStaticFree001,38,True,,
TS,39,20250812,20250830,trim_r1_to_r2,TSAL20250812_0830_staticAndStaticFree001,39,True,,
TS,39,20250812,20250830,trim_r1_to_r2,TSAL20250812_0830_staticAndStaticFree001,40,True,,
TS,39,20250812,20250830,trim_r1_to_r2,TSAL20250812_0830_staticAndStaticFree001,41,True,,
TS,39,20250812,20250830,trim_r1_to_r2,TSAL20250812_0830_staticAndStaticFree001,42,False,28.0,0.4996114471904028
TS,39,20250812,20250830,trim_r1_to_r2,TSAL20250812_0830_staticAndStaticFree001,43,True,,
TS,39,20250812,20250830,trim_r1_to_r2,TSAL20250812_0830_staticAndStaticFree001,44,True,,
TS,39,20250812,20250830,trim_r1_to_r2,TSAL20250812_0830_staticAndStaticFree001,45,False,35.0,0.5198112747284988
TS,39,20250812,20250830,trim_r1_to_r2,TSAL20250812_0830_staticAndStaticFree001,46,True,,
TS,39,20250812,20250830,trim_r1_to_r2,TSAL20250812_0830_staticAndStaticFree001,47,False,21.0,0.48604545004191096
TS,39,20250812,20250830,trim_r1_to_r2,TSAL20250812_0830_staticAndStaticFree001,48,True,,
TS,39,20250812,20250830,trim_r1_to_r2,TSAL20250812_0830_staticAndStaticFree001,50,True,,
TS,39,20250812,20250830,trim_r1_to_r2,TSAL20250812_0830_staticAndStaticFree001,51,False,5.0,0.44198635878420006
TS,39,20250812,20250830,trim_r1_to_r2,TSAL20250812_0830_staticAndStaticFree001,52,False,25.0,0.4931614718027413
TS,39,20250812,20250830,trim_r1_to_r2,TSAL20250812_0830_staticAndStaticFree001,53,True,,
TS,39,20250812,20250830,trim_r1_to_r2,TSAL20250812_0830_staticAndStaticFree001,54,False,27.0,0.4978328603850537
TS,39,20250812,20250830,trim_r1_to_r2,TSAL20250812_0830_staticAndStaticFree001,55,True,,
TS,39,20250812,20250830,trim_r1_to_r2,TSAL20250812_0830_staticAndStaticFree001,56,False,2.0,0.435788681620699
TS,39,20250812,20250830,trim_r1_to_r2,TSAL20250812_0830_staticAndStaticFree001,57,True,,
TS,39,20250812,20250830,trim_r1_to_r2,TSAL20250812_0830_staticAndStaticFree001,58,True,,
TS,39,20250812,20250830,trim_r1_to_r2,TSAL20250812_0830_staticAndStaticFree001,60,True,,
TS,39,20250812,20250830,trim_r1_to_r2,TSAL20250812_0830_staticAndStaticFree001,61,True,,
TS,39,20250812,20250830,trim_r1_to_r2,TSAL20250812_0830_staticAndStaticFree001,62,False,17.0,0.47727592341308717
TS,39,20250812,20250830,trim_r1_to_r2,TSAL20250812_0830_staticAndStaticFree001,63,True,,
TS,39,20250812,20250830,trim_r1_to_r2,TSAL20250812_0830_staticAndStaticFree001,64,False,34.0,0.5160851071842546
TS,39,20250812,20250830,trim_r1_to_r2,TSAL20250812_0830_staticAndStaticFree001,65,False,16.0,0.47546542091799543
TS,39,20250812,20250830,trim_r1_to_r2,TSAL20250812_0830_staticAndStaticFree001,66,False,18.0,0.4781504871596171
TS,39,20250812,20250830,trim_r1_to_r2,TSAL20250812_0830_staticAndStaticFree001,68,True,,
TS,39,20250812,20250830,trim_r1_to_r2,TSAL20250812_0830_staticAndStaticFree001,69,False,26.0,0.4958044050664685
TS,39,20250812,20250830,trim_r1_to_r2,TSAL20250812_0830_staticAndStaticFree001,70,True,,
TS,39,20250812,20250830,trim_r1_to_r2,TSAL20250812_0830_staticAndStaticFree001,71,False,11.0,0.4585375494021849
TS,39,20250812,20250830,trim_r1_to_r2,TSAL20250812_0830_staticAndStaticFree001,72,False,23.0,0.4890830515625394
TS,39,20250812,20250830,trim_r1_to_r2,TSAL20250812_0830_staticAndStaticFree001,73,True,,
TS,39,20250812,20250830,trim_r1_to_r2,TSAL20250812_0830_staticAndStaticFree001,74,True,,
TS,39,20250812,20250830,trim_r1_to_r2,TSAL20250812_0830_staticAndStaticFree001,75,True,,
TS,39,20250812,20250830,trim_r1_to_r2,TSAL20250812_0830_staticAndStaticFree001,76,True,,
TS,39,20250812,20250830,trim_r1_to_r2,TSAL20250812_0830_staticAndStaticFree001,77,True,,
TS,39,20250812,20250830,trim_r1_to_r2,TSAL20250812_0830_staticAndStaticFree001,78,True,,
TS,39,20250812,20250830,trim_r1_to_r2,TSAL20250812_0830_staticAndStaticFree001,79,False,9.0,0.45342172778093637
TS,39,20250812,20250830,trim_r1_to_r2,TSAL20250812_0830_staticAndStaticFree001,80,False,33.0,0.5139740661531612
TS,40,20250813,20250828,trim_r2_to_r1,TSAL20250828_0830_interferenceAndInterferenceFree001,0,True,,
TS,40,20250813,20250828,trim_r2_to_r1,TSAL20250828_0830_interferenceAndInterferenceFree001,1,True,,
TS,40,20250813,20250828,trim_r2_to_r1,TSAL20250828_0830_interferenceAndInterferenceFree001,2,True,,
TS,40,20250813,20250828,trim_r2_to_r1,TSAL20250828_0830_interferenceAndInterferenceFree001,3,True,,
TS,40,20250813,20250828,trim_r2_to_r1,TSAL20250828_0830_interferenceAndInterferenceFree001,4,True,,
TS,40,20250813,20250828,trim_r2_to_r1,TSAL20250828_0830_interferenceAndInterferenceFree001,5,True,,
TS,40,20250813,20250828,trim_r2_to_r1,TSAL20250828_0830_interferenceAndInterferenceFree001,6,True,,
TS,40,20250813,20250828,trim_r2_to_r1,TSAL20250828_0830_interferenceAndInterferenceFree001,7,True,,
TS,40,20250813,20250828,trim_r2_to_r1,TSAL20250828_0830_interferenceAndInterferenceFree001,8,True,,
TS,40,20250813,20250828,trim_r2_to_r1,TSAL20250828_0830_interferenceAndInterferenceFree001,9,True,,
TS,40,20250813,20250828,trim_r2_to_r1,TSAL20250828_0830_interferenceAndInterferenceFree001,10,False,7.0,0.9687159576304307
TS,40,20250813,20250828,trim_r2_to_r1,TSAL20250828_0830_interferenceAndInterferenceFree001,11,False,8.0,0.9662147508901726
TS,40,20250813,20250828,trim_r2_to_r1,TSAL20250828_0830_interferenceAndInterferenceFree001,12,True,,
TS,40,20250813,20250828,trim_r2_to_r1,TSAL20250828_0830_interferenceAndInterferenceFree001,13,True,,
TS,40,20250813,20250828,trim_r2_to_r1,TSAL20250828_0830_interferenceAndInterferenceFree001,14,True,,
TS,40,20250813,20250828,trim_r2_to_r1,TSAL20250828_0830_interferenceAndInterferenceFree001,15,True,,
TS,40,20250813,20250828,trim_r2_to_r1,TSAL20250828_0830_interferenceAndInterferenceFree001,16,True,,
TS,40,20250813,20250828,trim_r2_to_r1,TSAL20250828_0830_interferenceAndInterferenceFree001,17,True,,
TS,40,20250813,20250828,trim_r2_to_r1,TSAL20250828_0830_interferenceAndInterferenceFree001,18,True,,
TS,40,20250813,20250828,trim_r2_to_r1,TSAL20250828_0830_interferenceAndInterferenceFree001,19,True,,
TS,40,20250813,20250828,trim_r2_to_r1,TSAL20250828_0830_interferenceAndInterferenceFree001,20,True,,
TS,40,20250813,20250828,trim_r2_to_r1,TSAL20250828_0830_interferenceAndInterferenceFree001,21,True,,
TS,40,20250813,20250828,trim_r2_to_r1,TSAL20250828_0830_interferenceAndInterferenceFree001,22,True,,
TS,40,20250813,20250828,trim_r2_to_r1,TSAL20250828_0830_interferenceAndInterferenceFree001,23,True,,
TS,40,20250813,20250828,trim_r2_to_r1,TSAL20250828_0830_interferenceAndInterferenceFree001,24,True,,
TS,40,20250813,20250828,trim_r2_to_r1,TSAL20250828_0830_interferenceAndInterferenceFree001,25,True,,
TS,40,20250813,20250828,trim_r2_to_r1,TSAL20250828_0830_interferenceAndInterferenceFree001,26,True,,
TS,40,20250813,20250828,trim_r2_to_r1,TSAL20250828_0830_interferenceAndInterferenceFree001,27,False,1.0,1.1038034032743222
TS,40,20250813,20250828,trim_r2_to_r1,TSAL20250828_0830_interferenceAndInterferenceFree001,28,True,,
TS,40,20250813,20250828,trim_r2_to_r1,TSAL20250828_0830_interferenceAndInterferenceFree001,29,True,,
TS,40,20250813,20250828,trim_r2_to_r1,TSAL20250828_0830_interferenceAndInterferenceFree001,30,True,,
TS,40,20250813,20250828,trim_r2_to_r1,TSAL20250828_0830_interferenceAndInterferenceFree001,31,True,,
TS,40,20250813,20250828,trim_r2_to_r1,TSAL20250828_0830_interferenceAndInterferenceFree001,32,True,,
TS,40,20250813,20250828,trim_r2_to_r1,TSAL20250828_0830_interferenceAndInterferenceFree001,33,True,,
TS,40,20250813,20250828,trim_r2_to_r1,TSAL20250828_0830_interferenceAndInterferenceFree001,34,True,,
TS,40,20250813,20250828,trim_r2_to_r1,TSAL20250828_0830_interferenceAndInterferenceFree001,35,True,,
TS,40,20250813,20250828,trim_r2_to_r1,TSAL20250828_0830_interferenceAndInterferenceFree001,36,True,,
TS,40,20250813,20250828,trim_r2_to_r1,TSAL20250828_0830_interferenceAndInterferenceFree001,37,True,,
TS,40,20250813,20250828,trim_r2_to_r1,TSAL20250828_0830_interferenceAndInterferenceFree001,38,True,,
TS,40,20250813,20250828,trim_r2_to_r1,TSAL20250828_0830_interferenceAndInterferenceFree001,42,True,,
TS,40,20250813,20250828,trim_r2_to_r1,TSAL20250828_0830_interferenceAndInterferenceFree001,43,True,,
TS,40,20250813,20250828,trim_r2_to_r1,TSAL20250828_0830_interferenceAndInterferenceFree001,44,True,,
TS,40,20250813,20250828,trim_r2_to_r1,TSAL20250828_0830_interferenceAndInterferenceFree001,45,True,,
TS,40,20250813,20250828,trim_r2_to_r1,TSAL20250828_0830_interferenceAndInterferenceFree001,46,True,,
TS,40,20250813,20250828,trim_r2_to_r1,TSAL20250828_0830_interferenceAndInterferenceFree001,47,True,,
TS,40,20250813,20250828,trim_r2_to_r1,TSAL20250828_0830_interferenceAndInterferenceFree001,48,True,,
TS,40,20250813,20250828,trim_r2_to_r1,TSAL20250828_0830_interferenceAndInterferenceFree001,49,True,,
TS,40,20250813,20250828,trim_r2_to_r1,TSAL20250828_0830_interferenceAndInterferenceFree001,50,True,,
TS,40,20250813,20250828,trim_r2_to_r1,TSAL20250828_0830_interferenceAndInterferenceFree001,51,True,,
TS,40,20250813,20250828,trim_r2_to_r1,TSAL20250828_0830_interferenceAndInterferenceFree001,52,True,,
TS,40,20250813,20250828,trim_r2_to_r1,TSAL20250828_0830_interferenceAndInterferenceFree001,53,True,,
TS,40,20250813,20250828,trim_r2_to_r1,TSAL20250828_0830_interferenceAndInterferenceFree001,54,True,,
TS,40,20250813,20250828,trim_r2_to_r1,TSAL20250828_0830_interferenceAndInterferenceFree001,55,True,,
TS,40,20250813,20250828,trim_r2_to_r1,TSAL20250828_0830_interferenceAndInterferenceFree001,56,True,,
TS,40,20250813,20250828,trim_r2_to_r1,TSAL20250828_0830_interferenceAndInterferenceFree001,57,True,,
TS,40,20250813,20250828,trim_r2_to_r1,TSAL20250828_0830_interferenceAndInterferenceFree001,58,True,,
TS,40,20250813,20250828,trim_r2_to_r1,TSAL20250828_0830_interferenceAndInterferenceFree001,59,True,,
TS,40,20250813,20250828,trim_r2_to_r1,TSAL20250828_0830_interferenceAndInterferenceFree001,60,True,,
TS,40,20250813,20250828,trim_r2_to_r1,TSAL20250828_0830_interferenceAndInterferenceFree001,61,True,,
TS,40,20250813,20250828,trim_r2_to_r1,TSAL20250828_0830_interferenceAndInterferenceFree001,62,False,4.0,1.012928335512573
TS,40,20250813,20250828,trim_r2_to_r1,TSAL20250828_0830_interferenceAndInterferenceFree001,63,True,,
TS,40,20250813,20250828,trim_r2_to_r1,TSAL20250828_0830_interferenceAndInterferenceFree001,64,True,,
TS,40,20250813,20250828,trim_r2_to_r1,TSAL20250828_0830_interferenceAndInterferenceFree001,65,False,3.0,1.0239435849859566
TS,40,20250813,20250828,trim_r2_to_r1,TSAL20250828_0830_interferenceAndInterferenceFree001,66,True,,
TS,40,20250813,20250828,trim_r2_to_r1,TSAL20250828_0830_interferenceAndInterferenceFree001,67,True,,
TS,40,20250813,20250828,trim_r2_to_r1,TSAL20250828_0830_interferenceAndInterferenceFree001,68,True,,
TS,40,20250813,20250828,trim_r2_to_r1,TSAL20250828_0830_interferenceAndInterferenceFree001,69,True,,
TS,40,20250813,20250828,trim_r2_to_r1,TSAL20250828_0830_interferenceAndInterferenceFree001,70,True,,
TS,40,20250813,20250828,trim_r2_to_r1,TSAL20250828_0830_interferenceAndInterferenceFree001,71,True,,
TS,40,20250813,20250828,trim_r2_to_r1,TSAL20250828_0830_interferenceAndInterferenceFree001,72,True,,
TS,40,20250813,20250828,trim_r2_to_r1,TSAL20250828_0830_interferenceAndInterferenceFree001,73,True,,
TS,40,20250813,20250828,trim_r2_to_r1,TSAL20250828_0830_interferenceAndInterferenceFree001,74,True,,
TS,40,20250813,20250828,trim_r2_to_r1,TSAL20250828_0830_interferenceAndInterferenceFree001,75,True,,
TS,40,20250813,20250828,trim_r2_to_r1,TSAL20250828_0830_interferenceAndInterferenceFree001,76,True,,
TS,40,20250813,20250828,trim_r2_to_r1,TSAL20250828_0830_interferenceAndInterferenceFree001,77,True,,
TS,40,20250813,20250828,trim_r2_to_r1,TSAL20250828_0830_interferenceAndInterferenceFree001,78,False,2.0,1.070760740418474
TS,40,20250813,20250828,trim_r2_to_r1,TSAL20250828_0830_interferenceAndInterferenceFree001,79,False,5.0,1.0043629107529695
TS,40,20250813,20250828,trim_r2_to_r1,TSAL20250828_0830_interferenceAndInterferenceFree001,80,True,,
TS,40,20250813,20250828,trim_r2_to_r1,TSAL20250828_0830_interferenceAndInterferenceFree001,81,True,,
TS,40,20250813,20250828,trim_r2_to_r1,TSAL20250828_0830_interferenceAndInterferenceFree001,82,False,9.0,0.965804824603299
TS,40,20250813,20250828,trim_r2_to_r1,TSAL20250828_0830_interferenceAndInterferenceFree001,83,True,,
TS,40,20250813,20250828,trim_r2_to_r1,TSAL20250828_0830_interferenceAndInterferenceFree001,84,False,10.0,0.9605375515625395
TS,40,20250813,20250828,trim_r2_to_r1,TSAL20250828_0830_interferenceAndInterferenceFree001,85,True,,
TS,40,20250813,20250828,trim_r2_to_r1,TSAL20250828_0830_interferenceAndInterferenceFree001,86,False,6.0,0.9989446709824561
TS,40,20250813,20250828,trim_r2_to_r1,TSAL20250828_0830_interferenceAndInterferenceFree001,87,True,,
TS,40,20250813,20250828,trim_r2_to_r1,TSAL20250828_0830_interferenceAndInterferenceFree001,88,True,,
TS,40,20250813,20250828,trim_r2_to_r1,TSAL20250828_0830_interferenceAndInterferenceFree001,89,True,,
TS,40,20250813,20250828,trim_r2_to_r1,TSAL20250828_0830_interferenceAndInterferenceFree001,91,True,,
TS,40,20250813,20250828,trim_r2_to_r1,TSAL20250828_0830_interferenceAndInterferenceFree001,92,True,,
TS,40,20250813,20250828,trim_r2_to_r1,TSAL20250828_0830_interferenceAndInterferenceFree001,93,True,,
TS,40,20250813,20250828,trim_r1_to_r2,TSAL20250813_0830_staticAndStaticFree001,0,True,,
TS,40,20250813,20250828,trim_r1_to_r2,TSAL20250813_0830_staticAndStaticFree001,1,True,,
TS,40,20250813,20250828,trim_r1_to_r2,TSAL20250813_0830_staticAndStaticFree001,2,True,,
TS,40,20250813,20250828,trim_r1_to_r2,TSAL20250813_0830_staticAndStaticFree001,3,True,,
TS,40,20250813,20250828,trim_r1_to_r2,TSAL20250813_0830_staticAndStaticFree001,4,True,,
TS,40,20250813,20250828,trim_r1_to_r2,TSAL20250813_0830_staticAndStaticFree001,5,True,,
TS,40,20250813,20250828,trim_r1_to_r2,TSAL20250813_0830_staticAndStaticFree001,6,True,,
TS,40,20250813,20250828,trim_r1_to_r2,TSAL20250813_0830_staticAndStaticFree001,7,True,,
TS,40,20250813,20250828,trim_r1_to_r2,TSAL20250813_0830_staticAndStaticFree001,8,True,,
TS,40,20250813,20250828,trim_r1_to_r2,TSAL20250813_0830_staticAndStaticFree001,9,True,,
TS,40,20250813,20250828,trim_r1_to_r2,TSAL20250813_0830_staticAndStaticFree001,10,True,,
TS,40,20250813,20250828,trim_r1_to_r2,TSAL20250813_0830_staticAndStaticFree001,11,True,,
TS,40,20250813,20250828,trim_r1_to_r2,TSAL20250813_0830_staticAndStaticFree001,12,True,,
TS,40,20250813,20250828,trim_r1_to_r2,TSAL20250813_0830_staticAndStaticFree001,13,True,,
TS,40,20250813,20250828,trim_r1_to_r2,TSAL20250813_0830_staticAndStaticFree001,14,True,,
TS,40,20250813,20250828,trim_r1_to_r2,TSAL20250813_0830_staticAndStaticFree001,15,True,,
TS,40,20250813,20250828,trim_r1_to_r2,TSAL20250813_0830_staticAndStaticFree001,16,True,,
TS,40,20250813,20250828,trim_r1_to_r2,TSAL20250813_0830_staticAndStaticFree001,17,True,,
TS,40,20250813,20250828,trim_r1_to_r2,TSAL20250813_0830_staticAndStaticFree001,18,True,,
TS,40,20250813,20250828,trim_r1_to_r2,TSAL20250813_0830_staticAndStaticFree001,19,True,,
TS,40,20250813,20250828,trim_r1_to_r2,TSAL20250813_0830_staticAndStaticFree001,20,True,,
TS,40,20250813,20250828,trim_r1_to_r2,TSAL20250813_0830_staticAndStaticFree001,21,True,,
TS,40,20250813,20250828,trim_r1_to_r2,TSAL20250813_0830_staticAndStaticFree001,22,True,,
TS,40,20250813,20250828,trim_r1_to_r2,TSAL20250813_0830_staticAndStaticFree001,23,True,,
TS,40,20250813,20250828,trim_r1_to_r2,TSAL20250813_0830_staticAndStaticFree001,24,True,,
TS,40,20250813,20250828,trim_r1_to_r2,TSAL20250813_0830_staticAndStaticFree001,25,True,,
TS,40,20250813,20250828,trim_r1_to_r2,TSAL20250813_0830_staticAndStaticFree001,26,True,,
TS,40,20250813,20250828,trim_r1_to_r2,TSAL20250813_0830_staticAndStaticFree001,27,True,,
TS,40,20250813,20250828,trim_r1_to_r2,TSAL20250813_0830_staticAndStaticFree001,28,True,,
TS,40,20250813,20250828,trim_r1_to_r2,TSAL20250813_0830_staticAndStaticFree001,29,True,,
TS,40,20250813,20250828,trim_r1_to_r2,TSAL20250813_0830_staticAndStaticFree001,30,True,,
TS,40,20250813,20250828,trim_r1_to_r2,TSAL20250813_0830_staticAndStaticFree001,31,True,,
TS,40,20250813,20250828,trim_r1_to_r2,TSAL20250813_0830_staticAndStaticFree001,32,True,,
TS,40,20250813,20250828,trim_r1_to_r2,TSAL20250813_0830_staticAndStaticFree001,33,True,,
TS,40,20250813,20250828,trim_r1_to_r2,TSAL20250813_0830_staticAndStaticFree001,35,True,,
TS,40,20250813,20250828,trim_r1_to_r2,TSAL20250813_0830_staticAndStaticFree001,36,True,,
TS,40,20250813,20250828,trim_r1_to_r2,TSAL20250813_0830_staticAndStaticFree001,37,True,,
TS,40,20250813,20250828,trim_r1_to_r2,TSAL20250813_0830_staticAndStaticFree001,39,True,,
TS,40,20250813,20250828,trim_r1_to_r2,TSAL20250813_0830_staticAndStaticFree001,40,True,,
TS,40,20250813,20250828,trim_r1_to_r2,TSAL20250813_0830_staticAndStaticFree001,41,True,,
TS,40,20250813,20250828,trim_r1_to_r2,TSAL20250813_0830_staticAndStaticFree001,42,True,,
TS,40,20250813,20250828,trim_r1_to_r2,TSAL20250813_0830_staticAndStaticFree001,43,True,,
TS,40,20250813,20250828,trim_r1_to_r2,TSAL20250813_0830_staticAndStaticFree001,44,True,,
TS,40,20250813,20250828,trim_r1_to_r2,TSAL20250813_0830_staticAndStaticFree001,45,True,,
TS,40,20250813,20250828,trim_r1_to_r2,TSAL20250813_0830_staticAndStaticFree001,46,True,,
TS,40,20250813,20250828,trim_r1_to_r2,TSAL20250813_0830_staticAndStaticFree001,47,True,,
TS,40,20250813,20250828,trim_r1_to_r2,TSAL20250813_0830_staticAndStaticFree001,48,True,,
TS,40,20250813,20250828,trim_r1_to_r2,TSAL20250813_0830_staticAndStaticFree001,49,True,,
TS,40,20250813,20250828,trim_r1_to_r2,TSAL20250813_0830_staticAndStaticFree001,50,True,,
TS,40,20250813,20250828,trim_r1_to_r2,TSAL20250813_0830_staticAndStaticFree001,51,True,,
TS,40,20250813,20250828,trim_r1_to_r2,TSAL20250813_0830_staticAndStaticFree001,52,True,,
TS,40,20250813,20250828,trim_r1_to_r2,TSAL20250813_0830_staticAndStaticFree001,53,True,,
TS,40,20250813,20250828,trim_r1_to_r2,TSAL20250813_0830_staticAndStaticFree001,54,True,,
TS,40,20250813,20250828,trim_r1_to_r2,TSAL20250813_0830_staticAndStaticFree001,55,True,,
TS,40,20250813,20250828,trim_r1_to_r2,TSAL20250813_0830_staticAndStaticFree001,56,True,,
TS,40,20250813,20250828,trim_r1_to_r2,TSAL20250813_0830_staticAndStaticFree001,57,True,,
TS,40,20250813,20250828,trim_r1_to_r2,TSAL20250813_0830_staticAndStaticFree001,58,True,,
TS,40,20250813,20250828,trim_r1_to_r2,TSAL20250813_0830_staticAndStaticFree001,59,True,,
TS,41,20250813,20250829,trim_r2_to_r1,TSAL20250829_0830_interferenceAndInterferenceFree001,0,True,,
TS,41,20250813,20250829,trim_r2_to_r1,TSAL20250829_0830_interferenceAndInterferenceFree001,1,True,,
TS,41,20250813,20250829,trim_r2_to_r1,TSAL20250829_0830_interferenceAndInterferenceFree001,2,True,,
TS,41,20250813,20250829,trim_r2_to_r1,TSAL20250829_0830_interferenceAndInterferenceFree001,3,True,,
TS,41,20250813,20250829,trim_r2_to_r1,TSAL20250829_0830_interferenceAndInterferenceFree001,4,True,,
TS,41,20250813,20250829,trim_r2_to_r1,TSAL20250829_0830_interferenceAndInterferenceFree001,5,True,,
TS,41,20250813,20250829,trim_r2_to_r1,TSAL20250829_0830_interferenceAndInterferenceFree001,6,True,,
TS,41,20250813,20250829,trim_r2_to_r1,TSAL20250829_0830_interferenceAndInterferenceFree001,7,True,,
TS,41,20250813,20250829,trim_r2_to_r1,TSAL20250829_0830_interferenceAndInterferenceFree001,8,True,,
TS,41,20250813,20250829,trim_r2_to_r1,TSAL20250829_0830_interferenceAndInterferenceFree001,9,True,,
TS,41,20250813,20250829,trim_r2_to_r1,TSAL20250829_0830_interferenceAndInterferenceFree001,10,True,,
TS,41,20250813,20250829,trim_r2_to_r1,TSAL20250829_0830_interferenceAndInterferenceFree001,11,True,,
TS,41,20250813,20250829,trim_r2_to_r1,TSAL20250829_0830_interferenceAndInterferenceFree001,12,True,,
TS,41,20250813,20250829,trim_r2_to_r1,TSAL20250829_0830_interferenceAndInterferenceFree001,13,True,,
TS,41,20250813,20250829,trim_r2_to_r1,TSAL20250829_0830_interferenceAndInterferenceFree001,14,True,,
TS,41,20250813,20250829,trim_r2_to_r1,TSAL20250829_0830_interferenceAndInterferenceFree001,15,True,,
TS,41,20250813,20250829,trim_r2_to_r1,TSAL20250829_0830_interferenceAndInterferenceFree001,16,True,,
TS,41,20250813,20250829,trim_r2_to_r1,TSAL20250829_0830_interferenceAndInterferenceFree001,17,True,,
TS,41,20250813,20250829,trim_r2_to_r1,TSAL20250829_0830_interferenceAndInterferenceFree001,18,True,,
TS,41,20250813,20250829,trim_r2_to_r1,TSAL20250829_0830_interferenceAndInterferenceFree001,19,True,,
TS,41,20250813,20250829,trim_r2_to_r1,TSAL20250829_0830_interferenceAndInterferenceFree001,20,True,,
TS,41,20250813,20250829,trim_r2_to_r1,TSAL20250829_0830_interferenceAndInterferenceFree001,21,True,,
TS,41,20250813,20250829,trim_r2_to_r1,TSAL20250829_0830_interferenceAndInterferenceFree001,22,True,,
TS,41,20250813,20250829,trim_r2_to_r1,TSAL20250829_0830_interferenceAndInterferenceFree001,23,True,,
TS,41,20250813,20250829,trim_r2_to_r1,TSAL20250829_0830_interferenceAndInterferenceFree001,24,True,,
TS,41,20250813,20250829,trim_r2_to_r1,TSAL20250829_0830_interferenceAndInterferenceFree001,25,True,,
TS,41,20250813,20250829,trim_r2_to_r1,TSAL20250829_0830_interferenceAndInterferenceFree001,26,True,,
TS,41,20250813,20250829,trim_r2_to_r1,TSAL20250829_0830_interferenceAndInterferenceFree001,27,True,,
TS,41,20250813,20250829,trim_r2_to_r1,TSAL20250829_0830_interferenceAndInterferenceFree001,28,True,,
TS,41,20250813,20250829,trim_r2_to_r1,TSAL20250829_0830_interferenceAndInterferenceFree001,29,True,,
TS,41,20250813,20250829,trim_r2_to_r1,TSAL20250829_0830_interferenceAndInterferenceFree001,30,True,,
TS,41,20250813,20250829,trim_r2_to_r1,TSAL20250829_0830_interferenceAndInterferenceFree001,31,True,,
TS,41,20250813,20250829,trim_r2_to_r1,TSAL20250829_0830_interferenceAndInterferenceFree001,32,True,,
TS,41,20250813,20250829,trim_r2_to_r1,TSAL20250829_0830_interferenceAndInterferenceFree001,33,True,,
TS,41,20250813,20250829,trim_r2_to_r1,TSAL20250829_0830_interferenceAndInterferenceFree001,34,True,,
TS,41,20250813,20250829,trim_r2_to_r1,TSAL20250829_0830_interferenceAndInterferenceFree001,35,True,,
TS,41,20250813,20250829,trim_r2_to_r1,TSAL20250829_0830_interferenceAndInterferenceFree001,36,True,,
TS,41,20250813,20250829,trim_r2_to_r1,TSAL20250829_0830_interferenceAndInterferenceFree001,37,True,,
TS,41,20250813,20250829,trim_r2_to_r1,TSAL20250829_0830_interferenceAndInterferenceFree001,38,True,,
TS,41,20250813,20250829,trim_r2_to_r1,TSAL20250829_0830_interferenceAndInterferenceFree001,40,True,,
TS,41,20250813,20250829,trim_r2_to_r1,TSAL20250829_0830_interferenceAndInterferenceFree001,41,True,,
TS,41,20250813,20250829,trim_r2_to_r1,TSAL20250829_0830_interferenceAndInterferenceFree001,42,True,,
TS,41,20250813,20250829,trim_r2_to_r1,TSAL20250829_0830_interferenceAndInterferenceFree001,43,True,,
TS,41,20250813,20250829,trim_r2_to_r1,TSAL20250829_0830_interferenceAndInterferenceFree001,44,True,,
TS,41,20250813,20250829,trim_r2_to_r1,TSAL20250829_0830_interferenceAndInterferenceFree001,45,False,1.0,1.6081293910607353
TS,41,20250813,20250829,trim_r2_to_r1,TSAL20250829_0830_interferenceAndInterferenceFree001,46,True,,
TS,41,20250813,20250829,trim_r2_to_r1,TSAL20250829_0830_interferenceAndInterferenceFree001,47,True,,
TS,41,20250813,20250829,trim_r2_to_r1,TSAL20250829_0830_interferenceAndInterferenceFree001,48,True,,
TS,41,20250813,20250829,trim_r2_to_r1,TSAL20250829_0830_interferenceAndInterferenceFree001,49,True,,
TS,41,20250813,20250829,trim_r2_to_r1,TSAL20250829_0830_interferenceAndInterferenceFree001,50,True,,
TS,41,20250813,20250829,trim_r2_to_r1,TSAL20250829_0830_interferenceAndInterferenceFree001,51,True,,
TS,41,20250813,20250829,trim_r2_to_r1,TSAL20250829_0830_interferenceAndInterferenceFree001,52,True,,
TS,41,20250813,20250829,trim_r2_to_r1,TSAL20250829_0830_interferenceAndInterferenceFree001,53,True,,
TS,41,20250813,20250829,trim_r2_to_r1,TSAL20250829_0830_interferenceAndInterferenceFree001,54,True,,
TS,41,20250813,20250829,trim_r2_to_r1,TSAL20250829_0830_interferenceAndInterferenceFree001,55,True,,
TS,41,20250813,20250829,trim_r2_to_r1,TSAL20250829_0830_interferenceAndInterferenceFree001,56,True,,
TS,41,20250813,20250829,trim_r2_to_r1,TSAL20250829_0830_interferenceAndInterferenceFree001,57,True,,
TS,41,20250813,20250829,trim_r2_to_r1,TSAL20250829_0830_interferenceAndInterferenceFree001,58,True,,
TS,41,20250813,20250829,trim_r2_to_r1,TSAL20250829_0830_interferenceAndInterferenceFree001,59,True,,
TS,41,20250813,20250829,trim_r2_to_r1,TSAL20250829_0830_interferenceAndInterferenceFree001,60,True,,
TS,41,20250813,20250829,trim_r2_to_r1,TSAL20250829_0830_interferenceAndInterferenceFree001,61,True,,
TS,41,20250813,20250829,trim_r2_to_r1,TSAL20250829_0830_interferenceAndInterferenceFree001,62,True,,
TS,41,20250813,20250829,trim_r2_to_r1,TSAL20250829_0830_interferenceAndInterferenceFree001,63,True,,
TS,41,20250813,20250829,trim_r2_to_r1,TSAL20250829_0830_interferenceAndInterferenceFree001,64,True,,
TS,41,20250813,20250829,trim_r2_to_r1,TSAL20250829_0830_interferenceAndInterferenceFree001,65,True,,
TS,41,20250813,20250829,trim_r2_to_r1,TSAL20250829_0830_interferenceAndInterferenceFree001,66,True,,
TS,41,20250813,20250829,trim_r2_to_r1,TSAL20250829_0830_interferenceAndInterferenceFree001,67,True,,
TS,41,20250813,20250829,trim_r2_to_r1,TSAL20250829_0830_interferenceAndInterferenceFree001,68,True,,
TS,41,20250813,20250829,trim_r2_to_r1,TSAL20250829_0830_interferenceAndInterferenceFree001,69,True,,
TS,41,20250813,20250829,trim_r2_to_r1,TSAL20250829_0830_interferenceAndInterferenceFree001,70,True,,
TS,41,20250813,20250829,trim_r2_to_r1,TSAL20250829_0830_interferenceAndInterferenceFree001,71,True,,
TS,41,20250813,20250829,trim_r2_to_r1,TSAL20250829_0830_interferenceAndInterferenceFree001,72,True,,
TS,41,20250813,20250829,trim_r2_to_r1,TSAL20250829_0830_interferenceAndInterferenceFree001,73,True,,
TS,41,20250813,20250829,trim_r2_to_r1,TSAL20250829_0830_interferenceAndInterferenceFree001,74,True,,
TS,41,20250813,20250829,trim_r2_to_r1,TSAL20250829_0830_interferenceAndInterferenceFree001,75,True,,
TS,41,20250813,20250829,trim_r2_to_r1,TSAL20250829_0830_interferenceAndInterferenceFree001,76,True,,
TS,41,20250813,20250829,trim_r2_to_r1,TSAL20250829_0830_interferenceAndInterferenceFree001,77,True,,
TS,41,20250813,20250829,trim_r2_to_r1,TSAL20250829_0830_interferenceAndInterferenceFree001,78,True,,
TS,41,20250813,20250829,trim_r2_to_r1,TSAL20250829_0830_interferenceAndInterferenceFree001,79,True,,
TS,41,20250813,20250829,trim_r2_to_r1,TSAL20250829_0830_interferenceAndInterferenceFree001,81,True,,
TS,41,20250813,20250829,trim_r2_to_r1,TSAL20250829_0830_interferenceAndInterferenceFree001,83,True,,
TS,41,20250813,20250829,trim_r2_to_r1,TSAL20250829_0830_interferenceAndInterferenceFree001,84,True,,
TS,41,20250813,20250829,trim_r2_to_r1,TSAL20250829_0830_interferenceAndInterferenceFree001,85,True,,
TS,41,20250813,20250829,trim_r2_to_r1,TSAL20250829_0830_interferenceAndInterferenceFree001,86,True,,
TS,41,20250813,20250829,trim_r2_to_r1,TSAL20250829_0830_interferenceAndInterferenceFree001,88,True,,
TS,41,20250813,20250829,trim_r2_to_r1,TSAL20250829_0830_interferenceAndInterferenceFree001,89,True,,
TS,41,20250813,20250829,trim_r2_to_r1,TSAL20250829_0830_interferenceAndInterferenceFree001,90,True,,
TS,41,20250813,20250829,trim_r2_to_r1,TSAL20250829_0830_interferenceAndInterferenceFree001,91,False,2.0,1.3532300801840176
TS,41,20250813,20250829,trim_r2_to_r1,TSAL20250829_0830_interferenceAndInterferenceFree001,92,True,,
TS,41,20250813,20250829,trim_r2_to_r1,TSAL20250829_0830_interferenceAndInterferenceFree001,93,True,,
TS,41,20250813,20250829,trim_r2_to_r1,TSAL20250829_0830_interferenceAndInterferenceFree001,94,True,,
TS,41,20250813,20250829,trim_r2_to_r1,TSAL20250829_0830_interferenceAndInterferenceFree001,95,True,,
TS,41,20250813,20250829,trim_r2_to_r1,TSAL20250829_0830_interferenceAndInterferenceFree001,96,True,,
TS,41,20250813,20250829,trim_r2_to_r1,TSAL20250829_0830_interferenceAndInterferenceFree001,97,False,3.0,1.1923843486320234
TS,41,20250813,20250829,trim_r2_to_r1,TSAL20250829_0830_interferenceAndInterferenceFree001,98,True,,
TS,41,20250813,20250829,trim_r1_to_r2,TSAL20250813_0830_staticAndStaticFree001,0,True,,
TS,41,20250813,20250829,trim_r1_to_r2,TSAL20250813_0830_staticAndStaticFree001,1,True,,
TS,41,20250813,20250829,trim_r1_to_r2,TSAL20250813_0830_staticAndStaticFree001,2,True,,
TS,41,20250813,20250829,trim_r1_to_r2,TSAL20250813_0830_staticAndStaticFree001,3,True,,
TS,41,20250813,20250829,trim_r1_to_r2,TSAL20250813_0830_staticAndStaticFree001,4,True,,
TS,41,20250813,20250829,trim_r1_to_r2,TSAL20250813_0830_staticAndStaticFree001,5,True,,
TS,41,20250813,20250829,trim_r1_to_r2,TSAL20250813_0830_staticAndStaticFree001,6,True,,
TS,41,20250813,20250829,trim_r1_to_r2,TSAL20250813_0830_staticAndStaticFree001,7,True,,
TS,41,20250813,20250829,trim_r1_to_r2,TSAL20250813_0830_staticAndStaticFree001,8,True,,
TS,41,20250813,20250829,trim_r1_to_r2,TSAL20250813_0830_staticAndStaticFree001,9,True,,
TS,41,20250813,20250829,trim_r1_to_r2,TSAL20250813_0830_staticAndStaticFree001,10,True,,
TS,41,20250813,20250829,trim_r1_to_r2,TSAL20250813_0830_staticAndStaticFree001,11,True,,
TS,41,20250813,20250829,trim_r1_to_r2,TSAL20250813_0830_staticAndStaticFree001,12,True,,
TS,41,20250813,20250829,trim_r1_to_r2,TSAL20250813_0830_staticAndStaticFree001,13,True,,
TS,41,20250813,20250829,trim_r1_to_r2,TSAL20250813_0830_staticAndStaticFree001,14,True,,
TS,41,20250813,20250829,trim_r1_to_r2,TSAL20250813_0830_staticAndStaticFree001,15,True,,
TS,41,20250813,20250829,trim_r1_to_r2,TSAL20250813_0830_staticAndStaticFree001,16,True,,
TS,41,20250813,20250829,trim_r1_to_r2,TSAL20250813_0830_staticAndStaticFree001,17,True,,
TS,41,20250813,20250829,trim_r1_to_r2,TSAL20250813_0830_staticAndStaticFree001,18,True,,
TS,41,20250813,20250829,trim_r1_to_r2,TSAL20250813_0830_staticAndStaticFree001,19,True,,
TS,41,20250813,20250829,trim_r1_to_r2,TSAL20250813_0830_staticAndStaticFree001,20,True,,
TS,41,20250813,20250829,trim_r1_to_r2,TSAL20250813_0830_staticAndStaticFree001,21,True,,
TS,41,20250813,20250829,trim_r1_to_r2,TSAL20250813_0830_staticAndStaticFree001,22,True,,
TS,41,20250813,20250829,trim_r1_to_r2,TSAL20250813_0830_staticAndStaticFree001,23,True,,
TS,41,20250813,20250829,trim_r1_to_r2,TSAL20250813_0830_staticAndStaticFree001,24,True,,
TS,41,20250813,20250829,trim_r1_to_r2,TSAL20250813_0830_staticAndStaticFree001,25,True,,
TS,41,20250813,20250829,trim_r1_to_r2,TSAL20250813_0830_staticAndStaticFree001,26,True,,
TS,41,20250813,20250829,trim_r1_to_r2,TSAL20250813_0830_staticAndStaticFree001,27,True,,
TS,41,20250813,20250829,trim_r1_to_r2,TSAL20250813_0830_staticAndStaticFree001,28,True,,
TS,41,20250813,20250829,trim_r1_to_r2,TSAL20250813_0830_staticAndStaticFree001,29,True,,
TS,41,20250813,20250829,trim_r1_to_r2,TSAL20250813_0830_staticAndStaticFree001,30,True,,
TS,41,20250813,20250829,trim_r1_to_r2,TSAL20250813_0830_staticAndStaticFree001,31,True,,
TS,41,20250813,20250829,trim_r1_to_r2,TSAL20250813_0830_staticAndStaticFree001,32,True,,
TS,41,20250813,20250829,trim_r1_to_r2,TSAL20250813_0830_staticAndStaticFree001,33,True,,
TS,41,20250813,20250829,trim_r1_to_r2,TSAL20250813_0830_staticAndStaticFree001,35,True,,
TS,41,20250813,20250829,trim_r1_to_r2,TSAL20250813_0830_staticAndStaticFree001,36,True,,
TS,41,20250813,20250829,trim_r1_to_r2,TSAL20250813_0830_staticAndStaticFree001,37,True,,
TS,41,20250813,20250829,trim_r1_to_r2,TSAL20250813_0830_staticAndStaticFree001,39,True,,
TS,41,20250813,20250829,trim_r1_to_r2,TSAL20250813_0830_staticAndStaticFree001,40,True,,
TS,41,20250813,20250829,trim_r1_to_r2,TSAL20250813_0830_staticAndStaticFree001,41,True,,
TS,41,20250813,20250829,trim_r1_to_r2,TSAL20250813_0830_staticAndStaticFree001,42,True,,
TS,41,20250813,20250829,trim_r1_to_r2,TSAL20250813_0830_staticAndStaticFree001,43,True,,
TS,41,20250813,20250829,trim_r1_to_r2,TSAL20250813_0830_staticAndStaticFree001,44,True,,
TS,41,20250813,20250829,trim_r1_to_r2,TSAL20250813_0830_staticAndStaticFree001,45,True,,
TS,41,20250813,20250829,trim_r1_to_r2,TSAL20250813_0830_staticAndStaticFree001,46,True,,
TS,41,20250813,20250829,trim_r1_to_r2,TSAL20250813_0830_staticAndStaticFree001,47,True,,
TS,41,20250813,20250829,trim_r1_to_r2,TSAL20250813_0830_staticAndStaticFree001,48,True,,
TS,41,20250813,20250829,trim_r1_to_r2,TSAL20250813_0830_staticAndStaticFree001,49,True,,
TS,41,20250813,20250829,trim_r1_to_r2,TSAL20250813_0830_staticAndStaticFree001,50,True,,
TS,41,20250813,20250829,trim_r1_to_r2,TSAL20250813_0830_staticAndStaticFree001,51,True,,
TS,41,20250813,20250829,trim_r1_to_r2,TSAL20250813_0830_staticAndStaticFree001,52,True,,
TS,41,20250813,20250829,trim_r1_to_r2,TSAL20250813_0830_staticAndStaticFree001,53,True,,
TS,41,20250813,20250829,trim_r1_to_r2,TSAL20250813_0830_staticAndStaticFree001,54,True,,
TS,41,20250813,20250829,trim_r1_to_r2,TSAL20250813_0830_staticAndStaticFree001,55,True,,
TS,41,20250813,20250829,trim_r1_to_r2,TSAL20250813_0830_staticAndStaticFree001,56,True,,
TS,41,20250813,20250829,trim_r1_to_r2,TSAL20250813_0830_staticAndStaticFree001,57,True,,
TS,41,20250813,20250829,trim_r1_to_r2,TSAL20250813_0830_staticAndStaticFree001,58,True,,
TS,41,20250813,20250829,trim_r1_to_r2,TSAL20250813_0830_staticAndStaticFree001,59,True,,
TS,42,20250813,20250830,trim_r2_to_r1,TSAL20250830_0830_interferenceAndInterferenceFree001,1,True,,
TS,42,20250813,20250830,trim_r2_to_r1,TSAL20250830_0830_interferenceAndInterferenceFree001,2,True,,
TS,42,20250813,20250830,trim_r2_to_r1,TSAL20250830_0830_interferenceAndInterferenceFree001,3,True,,
TS,42,20250813,20250830,trim_r2_to_r1,TSAL20250830_0830_interferenceAndInterferenceFree001,4,True,,
TS,42,20250813,20250830,trim_r2_to_r1,TSAL20250830_0830_interferenceAndInterferenceFree001,5,True,,
TS,42,20250813,20250830,trim_r2_to_r1,TSAL20250830_0830_interferenceAndInterferenceFree001,6,True,,
TS,42,20250813,20250830,trim_r2_to_r1,TSAL20250830_0830_interferenceAndInterferenceFree001,7,True,,
TS,42,20250813,20250830,trim_r2_to_r1,TSAL20250830_0830_interferenceAndInterferenceFree001,8,True,,
TS,42,20250813,20250830,trim_r2_to_r1,TSAL20250830_0830_interferenceAndInterferenceFree001,9,True,,
TS,42,20250813,20250830,trim_r2_to_r1,TSAL20250830_0830_interferenceAndInterferenceFree001,10,True,,
TS,42,20250813,20250830,trim_r2_to_r1,TSAL20250830_0830_interferenceAndInterferenceFree001,12,True,,
TS,42,20250813,20250830,trim_r2_to_r1,TSAL20250830_0830_interferenceAndInterferenceFree001,13,True,,
TS,42,20250813,20250830,trim_r2_to_r1,TSAL20250830_0830_interferenceAndInterferenceFree001,14,True,,
TS,42,20250813,20250830,trim_r2_to_r1,TSAL20250830_0830_interferenceAndInterferenceFree001,15,True,,
TS,42,20250813,20250830,trim_r2_to_r1,TSAL20250830_0830_interferenceAndInterferenceFree001,16,True,,
TS,42,20250813,20250830,trim_r2_to_r1,TSAL20250830_0830_interferenceAndInterferenceFree001,17,True,,
TS,42,20250813,20250830,trim_r2_to_r1,TSAL20250830_0830_interferenceAndInterferenceFree001,18,True,,
TS,42,20250813,20250830,trim_r2_to_r1,TSAL20250830_0830_interferenceAndInterferenceFree001,19,True,,
TS,42,20250813,20250830,trim_r2_to_r1,TSAL20250830_0830_interferenceAndInterferenceFree001,20,True,,
TS,42,20250813,20250830,trim_r2_to_r1,TSAL20250830_0830_interferenceAndInterferenceFree001,21,True,,
TS,42,20250813,20250830,trim_r2_to_r1,TSAL20250830_0830_interferenceAndInterferenceFree001,23,True,,
TS,42,20250813,20250830,trim_r2_to_r1,TSAL20250830_0830_interferenceAndInterferenceFree001,24,True,,
TS,42,20250813,20250830,trim_r2_to_r1,TSAL20250830_0830_interferenceAndInterferenceFree001,25,True,,
TS,42,20250813,20250830,trim_r2_to_r1,TSAL20250830_0830_interferenceAndInterferenceFree001,26,True,,
TS,42,20250813,20250830,trim_r2_to_r1,TSAL20250830_0830_interferenceAndInterferenceFree001,27,True,,
TS,42,20250813,20250830,trim_r2_to_r1,TSAL20250830_0830_interferenceAndInterferenceFree001,28,True,,
TS,42,20250813,20250830,trim_r2_to_r1,TSAL20250830_0830_interferenceAndInterferenceFree001,29,True,,
TS,42,20250813,20250830,trim_r2_to_r1,TSAL20250830_0830_interferenceAndInterferenceFree001,30,True,,
TS,42,20250813,20250830,trim_r2_to_r1,TSAL20250830_0830_interferenceAndInterferenceFree001,31,True,,
TS,42,20250813,20250830,trim_r2_to_r1,TSAL20250830_0830_interferenceAndInterferenceFree001,32,True,,
TS,42,20250813,20250830,trim_r2_to_r1,TSAL20250830_0830_interferenceAndInterferenceFree001,33,True,,
TS,42,20250813,20250830,trim_r2_to_r1,TSAL20250830_0830_interferenceAndInterferenceFree001,34,True,,
TS,42,20250813,20250830,trim_r2_to_r1,TSAL20250830_0830_interferenceAndInterferenceFree001,35,True,,
TS,42,20250813,20250830,trim_r2_to_r1,TSAL20250830_0830_interferenceAndInterferenceFree001,36,True,,
TS,42,20250813,20250830,trim_r2_to_r1,TSAL20250830_0830_interferenceAndInterferenceFree001,37,True,,
TS,42,20250813,20250830,trim_r2_to_r1,TSAL20250830_0830_interferenceAndInterferenceFree001,38,True,,
TS,42,20250813,20250830,trim_r2_to_r1,TSAL20250830_0830_interferenceAndInterferenceFree001,40,True,,
TS,42,20250813,20250830,trim_r2_to_r1,TSAL20250830_0830_interferenceAndInterferenceFree001,41,True,,
TS,42,20250813,20250830,trim_r2_to_r1,TSAL20250830_0830_interferenceAndInterferenceFree001,42,True,,
TS,42,20250813,20250830,trim_r2_to_r1,TSAL20250830_0830_interferenceAndInterferenceFree001,43,True,,
TS,42,20250813,20250830,trim_r2_to_r1,TSAL20250830_0830_interferenceAndInterferenceFree001,44,True,,
TS,42,20250813,20250830,trim_r2_to_r1,TSAL20250830_0830_interferenceAndInterferenceFree001,45,True,,
TS,42,20250813,20250830,trim_r2_to_r1,TSAL20250830_0830_interferenceAndInterferenceFree001,46,True,,
TS,42,20250813,20250830,trim_r2_to_r1,TSAL20250830_0830_interferenceAndInterferenceFree001,47,True,,
TS,42,20250813,20250830,trim_r2_to_r1,TSAL20250830_0830_interferenceAndInterferenceFree001,48,True,,
TS,42,20250813,20250830,trim_r2_to_r1,TSAL20250830_0830_interferenceAndInterferenceFree001,49,True,,
TS,42,20250813,20250830,trim_r2_to_r1,TSAL20250830_0830_interferenceAndInterferenceFree001,50,True,,
TS,42,20250813,20250830,trim_r2_to_r1,TSAL20250830_0830_interferenceAndInterferenceFree001,52,True,,
TS,42,20250813,20250830,trim_r2_to_r1,TSAL20250830_0830_interferenceAndInterferenceFree001,53,True,,
TS,42,20250813,20250830,trim_r2_to_r1,TSAL20250830_0830_interferenceAndInterferenceFree001,54,True,,
TS,42,20250813,20250830,trim_r2_to_r1,TSAL20250830_0830_interferenceAndInterferenceFree001,55,True,,
TS,42,20250813,20250830,trim_r2_to_r1,TSAL20250830_0830_interferenceAndInterferenceFree001,56,True,,
TS,42,20250813,20250830,trim_r2_to_r1,TSAL20250830_0830_interferenceAndInterferenceFree001,57,True,,
TS,42,20250813,20250830,trim_r2_to_r1,TSAL20250830_0830_interferenceAndInterferenceFree001,58,True,,
TS,42,20250813,20250830,trim_r2_to_r1,TSAL20250830_0830_interferenceAndInterferenceFree001,60,True,,
TS,42,20250813,20250830,trim_r2_to_r1,TSAL20250830_0830_interferenceAndInterferenceFree001,61,True,,
TS,42,20250813,20250830,trim_r2_to_r1,TSAL20250830_0830_interferenceAndInterferenceFree001,62,True,,
TS,42,20250813,20250830,trim_r2_to_r1,TSAL20250830_0830_interferenceAndInterferenceFree001,63,True,,
TS,42,20250813,20250830,trim_r2_to_r1,TSAL20250830_0830_interferenceAndInterferenceFree001,64,True,,
TS,42,20250813,20250830,trim_r2_to_r1,TSAL20250830_0830_interferenceAndInterferenceFree001,65,True,,
TS,42,20250813,20250830,trim_r2_to_r1,TSAL20250830_0830_interferenceAndInterferenceFree001,66,True,,
TS,42,20250813,20250830,trim_r2_to_r1,TSAL20250830_0830_interferenceAndInterferenceFree001,67,True,,
TS,42,20250813,20250830,trim_r2_to_r1,TSAL20250830_0830_interferenceAndInterferenceFree001,68,True,,
TS,42,20250813,20250830,trim_r2_to_r1,TSAL20250830_0830_interferenceAndInterferenceFree001,69,True,,
TS,42,20250813,20250830,trim_r2_to_r1,TSAL20250830_0830_interferenceAndInterferenceFree001,70,True,,
TS,42,20250813,20250830,trim_r2_to_r1,TSAL20250830_0830_interferenceAndInterferenceFree001,71,True,,
TS,42,20250813,20250830,trim_r2_to_r1,TSAL20250830_0830_interferenceAndInterferenceFree001,72,True,,
TS,42,20250813,20250830,trim_r2_to_r1,TSAL20250830_0830_interferenceAndInterferenceFree001,73,True,,
TS,42,20250813,20250830,trim_r2_to_r1,TSAL20250830_0830_interferenceAndInterferenceFree001,74,True,,
TS,42,20250813,20250830,trim_r2_to_r1,TSAL20250830_0830_interferenceAndInterferenceFree001,75,True,,
TS,42,20250813,20250830,trim_r2_to_r1,TSAL20250830_0830_interferenceAndInterferenceFree001,76,True,,
TS,42,20250813,20250830,trim_r2_to_r1,TSAL20250830_0830_interferenceAndInterferenceFree001,77,True,,
TS,42,20250813,20250830,trim_r2_to_r1,TSAL20250830_0830_interferenceAndInterferenceFree001,79,True,,
TS,42,20250813,20250830,trim_r2_to_r1,TSAL20250830_0830_interferenceAndInterferenceFree001,81,True,,
TS,42,20250813,20250830,trim_r2_to_r1,TSAL20250830_0830_interferenceAndInterferenceFree001,82,True,,
TS,42,20250813,20250830,trim_r2_to_r1,TSAL20250830_0830_interferenceAndInterferenceFree001,83,True,,
TS,42,20250813,20250830,trim_r2_to_r1,TSAL20250830_0830_interferenceAndInterferenceFree001,86,True,,
TS,42,20250813,20250830,trim_r2_to_r1,TSAL20250830_0830_interferenceAndInterferenceFree001,87,True,,
TS,42,20250813,20250830,trim_r2_to_r1,TSAL20250830_0830_interferenceAndInterferenceFree001,88,True,,
TS,42,20250813,20250830,trim_r1_to_r2,TSAL20250813_0830_staticAndStaticFree001,0,True,,
TS,42,20250813,20250830,trim_r1_to_r2,TSAL20250813_0830_staticAndStaticFree001,1,True,,
TS,42,20250813,20250830,trim_r1_to_r2,TSAL20250813_0830_staticAndStaticFree001,2,True,,
TS,42,20250813,20250830,trim_r1_to_r2,TSAL20250813_0830_staticAndStaticFree001,3,True,,
TS,42,20250813,20250830,trim_r1_to_r2,TSAL20250813_0830_staticAndStaticFree001,4,True,,
TS,42,20250813,20250830,trim_r1_to_r2,TSAL20250813_0830_staticAndStaticFree001,5,True,,
TS,42,20250813,20250830,trim_r1_to_r2,TSAL20250813_0830_staticAndStaticFree001,6,True,,
TS,42,20250813,20250830,trim_r1_to_r2,TSAL20250813_0830_staticAndStaticFree001,7,True,,
TS,42,20250813,20250830,trim_r1_to_r2,TSAL20250813_0830_staticAndStaticFree001,8,True,,
TS,42,20250813,20250830,trim_r1_to_r2,TSAL20250813_0830_staticAndStaticFree001,9,True,,
TS,42,20250813,20250830,trim_r1_to_r2,TSAL20250813_0830_staticAndStaticFree001,10,True,,
TS,42,20250813,20250830,trim_r1_to_r2,TSAL20250813_0830_staticAndStaticFree001,11,True,,
TS,42,20250813,20250830,trim_r1_to_r2,TSAL20250813_0830_staticAndStaticFree001,12,True,,
TS,42,20250813,20250830,trim_r1_to_r2,TSAL20250813_0830_staticAndStaticFree001,13,True,,
TS,42,20250813,20250830,trim_r1_to_r2,TSAL20250813_0830_staticAndStaticFree001,14,True,,
TS,42,20250813,20250830,trim_r1_to_r2,TSAL20250813_0830_staticAndStaticFree001,15,True,,
TS,42,20250813,20250830,trim_r1_to_r2,TSAL20250813_0830_staticAndStaticFree001,16,True,,
TS,42,20250813,20250830,trim_r1_to_r2,TSAL20250813_0830_staticAndStaticFree001,17,True,,
TS,42,20250813,20250830,trim_r1_to_r2,TSAL20250813_0830_staticAndStaticFree001,18,True,,
TS,42,20250813,20250830,trim_r1_to_r2,TSAL20250813_0830_staticAndStaticFree001,19,True,,
TS,42,20250813,20250830,trim_r1_to_r2,TSAL20250813_0830_staticAndStaticFree001,20,True,,
TS,42,20250813,20250830,trim_r1_to_r2,TSAL20250813_0830_staticAndStaticFree001,21,True,,
TS,42,20250813,20250830,trim_r1_to_r2,TSAL20250813_0830_staticAndStaticFree001,22,True,,
TS,42,20250813,20250830,trim_r1_to_r2,TSAL20250813_0830_staticAndStaticFree001,23,True,,
TS,42,20250813,20250830,trim_r1_to_r2,TSAL20250813_0830_staticAndStaticFree001,24,True,,
TS,42,20250813,20250830,trim_r1_to_r2,TSAL20250813_0830_staticAndStaticFree001,25,True,,
TS,42,20250813,20250830,trim_r1_to_r2,TSAL20250813_0830_staticAndStaticFree001,26,True,,
TS,42,20250813,20250830,trim_r1_to_r2,TSAL20250813_0830_staticAndStaticFree001,27,True,,
TS,42,20250813,20250830,trim_r1_to_r2,TSAL20250813_0830_staticAndStaticFree001,28,True,,
TS,42,20250813,20250830,trim_r1_to_r2,TSAL20250813_0830_staticAndStaticFree001,29,True,,
TS,42,20250813,20250830,trim_r1_to_r2,TSAL20250813_0830_staticAndStaticFree001,30,True,,
TS,42,20250813,20250830,trim_r1_to_r2,TSAL20250813_0830_staticAndStaticFree001,31,True,,
TS,42,20250813,20250830,trim_r1_to_r2,TSAL20250813_0830_staticAndStaticFree001,32,True,,
TS,42,20250813,20250830,trim_r1_to_r2,TSAL20250813_0830_staticAndStaticFree001,33,True,,
TS,42,20250813,20250830,trim_r1_to_r2,TSAL20250813_0830_staticAndStaticFree001,35,True,,
TS,42,20250813,20250830,trim_r1_to_r2,TSAL20250813_0830_staticAndStaticFree001,36,True,,
TS,42,20250813,20250830,trim_r1_to_r2,TSAL20250813_0830_staticAndStaticFree001,37,True,,
TS,42,20250813,20250830,trim_r1_to_r2,TSAL20250813_0830_staticAndStaticFree001,39,True,,
TS,42,20250813,20250830,trim_r1_to_r2,TSAL20250813_0830_staticAndStaticFree001,40,True,,
TS,42,20250813,20250830,trim_r1_to_r2,TSAL20250813_0830_staticAndStaticFree001,41,True,,
TS,42,20250813,20250830,trim_r1_to_r2,TSAL20250813_0830_staticAndStaticFree001,42,True,,
TS,42,20250813,20250830,trim_r1_to_r2,TSAL20250813_0830_staticAndStaticFree001,43,True,,
TS,42,20250813,20250830,trim_r1_to_r2,TSAL20250813_0830_staticAndStaticFree001,44,True,,
TS,42,20250813,20250830,trim_r1_to_r2,TSAL20250813_0830_staticAndStaticFree001,45,True,,
TS,42,20250813,20250830,trim_r1_to_r2,TSAL20250813_0830_staticAndStaticFree001,46,True,,
TS,42,20250813,20250830,trim_r1_to_r2,TSAL20250813_0830_staticAndStaticFree001,47,True,,
TS,42,20250813,20250830,trim_r1_to_r2,TSAL20250813_0830_staticAndStaticFree001,48,True,,
TS,42,20250813,20250830,trim_r1_to_r2,TSAL20250813_0830_staticAndStaticFree001,49,True,,
TS,42,20250813,20250830,trim_r1_to_r2,TSAL20250813_0830_staticAndStaticFree001,50,True,,
TS,42,20250813,20250830,trim_r1_to_r2,TSAL20250813_0830_staticAndStaticFree001,51,True,,
TS,42,20250813,20250830,trim_r1_to_r2,TSAL20250813_0830_staticAndStaticFree001,52,True,,
TS,42,20250813,20250830,trim_r1_to_r2,TSAL20250813_0830_staticAndStaticFree001,53,True,,
TS,42,20250813,20250830,trim_r1_to_r2,TSAL20250813_0830_staticAndStaticFree001,54,True,,
TS,42,20250813,20250830,trim_r1_to_r2,TSAL20250813_0830_staticAndStaticFree001,55,True,,
TS,42,20250813,20250830,trim_r1_to_r2,TSAL20250813_0830_staticAndStaticFree001,56,True,,
TS,42,20250813,20250830,trim_r1_to_r2,TSAL20250813_0830_staticAndStaticFree001,57,True,,
TS,42,20250813,20250830,trim_r1_to_r2,TSAL20250813_0830_staticAndStaticFree001,58,True,,
TS,42,20250813,20250830,trim_r1_to_r2,TSAL20250813_0830_staticAndStaticFree001,59,True,,
