animal,pair_id,r1_date,r2_date,match_direction,anchor_session,trimmed_session,anchor_band_lower,anchor_band_upper,step,n_remaining,pair_msd_mean,distance_to_band,removed_index,removed_contribution
TS,1,20250731,20250828,trim_r2_to_r1,TSAL20250731_0830_staticAndStaticFree,TSAL20250828_0830_interferenceAndInterferenceFree001,0.40139705711006957,0.7505939674247735,0,90,0.8688595485308579,0.11826558110608443,,
TS,1,20250731,20250828,trim_r2_to_r1,TSAL20250731_0830_staticAndStaticFree,TSAL20250828_0830_interferenceAndInterferenceFree001,0.40139705711006957,0.7505939674247735,1,89,0.8635199154685065,0.11292594804373302,27.0,1.1038034032743222
TS,1,20250731,20250828,trim_r2_to_r1,TSAL20250731_0830_staticAndStaticFree,TSAL20250828_0830_interferenceAndInterferenceFree001,0.40139705711006957,0.7505939674247735,2,88,0.8587557585731049,0.10816179114833147,75.0,1.070760740418474
TS,1,20250731,20250828,trim_r2_to_r1,TSAL20250731_0830_staticAndStaticFree,TSAL20250828_0830_interferenceAndInterferenceFree001,0.40139705711006957,0.7505939674247735,3,87,0.8549141812146666,0.10432021378989309,62.0,1.0239435849859566
TS,1,20250731,20250828,trim_r2_to_r1,TSAL20250731_0830_staticAndStaticFree,TSAL20250828_0830_interferenceAndInterferenceFree001,0.40139705711006957,0.7505939674247735,4,86,0.8511962011135393,0.10060223368876586,59.0,1.012928335512573
TS,1,20250731,20250828,trim_r2_to_r1,TSAL20250731_0830_staticAndStaticFree,TSAL20250828_0830_interferenceAndInterferenceFree001,0.40139705711006957,0.7505939674247735,5,85,0.8475493746935528,0.09695540726877938,76.0,1.0043629107529695
TS,1,20250731,20250828,trim_r2_to_r1,TSAL20250731_0830_staticAndStaticFree,TSAL20250828_0830_interferenceAndInterferenceFree001,0.40139705711006957,0.7505939674247735,6,84,0.8439012952649045,0.09330732784013107,83.0,0.9989446709824561
TS,1,20250731,20250828,trim_r2_to_r1,TSAL20250731_0830_staticAndStaticFree,TSAL20250828_0830_interferenceAndInterferenceFree001,0.40139705711006957,0.7505939674247735,7,83,0.8408570352072088,0.09026306778243531,10.0,0.9687159576304307
TS,1,20250731,20250828,trim_r2_to_r1,TSAL20250731_0830_staticAndStaticFree,TSAL20250828_0830_interferenceAndInterferenceFree001,0.40139705711006957,0.7505939674247735,8,82,0.8377617829681232,0.08716781554334974,11.0,0.9662147508901726
TS,1,20250731,20250828,trim_r2_to_r1,TSAL20250731_0830_staticAndStaticFree,TSAL20250828_0830_interferenceAndInterferenceFree001,0.40139705711006957,0.7505939674247735,9,81,0.8345607069272439,0.08396673950247047,79.0,0.965804824603299
TS,1,20250731,20250828,trim_r2_to_r1,TSAL20250731_0830_staticAndStaticFree,TSAL20250828_0830_interferenceAndInterferenceFree001,0.40139705711006957,0.7505939674247735,10,80,0.8313714197212871,0.08077745229651367,81.0,0.9605375515625395
TS,1,20250731,20250828,trim_r2_to_r1,TSAL20250731_0830_staticAndStaticFree,TSAL20250828_0830_interferenceAndInterferenceFree001,0.40139705711006957,0.7505939674247735,11,79,0.8280858279478184,0.07749186052304491,74.0,0.9595094988865672
TS,1,20250731,20250828,trim_r2_to_r1,TSAL20250731_0830_staticAndStaticFree,TSAL20250828_0830_interferenceAndInterferenceFree001,0.40139705711006957,0.7505939674247735,12,78,0.8249208281552428,0.07432686073046935,78.0,0.9499383199619792
TS,1,20250731,20250828,trim_r2_to_r1,TSAL20250731_0830_staticAndStaticFree,TSAL20250828_0830_interferenceAndInterferenceFree001,0.40139705711006957,0.7505939674247735,13,77,0.822079905723245,0.0714859382984715,0.0,0.9328758805711543
TS,1,20250731,20250828,trim_r2_to_r1,TSAL20250731_0830_staticAndStaticFree,TSAL20250828_0830_interferenceAndInterferenceFree001,0.40139705711006957,0.7505939674247735,14,76,0.8192646358761241,0.06867066845135061,67.0,0.9276525249902825
TS,1,20250731,20250828,trim_r2_to_r1,TSAL20250731_0830_staticAndStaticFree,TSAL20250828_0830_interferenceAndInterferenceFree001,0.40139705711006957,0.7505939674247735,15,75,0.8162065479171008,0.06561258049232732,84.0,0.9324138903599839
TS,1,20250731,20250828,trim_r2_to_r1,TSAL20250731_0830_staticAndStaticFree,TSAL20250828_0830_interferenceAndInterferenceFree001,0.40139705711006957,0.7505939674247735,16,74,0.8131478586689921,0.06255389124421862,9.0,0.9278487054730683
TS,1,20250731,20250828,trim_r2_to_r1,TSAL20250731_0830_staticAndStaticFree,TSAL20250828_0830_interferenceAndInterferenceFree001,0.40139705711006957,0.7505939674247735,17,73,0.8101973687494798,0.05960340132470632,5.0,0.9193654957714394
TS,1,20250731,20250828,trim_r2_to_r1,TSAL20250731_0830_staticAndStaticFree,TSAL20250828_0830_interferenceAndInterferenceFree001,0.40139705711006957,0.7505939674247735,18,72,0.8071827294104228,0.05658876198564933,77.0,0.9172170652860027
TS,1,20250731,20250828,trim_r2_to_r1,TSAL20250731_0830_staticAndStaticFree,TSAL20250828_0830_interferenceAndInterferenceFree001,0.40139705711006957,0.7505939674247735,19,71,0.8047817049171032,0.054187737492329746,12.0,0.8912185866766044
TS,1,20250731,20250828,trim_r2_to_r1,TSAL20250731_0830_staticAndStaticFree,TSAL20250828_0830_interferenceAndInterferenceFree001,0.40139705711006957,0.7505939674247735,20,70,0.8021921714254303,0.051598204000656844,18.0,0.8941206103798168
TS,1,20250731,20250828,trim_r2_to_r1,TSAL20250731_0830_staticAndStaticFree,TSAL20250828_0830_interferenceAndInterferenceFree001,0.40139705711006957,0.7505939674247735,21,69,0.7994267889114345,0.048832821486661016,14.0,0.8962151769012942
TS,1,20250731,20250828,trim_r2_to_r1,TSAL20250731_0830_staticAndStaticFree,TSAL20250828_0830_interferenceAndInterferenceFree001,0.40139705711006957,0.7505939674247735,22,68,0.7966357416727814,0.04604177424800793,8.0,0.8929268714063134
TS,1,20250731,20250828,trim_r2_to_r1,TSAL20250731_0830_staticAndStaticFree,TSAL20250828_0830_interferenceAndInterferenceFree001,0.40139705711006957,0.7505939674247735,23,67,0.7937559980710449,0.04316203064627144,2.0,0.8916672805300823
TS,1,20250731,20250828,trim_r2_to_r1,TSAL20250731_0830_staticAndStaticFree,TSAL20250828_0830_interferenceAndInterferenceFree001,0.40139705711006957,0.7505939674247735,24,66,0.7908452590881438,0.04025129166337038,85.0,0.888355015015328
TS,1,20250731,20250828,trim_r2_to_r1,TSAL20250731_0830_staticAndStaticFree,TSAL20250828_0830_interferenceAndInterferenceFree001,0.40139705711006957,0.7505939674247735,25,65,0.7878921180792433,0.03729815065446984,19.0,0.8853457713729647
TS,1,20250731,20250828,trim_r2_to_r1,TSAL20250731_0830_staticAndStaticFree,TSAL20250828_0830_interferenceAndInterferenceFree001,0.40139705711006957,0.7505939674247735,26,64,0.7849042266330847,0.03431025920831121,13.0,0.8820106986332331
TS,1,20250731,20250828,trim_r2_to_r1,TSAL20250731_0830_staticAndStaticFree,TSAL20250828_0830_interferenceAndInterferenceFree001,0.40139705711006957,0.7505939674247735,27,63,0.7818220377545875,0.031228070329814006,1.0,0.8804520818664984
TS,1,20250731,20250828,trim_r2_to_r1,TSAL20250731_0830_staticAndStaticFree,TSAL20250828_0830_interferenceAndInterferenceFree001,0.40139705711006957,0.7505939674247735,28,62,0.7786066278992173,0.02801266047444384,7.0,0.879892038343384
TS,1,20250731,20250828,trim_r2_to_r1,TSAL20250731_0830_staticAndStaticFree,TSAL20250828_0830_interferenceAndInterferenceFree001,0.40139705711006957,0.7505939674247735,29,61,0.775331417871477,0.0247374504467035,22.0,0.8768629287314258
TS,1,20250731,20250828,trim_r2_to_r1,TSAL20250731_0830_staticAndStaticFree,TSAL20250828_0830_interferenceAndInterferenceFree001,0.40139705711006957,0.7505939674247735,30,60,0.771808423606789,0.021214456182015562,15.0,0.8792597486797697
TS,1,20250731,20250828,trim_r2_to_r1,TSAL20250731_0830_staticAndStaticFree,TSAL20250828_0830_interferenceAndInterferenceFree001,0.40139705711006957,0.7505939674247735,31,59,0.768327268465665,0.017733301040891547,6.0,0.8727619226993827
TS,1,20250731,20250828,trim_r2_to_r1,TSAL20250731_0830_staticAndStaticFree,TSAL20250828_0830_interferenceAndInterferenceFree001,0.40139705711006957,0.7505939674247735,32,58,0.7644775440636136,0.0138835766388401,16.0,0.8780444139241316
TS,1,20250731,20250828,trim_r2_to_r1,TSAL20250731_0830_staticAndStaticFree,TSAL20250828_0830_interferenceAndInterferenceFree001,0.40139705711006957,0.7505939674247735,33,57,0.760387190277881,0.009793222853107575,21.0,0.8790074500641246
TS,1,20250731,20250828,trim_r2_to_r1,TSAL20250731_0830_staticAndStaticFree,TSAL20250828_0830_interferenceAndInterferenceFree001,0.40139705711006957,0.7505939674247735,34,56,0.7564319298738156,0.005837962449042111,17.0,0.8691568513896865
TS,1,20250731,20250828,trim_r2_to_r1,TSAL20250731_0830_staticAndStaticFree,TSAL20250828_0830_interferenceAndInterferenceFree001,0.40139705711006957,0.7505939674247735,35,55,0.7524504468263689,0.00185647940159539,23.0,0.8639319721548765
TS,1,20250731,20250828,trim_r2_to_r1,TSAL20250731_0830_staticAndStaticFree,TSAL20250828_0830_interferenceAndInterferenceFree001,0.40139705711006957,0.7505939674247735,36,54,0.7485182054458804,0.0,71.0,0.8566548434093106
TS,1,20250731,20250828,trim_r1_to_r2,TSAL20250828_0830_interferenceAndInterferenceFree001,TSAL20250731_0830_staticAndStaticFree,0.6396443499665845,1.0980747470951313,0,43,0.5759955122674215,0.06364883769916296,,
TS,1,20250731,20250828,trim_r1_to_r2,TSAL20250828_0830_interferenceAndInterferenceFree001,TSAL20250731_0830_staticAndStaticFree,0.6396443499665845,1.0980747470951313,1,42,0.5809620687423368,0.05868228122424768,14.0,0.4741811045316608
TS,1,20250731,20250828,trim_r1_to_r2,TSAL20250828_0830_interferenceAndInterferenceFree001,TSAL20250731_0830_staticAndStaticFree,0.6396443499665845,1.0980747470951313,2,41,0.5858186013962445,0.05382574857033995,28.0,0.4838314156641828
TS,1,20250731,20250828,trim_r1_to_r2,TSAL20250828_0830_interferenceAndInterferenceFree001,TSAL20250731_0830_staticAndStaticFree,0.6396443499665845,1.0980747470951313,3,40,0.5906564465520266,0.04898790341455783,6.0,0.49148062085849215
TS,1,20250731,20250828,trim_r1_to_r2,TSAL20250828_0830_interferenceAndInterferenceFree001,TSAL20250731_0830_staticAndStaticFree,0.6396443499665845,1.0980747470951313,4,39,0.5955434715501402,0.04410087841644428,24.0,0.49780297158786796
TS,1,20250731,20250828,trim_r1_to_r2,TSAL20250828_0830_interferenceAndInterferenceFree001,TSAL20250731_0830_staticAndStaticFree,0.6396443499665845,1.0980747470951313,5,38,0.6007241407112064,0.03892020925537809,7.0,0.49970109207041863
TS,1,20250731,20250828,trim_r1_to_r2,TSAL20250828_0830_interferenceAndInterferenceFree001,TSAL20250731_0830_staticAndStaticFree,0.6396443499665845,1.0980747470951313,6,37,0.605191063332685,0.03445328663389946,32.0,0.5203195335245899
TS,1,20250731,20250828,trim_r1_to_r2,TSAL20250828_0830_interferenceAndInterferenceFree001,TSAL20250731_0830_staticAndStaticFree,0.6396443499665845,1.0980747470951313,7,36,0.6095811839221141,0.030063166044470346,30.0,0.5283639530176749
TS,1,20250731,20250828,trim_r1_to_r2,TSAL20250828_0830_interferenceAndInterferenceFree001,TSAL20250731_0830_staticAndStaticFree,0.6396443499665845,1.0980747470951313,8,35,0.6140803936250364,0.025563956341548066,27.0,0.5330946189724374
TS,1,20250731,20250828,trim_r1_to_r2,TSAL20250828_0830_interferenceAndInterferenceFree001,TSAL20250731_0830_staticAndStaticFree,0.6396443499665845,1.0980747470951313,9,34,0.6187182724015746,0.02092607756500986,16.0,0.5375553938121537
TS,1,20250731,20250828,trim_r1_to_r2,TSAL20250828_0830_interferenceAndInterferenceFree001,TSAL20250731_0830_staticAndStaticFree,0.6396443499665845,1.0980747470951313,10,33,0.6233693768911953,0.016274973075389165,13.0,0.5443006005676461
TS,1,20250731,20250828,trim_r1_to_r2,TSAL20250828_0830_interferenceAndInterferenceFree001,TSAL20250731_0830_staticAndStaticFree,0.6396443499665845,1.0980747470951313,11,32,0.6278455150730544,0.011798834893530064,15.0,0.5539892350723784
TS,1,20250731,20250828,trim_r1_to_r2,TSAL20250828_0830_interferenceAndInterferenceFree001,TSAL20250731_0830_staticAndStaticFree,0.6396443499665845,1.0980747470951313,12,31,0.6326030113488993,0.007041338617685189,38.0,0.5564830709353802
TS,1,20250731,20250828,trim_r1_to_r2,TSAL20250828_0830_interferenceAndInterferenceFree001,TSAL20250731_0830_staticAndStaticFree,0.6396443499665845,1.0980747470951313,13,30,0.6376189174610885,0.0020254325054960276,9.0,0.5598723727221554
TS,1,20250731,20250828,trim_r1_to_r2,TSAL20250828_0830_interferenceAndInterferenceFree001,TSAL20250731_0830_staticAndStaticFree,0.6396443499665845,1.0980747470951313,14,29,0.6430073912842404,0.0,19.0,0.5621802839369606
TS,2,20250731,20250829,trim_r2_to_r1,TSAL20250731_0830_staticAndStaticFree,TSAL20250829_0830_interferenceAndInterferenceFree001,0.40139705711006957,0.7505939674247735,0,95,0.8623892010399029,0.11179523361512944,,
TS,2,20250731,20250829,trim_r2_to_r1,TSAL20250731_0830_staticAndStaticFree,TSAL20250829_0830_interferenceAndInterferenceFree001,0.40139705711006957,0.7505939674247735,1,94,0.8463517775985947,0.09575781017382123,44.0,1.6081293910607353
TS,2,20250731,20250829,trim_r2_to_r1,TSAL20250731_0830_staticAndStaticFree,TSAL20250829_0830_interferenceAndInterferenceFree001,0.40139705711006957,0.7505939674247735,2,93,0.835332684064129,0.0847387166393555,87.0,1.3532300801840176
TS,2,20250731,20250829,trim_r2_to_r1,TSAL20250731_0830_staticAndStaticFree,TSAL20250829_0830_interferenceAndInterferenceFree001,0.40139705711006957,0.7505939674247735,3,92,0.8274853947329665,0.07689142730819298,93.0,1.1923843486320234
TS,2,20250731,20250829,trim_r2_to_r1,TSAL20250731_0830_staticAndStaticFree,TSAL20250829_0830_interferenceAndInterferenceFree001,0.40139705711006957,0.7505939674247735,4,91,0.8227301756704767,0.07213620824570321,90.0,1.0414702525450104
TS,2,20250731,20250829,trim_r2_to_r1,TSAL20250731_0830_staticAndStaticFree,TSAL20250829_0830_interferenceAndInterferenceFree001,0.40139705711006957,0.7505939674247735,5,90,0.8195165976773744,0.06892263025260092,56.0,0.9657343963635234
TS,2,20250731,20250829,trim_r2_to_r1,TSAL20250731_0830_staticAndStaticFree,TSAL20250829_0830_interferenceAndInterferenceFree001,0.40139705711006957,0.7505939674247735,6,89,0.8167392763065305,0.06614530888175707,43.0,0.9417187379945096
TS,2,20250731,20250829,trim_r2_to_r1,TSAL20250731_0830_staticAndStaticFree,TSAL20250829_0830_interferenceAndInterferenceFree001,0.40139705711006957,0.7505939674247735,7,88,0.8138707266669979,0.06327675924222442,80.0,0.9415211856261998
TS,2,20250731,20250829,trim_r2_to_r1,TSAL20250731_0830_staticAndStaticFree,TSAL20250829_0830_interferenceAndInterferenceFree001,0.40139705711006957,0.7505939674247735,8,87,0.8109259834645415,0.06033201603976801,83.0,0.9404946843726187
TS,2,20250731,20250829,trim_r2_to_r1,TSAL20250731_0830_staticAndStaticFree,TSAL20250829_0830_interferenceAndInterferenceFree001,0.40139705711006957,0.7505939674247735,9,86,0.807766271052302,0.057172303627528565,54.0,0.9452137609847254
TS,2,20250731,20250829,trim_r2_to_r1,TSAL20250731_0830_staticAndStaticFree,TSAL20250829_0830_interferenceAndInterferenceFree001,0.40139705711006957,0.7505939674247735,10,85,0.8047107806239325,0.054116813199159064,79.0,0.9360968690438147
TS,2,20250731,20250829,trim_r2_to_r1,TSAL20250731_0830_staticAndStaticFree,TSAL20250829_0830_interferenceAndInterferenceFree001,0.40139705711006957,0.7505939674247735,11,84,0.8015695640713117,0.05097559664653828,81.0,0.935071267557698
TS,2,20250731,20250829,trim_r2_to_r1,TSAL20250731_0830_staticAndStaticFree,TSAL20250829_0830_interferenceAndInterferenceFree001,0.40139705711006957,0.7505939674247735,12,83,0.7986429219509185,0.048048954526144994,92.0,0.92156189100744
TS,2,20250731,20250829,trim_r2_to_r1,TSAL20250731_0830_staticAndStaticFree,TSAL20250829_0830_interferenceAndInterferenceFree001,0.40139705711006957,0.7505939674247735,13,82,0.7958035791171044,0.04520961169233095,62.0,0.9136363067203823
TS,2,20250731,20250829,trim_r2_to_r1,TSAL20250731_0830_staticAndStaticFree,TSAL20250829_0830_interferenceAndInterferenceFree001,0.40139705711006957,0.7505939674247735,14,81,0.7930873976030884,0.04249343017831497,74.0,0.9044508396777416
TS,2,20250731,20250829,trim_r2_to_r1,TSAL20250731_0830_staticAndStaticFree,TSAL20250829_0830_interferenceAndInterferenceFree001,0.40139705711006957,0.7505939674247735,15,80,0.7903371307396826,0.039743163314909125,69.0,0.9017229387076201
TS,2,20250731,20250829,trim_r2_to_r1,TSAL20250731_0830_staticAndStaticFree,TSAL20250829_0830_interferenceAndInterferenceFree001,0.40139705711006957,0.7505939674247735,16,79,0.7875377044139552,0.03694373698918174,82.0,0.8995147574430503
TS,2,20250731,20250829,trim_r2_to_r1,TSAL20250731_0830_staticAndStaticFree,TSAL20250829_0830_interferenceAndInterferenceFree001,0.40139705711006957,0.7505939674247735,17,78,0.7848362109529485,0.034242243528175065,59.0,0.8915452026627136
TS,2,20250731,20250829,trim_r2_to_r1,TSAL20250731_0830_staticAndStaticFree,TSAL20250829_0830_interferenceAndInterferenceFree001,0.40139705711006957,0.7505939674247735,18,77,0.7821295200933498,0.03153555266857633,89.0,0.8876904636177033
TS,2,20250731,20250829,trim_r2_to_r1,TSAL20250731_0830_staticAndStaticFree,TSAL20250829_0830_interferenceAndInterferenceFree001,0.40139705711006957,0.7505939674247735,19,76,0.7793530026243749,0.028759035199601435,66.0,0.8862489251799076
TS,2,20250731,20250829,trim_r2_to_r1,TSAL20250731_0830_staticAndStaticFree,TSAL20250829_0830_interferenceAndInterferenceFree001,0.40139705711006957,0.7505939674247735,20,75,0.7763504867357351,0.02575651931096168,78.0,0.8904460905040421
TS,2,20250731,20250829,trim_r2_to_r1,TSAL20250731_0830_staticAndStaticFree,TSAL20250829_0830_interferenceAndInterferenceFree001,0.40139705711006957,0.7505939674247735,21,74,0.7733139617269001,0.022719994302126678,76.0,0.8871836495582134
TS,2,20250731,20250829,trim_r2_to_r1,TSAL20250731_0830_staticAndStaticFree,TSAL20250829_0830_interferenceAndInterferenceFree001,0.40139705711006957,0.7505939674247735,22,73,0.770186670512866,0.019592703088092578,48.0,0.8858964454321321
TS,2,20250731,20250829,trim_r2_to_r1,TSAL20250731_0830_staticAndStaticFree,TSAL20250829_0830_interferenceAndInterferenceFree001,0.40139705711006957,0.7505939674247735,23,72,0.7670548064083125,0.016460838983539006,91.0,0.8813678462245156
TS,2,20250731,20250829,trim_r2_to_r1,TSAL20250731_0830_staticAndStaticFree,TSAL20250829_0830_interferenceAndInterferenceFree001,0.40139705711006957,0.7505939674247735,24,71,0.7639566229723977,0.01336265554762428,72.0,0.8754912266653292
TS,2,20250731,20250829,trim_r2_to_r1,TSAL20250731_0830_staticAndStaticFree,TSAL20250829_0830_interferenceAndInterferenceFree001,0.40139705711006957,0.7505939674247735,25,70,0.7607585514068785,0.010164583982105069,85.0,0.8742900919828056
TS,2,20250731,20250829,trim_r2_to_r1,TSAL20250731_0830_staticAndStaticFree,TSAL20250829_0830_interferenceAndInterferenceFree001,0.40139705711006957,0.7505939674247735,26,69,0.757395713440255,0.006801746015481558,45.0,0.8750950422720816
TS,2,20250731,20250829,trim_r2_to_r1,TSAL20250731_0830_staticAndStaticFree,TSAL20250829_0830_interferenceAndInterferenceFree001,0.40139705711006957,0.7505939674247735,27,68,0.7539145382816139,0.0033205708568404546,94.0,0.8740150812547309
TS,2,20250731,20250829,trim_r2_to_r1,TSAL20250731_0830_staticAndStaticFree,TSAL20250829_0830_interferenceAndInterferenceFree001,0.40139705711006957,0.7505939674247735,28,67,0.7503054629337076,0.0,55.0,0.8730140247625211
TS,2,20250731,20250829,trim_r1_to_r2,TSAL20250829_0830_interferenceAndInterferenceFree001,TSAL20250731_0830_staticAndStaticFree,0.5900149820428311,1.1347634200369747,0,43,0.5759955122674215,0.014019469775409577,,
TS,2,20250731,20250829,trim_r1_to_r2,TSAL20250829_0830_interferenceAndInterferenceFree001,TSAL20250731_0830_staticAndStaticFree,0.5900149820428311,1.1347634200369747,1,42,0.5809620687423368,0.009052913300494292,14.0,0.4741811045316608
TS,2,20250731,20250829,trim_r1_to_r2,TSAL20250829_0830_interferenceAndInterferenceFree001,TSAL20250731_0830_staticAndStaticFree,0.5900149820428311,1.1347634200369747,2,41,0.5858186013962445,0.004196380646586562,28.0,0.4838314156641828
TS,2,20250731,20250829,trim_r1_to_r2,TSAL20250829_0830_interferenceAndInterferenceFree001,TSAL20250731_0830_staticAndStaticFree,0.5900149820428311,1.1347634200369747,3,40,0.5906564465520266,0.0,6.0,0.49148062085849215
TS,3,20250731,20250830,trim_r2_to_r1,TSAL20250731_0830_staticAndStaticFree,TSAL20250830_0830_interferenceAndInterferenceFree001,0.40139705711006957,0.7505939674247735,0,79,0.7607158166146287,0.010121849189855259,,
TS,3,20250731,20250830,trim_r2_to_r1,TSAL20250731_0830_staticAndStaticFree,TSAL20250830_0830_interferenceAndInterferenceFree001,0.40139705711006957,0.7505939674247735,1,78,0.7532223286927949,0.002628361268021462,15.0,1.0492151016052262
TS,3,20250731,20250830,trim_r2_to_r1,TSAL20250731_0830_staticAndStaticFree,TSAL20250830_0830_interferenceAndInterferenceFree001,0.40139705711006957,0.7505939674247735,2,77,0.7460769185030802,0.0,25.0,1.0247479159019566
TS,3,20250731,20250830,trim_r1_to_r2,TSAL20250830_0830_interferenceAndInterferenceFree001,TSAL20250731_0830_staticAndStaticFree,0.5679024532450075,0.9535291799842499,0,43,0.5759955122674215,0.0,,
TS,4,20250801,20250828,trim_r2_to_r1,TSAL20250801_0830_staticAndStaticFree,TSAL20250828_0830_interferenceAndInterferenceFree001,0.37425308615813996,0.5783830240362071,0,90,0.8688595485308579,0.2904765244946508,,
TS,4,20250801,20250828,trim_r2_to_r1,TSAL20250801_0830_staticAndStaticFree,TSAL20250828_0830_interferenceAndInterferenceFree001,0.37425308615813996,0.5783830240362071,1,89,0.8635199154685065,0.28513689143229937,27.0,1.1038034032743222
TS,4,20250801,20250828,trim_r2_to_r1,TSAL20250801_0830_staticAndStaticFree,TSAL20250828_0830_interferenceAndInterferenceFree001,0.37425308615813996,0.5783830240362071,2,88,0.8587557585731049,0.2803727345368978,75.0,1.070760740418474
TS,4,20250801,20250828,trim_r2_to_r1,TSAL20250801_0830_staticAndStaticFree,TSAL20250828_0830_interferenceAndInterferenceFree001,0.37425308615813996,0.5783830240362071,3,87,0.8549141812146666,0.27653115717845944,62.0,1.0239435849859566
TS,4,20250801,20250828,trim_r2_to_r1,TSAL20250801_0830_staticAndStaticFree,TSAL20250828_0830_interferenceAndInterferenceFree001,0.37425308615813996,0.5783830240362071,4,86,0.8511962011135393,0.2728131770773322,59.0,1.012928335512573
TS,4,20250801,20250828,trim_r2_to_r1,TSAL20250801_0830_staticAndStaticFree,TSAL20250828_0830_interferenceAndInterferenceFree001,0.37425308615813996,0.5783830240362071,5,85,0.8475493746935528,0.26916635065734573,76.0,1.0043629107529695
TS,4,20250801,20250828,trim_r2_to_r1,TSAL20250801_0830_staticAndStaticFree,TSAL20250828_0830_interferenceAndInterferenceFree001,0.37425308615813996,0.5783830240362071,6,84,0.8439012952649045,0.2655182712286974,83.0,0.9989446709824561
TS,4,20250801,20250828,trim_r2_to_r1,TSAL20250801_0830_staticAndStaticFree,TSAL20250828_0830_interferenceAndInterferenceFree001,0.37425308615813996,0.5783830240362071,7,83,0.8408570352072088,0.26247401117100166,10.0,0.9687159576304307
TS,4,20250801,20250828,trim_r2_to_r1,TSAL20250801_0830_staticAndStaticFree,TSAL20250828_0830_interferenceAndInterferenceFree001,0.37425308615813996,0.5783830240362071,8,82,0.8377617829681232,0.2593787589319161,11.0,0.9662147508901726
TS,4,20250801,20250828,trim_r2_to_r1,TSAL20250801_0830_staticAndStaticFree,TSAL20250828_0830_interferenceAndInterferenceFree001,0.37425308615813996,0.5783830240362071,9,81,0.8345607069272439,0.2561776828910368,79.0,0.965804824603299
TS,4,20250801,20250828,trim_r2_to_r1,TSAL20250801_0830_staticAndStaticFree,TSAL20250828_0830_interferenceAndInterferenceFree001,0.37425308615813996,0.5783830240362071,10,80,0.8313714197212871,0.25298839568508,81.0,0.9605375515625395
TS,4,20250801,20250828,trim_r2_to_r1,TSAL20250801_0830_staticAndStaticFree,TSAL20250828_0830_interferenceAndInterferenceFree001,0.37425308615813996,0.5783830240362071,11,79,0.8280858279478184,0.24970280391161126,74.0,0.9595094988865672
TS,4,20250801,20250828,trim_r2_to_r1,TSAL20250801_0830_staticAndStaticFree,TSAL20250828_0830_interferenceAndInterferenceFree001,0.37425308615813996,0.5783830240362071,12,78,0.8249208281552428,0.2465378041190357,78.0,0.9499383199619792
TS,4,20250801,20250828,trim_r2_to_r1,TSAL20250801_0830_staticAndStaticFree,TSAL20250828_0830_interferenceAndInterferenceFree001,0.37425308615813996,0.5783830240362071,13,77,0.822079905723245,0.24369688168703785,0.0,0.9328758805711543
TS,4,20250801,20250828,trim_r2_to_r1,TSAL20250801_0830_staticAndStaticFree,TSAL20250828_0830_interferenceAndInterferenceFree001,0.37425308615813996,0.5783830240362071,14,76,0.8192646358761241,0.24088161183991696,67.0,0.9276525249902825
TS,4,20250801,20250828,trim_r2_to_r1,TSAL20250801_0830_staticAndStaticFree,TSAL20250828_0830_interferenceAndInterferenceFree001,0.37425308615813996,0.5783830240362071,15,75,0.8162065479171008,0.23782352388089367,84.0,0.9324138903599839
TS,4,20250801,20250828,trim_r2_to_r1,TSAL20250801_0830_staticAndStaticFree,TSAL20250828_0830_interferenceAndInterferenceFree001,0.37425308615813996,0.5783830240362071,16,74,0.8131478586689921,0.23476483463278497,9.0,0.9278487054730683
TS,4,20250801,20250828,trim_r2_to_r1,TSAL20250801_0830_staticAndStaticFree,TSAL20250828_0830_interferenceAndInterferenceFree001,0.37425308615813996,0.5783830240362071,17,73,0.8101973687494798,0.23181434471327267,5.0,0.9193654957714394
TS,4,20250801,20250828,trim_r2_to_r1,TSAL20250801_0830_staticAndStaticFree,TSAL20250828_0830_interferenceAndInterferenceFree001,0.37425308615813996,0.5783830240362071,18,72,0.8071827294104228,0.22879970537421568,77.0,0.9172170652860027
TS,4,20250801,20250828,trim_r2_to_r1,TSAL20250801_0830_staticAndStaticFree,TSAL20250828_0830_interferenceAndInterferenceFree001,0.37425308615813996,0.5783830240362071,19,71,0.8047817049171032,0.2263986808808961,12.0,0.8912185866766044
TS,4,20250801,20250828,trim_r2_to_r1,TSAL20250801_0830_staticAndStaticFree,TSAL20250828_0830_interferenceAndInterferenceFree001,0.37425308615813996,0.5783830240362071,20,70,0.8021921714254303,0.2238091473892232,18.0,0.8941206103798168
TS,4,20250801,20250828,trim_r2_to_r1,TSAL20250801_0830_staticAndStaticFree,TSAL20250828_0830_interferenceAndInterferenceFree001,0.37425308615813996,0.5783830240362071,21,69,0.7994267889114345,0.22104376487522737,14.0,0.8962151769012942
TS,4,20250801,20250828,trim_r2_to_r1,TSAL20250801_0830_staticAndStaticFree,TSAL20250828_0830_interferenceAndInterferenceFree001,0.37425308615813996,0.5783830240362071,22,68,0.7966357416727814,0.21825271763657428,8.0,0.8929268714063134
TS,4,20250801,20250828,trim_r2_to_r1,TSAL20250801_0830_staticAndStaticFree,TSAL20250828_0830_interferenceAndInterferenceFree001,0.37425308615813996,0.5783830240362071,23,67,0.7937559980710449,0.2153729740348378,2.0,0.8916672805300823
TS,4,20250801,20250828,trim_r2_to_r1,TSAL20250801_0830_staticAndStaticFree,TSAL20250828_0830_interferenceAndInterferenceFree001,0.37425308615813996,0.5783830240362071,24,66,0.7908452590881438,0.21246223505193673,85.0,0.888355015015328
TS,4,20250801,20250828,trim_r2_to_r1,TSAL20250801_0830_staticAndStaticFree,TSAL20250828_0830_interferenceAndInterferenceFree001,0.37425308615813996,0.5783830240362071,25,65,0.7878921180792433,0.2095090940430362,19.0,0.8853457713729647
TS,4,20250801,20250828,trim_r2_to_r1,TSAL20250801_0830_staticAndStaticFree,TSAL20250828_0830_interferenceAndInterferenceFree001,0.37425308615813996,0.5783830240362071,26,64,0.7849042266330847,0.20652120259687756,13.0,0.8820106986332331
TS,4,20250801,20250828,trim_r2_to_r1,TSAL20250801_0830_staticAndStaticFree,TSAL20250828_0830_interferenceAndInterferenceFree001,0.37425308615813996,0.5783830240362071,27,63,0.7818220377545875,0.20343901371838036,1.0,0.8804520818664984
TS,4,20250801,20250828,trim_r2_to_r1,TSAL20250801_0830_staticAndStaticFree,TSAL20250828_0830_interferenceAndInterferenceFree001,0.37425308615813996,0.5783830240362071,28,62,0.7786066278992173,0.2002236038630102,7.0,0.879892038343384
TS,4,20250801,20250828,trim_r2_to_r1,TSAL20250801_0830_staticAndStaticFree,TSAL20250828_0830_interferenceAndInterferenceFree001,0.37425308615813996,0.5783830240362071,29,61,0.775331417871477,0.19694839383526985,22.0,0.8768629287314258
TS,4,20250801,20250828,trim_r2_to_r1,TSAL20250801_0830_staticAndStaticFree,TSAL20250828_0830_interferenceAndInterferenceFree001,0.37425308615813996,0.5783830240362071,30,60,0.771808423606789,0.1934253995705819,15.0,0.8792597486797697
TS,4,20250801,20250828,trim_r2_to_r1,TSAL20250801_0830_staticAndStaticFree,TSAL20250828_0830_interferenceAndInterferenceFree001,0.37425308615813996,0.5783830240362071,31,59,0.768327268465665,0.1899442444294579,6.0,0.8727619226993827
TS,4,20250801,20250828,trim_r2_to_r1,TSAL20250801_0830_staticAndStaticFree,TSAL20250828_0830_interferenceAndInterferenceFree001,0.37425308615813996,0.5783830240362071,32,58,0.7644775440636136,0.18609452002740645,16.0,0.8780444139241316
TS,4,20250801,20250828,trim_r2_to_r1,TSAL20250801_0830_staticAndStaticFree,TSAL20250828_0830_interferenceAndInterferenceFree001,0.37425308615813996,0.5783830240362071,33,57,0.760387190277881,0.18200416624167393,21.0,0.8790074500641246
TS,4,20250801,20250828,trim_r2_to_r1,TSAL20250801_0830_staticAndStaticFree,TSAL20250828_0830_interferenceAndInterferenceFree001,0.37425308615813996,0.5783830240362071,34,56,0.7564319298738156,0.17804890583760846,17.0,0.8691568513896865
TS,4,20250801,20250828,trim_r2_to_r1,TSAL20250801_0830_staticAndStaticFree,TSAL20250828_0830_interferenceAndInterferenceFree001,0.37425308615813996,0.5783830240362071,35,55,0.7524504468263689,0.17406742279016174,23.0,0.8639319721548765
TS,4,20250801,20250828,trim_r2_to_r1,TSAL20250801_0830_staticAndStaticFree,TSAL20250828_0830_interferenceAndInterferenceFree001,0.37425308615813996,0.5783830240362071,36,54,0.7485182054458804,0.17013518140967332,71.0,0.8566548434093106
TS,4,20250801,20250828,trim_r2_to_r1,TSAL20250801_0830_staticAndStaticFree,TSAL20250828_0830_interferenceAndInterferenceFree001,0.37425308615813996,0.5783830240362071,37,53,0.7443431151218046,0.1659600910855975,68.0,0.857070553871851
TS,4,20250801,20250828,trim_r2_to_r1,TSAL20250801_0830_staticAndStaticFree,TSAL20250828_0830_interferenceAndInterferenceFree001,0.37425308615813996,0.5783830240362071,38,52,0.7403135278579084,0.16193050382170127,72.0,0.8470975903511567
TS,4,20250801,20250828,trim_r2_to_r1,TSAL20250801_0830_staticAndStaticFree,TSAL20250828_0830_interferenceAndInterferenceFree001,0.37425308615813996,0.5783830240362071,39,51,0.7361188281798082,0.1577358041436011,47.0,0.8451810198104147
TS,4,20250801,20250828,trim_r2_to_r1,TSAL20250801_0830_staticAndStaticFree,TSAL20250828_0830_interferenceAndInterferenceFree001,0.37425308615813996,0.5783830240362071,40,50,0.7319019609011196,0.15351893686491247,87.0,0.8394320765076795
TS,4,20250801,20250828,trim_r2_to_r1,TSAL20250801_0830_staticAndStaticFree,TSAL20250828_0830_interferenceAndInterferenceFree001,0.37425308615813996,0.5783830240362071,41,49,0.7273187204093728,0.14893569637316573,60.0,0.8418997327030424
TS,4,20250801,20250828,trim_r2_to_r1,TSAL20250801_0830_staticAndStaticFree,TSAL20250828_0830_interferenceAndInterferenceFree001,0.37425308615813996,0.5783830240362071,42,48,0.7231086930675851,0.14472566903137796,86.0,0.8262543629413841
TS,4,20250801,20250828,trim_r2_to_r1,TSAL20250801_0830_staticAndStaticFree,TSAL20250828_0830_interferenceAndInterferenceFree001,0.37425308615813996,0.5783830240362071,43,47,0.7185571304900146,0.14017410645380746,69.0,0.8277946323517075
TS,4,20250801,20250828,trim_r2_to_r1,TSAL20250801_0830_staticAndStaticFree,TSAL20250828_0830_interferenceAndInterferenceFree001,0.37425308615813996,0.5783830240362071,44,46,0.7137721863030022,0.1353891622667951,3.0,0.8262183746977938
TS,4,20250801,20250828,trim_r2_to_r1,TSAL20250801_0830_staticAndStaticFree,TSAL20250828_0830_interferenceAndInterferenceFree001,0.37425308615813996,0.5783830240362071,45,45,0.7087561081279314,0.13037308409172432,73.0,0.8241259061545556
TS,4,20250801,20250828,trim_r2_to_r1,TSAL20250801_0830_staticAndStaticFree,TSAL20250828_0830_interferenceAndInterferenceFree001,0.37425308615813996,0.5783830240362071,46,44,0.7034314586676061,0.12504843463139903,20.0,0.823236071524928
TS,4,20250801,20250828,trim_r2_to_r1,TSAL20250801_0830_staticAndStaticFree,TSAL20250828_0830_interferenceAndInterferenceFree001,0.37425308615813996,0.5783830240362071,47,43,0.6973368655015837,0.11895384146537658,4.0,0.8314179151540733
TS,4,20250801,20250828,trim_r2_to_r1,TSAL20250801_0830_staticAndStaticFree,TSAL20250828_0830_interferenceAndInterferenceFree001,0.37425308615813996,0.5783830240362071,48,42,0.691543637167792,0.11316061313158488,70.0,0.8160980463443158
TS,4,20250801,20250828,trim_r2_to_r1,TSAL20250801_0830_staticAndStaticFree,TSAL20250828_0830_interferenceAndInterferenceFree001,0.37425308615813996,0.5783830240362071,49,41,0.6850235372621192,0.10664051322591206,88.0,0.8219456352812506
TS,4,20250801,20250828,trim_r2_to_r1,TSAL20250801_0830_staticAndStaticFree,TSAL20250828_0830_interferenceAndInterferenceFree001,0.37425308615813996,0.5783830240362071,50,40,0.6786289350743886,0.10024591103818148,80.0,0.8097182799228628
TS,4,20250801,20250828,trim_r2_to_r1,TSAL20250801_0830_staticAndStaticFree,TSAL20250828_0830_interferenceAndInterferenceFree001,0.37425308615813996,0.5783830240362071,51,39,0.6721615722765246,0.0937785482403175,82.0,0.8015088282338063
TS,4,20250801,20250828,trim_r2_to_r1,TSAL20250801_0830_staticAndStaticFree,TSAL20250828_0830_interferenceAndInterferenceFree001,0.37425308615813996,0.5783830240362071,52,38,0.665130161736084,0.08674713769987685,89.0,0.802242667274677
TS,4,20250801,20250828,trim_r2_to_r1,TSAL20250801_0830_staticAndStaticFree,TSAL20250828_0830_interferenceAndInterferenceFree001,0.37425308615813996,0.5783830240362071,53,37,0.6576281797644614,0.0792451557282543,38.0,0.8001658372252908
TS,4,20250801,20250828,trim_r2_to_r1,TSAL20250801_0830_staticAndStaticFree,TSAL20250828_0830_interferenceAndInterferenceFree001,0.37425308615813996,0.5783830240362071,54,36,0.6507836397659701,0.07240061572976297,24.0,0.7774076297380569
TS,4,20250801,20250828,trim_r2_to_r1,TSAL20250801_0830_staticAndStaticFree,TSAL20250828_0830_interferenceAndInterferenceFree001,0.37425308615813996,0.5783830240362071,55,35,0.6448348199345438,0.06645179589833672,31.0,0.7519135769002167
TS,4,20250801,20250828,trim_r2_to_r1,TSAL20250801_0830_staticAndStaticFree,TSAL20250828_0830_interferenceAndInterferenceFree001,0.37425308615813996,0.5783830240362071,56,34,0.6391653790737426,0.060782355037535485,54.0,0.7383805941377649
TS,4,20250801,20250828,trim_r2_to_r1,TSAL20250801_0830_staticAndStaticFree,TSAL20250828_0830_interferenceAndInterferenceFree001,0.37425308615813996,0.5783830240362071,57,33,0.6334852323895251,0.05510220835331803,52.0,0.730047726021223
TS,4,20250801,20250828,trim_r2_to_r1,TSAL20250801_0830_staticAndStaticFree,TSAL20250828_0830_interferenceAndInterferenceFree001,0.37425308615813996,0.5783830240362071,58,32,0.6275878563774792,0.04920483234127204,63.0,0.7248945605762349
TS,4,20250801,20250828,trim_r2_to_r1,TSAL20250801_0830_staticAndStaticFree,TSAL20250828_0830_interferenceAndInterferenceFree001,0.37425308615813996,0.5783830240362071,59,31,0.6217439544149108,0.0433609303787037,65.0,0.7152463858160074
TS,4,20250801,20250828,trim_r2_to_r1,TSAL20250801_0830_staticAndStaticFree,TSAL20250828_0830_interferenceAndInterferenceFree001,0.37425308615813996,0.5783830240362071,60,30,0.6149699570960323,0.03658693305982519,64.0,0.7199669155386464
TS,4,20250801,20250828,trim_r2_to_r1,TSAL20250801_0830_staticAndStaticFree,TSAL20250828_0830_interferenceAndInterferenceFree001,0.37425308615813996,0.5783830240362071,61,29,0.6084233235981641,0.030040299561956973,50.0,0.70662282606619
TS,4,20250801,20250828,trim_r2_to_r1,TSAL20250801_0830_staticAndStaticFree,TSAL20250828_0830_interferenceAndInterferenceFree001,0.37425308615813996,0.5783830240362071,62,28,0.6008992102786589,0.022516186242451774,37.0,0.7099988534114833
TS,4,20250801,20250828,trim_r2_to_r1,TSAL20250801_0830_staticAndStaticFree,TSAL20250828_0830_interferenceAndInterferenceFree001,0.37425308615813996,0.5783830240362071,63,27,0.5935277876286167,0.015144763592409571,56.0,0.6967277047292086
TS,4,20250801,20250828,trim_r2_to_r1,TSAL20250801_0830_staticAndStaticFree,TSAL20250828_0830_interferenceAndInterferenceFree001,0.37425308615813996,0.5783830240362071,64,26,0.5853947744970404,0.007011750460833244,66.0,0.6951904517733196
TS,4,20250801,20250828,trim_r2_to_r1,TSAL20250801_0830_staticAndStaticFree,TSAL20250828_0830_interferenceAndInterferenceFree001,0.37425308615813996,0.5783830240362071,65,25,0.5757818531519279,0.0,61.0,0.7007498306383908
TS,4,20250801,20250828,trim_r1_to_r2,TSAL20250828_0830_interferenceAndInterferenceFree001,TSAL20250801_0830_staticAndStaticFree,0.6396443499665845,1.0980747470951313,0,91,0.4763180550971735,0.16332629486941097,,
TS,4,20250801,20250828,trim_r1_to_r2,TSAL20250828_0830_interferenceAndInterferenceFree001,TSAL20250801_0830_staticAndStaticFree,0.6396443499665845,1.0980747470951313,1,90,0.47814277845845615,0.16150157150812833,78.0,0.39511786552009753
TS,4,20250801,20250828,trim_r1_to_r2,TSAL20250828_0830_interferenceAndInterferenceFree001,TSAL20250801_0830_staticAndStaticFree,0.6396443499665845,1.0980747470951313,2,89,0.4798469391022111,0.15979741086437338,6.0,0.40315971013323554
TS,4,20250801,20250828,trim_r1_to_r2,TSAL20250828_0830_interferenceAndInterferenceFree001,TSAL20250801_0830_staticAndStaticFree,0.6396443499665845,1.0980747470951313,3,88,0.4814476175561682,0.15819673241041626,73.0,0.41021742635507635
TS,4,20250801,20250828,trim_r1_to_r2,TSAL20250828_0830_interferenceAndInterferenceFree001,TSAL20250801_0830_staticAndStaticFree,0.6396443499665845,1.0980747470951313,4,87,0.48308081667778946,0.15656353328879502,63.0,0.4112200553264545
TS,4,20250801,20250828,trim_r1_to_r2,TSAL20250828_0830_interferenceAndInterferenceFree001,TSAL20250801_0830_staticAndStaticFree,0.6396443499665845,1.0980747470951313,5,86,0.4847382168827451,0.15490613308383938,51.0,0.41264130796717446
TS,4,20250801,20250828,trim_r1_to_r2,TSAL20250828_0830_interferenceAndInterferenceFree001,TSAL20250801_0830_staticAndStaticFree,0.6396443499665845,1.0980747470951313,6,85,0.48642912853982095,0.15321522142676353,19.0,0.4137199272855614
TS,4,20250801,20250828,trim_r1_to_r2,TSAL20250828_0830_interferenceAndInterferenceFree001,TSAL20250801_0830_staticAndStaticFree,0.6396443499665845,1.0980747470951313,7,84,0.4881580284761443,0.15148632149044017,29.0,0.4146797811823995
TS,4,20250801,20250828,trim_r1_to_r2,TSAL20250828_0830_interferenceAndInterferenceFree001,TSAL20250801_0830_staticAndStaticFree,0.6396443499665845,1.0980747470951313,8,83,0.48978082500934406,0.14986352495724042,77.0,0.42162337061495536
TS,4,20250801,20250828,trim_r1_to_r2,TSAL20250828_0830_interferenceAndInterferenceFree001,TSAL20250801_0830_staticAndStaticFree,0.6396443499665845,1.0980747470951313,9,82,0.4914216436228033,0.1482227063437812,79.0,0.42332767116424413
TS,4,20250801,20250828,trim_r1_to_r2,TSAL20250828_0830_interferenceAndInterferenceFree001,TSAL20250801_0830_staticAndStaticFree,0.6396443499665845,1.0980747470951313,10,81,0.49309575857870686,0.14654859138787762,21.0,0.42445704538666085
TS,4,20250801,20250828,trim_r1_to_r2,TSAL20250828_0830_interferenceAndInterferenceFree001,TSAL20250801_0830_staticAndStaticFree,0.6396443499665845,1.0980747470951313,11,80,0.4947914687039262,0.14485288126265827,50.0,0.4261152086325425
TS,4,20250801,20250828,trim_r1_to_r2,TSAL20250828_0830_interferenceAndInterferenceFree001,TSAL20250801_0830_staticAndStaticFree,0.6396443499665845,1.0980747470951313,12,79,0.4965007565399722,0.14314359342661226,33.0,0.42812924309813133
TS,4,20250801,20250828,trim_r1_to_r2,TSAL20250828_0830_interferenceAndInterferenceFree001,TSAL20250801_0830_staticAndStaticFree,0.6396443499665845,1.0980747470951313,13,78,0.4981943279143403,0.14145002205224416,71.0,0.4312982586268031
TS,4,20250801,20250828,trim_r1_to_r2,TSAL20250828_0830_interferenceAndInterferenceFree001,TSAL20250801_0830_staticAndStaticFree,0.6396443499665845,1.0980747470951313,14,77,0.4999192120180492,0.1397251379485353,24.0,0.432648731973401
TS,4,20250801,20250828,trim_r1_to_r2,TSAL20250828_0830_interferenceAndInterferenceFree001,TSAL20250801_0830_staticAndStaticFree,0.6396443499665845,1.0980747470951313,15,76,0.5016783022391393,0.13796604772744514,67.0,0.433953328727168
TS,4,20250801,20250828,trim_r1_to_r2,TSAL20250828_0830_interferenceAndInterferenceFree001,TSAL20250801_0830_staticAndStaticFree,0.6396443499665845,1.0980747470951313,16,75,0.503437639155736,0.13620671081084845,54.0,0.43658283632506206
TS,4,20250801,20250828,trim_r1_to_r2,TSAL20250828_0830_interferenceAndInterferenceFree001,TSAL20250801_0830_staticAndStaticFree,0.6396443499665845,1.0980747470951313,17,74,0.5052087521967386,0.13443559776984593,86.0,0.43879201315914484
TS,4,20250801,20250828,trim_r1_to_r2,TSAL20250828_0830_interferenceAndInterferenceFree001,TSAL20250801_0830_staticAndStaticFree,0.6396443499665845,1.0980747470951313,18,73,0.5070031504524697,0.1326411995141148,61.0,0.44061041499041703
TS,4,20250801,20250828,trim_r1_to_r2,TSAL20250828_0830_interferenceAndInterferenceFree001,TSAL20250801_0830_staticAndStaticFree,0.6396443499665845,1.0980747470951313,19,72,0.5088266573357625,0.130817692630822,27.0,0.44226865609557786
TS,4,20250801,20250828,trim_r1_to_r2,TSAL20250828_0830_interferenceAndInterferenceFree001,TSAL20250801_0830_staticAndStaticFree,0.6396443499665845,1.0980747470951313,20,71,0.510693060434805,0.12895128953177948,22.0,0.4435025488692757
TS,4,20250801,20250828,trim_r1_to_r2,TSAL20250828_0830_interferenceAndInterferenceFree001,TSAL20250801_0830_staticAndStaticFree,0.6396443499665845,1.0980747470951313,21,70,0.5125631848527218,0.1270811651138627,89.0,0.44617376801667064
TS,4,20250801,20250828,trim_r1_to_r2,TSAL20250828_0830_interferenceAndInterferenceFree001,TSAL20250801_0830_staticAndStaticFree,0.6396443499665845,1.0980747470951313,22,69,0.514449667371611,0.12519468259497346,83.0,0.4484227792104914
TS,4,20250801,20250828,trim_r1_to_r2,TSAL20250828_0830_interferenceAndInterferenceFree001,TSAL20250801_0830_staticAndStaticFree,0.6396443499665845,1.0980747470951313,23,68,0.5163482995581207,0.12329605040846381,55.0,0.45084548912353595
TS,4,20250801,20250828,trim_r1_to_r2,TSAL20250828_0830_interferenceAndInterferenceFree001,TSAL20250801_0830_staticAndStaticFree,0.6396443499665845,1.0980747470951313,24,67,0.5182969949056947,0.12134735506088978,70.0,0.45204135308817345
TS,4,20250801,20250828,trim_r1_to_r2,TSAL20250828_0830_interferenceAndInterferenceFree001,TSAL20250801_0830_staticAndStaticFree,0.6396443499665845,1.0980747470951313,25,66,0.5202713710509483,0.11937297891563614,82.0,0.45412977018495265
TS,4,20250801,20250828,trim_r1_to_r2,TSAL20250828_0830_interferenceAndInterferenceFree001,TSAL20250801_0830_staticAndStaticFree,0.6396443499665845,1.0980747470951313,26,65,0.5222137996133942,0.11743055035319028,18.0,0.4581136570526842
TS,4,20250801,20250828,trim_r1_to_r2,TSAL20250828_0830_interferenceAndInterferenceFree001,TSAL20250801_0830_staticAndStaticFree,0.6396443499665845,1.0980747470951313,27,64,0.5241241017948839,0.11552024817170059,11.0,0.4620392808964708
TS,4,20250801,20250828,trim_r1_to_r2,TSAL20250828_0830_interferenceAndInterferenceFree001,TSAL20250801_0830_staticAndStaticFree,0.6396443499665845,1.0980747470951313,28,63,0.5261031522304455,0.11354119773613902,88.0,0.4627735382924701
TS,4,20250801,20250828,trim_r1_to_r2,TSAL20250828_0830_interferenceAndInterferenceFree001,TSAL20250801_0830_staticAndStaticFree,0.6396443499665845,1.0980747470951313,29,62,0.52802982954695,0.11161452041963449,32.0,0.4673394940770634
TS,4,20250801,20250828,trim_r1_to_r2,TSAL20250828_0830_interferenceAndInterferenceFree001,TSAL20250801_0830_staticAndStaticFree,0.6396443499665845,1.0980747470951313,30,61,0.5300071576554976,0.10963719231108693,72.0,0.46870998629052113
TS,4,20250801,20250828,trim_r1_to_r2,TSAL20250828_0830_interferenceAndInterferenceFree001,TSAL20250801_0830_staticAndStaticFree,0.6396443499665845,1.0980747470951313,31,60,0.5320585714373757,0.10758577852920881,23.0,0.46949045109009496
TS,4,20250801,20250828,trim_r1_to_r2,TSAL20250828_0830_interferenceAndInterferenceFree001,TSAL20250801_0830_staticAndStaticFree,0.6396443499665845,1.0980747470951313,32,59,0.5341239788533837,0.10552037111320078,68.0,0.47216175637313873
TS,4,20250801,20250828,trim_r1_to_r2,TSAL20250828_0830_interferenceAndInterferenceFree001,TSAL20250801_0830_staticAndStaticFree,0.6396443499665845,1.0980747470951313,33,58,0.5362570658161265,0.10338728415045795,80.0,0.47333100041521337
TS,4,20250801,20250828,trim_r1_to_r2,TSAL20250828_0830_interferenceAndInterferenceFree001,TSAL20250801_0830_staticAndStaticFree,0.6396443499665845,1.0980747470951313,34,57,0.5383852662881672,0.1012590836784173,44.0,0.4766674525989875
TS,4,20250801,20250828,trim_r1_to_r2,TSAL20250828_0830_interferenceAndInterferenceFree001,TSAL20250801_0830_staticAndStaticFree,0.6396443499665845,1.0980747470951313,35,56,0.5406133094260852,0.09903104054049927,64.0,0.47711407999542105
TS,4,20250801,20250828,trim_r1_to_r2,TSAL20250828_0830_interferenceAndInterferenceFree001,TSAL20250801_0830_staticAndStaticFree,0.6396443499665845,1.0980747470951313,36,55,0.5428921290092855,0.09675222095729896,87.0,0.4790851806796789
TS,4,20250801,20250828,trim_r1_to_r2,TSAL20250828_0830_interferenceAndInterferenceFree001,TSAL20250801_0830_staticAndStaticFree,0.6396443499665845,1.0980747470951313,37,54,0.5451263047642079,0.09451804520237661,66.0,0.4836864715038441
TS,4,20250801,20250828,trim_r1_to_r2,TSAL20250828_0830_interferenceAndInterferenceFree001,TSAL20250801_0830_staticAndStaticFree,0.6396443499665845,1.0980747470951313,38,53,0.5473327405241785,0.09231160944240602,26.0,0.48775897500496956
TS,4,20250801,20250828,trim_r1_to_r2,TSAL20250828_0830_interferenceAndInterferenceFree001,TSAL20250801_0830_staticAndStaticFree,0.6396443499665845,1.0980747470951313,39,52,0.5496146057536418,0.09002974421294263,36.0,0.48914517717286754
TS,4,20250801,20250828,trim_r1_to_r2,TSAL20250828_0830_interferenceAndInterferenceFree001,TSAL20250801_0830_staticAndStaticFree,0.6396443499665845,1.0980747470951313,40,51,0.5519269689095814,0.08771738105700311,7.0,0.49180552685515055
TS,4,20250801,20250828,trim_r1_to_r2,TSAL20250828_0830_interferenceAndInterferenceFree001,TSAL20250801_0830_staticAndStaticFree,0.6396443499665845,1.0980747470951313,41,50,0.5541746806419184,0.08546966932466604,42.0,0.4968580314673223
TS,4,20250801,20250828,trim_r1_to_r2,TSAL20250828_0830_interferenceAndInterferenceFree001,TSAL20250801_0830_staticAndStaticFree,0.6396443499665845,1.0980747470951313,42,49,0.5564874740444349,0.0831568759221496,5.0,0.49866763898152605
TS,4,20250801,20250828,trim_r1_to_r2,TSAL20250828_0830_interferenceAndInterferenceFree001,TSAL20250801_0830_staticAndStaticFree,0.6396443499665845,1.0980747470951313,43,48,0.5588755183836588,0.0807688315829257,60.0,0.5003684320726737
TS,4,20250801,20250828,trim_r1_to_r2,TSAL20250828_0830_interferenceAndInterferenceFree001,TSAL20250801_0830_staticAndStaticFree,0.6396443499665845,1.0980747470951313,44,47,0.5613758525292185,0.07826849743736597,8.0,0.5013678330357816
TS,4,20250801,20250828,trim_r1_to_r2,TSAL20250828_0830_interferenceAndInterferenceFree001,TSAL20250801_0830_staticAndStaticFree,0.6396443499665845,1.0980747470951313,45,46,0.563859780220293,0.07578456974629144,30.0,0.5054874794800434
TS,4,20250801,20250828,trim_r1_to_r2,TSAL20250828_0830_interferenceAndInterferenceFree001,TSAL20250801_0830_staticAndStaticFree,0.6396443499665845,1.0980747470951313,46,45,0.5664208247566451,0.07322352520993936,10.0,0.5075168004205459
TS,4,20250801,20250828,trim_r1_to_r2,TSAL20250828_0830_interferenceAndInterferenceFree001,TSAL20250801_0830_staticAndStaticFree,0.6396443499665845,1.0980747470951313,47,44,0.5691438739391887,0.07050047602739573,52.0,0.5078752673319552
TS,4,20250801,20250828,trim_r1_to_r2,TSAL20250828_0830_interferenceAndInterferenceFree001,TSAL20250801_0830_staticAndStaticFree,0.6396443499665845,1.0980747470951313,48,43,0.5719759257297007,0.0676684242368838,59.0,0.5096707863384414
TS,4,20250801,20250828,trim_r1_to_r2,TSAL20250828_0830_interferenceAndInterferenceFree001,TSAL20250801_0830_staticAndStaticFree,0.6396443499665845,1.0980747470951313,49,42,0.5746087014579847,0.06503564850859977,20.0,0.5180040232998772
TS,4,20250801,20250828,trim_r1_to_r2,TSAL20250828_0830_interferenceAndInterferenceFree001,TSAL20250801_0830_staticAndStaticFree,0.6396443499665845,1.0980747470951313,50,41,0.5773267919545925,0.062317558011992014,62.0,0.5202468915258308
TS,4,20250801,20250828,trim_r1_to_r2,TSAL20250828_0830_interferenceAndInterferenceFree001,TSAL20250801_0830_staticAndStaticFree,0.6396443499665845,1.0980747470951313,51,40,0.5801268415626598,0.05951750840392467,2.0,0.5227258245972772
TS,4,20250801,20250828,trim_r1_to_r2,TSAL20250828_0830_interferenceAndInterferenceFree001,TSAL20250801_0830_staticAndStaticFree,0.6396443499665845,1.0980747470951313,52,39,0.5829899712397464,0.056654378726838095,28.0,0.5257273776980169
TS,4,20250801,20250828,trim_r1_to_r2,TSAL20250828_0830_interferenceAndInterferenceFree001,TSAL20250801_0830_staticAndStaticFree,0.6396443499665845,1.0980747470951313,53,38,0.585921106736855,0.053723243229729434,65.0,0.5287639645432355
TS,4,20250801,20250828,trim_r1_to_r2,TSAL20250828_0830_interferenceAndInterferenceFree001,TSAL20250801_0830_staticAndStaticFree,0.6396443499665845,1.0980747470951313,54,37,0.5888666833154891,0.0507776666510954,75.0,0.5329007283214413
TS,4,20250801,20250828,trim_r1_to_r2,TSAL20250828_0830_interferenceAndInterferenceFree001,TSAL20250801_0830_staticAndStaticFree,0.6396443499665845,1.0980747470951313,55,36,0.592010223431343,0.04763412653524146,31.0,0.5338547312880471
TS,4,20250801,20250828,trim_r1_to_r2,TSAL20250828_0830_interferenceAndInterferenceFree001,TSAL20250801_0830_staticAndStaticFree,0.6396443499665845,1.0980747470951313,56,35,0.5952178061841205,0.04442654378246402,41.0,0.5374813166341254
TS,4,20250801,20250828,trim_r1_to_r2,TSAL20250828_0830_interferenceAndInterferenceFree001,TSAL20250801_0830_staticAndStaticFree,0.6396443499665845,1.0980747470951313,57,34,0.5983670518973807,0.04127729806920377,13.0,0.5432552519153255
TS,4,20250801,20250828,trim_r1_to_r2,TSAL20250828_0830_interferenceAndInterferenceFree001,TSAL20250801_0830_staticAndStaticFree,0.6396443499665845,1.0980747470951313,58,33,0.6017281561393824,0.03791619382720213,58.0,0.5445893840253545
TS,4,20250801,20250828,trim_r1_to_r2,TSAL20250828_0830_interferenceAndInterferenceFree001,TSAL20250801_0830_staticAndStaticFree,0.6396443499665845,1.0980747470951313,59,32,0.6051722204644467,0.03447212950213774,56.0,0.5483451591008839
TS,4,20250801,20250828,trim_r1_to_r2,TSAL20250828_0830_interferenceAndInterferenceFree001,TSAL20250801_0830_staticAndStaticFree,0.6396443499665845,1.0980747470951313,60,31,0.6088858208969208,0.030758529069663698,34.0,0.5494682139773372
TS,4,20250801,20250828,trim_r1_to_r2,TSAL20250828_0830_interferenceAndInterferenceFree001,TSAL20250801_0830_staticAndStaticFree,0.6396443499665845,1.0980747470951313,61,30,0.6126464505219855,0.02699789944459896,53.0,0.5543566913334819
TS,4,20250801,20250828,trim_r1_to_r2,TSAL20250828_0830_interferenceAndInterferenceFree001,TSAL20250801_0830_staticAndStaticFree,0.6396443499665845,1.0980747470951313,62,29,0.616275021030498,0.023369328936086453,45.0,0.5618464634028103
TS,4,20250801,20250828,trim_r1_to_r2,TSAL20250828_0830_interferenceAndInterferenceFree001,TSAL20250801_0830_staticAndStaticFree,0.6396443499665845,1.0980747470951313,63,28,0.6200469877575494,0.019597362209035074,25.0,0.5653534702153047
TS,4,20250801,20250828,trim_r1_to_r2,TSAL20250828_0830_interferenceAndInterferenceFree001,TSAL20250801_0830_staticAndStaticFree,0.6396443499665845,1.0980747470951313,64,27,0.623796329540696,0.01584802042588851,4.0,0.5713055445766441
TS,4,20250801,20250828,trim_r1_to_r2,TSAL20250828_0830_interferenceAndInterferenceFree001,TSAL20250801_0830_staticAndStaticFree,0.6396443499665845,1.0980747470951313,65,26,0.6277936081367971,0.011850741829787403,9.0,0.5738303470894318
TS,4,20250801,20250828,trim_r1_to_r2,TSAL20250828_0830_interferenceAndInterferenceFree001,TSAL20250801_0830_staticAndStaticFree,0.6396443499665845,1.0980747470951313,66,25,0.6317549424662792,0.007889407500305312,0.0,0.5802575961830118
TS,4,20250801,20250828,trim_r1_to_r2,TSAL20250828_0830_interferenceAndInterferenceFree001,TSAL20250801_0830_staticAndStaticFree,0.6396443499665845,1.0980747470951313,67,24,0.6357388977718723,0.0039054521947121668,46.0,0.5859394564519572
TS,4,20250801,20250828,trim_r1_to_r2,TSAL20250828_0830_interferenceAndInterferenceFree001,TSAL20250801_0830_staticAndStaticFree,0.6396443499665845,1.0980747470951313,68,23,0.639555024930561,8.932503602343544e-05,69.0,0.5937614990262966
TS,4,20250801,20250828,trim_r1_to_r2,TSAL20250828_0830_interferenceAndInterferenceFree001,TSAL20250801_0830_staticAndStaticFree,0.6396443499665845,1.0980747470951313,69,22,0.6435925862878025,0.0,38.0,0.597160630679528
TS,5,20250801,20250829,trim_r2_to_r1,TSAL20250801_0830_staticAndStaticFree,TSAL20250829_0830_interferenceAndInterferenceFree001,0.37425308615813996,0.5783830240362071,0,95,0.8623892010399029,0.2840061770036958,,
TS,5,20250801,20250829,trim_r2_to_r1,TSAL20250801_0830_staticAndStaticFree,TSAL20250829_0830_interferenceAndInterferenceFree001,0.37425308615813996,0.5783830240362071,1,94,0.8463517775985947,0.2679687535623876,44.0,1.6081293910607353
TS,5,20250801,20250829,trim_r2_to_r1,TSAL20250801_0830_staticAndStaticFree,TSAL20250829_0830_interferenceAndInterferenceFree001,0.37425308615813996,0.5783830240362071,2,93,0.835332684064129,0.25694966002792186,87.0,1.3532300801840176
TS,5,20250801,20250829,trim_r2_to_r1,TSAL20250801_0830_staticAndStaticFree,TSAL20250829_0830_interferenceAndInterferenceFree001,0.37425308615813996,0.5783830240362071,3,92,0.8274853947329665,0.24910237069675933,93.0,1.1923843486320234
TS,5,20250801,20250829,trim_r2_to_r1,TSAL20250801_0830_staticAndStaticFree,TSAL20250829_0830_interferenceAndInterferenceFree001,0.37425308615813996,0.5783830240362071,4,91,0.8227301756704767,0.24434715163426957,90.0,1.0414702525450104
TS,5,20250801,20250829,trim_r2_to_r1,TSAL20250801_0830_staticAndStaticFree,TSAL20250829_0830_interferenceAndInterferenceFree001,0.37425308615813996,0.5783830240362071,5,90,0.8195165976773744,0.24113357364116728,56.0,0.9657343963635234
TS,5,20250801,20250829,trim_r2_to_r1,TSAL20250801_0830_staticAndStaticFree,TSAL20250829_0830_interferenceAndInterferenceFree001,0.37425308615813996,0.5783830240362071,6,89,0.8167392763065305,0.23835625227032342,43.0,0.9417187379945096
TS,5,20250801,20250829,trim_r2_to_r1,TSAL20250801_0830_staticAndStaticFree,TSAL20250829_0830_interferenceAndInterferenceFree001,0.37425308615813996,0.5783830240362071,7,88,0.8138707266669979,0.23548770263079077,80.0,0.9415211856261998
TS,5,20250801,20250829,trim_r2_to_r1,TSAL20250801_0830_staticAndStaticFree,TSAL20250829_0830_interferenceAndInterferenceFree001,0.37425308615813996,0.5783830240362071,8,87,0.8109259834645415,0.23254295942833436,83.0,0.9404946843726187
TS,5,20250801,20250829,trim_r2_to_r1,TSAL20250801_0830_staticAndStaticFree,TSAL20250829_0830_interferenceAndInterferenceFree001,0.37425308615813996,0.5783830240362071,9,86,0.807766271052302,0.22938324701609492,54.0,0.9452137609847254
TS,5,20250801,20250829,trim_r2_to_r1,TSAL20250801_0830_staticAndStaticFree,TSAL20250829_0830_interferenceAndInterferenceFree001,0.37425308615813996,0.5783830240362071,10,85,0.8047107806239325,0.22632775658772541,79.0,0.9360968690438147
TS,5,20250801,20250829,trim_r2_to_r1,TSAL20250801_0830_staticAndStaticFree,TSAL20250829_0830_interferenceAndInterferenceFree001,0.37425308615813996,0.5783830240362071,11,84,0.8015695640713117,0.22318654003510463,81.0,0.935071267557698
TS,5,20250801,20250829,trim_r2_to_r1,TSAL20250801_0830_staticAndStaticFree,TSAL20250829_0830_interferenceAndInterferenceFree001,0.37425308615813996,0.5783830240362071,12,83,0.7986429219509185,0.22025989791471134,92.0,0.92156189100744
TS,5,20250801,20250829,trim_r2_to_r1,TSAL20250801_0830_staticAndStaticFree,TSAL20250829_0830_interferenceAndInterferenceFree001,0.37425308615813996,0.5783830240362071,13,82,0.7958035791171044,0.2174205550808973,62.0,0.9136363067203823
TS,5,20250801,20250829,trim_r2_to_r1,TSAL20250801_0830_staticAndStaticFree,TSAL20250829_0830_interferenceAndInterferenceFree001,0.37425308615813996,0.5783830240362071,14,81,0.7930873976030884,0.21470437356688132,74.0,0.9044508396777416
TS,5,20250801,20250829,trim_r2_to_r1,TSAL20250801_0830_staticAndStaticFree,TSAL20250829_0830_interferenceAndInterferenceFree001,0.37425308615813996,0.5783830240362071,15,80,0.7903371307396826,0.21195410670347548,69.0,0.9017229387076201
TS,5,20250801,20250829,trim_r2_to_r1,TSAL20250801_0830_staticAndStaticFree,TSAL20250829_0830_interferenceAndInterferenceFree001,0.37425308615813996,0.5783830240362071,16,79,0.7875377044139552,0.2091546803777481,82.0,0.8995147574430503
TS,5,20250801,20250829,trim_r2_to_r1,TSAL20250801_0830_staticAndStaticFree,TSAL20250829_0830_interferenceAndInterferenceFree001,0.37425308615813996,0.5783830240362071,17,78,0.7848362109529485,0.20645318691674142,59.0,0.8915452026627136
TS,5,20250801,20250829,trim_r2_to_r1,TSAL20250801_0830_staticAndStaticFree,TSAL20250829_0830_interferenceAndInterferenceFree001,0.37425308615813996,0.5783830240362071,18,77,0.7821295200933498,0.20374649605714268,89.0,0.8876904636177033
TS,5,20250801,20250829,trim_r2_to_r1,TSAL20250801_0830_staticAndStaticFree,TSAL20250829_0830_interferenceAndInterferenceFree001,0.37425308615813996,0.5783830240362071,19,76,0.7793530026243749,0.20096997858816779,66.0,0.8862489251799076
TS,5,20250801,20250829,trim_r2_to_r1,TSAL20250801_0830_staticAndStaticFree,TSAL20250829_0830_interferenceAndInterferenceFree001,0.37425308615813996,0.5783830240362071,20,75,0.7763504867357351,0.19796746269952803,78.0,0.8904460905040421
TS,5,20250801,20250829,trim_r2_to_r1,TSAL20250801_0830_staticAndStaticFree,TSAL20250829_0830_interferenceAndInterferenceFree001,0.37425308615813996,0.5783830240362071,21,74,0.7733139617269001,0.19493093769069303,76.0,0.8871836495582134
TS,5,20250801,20250829,trim_r2_to_r1,TSAL20250801_0830_staticAndStaticFree,TSAL20250829_0830_interferenceAndInterferenceFree001,0.37425308615813996,0.5783830240362071,22,73,0.770186670512866,0.19180364647665893,48.0,0.8858964454321321
TS,5,20250801,20250829,trim_r2_to_r1,TSAL20250801_0830_staticAndStaticFree,TSAL20250829_0830_interferenceAndInterferenceFree001,0.37425308615813996,0.5783830240362071,23,72,0.7670548064083125,0.18867178237210536,91.0,0.8813678462245156
TS,5,20250801,20250829,trim_r2_to_r1,TSAL20250801_0830_staticAndStaticFree,TSAL20250829_0830_interferenceAndInterferenceFree001,0.37425308615813996,0.5783830240362071,24,71,0.7639566229723977,0.18557359893619063,72.0,0.8754912266653292
TS,5,20250801,20250829,trim_r2_to_r1,TSAL20250801_0830_staticAndStaticFree,TSAL20250829_0830_interferenceAndInterferenceFree001,0.37425308615813996,0.5783830240362071,25,70,0.7607585514068785,0.18237552737067142,85.0,0.8742900919828056
TS,5,20250801,20250829,trim_r2_to_r1,TSAL20250801_0830_staticAndStaticFree,TSAL20250829_0830_interferenceAndInterferenceFree001,0.37425308615813996,0.5783830240362071,26,69,0.757395713440255,0.1790126894040479,45.0,0.8750950422720816
TS,5,20250801,20250829,trim_r2_to_r1,TSAL20250801_0830_staticAndStaticFree,TSAL20250829_0830_interferenceAndInterferenceFree001,0.37425308615813996,0.5783830240362071,27,68,0.7539145382816139,0.1755315142454068,94.0,0.8740150812547309
TS,5,20250801,20250829,trim_r2_to_r1,TSAL20250801_0830_staticAndStaticFree,TSAL20250829_0830_interferenceAndInterferenceFree001,0.37425308615813996,0.5783830240362071,28,67,0.7503054629337076,0.17192243889750047,55.0,0.8730140247625211
TS,5,20250801,20250829,trim_r2_to_r1,TSAL20250801_0830_staticAndStaticFree,TSAL20250829_0830_interferenceAndInterferenceFree001,0.37425308615813996,0.5783830240362071,29,66,0.7465276848360549,0.1681446607998478,84.0,0.8730832511074187
TS,5,20250801,20250829,trim_r2_to_r1,TSAL20250801_0830_staticAndStaticFree,TSAL20250829_0830_interferenceAndInterferenceFree001,0.37425308615813996,0.5783830240362071,30,65,0.7425456985709811,0.16416267453477396,42.0,0.8739512453184205
TS,5,20250801,20250829,trim_r2_to_r1,TSAL20250801_0830_staticAndStaticFree,TSAL20250829_0830_interferenceAndInterferenceFree001,0.37425308615813996,0.5783830240362071,31,64,0.7387336088940298,0.16035058485782272,75.0,0.862626523394946
TS,5,20250801,20250829,trim_r2_to_r1,TSAL20250801_0830_staticAndStaticFree,TSAL20250829_0830_interferenceAndInterferenceFree001,0.37425308615813996,0.5783830240362071,32,63,0.7350329060864593,0.1566498820502522,77.0,0.8534553959287179
TS,5,20250801,20250829,trim_r2_to_r1,TSAL20250801_0830_staticAndStaticFree,TSAL20250829_0830_interferenceAndInterferenceFree001,0.37425308615813996,0.5783830240362071,33,62,0.7310924187625932,0.15270939472638612,60.0,0.8552177694643736
TS,5,20250801,20250829,trim_r2_to_r1,TSAL20250801_0830_staticAndStaticFree,TSAL20250829_0830_interferenceAndInterferenceFree001,0.37425308615813996,0.5783830240362071,34,61,0.726947882782056,0.1485648587458489,53.0,0.8554284981787099
TS,5,20250801,20250829,trim_r2_to_r1,TSAL20250801_0830_staticAndStaticFree,TSAL20250829_0830_interferenceAndInterferenceFree001,0.37425308615813996,0.5783830240362071,35,60,0.7225611156885683,0.14417809165236117,49.0,0.8563575120399414
TS,5,20250801,20250829,trim_r2_to_r1,TSAL20250801_0830_staticAndStaticFree,TSAL20250829_0830_interferenceAndInterferenceFree001,0.37425308615813996,0.5783830240362071,36,59,0.7181695684635242,0.13978654442731708,51.0,0.8499159852148478
TS,5,20250801,20250829,trim_r2_to_r1,TSAL20250801_0830_staticAndStaticFree,TSAL20250829_0830_interferenceAndInterferenceFree001,0.37425308615813996,0.5783830240362071,37,58,0.7133618688311901,0.134978844794983,70.0,0.8551890079850426
TS,5,20250801,20250829,trim_r2_to_r1,TSAL20250801_0830_staticAndStaticFree,TSAL20250829_0830_interferenceAndInterferenceFree001,0.37425308615813996,0.5783830240362071,38,57,0.7082223582493323,0.1298393342131252,67.0,0.8572681651232118
TS,5,20250801,20250829,trim_r2_to_r1,TSAL20250801_0830_staticAndStaticFree,TSAL20250829_0830_interferenceAndInterferenceFree001,0.37425308615813996,0.5783830240362071,39,56,0.7030539472862577,0.12467092325005058,68.0,0.8503536597338835
TS,5,20250801,20250829,trim_r2_to_r1,TSAL20250801_0830_staticAndStaticFree,TSAL20250829_0830_interferenceAndInterferenceFree001,0.37425308615813996,0.5783830240362071,40,55,0.6982425578159561,0.119859533779749,46.0,0.8329614629844031
TS,5,20250801,20250829,trim_r2_to_r1,TSAL20250801_0830_staticAndStaticFree,TSAL20250829_0830_interferenceAndInterferenceFree001,0.37425308615813996,0.5783830240362071,41,54,0.6931148541714216,0.11473183013521449,86.0,0.834126704396119
TS,5,20250801,20250829,trim_r2_to_r1,TSAL20250801_0830_staticAndStaticFree,TSAL20250829_0830_interferenceAndInterferenceFree001,0.37425308615813996,0.5783830240362071,42,53,0.6883203731448867,0.10993734910867958,50.0,0.8177713608613284
TS,5,20250801,20250829,trim_r2_to_r1,TSAL20250801_0830_staticAndStaticFree,TSAL20250829_0830_interferenceAndInterferenceFree001,0.37425308615813996,0.5783830240362071,43,52,0.6833462913014317,0.10496326726522454,71.0,0.8151594601529918
TS,5,20250801,20250829,trim_r2_to_r1,TSAL20250801_0830_staticAndStaticFree,TSAL20250829_0830_interferenceAndInterferenceFree001,0.37425308615813996,0.5783830240362071,44,51,0.6785197094289619,0.10013668539275478,57.0,0.8040108381131732
TS,5,20250801,20250829,trim_r2_to_r1,TSAL20250801_0830_staticAndStaticFree,TSAL20250829_0830_interferenceAndInterferenceFree001,0.37425308615813996,0.5783830240362071,45,50,0.6732769056491638,0.09489388161295664,88.0,0.8069684020340148
TS,5,20250801,20250829,trim_r2_to_r1,TSAL20250801_0830_staticAndStaticFree,TSAL20250829_0830_interferenceAndInterferenceFree001,0.37425308615813996,0.5783830240362071,46,49,0.6675062025635176,0.08912317852731044,65.0,0.8117737797046728
TS,5,20250801,20250829,trim_r2_to_r1,TSAL20250801_0830_staticAndStaticFree,TSAL20250829_0830_interferenceAndInterferenceFree001,0.37425308615813996,0.5783830240362071,47,48,0.6611243384415909,0.08274131440538379,73.0,0.8174800094287944
TS,5,20250801,20250829,trim_r2_to_r1,TSAL20250801_0830_staticAndStaticFree,TSAL20250829_0830_interferenceAndInterferenceFree001,0.37425308615813996,0.5783830240362071,48,47,0.6552352912559138,0.07685226721970673,63.0,0.7965724237121689
TS,5,20250801,20250829,trim_r2_to_r1,TSAL20250801_0830_staticAndStaticFree,TSAL20250829_0830_interferenceAndInterferenceFree001,0.37425308615813996,0.5783830240362071,49,46,0.6487841792803314,0.07040115524412427,64.0,0.8003853107065153
TS,5,20250801,20250829,trim_r2_to_r1,TSAL20250801_0830_staticAndStaticFree,TSAL20250829_0830_interferenceAndInterferenceFree001,0.37425308615813996,0.5783830240362071,50,45,0.6420467344928763,0.06366371045666919,52.0,0.7970079646043425
TS,5,20250801,20250829,trim_r2_to_r1,TSAL20250801_0830_staticAndStaticFree,TSAL20250829_0830_interferenceAndInterferenceFree001,0.37425308615813996,0.5783830240362071,51,44,0.6353052691969812,0.05692224516077404,61.0,0.7869882383546202
TS,5,20250801,20250829,trim_r2_to_r1,TSAL20250801_0830_staticAndStaticFree,TSAL20250829_0830_interferenceAndInterferenceFree001,0.37425308615813996,0.5783830240362071,52,43,0.6288024117800991,0.050419387743891986,58.0,0.7718652749515069
TS,5,20250801,20250829,trim_r2_to_r1,TSAL20250801_0830_staticAndStaticFree,TSAL20250829_0830_interferenceAndInterferenceFree001,0.37425308615813996,0.5783830240362071,53,42,0.6222279594015852,0.043844935365378035,47.0,0.7635786855396322
TS,5,20250801,20250829,trim_r2_to_r1,TSAL20250801_0830_staticAndStaticFree,TSAL20250829_0830_interferenceAndInterferenceFree001,0.37425308615813996,0.5783830240362071,54,41,0.6171157354312674,0.03873271139506029,38.0,0.7244724388079428
TS,5,20250801,20250829,trim_r2_to_r1,TSAL20250801_0830_staticAndStaticFree,TSAL20250829_0830_interferenceAndInterferenceFree001,0.37425308615813996,0.5783830240362071,55,40,0.6122997163585372,0.03391669232233008,39.0,0.7110281073495075
TS,5,20250801,20250829,trim_r2_to_r1,TSAL20250801_0830_staticAndStaticFree,TSAL20250829_0830_interferenceAndInterferenceFree001,0.37425308615813996,0.5783830240362071,56,39,0.6076213404306993,0.029238316394492148,5.0,0.701188858987457
TS,5,20250801,20250829,trim_r2_to_r1,TSAL20250801_0830_staticAndStaticFree,TSAL20250829_0830_interferenceAndInterferenceFree001,0.37425308615813996,0.5783830240362071,57,38,0.6028009394841589,0.0244179154479518,0.0,0.6967987579416959
TS,5,20250801,20250829,trim_r2_to_r1,TSAL20250801_0830_staticAndStaticFree,TSAL20250829_0830_interferenceAndInterferenceFree001,0.37425308615813996,0.5783830240362071,58,37,0.5982727499326442,0.019889725896437116,8.0,0.6843083514114245
TS,5,20250801,20250829,trim_r2_to_r1,TSAL20250801_0830_staticAndStaticFree,TSAL20250829_0830_interferenceAndInterferenceFree001,0.37425308615813996,0.5783830240362071,59,36,0.5930913339062626,0.014708309870055447,9.0,0.6889475303943204
TS,5,20250801,20250829,trim_r2_to_r1,TSAL20250801_0830_staticAndStaticFree,TSAL20250829_0830_interferenceAndInterferenceFree001,0.37425308615813996,0.5783830240362071,60,35,0.5886226249082886,0.010239600872081533,23.0,0.6690593868718206
TS,5,20250801,20250829,trim_r2_to_r1,TSAL20250801_0830_staticAndStaticFree,TSAL20250829_0830_interferenceAndInterferenceFree001,0.37425308615813996,0.5783830240362071,61,34,0.5842189794299104,0.005835955393703296,14.0,0.6612827753015285
TS,5,20250801,20250829,trim_r2_to_r1,TSAL20250801_0830_staticAndStaticFree,TSAL20250829_0830_interferenceAndInterferenceFree001,0.37425308615813996,0.5783830240362071,62,33,0.5798240005171799,0.0014409764809727443,22.0,0.6545386420335978
TS,5,20250801,20250829,trim_r2_to_r1,TSAL20250801_0830_staticAndStaticFree,TSAL20250829_0830_interferenceAndInterferenceFree001,0.37425308615813996,0.5783830240362071,63,32,0.5754127494349223,0.0,2.0,0.6481983922921752
TS,5,20250801,20250829,trim_r1_to_r2,TSAL20250829_0830_interferenceAndInterferenceFree001,TSAL20250801_0830_staticAndStaticFree,0.5900149820428311,1.1347634200369747,0,91,0.4763180550971735,0.11369692694565758,,
TS,5,20250801,20250829,trim_r1_to_r2,TSAL20250829_0830_interferenceAndInterferenceFree001,TSAL20250801_0830_staticAndStaticFree,0.5900149820428311,1.1347634200369747,1,90,0.47814277845845615,0.11187220358437494,78.0,0.39511786552009753
TS,5,20250801,20250829,trim_r1_to_r2,TSAL20250829_0830_interferenceAndInterferenceFree001,TSAL20250801_0830_staticAndStaticFree,0.5900149820428311,1.1347634200369747,2,89,0.4798469391022111,0.11016804294061999,6.0,0.40315971013323554
TS,5,20250801,20250829,trim_r1_to_r2,TSAL20250829_0830_interferenceAndInterferenceFree001,TSAL20250801_0830_staticAndStaticFree,0.5900149820428311,1.1347634200369747,3,88,0.4814476175561682,0.10856736448666288,73.0,0.41021742635507635
TS,5,20250801,20250829,trim_r1_to_r2,TSAL20250829_0830_interferenceAndInterferenceFree001,TSAL20250801_0830_staticAndStaticFree,0.5900149820428311,1.1347634200369747,4,87,0.48308081667778946,0.10693416536504163,63.0,0.4112200553264545
TS,5,20250801,20250829,trim_r1_to_r2,TSAL20250829_0830_interferenceAndInterferenceFree001,TSAL20250801_0830_staticAndStaticFree,0.5900149820428311,1.1347634200369747,5,86,0.4847382168827451,0.105276765160086,51.0,0.41264130796717446
TS,5,20250801,20250829,trim_r1_to_r2,TSAL20250829_0830_interferenceAndInterferenceFree001,TSAL20250801_0830_staticAndStaticFree,0.5900149820428311,1.1347634200369747,6,85,0.48642912853982095,0.10358585350301014,19.0,0.4137199272855614
TS,5,20250801,20250829,trim_r1_to_r2,TSAL20250829_0830_interferenceAndInterferenceFree001,TSAL20250801_0830_staticAndStaticFree,0.5900149820428311,1.1347634200369747,7,84,0.4881580284761443,0.10185695356668678,29.0,0.4146797811823995
TS,5,20250801,20250829,trim_r1_to_r2,TSAL20250829_0830_interferenceAndInterferenceFree001,TSAL20250801_0830_staticAndStaticFree,0.5900149820428311,1.1347634200369747,8,83,0.48978082500934406,0.10023415703348704,77.0,0.42162337061495536
TS,5,20250801,20250829,trim_r1_to_r2,TSAL20250829_0830_interferenceAndInterferenceFree001,TSAL20250801_0830_staticAndStaticFree,0.5900149820428311,1.1347634200369747,9,82,0.4914216436228033,0.09859333842002782,79.0,0.42332767116424413
TS,5,20250801,20250829,trim_r1_to_r2,TSAL20250829_0830_interferenceAndInterferenceFree001,TSAL20250801_0830_staticAndStaticFree,0.5900149820428311,1.1347634200369747,10,81,0.49309575857870686,0.09691922346412424,21.0,0.42445704538666085
TS,5,20250801,20250829,trim_r1_to_r2,TSAL20250829_0830_interferenceAndInterferenceFree001,TSAL20250801_0830_staticAndStaticFree,0.5900149820428311,1.1347634200369747,11,80,0.4947914687039262,0.09522351333890489,50.0,0.4261152086325425
TS,5,20250801,20250829,trim_r1_to_r2,TSAL20250829_0830_interferenceAndInterferenceFree001,TSAL20250801_0830_staticAndStaticFree,0.5900149820428311,1.1347634200369747,12,79,0.4965007565399722,0.09351422550285887,33.0,0.42812924309813133
TS,5,20250801,20250829,trim_r1_to_r2,TSAL20250829_0830_interferenceAndInterferenceFree001,TSAL20250801_0830_staticAndStaticFree,0.5900149820428311,1.1347634200369747,13,78,0.4981943279143403,0.09182065412849078,71.0,0.4312982586268031
TS,5,20250801,20250829,trim_r1_to_r2,TSAL20250829_0830_interferenceAndInterferenceFree001,TSAL20250801_0830_staticAndStaticFree,0.5900149820428311,1.1347634200369747,14,77,0.4999192120180492,0.09009577002478192,24.0,0.432648731973401
TS,5,20250801,20250829,trim_r1_to_r2,TSAL20250829_0830_interferenceAndInterferenceFree001,TSAL20250801_0830_staticAndStaticFree,0.5900149820428311,1.1347634200369747,15,76,0.5016783022391393,0.08833667980369175,67.0,0.433953328727168
TS,5,20250801,20250829,trim_r1_to_r2,TSAL20250829_0830_interferenceAndInterferenceFree001,TSAL20250801_0830_staticAndStaticFree,0.5900149820428311,1.1347634200369747,16,75,0.503437639155736,0.08657734288709507,54.0,0.43658283632506206
TS,5,20250801,20250829,trim_r1_to_r2,TSAL20250829_0830_interferenceAndInterferenceFree001,TSAL20250801_0830_staticAndStaticFree,0.5900149820428311,1.1347634200369747,17,74,0.5052087521967386,0.08480622984609254,86.0,0.43879201315914484
TS,5,20250801,20250829,trim_r1_to_r2,TSAL20250829_0830_interferenceAndInterferenceFree001,TSAL20250801_0830_staticAndStaticFree,0.5900149820428311,1.1347634200369747,18,73,0.5070031504524697,0.0830118315903614,61.0,0.44061041499041703
TS,5,20250801,20250829,trim_r1_to_r2,TSAL20250829_0830_interferenceAndInterferenceFree001,TSAL20250801_0830_staticAndStaticFree,0.5900149820428311,1.1347634200369747,19,72,0.5088266573357625,0.0811883247070686,27.0,0.44226865609557786
TS,5,20250801,20250829,trim_r1_to_r2,TSAL20250829_0830_interferenceAndInterferenceFree001,TSAL20250801_0830_staticAndStaticFree,0.5900149820428311,1.1347634200369747,20,71,0.510693060434805,0.07932192160802609,22.0,0.4435025488692757
TS,5,20250801,20250829,trim_r1_to_r2,TSAL20250829_0830_interferenceAndInterferenceFree001,TSAL20250801_0830_staticAndStaticFree,0.5900149820428311,1.1347634200369747,21,70,0.5125631848527218,0.0774517971901093,89.0,0.44617376801667064
TS,5,20250801,20250829,trim_r1_to_r2,TSAL20250829_0830_interferenceAndInterferenceFree001,TSAL20250801_0830_staticAndStaticFree,0.5900149820428311,1.1347634200369747,22,69,0.514449667371611,0.07556531467122007,83.0,0.4484227792104914
TS,5,20250801,20250829,trim_r1_to_r2,TSAL20250829_0830_interferenceAndInterferenceFree001,TSAL20250801_0830_staticAndStaticFree,0.5900149820428311,1.1347634200369747,23,68,0.5163482995581207,0.07366668248471042,55.0,0.45084548912353595
TS,5,20250801,20250829,trim_r1_to_r2,TSAL20250829_0830_interferenceAndInterferenceFree001,TSAL20250801_0830_staticAndStaticFree,0.5900149820428311,1.1347634200369747,24,67,0.5182969949056947,0.0717179871371364,70.0,0.45204135308817345
TS,5,20250801,20250829,trim_r1_to_r2,TSAL20250829_0830_interferenceAndInterferenceFree001,TSAL20250801_0830_staticAndStaticFree,0.5900149820428311,1.1347634200369747,25,66,0.5202713710509483,0.06974361099188275,82.0,0.45412977018495265
TS,5,20250801,20250829,trim_r1_to_r2,TSAL20250829_0830_interferenceAndInterferenceFree001,TSAL20250801_0830_staticAndStaticFree,0.5900149820428311,1.1347634200369747,26,65,0.5222137996133942,0.06780118242943689,18.0,0.4581136570526842
TS,5,20250801,20250829,trim_r1_to_r2,TSAL20250829_0830_interferenceAndInterferenceFree001,TSAL20250801_0830_staticAndStaticFree,0.5900149820428311,1.1347634200369747,27,64,0.5241241017948839,0.0658908802479472,11.0,0.4620392808964708
TS,5,20250801,20250829,trim_r1_to_r2,TSAL20250829_0830_interferenceAndInterferenceFree001,TSAL20250801_0830_staticAndStaticFree,0.5900149820428311,1.1347634200369747,28,63,0.5261031522304455,0.06391182981238563,88.0,0.4627735382924701
TS,5,20250801,20250829,trim_r1_to_r2,TSAL20250829_0830_interferenceAndInterferenceFree001,TSAL20250801_0830_staticAndStaticFree,0.5900149820428311,1.1347634200369747,29,62,0.52802982954695,0.0619851524958811,32.0,0.4673394940770634
TS,5,20250801,20250829,trim_r1_to_r2,TSAL20250829_0830_interferenceAndInterferenceFree001,TSAL20250801_0830_staticAndStaticFree,0.5900149820428311,1.1347634200369747,30,61,0.5300071576554976,0.06000782438733354,72.0,0.46870998629052113
TS,5,20250801,20250829,trim_r1_to_r2,TSAL20250829_0830_interferenceAndInterferenceFree001,TSAL20250801_0830_staticAndStaticFree,0.5900149820428311,1.1347634200369747,31,60,0.5320585714373757,0.05795641060545542,23.0,0.46949045109009496
TS,5,20250801,20250829,trim_r1_to_r2,TSAL20250829_0830_interferenceAndInterferenceFree001,TSAL20250801_0830_staticAndStaticFree,0.5900149820428311,1.1347634200369747,32,59,0.5341239788533837,0.0558910031894474,68.0,0.47216175637313873
TS,5,20250801,20250829,trim_r1_to_r2,TSAL20250829_0830_interferenceAndInterferenceFree001,TSAL20250801_0830_staticAndStaticFree,0.5900149820428311,1.1347634200369747,33,58,0.5362570658161265,0.05375791622670456,80.0,0.47333100041521337
TS,5,20250801,20250829,trim_r1_to_r2,TSAL20250829_0830_interferenceAndInterferenceFree001,TSAL20250801_0830_staticAndStaticFree,0.5900149820428311,1.1347634200369747,34,57,0.5383852662881672,0.05162971575466391,44.0,0.4766674525989875
TS,5,20250801,20250829,trim_r1_to_r2,TSAL20250829_0830_interferenceAndInterferenceFree001,TSAL20250801_0830_staticAndStaticFree,0.5900149820428311,1.1347634200369747,35,56,0.5406133094260852,0.049401672616745884,64.0,0.47711407999542105
TS,5,20250801,20250829,trim_r1_to_r2,TSAL20250829_0830_interferenceAndInterferenceFree001,TSAL20250801_0830_staticAndStaticFree,0.5900149820428311,1.1347634200369747,36,55,0.5428921290092855,0.047122853033545575,87.0,0.4790851806796789
TS,5,20250801,20250829,trim_r1_to_r2,TSAL20250829_0830_interferenceAndInterferenceFree001,TSAL20250801_0830_staticAndStaticFree,0.5900149820428311,1.1347634200369747,37,54,0.5451263047642079,0.044888677278623224,66.0,0.4836864715038441
TS,5,20250801,20250829,trim_r1_to_r2,TSAL20250829_0830_interferenceAndInterferenceFree001,TSAL20250801_0830_staticAndStaticFree,0.5900149820428311,1.1347634200369747,38,53,0.5473327405241785,0.04268224151865263,26.0,0.48775897500496956
TS,5,20250801,20250829,trim_r1_to_r2,TSAL20250829_0830_interferenceAndInterferenceFree001,TSAL20250801_0830_staticAndStaticFree,0.5900149820428311,1.1347634200369747,39,52,0.5496146057536418,0.040400376289189244,36.0,0.48914517717286754
TS,5,20250801,20250829,trim_r1_to_r2,TSAL20250829_0830_interferenceAndInterferenceFree001,TSAL20250801_0830_staticAndStaticFree,0.5900149820428311,1.1347634200369747,40,51,0.5519269689095814,0.03808801313324972,7.0,0.49180552685515055
TS,5,20250801,20250829,trim_r1_to_r2,TSAL20250829_0830_interferenceAndInterferenceFree001,TSAL20250801_0830_staticAndStaticFree,0.5900149820428311,1.1347634200369747,41,50,0.5541746806419184,0.035840301400912655,42.0,0.4968580314673223
TS,5,20250801,20250829,trim_r1_to_r2,TSAL20250829_0830_interferenceAndInterferenceFree001,TSAL20250801_0830_staticAndStaticFree,0.5900149820428311,1.1347634200369747,42,49,0.5564874740444349,0.03352750799839621,5.0,0.49866763898152605
TS,5,20250801,20250829,trim_r1_to_r2,TSAL20250829_0830_interferenceAndInterferenceFree001,TSAL20250801_0830_staticAndStaticFree,0.5900149820428311,1.1347634200369747,43,48,0.5588755183836588,0.031139463659172306,60.0,0.5003684320726737
TS,5,20250801,20250829,trim_r1_to_r2,TSAL20250829_0830_interferenceAndInterferenceFree001,TSAL20250801_0830_staticAndStaticFree,0.5900149820428311,1.1347634200369747,44,47,0.5613758525292185,0.028639129513612582,8.0,0.5013678330357816
TS,5,20250801,20250829,trim_r1_to_r2,TSAL20250829_0830_interferenceAndInterferenceFree001,TSAL20250801_0830_staticAndStaticFree,0.5900149820428311,1.1347634200369747,45,46,0.563859780220293,0.026155201822538054,30.0,0.5054874794800434
TS,5,20250801,20250829,trim_r1_to_r2,TSAL20250829_0830_interferenceAndInterferenceFree001,TSAL20250801_0830_staticAndStaticFree,0.5900149820428311,1.1347634200369747,46,45,0.5664208247566451,0.02359415728618597,10.0,0.5075168004205459
TS,5,20250801,20250829,trim_r1_to_r2,TSAL20250829_0830_interferenceAndInterferenceFree001,TSAL20250801_0830_staticAndStaticFree,0.5900149820428311,1.1347634200369747,47,44,0.5691438739391887,0.020871108103642344,52.0,0.5078752673319552
TS,5,20250801,20250829,trim_r1_to_r2,TSAL20250829_0830_interferenceAndInterferenceFree001,TSAL20250801_0830_staticAndStaticFree,0.5900149820428311,1.1347634200369747,48,43,0.5719759257297007,0.018039056313130408,59.0,0.5096707863384414
TS,5,20250801,20250829,trim_r1_to_r2,TSAL20250829_0830_interferenceAndInterferenceFree001,TSAL20250801_0830_staticAndStaticFree,0.5900149820428311,1.1347634200369747,49,42,0.5746087014579847,0.015406280584846388,20.0,0.5180040232998772
TS,5,20250801,20250829,trim_r1_to_r2,TSAL20250829_0830_interferenceAndInterferenceFree001,TSAL20250801_0830_staticAndStaticFree,0.5900149820428311,1.1347634200369747,50,41,0.5773267919545925,0.012688190088238627,62.0,0.5202468915258308
TS,5,20250801,20250829,trim_r1_to_r2,TSAL20250829_0830_interferenceAndInterferenceFree001,TSAL20250801_0830_staticAndStaticFree,0.5900149820428311,1.1347634200369747,51,40,0.5801268415626598,0.009888140480171281,2.0,0.5227258245972772
TS,5,20250801,20250829,trim_r1_to_r2,TSAL20250829_0830_interferenceAndInterferenceFree001,TSAL20250801_0830_staticAndStaticFree,0.5900149820428311,1.1347634200369747,52,39,0.5829899712397464,0.007025010803084708,28.0,0.5257273776980169
TS,5,20250801,20250829,trim_r1_to_r2,TSAL20250829_0830_interferenceAndInterferenceFree001,TSAL20250801_0830_staticAndStaticFree,0.5900149820428311,1.1347634200369747,53,38,0.585921106736855,0.004093875305976047,65.0,0.5287639645432355
TS,5,20250801,20250829,trim_r1_to_r2,TSAL20250829_0830_interferenceAndInterferenceFree001,TSAL20250801_0830_staticAndStaticFree,0.5900149820428311,1.1347634200369747,54,37,0.5888666833154891,0.001148298727342012,75.0,0.5329007283214413
TS,5,20250801,20250829,trim_r1_to_r2,TSAL20250829_0830_interferenceAndInterferenceFree001,TSAL20250801_0830_staticAndStaticFree,0.5900149820428311,1.1347634200369747,55,36,0.592010223431343,0.0,31.0,0.5338547312880471
TS,6,20250801,20250830,trim_r2_to_r1,TSAL20250801_0830_staticAndStaticFree,TSAL20250830_0830_interferenceAndInterferenceFree001,0.37425308615813996,0.5783830240362071,0,79,0.7607158166146287,0.1823327925784216,,
TS,6,20250801,20250830,trim_r2_to_r1,TSAL20250801_0830_staticAndStaticFree,TSAL20250830_0830_interferenceAndInterferenceFree001,0.37425308615813996,0.5783830240362071,1,78,0.7532223286927949,0.1748393046565878,15.0,1.0492151016052262
TS,6,20250801,20250830,trim_r2_to_r1,TSAL20250801_0830_staticAndStaticFree,TSAL20250830_0830_interferenceAndInterferenceFree001,0.37425308615813996,0.5783830240362071,2,77,0.7460769185030802,0.1676938944668731,25.0,1.0247479159019566
TS,6,20250801,20250830,trim_r2_to_r1,TSAL20250801_0830_staticAndStaticFree,TSAL20250830_0830_interferenceAndInterferenceFree001,0.37425308615813996,0.5783830240362071,3,76,0.7403171660035083,0.16193414196730116,40.0,0.9620676372370269
TS,6,20250801,20250830,trim_r2_to_r1,TSAL20250801_0830_staticAndStaticFree,TSAL20250830_0830_interferenceAndInterferenceFree001,0.37425308615813996,0.5783830240362071,4,75,0.7352413130706484,0.15685828903444132,62.0,0.9281237245193258
TS,6,20250801,20250830,trim_r2_to_r1,TSAL20250801_0830_staticAndStaticFree,TSAL20250830_0830_interferenceAndInterferenceFree001,0.37425308615813996,0.5783830240362071,5,74,0.730258068088972,0.15187504405276486,64.0,0.9171297549018407
TS,6,20250801,20250830,trim_r2_to_r1,TSAL20250801_0830_staticAndStaticFree,TSAL20250830_0830_interferenceAndInterferenceFree001,0.37425308615813996,0.5783830240362071,6,73,0.72523164525366,0.1468486212174529,41.0,0.9112092901601999
TS,6,20250801,20250830,trim_r2_to_r1,TSAL20250801_0830_staticAndStaticFree,TSAL20250830_0830_interferenceAndInterferenceFree001,0.37425308615813996,0.5783830240362071,7,72,0.7203990243517653,0.14201600031555817,65.0,0.8967896872709239
TS,6,20250801,20250830,trim_r2_to_r1,TSAL20250801_0830_staticAndStaticFree,TSAL20250830_0830_interferenceAndInterferenceFree001,0.37425308615813996,0.5783830240362071,8,71,0.7156798964163366,0.13729687238012944,63.0,0.8855685020917664
TS,6,20250801,20250830,trim_r2_to_r1,TSAL20250801_0830_staticAndStaticFree,TSAL20250830_0830_interferenceAndInterferenceFree001,0.37425308615813996,0.5783830240362071,9,70,0.7107760860815596,0.1323930620453525,67.0,0.8848613529661441
TS,6,20250801,20250830,trim_r2_to_r1,TSAL20250801_0830_staticAndStaticFree,TSAL20250830_0830_interferenceAndInterferenceFree001,0.37425308615813996,0.5783830240362071,10,69,0.7057875242017544,0.12740450016554727,10.0,0.8803871899949374
TS,6,20250801,20250830,trim_r2_to_r1,TSAL20250801_0830_staticAndStaticFree,TSAL20250830_0830_interferenceAndInterferenceFree001,0.37425308615813996,0.5783830240362071,11,68,0.7009617170816653,0.12257869304545821,66.0,0.8674520627247374
TS,6,20250801,20250830,trim_r2_to_r1,TSAL20250801_0830_staticAndStaticFree,TSAL20250830_0830_interferenceAndInterferenceFree001,0.37425308615813996,0.5783830240362071,12,67,0.6960882343249117,0.11770521028870462,78.0,0.8617866480545344
TS,6,20250801,20250830,trim_r2_to_r1,TSAL20250801_0830_staticAndStaticFree,TSAL20250830_0830_interferenceAndInterferenceFree001,0.37425308615813996,0.5783830240362071,13,66,0.6917449026788705,0.11336187864266334,71.0,0.8372465128212512
TS,6,20250801,20250830,trim_r2_to_r1,TSAL20250801_0830_staticAndStaticFree,TSAL20250830_0830_interferenceAndInterferenceFree001,0.37425308615813996,0.5783830240362071,14,65,0.6871077489055665,0.10872472486935936,76.0,0.8401338234245985
TS,6,20250801,20250830,trim_r2_to_r1,TSAL20250801_0830_staticAndStaticFree,TSAL20250830_0830_interferenceAndInterferenceFree001,0.37425308615813996,0.5783830240362071,15,64,0.6823638837826677,0.10398085974646054,58.0,0.8365395002768805
TS,6,20250801,20250830,trim_r2_to_r1,TSAL20250801_0830_staticAndStaticFree,TSAL20250830_0830_interferenceAndInterferenceFree001,0.37425308615813996,0.5783830240362071,16,63,0.6779704060752362,0.09958738203902906,50.0,0.8185616927130437
TS,6,20250801,20250830,trim_r2_to_r1,TSAL20250801_0830_staticAndStaticFree,TSAL20250830_0830_interferenceAndInterferenceFree001,0.37425308615813996,0.5783830240362071,17,62,0.6735563195237949,0.0951732954875878,54.0,0.8126000458941938
TS,6,20250801,20250830,trim_r2_to_r1,TSAL20250801_0830_staticAndStaticFree,TSAL20250830_0830_interferenceAndInterferenceFree001,0.37425308615813996,0.5783830240362071,18,61,0.6690581027178631,0.09067507868165603,51.0,0.808502823701752
TS,6,20250801,20250830,trim_r2_to_r1,TSAL20250801_0830_staticAndStaticFree,TSAL20250830_0830_interferenceAndInterferenceFree001,0.37425308615813996,0.5783830240362071,19,60,0.6644839411106535,0.08610091707444634,52.0,0.803995870130546
TS,6,20250801,20250830,trim_r2_to_r1,TSAL20250801_0830_staticAndStaticFree,TSAL20250830_0830_interferenceAndInterferenceFree001,0.37425308615813996,0.5783830240362071,20,59,0.6599345780355929,0.08155155399938574,69.0,0.7964154702874082
TS,6,20250801,20250830,trim_r2_to_r1,TSAL20250801_0830_staticAndStaticFree,TSAL20250830_0830_interferenceAndInterferenceFree001,0.37425308615813996,0.5783830240362071,21,58,0.6552670615078596,0.07688403747165251,70.0,0.7929587990759963
TS,6,20250801,20250830,trim_r2_to_r1,TSAL20250801_0830_staticAndStaticFree,TSAL20250830_0830_interferenceAndInterferenceFree001,0.37425308615813996,0.5783830240362071,22,57,0.65027584363478,0.07189281959857285,75.0,0.7950211619540893
TS,6,20250801,20250830,trim_r2_to_r1,TSAL20250801_0830_staticAndStaticFree,TSAL20250830_0830_interferenceAndInterferenceFree001,0.37425308615813996,0.5783830240362071,23,56,0.6453445825188038,0.06696155848259666,47.0,0.7858855243241208
TS,6,20250801,20250830,trim_r2_to_r1,TSAL20250801_0830_staticAndStaticFree,TSAL20250830_0830_interferenceAndInterferenceFree001,0.37425308615813996,0.5783830240362071,24,55,0.6409062123019392,0.06252318826573211,74.0,0.7651805783741491
TS,6,20250801,20250830,trim_r2_to_r1,TSAL20250801_0830_staticAndStaticFree,TSAL20250830_0830_interferenceAndInterferenceFree001,0.37425308615813996,0.5783830240362071,25,54,0.636272657248497,0.057889633212289904,42.0,0.7636954212181557
TS,6,20250801,20250830,trim_r2_to_r1,TSAL20250801_0830_staticAndStaticFree,TSAL20250830_0830_interferenceAndInterferenceFree001,0.37425308615813996,0.5783830240362071,26,53,0.632551646022283,0.05416862198607586,13.0,0.7330189491300624
TS,6,20250801,20250830,trim_r2_to_r1,TSAL20250801_0830_staticAndStaticFree,TSAL20250830_0830_interferenceAndInterferenceFree001,0.37425308615813996,0.5783830240362071,27,52,0.6288401796291824,0.050457155592975256,37.0,0.727194039046351
TS,6,20250801,20250830,trim_r2_to_r1,TSAL20250801_0830_staticAndStaticFree,TSAL20250830_0830_interferenceAndInterferenceFree001,0.37425308615813996,0.5783830240362071,28,51,0.6254257516180678,0.04704272758186068,18.0,0.7142008799070457
TS,6,20250801,20250830,trim_r2_to_r1,TSAL20250801_0830_staticAndStaticFree,TSAL20250830_0830_interferenceAndInterferenceFree001,0.37425308615813996,0.5783830240362071,29,50,0.6224908689647212,0.04410784492851405,20.0,0.6973303766250575
TS,6,20250801,20250830,trim_r2_to_r1,TSAL20250801_0830_staticAndStaticFree,TSAL20250830_0830_interferenceAndInterferenceFree001,0.37425308615813996,0.5783830240362071,30,49,0.6196659791560883,0.041282955119881226,35.0,0.6902882243719108
TS,6,20250801,20250830,trim_r2_to_r1,TSAL20250801_0830_staticAndStaticFree,TSAL20250830_0830_interferenceAndInterferenceFree001,0.37425308615813996,0.5783830240362071,31,48,0.6171202645530779,0.038737240516870775,60.0,0.6794902723268347
TS,6,20250801,20250830,trim_r2_to_r1,TSAL20250801_0830_staticAndStaticFree,TSAL20250830_0830_interferenceAndInterferenceFree001,0.37425308615813996,0.5783830240362071,32,47,0.6143797519139456,0.035996727877738444,38.0,0.6801520552531221
TS,6,20250801,20250830,trim_r2_to_r1,TSAL20250801_0830_staticAndStaticFree,TSAL20250830_0830_interferenceAndInterferenceFree001,0.37425308615813996,0.5783830240362071,33,46,0.6116165870957057,0.03323356305949854,33.0,0.676550960324344
TS,6,20250801,20250830,trim_r2_to_r1,TSAL20250801_0830_staticAndStaticFree,TSAL20250830_0830_interferenceAndInterferenceFree001,0.37425308615813996,0.5783830240362071,34,45,0.6086380151294983,0.030254991093291217,48.0,0.6771451703522674
TS,6,20250801,20250830,trim_r2_to_r1,TSAL20250801_0830_staticAndStaticFree,TSAL20250830_0830_interferenceAndInterferenceFree001,0.37425308615813996,0.5783830240362071,35,44,0.6056590131446276,0.02727598910842044,36.0,0.6726865578042184
TS,6,20250801,20250830,trim_r2_to_r1,TSAL20250801_0830_staticAndStaticFree,TSAL20250830_0830_interferenceAndInterferenceFree001,0.37425308615813996,0.5783830240362071,36,43,0.6029546329850859,0.024571608948878776,30.0,0.6624509964950025
TS,6,20250801,20250830,trim_r2_to_r1,TSAL20250801_0830_staticAndStaticFree,TSAL20250830_0830_interferenceAndInterferenceFree001,0.37425308615813996,0.5783830240362071,37,42,0.6002339282056406,0.02185090416943347,61.0,0.6587290809637134
TS,6,20250801,20250830,trim_r2_to_r1,TSAL20250801_0830_staticAndStaticFree,TSAL20250830_0830_interferenceAndInterferenceFree001,0.37425308615813996,0.5783830240362071,38,41,0.5976012286132412,0.019218204577034048,53.0,0.6528879200536309
TS,6,20250801,20250830,trim_r2_to_r1,TSAL20250801_0830_staticAndStaticFree,TSAL20250830_0830_interferenceAndInterferenceFree001,0.37425308615813996,0.5783830240362071,39,40,0.5947430319594136,0.016360007923206465,77.0,0.6533360633628782
TS,6,20250801,20250830,trim_r2_to_r1,TSAL20250801_0830_staticAndStaticFree,TSAL20250830_0830_interferenceAndInterferenceFree001,0.37425308615813996,0.5783830240362071,40,39,0.5917787634965433,0.013395739460336231,44.0,0.6510641327539475
TS,6,20250801,20250830,trim_r2_to_r1,TSAL20250801_0830_staticAndStaticFree,TSAL20250830_0830_interferenceAndInterferenceFree001,0.37425308615813996,0.5783830240362071,41,38,0.5883944931143417,0.01001146907813455,68.0,0.6543877655672735
TS,6,20250801,20250830,trim_r2_to_r1,TSAL20250801_0830_staticAndStaticFree,TSAL20250830_0830_interferenceAndInterferenceFree001,0.37425308615813996,0.5783830240362071,42,37,0.5846444344193441,0.006261410383136989,72.0,0.6558955496242987
TS,6,20250801,20250830,trim_r2_to_r1,TSAL20250801_0830_staticAndStaticFree,TSAL20250830_0830_interferenceAndInterferenceFree001,0.37425308615813996,0.5783830240362071,43,36,0.5809813562541184,0.002598332217911281,43.0,0.6487483023107943
TS,6,20250801,20250830,trim_r2_to_r1,TSAL20250801_0830_staticAndStaticFree,TSAL20250830_0830_interferenceAndInterferenceFree001,0.37425308615813996,0.5783830240362071,44,35,0.5771366874363097,0.0,4.0,0.6463407261568652
TS,6,20250801,20250830,trim_r1_to_r2,TSAL20250830_0830_interferenceAndInterferenceFree001,TSAL20250801_0830_staticAndStaticFree,0.5679024532450075,0.9535291799842499,0,91,0.4763180550971735,0.09158439814783403,,
TS,6,20250801,20250830,trim_r1_to_r2,TSAL20250830_0830_interferenceAndInterferenceFree001,TSAL20250801_0830_staticAndStaticFree,0.5679024532450075,0.9535291799842499,1,90,0.47814277845845615,0.08975967478655139,78.0,0.39511786552009753
TS,6,20250801,20250830,trim_r1_to_r2,TSAL20250830_0830_interferenceAndInterferenceFree001,TSAL20250801_0830_staticAndStaticFree,0.5679024532450075,0.9535291799842499,2,89,0.4798469391022111,0.08805551414279644,6.0,0.40315971013323554
TS,6,20250801,20250830,trim_r1_to_r2,TSAL20250830_0830_interferenceAndInterferenceFree001,TSAL20250801_0830_staticAndStaticFree,0.5679024532450075,0.9535291799842499,3,88,0.4814476175561682,0.08645483568883933,73.0,0.41021742635507635
TS,6,20250801,20250830,trim_r1_to_r2,TSAL20250830_0830_interferenceAndInterferenceFree001,TSAL20250801_0830_staticAndStaticFree,0.5679024532450075,0.9535291799842499,4,87,0.48308081667778946,0.08482163656721808,63.0,0.4112200553264545
TS,6,20250801,20250830,trim_r1_to_r2,TSAL20250830_0830_interferenceAndInterferenceFree001,TSAL20250801_0830_staticAndStaticFree,0.5679024532450075,0.9535291799842499,5,86,0.4847382168827451,0.08316423636226244,51.0,0.41264130796717446
TS,6,20250801,20250830,trim_r1_to_r2,TSAL20250830_0830_interferenceAndInterferenceFree001,TSAL20250801_0830_staticAndStaticFree,0.5679024532450075,0.9535291799842499,6,85,0.48642912853982095,0.08147332470518659,19.0,0.4137199272855614
TS,6,20250801,20250830,trim_r1_to_r2,TSAL20250830_0830_interferenceAndInterferenceFree001,TSAL20250801_0830_staticAndStaticFree,0.5679024532450075,0.9535291799842499,7,84,0.4881580284761443,0.07974442476886323,29.0,0.4146797811823995
TS,6,20250801,20250830,trim_r1_to_r2,TSAL20250830_0830_interferenceAndInterferenceFree001,TSAL20250801_0830_staticAndStaticFree,0.5679024532450075,0.9535291799842499,8,83,0.48978082500934406,0.07812162823566349,77.0,0.42162337061495536
TS,6,20250801,20250830,trim_r1_to_r2,TSAL20250830_0830_interferenceAndInterferenceFree001,TSAL20250801_0830_staticAndStaticFree,0.5679024532450075,0.9535291799842499,9,82,0.4914216436228033,0.07648080962220427,79.0,0.42332767116424413
TS,6,20250801,20250830,trim_r1_to_r2,TSAL20250830_0830_interferenceAndInterferenceFree001,TSAL20250801_0830_staticAndStaticFree,0.5679024532450075,0.9535291799842499,10,81,0.49309575857870686,0.07480669466630069,21.0,0.42445704538666085
TS,6,20250801,20250830,trim_r1_to_r2,TSAL20250830_0830_interferenceAndInterferenceFree001,TSAL20250801_0830_staticAndStaticFree,0.5679024532450075,0.9535291799842499,11,80,0.4947914687039262,0.07311098454108134,50.0,0.4261152086325425
TS,6,20250801,20250830,trim_r1_to_r2,TSAL20250830_0830_interferenceAndInterferenceFree001,TSAL20250801_0830_staticAndStaticFree,0.5679024532450075,0.9535291799842499,12,79,0.4965007565399722,0.07140169670503532,33.0,0.42812924309813133
TS,6,20250801,20250830,trim_r1_to_r2,TSAL20250830_0830_interferenceAndInterferenceFree001,TSAL20250801_0830_staticAndStaticFree,0.5679024532450075,0.9535291799842499,13,78,0.4981943279143403,0.06970812533066723,71.0,0.4312982586268031
TS,6,20250801,20250830,trim_r1_to_r2,TSAL20250830_0830_interferenceAndInterferenceFree001,TSAL20250801_0830_staticAndStaticFree,0.5679024532450075,0.9535291799842499,14,77,0.4999192120180492,0.06798324122695837,24.0,0.432648731973401
TS,6,20250801,20250830,trim_r1_to_r2,TSAL20250830_0830_interferenceAndInterferenceFree001,TSAL20250801_0830_staticAndStaticFree,0.5679024532450075,0.9535291799842499,15,76,0.5016783022391393,0.0662241510058682,67.0,0.433953328727168
TS,6,20250801,20250830,trim_r1_to_r2,TSAL20250830_0830_interferenceAndInterferenceFree001,TSAL20250801_0830_staticAndStaticFree,0.5679024532450075,0.9535291799842499,16,75,0.503437639155736,0.06446481408927152,54.0,0.43658283632506206
TS,6,20250801,20250830,trim_r1_to_r2,TSAL20250830_0830_interferenceAndInterferenceFree001,TSAL20250801_0830_staticAndStaticFree,0.5679024532450075,0.9535291799842499,17,74,0.5052087521967386,0.06269370104826899,86.0,0.43879201315914484
TS,6,20250801,20250830,trim_r1_to_r2,TSAL20250830_0830_interferenceAndInterferenceFree001,TSAL20250801_0830_staticAndStaticFree,0.5679024532450075,0.9535291799842499,18,73,0.5070031504524697,0.06089930279253786,61.0,0.44061041499041703
TS,6,20250801,20250830,trim_r1_to_r2,TSAL20250830_0830_interferenceAndInterferenceFree001,TSAL20250801_0830_staticAndStaticFree,0.5679024532450075,0.9535291799842499,19,72,0.5088266573357625,0.059075795909245055,27.0,0.44226865609557786
TS,6,20250801,20250830,trim_r1_to_r2,TSAL20250830_0830_interferenceAndInterferenceFree001,TSAL20250801_0830_staticAndStaticFree,0.5679024532450075,0.9535291799842499,20,71,0.510693060434805,0.05720939281020254,22.0,0.4435025488692757
TS,6,20250801,20250830,trim_r1_to_r2,TSAL20250830_0830_interferenceAndInterferenceFree001,TSAL20250801_0830_staticAndStaticFree,0.5679024532450075,0.9535291799842499,21,70,0.5125631848527218,0.055339268392285756,89.0,0.44617376801667064
TS,6,20250801,20250830,trim_r1_to_r2,TSAL20250830_0830_interferenceAndInterferenceFree001,TSAL20250801_0830_staticAndStaticFree,0.5679024532450075,0.9535291799842499,22,69,0.514449667371611,0.053452785873396524,83.0,0.4484227792104914
TS,6,20250801,20250830,trim_r1_to_r2,TSAL20250830_0830_interferenceAndInterferenceFree001,TSAL20250801_0830_staticAndStaticFree,0.5679024532450075,0.9535291799842499,23,68,0.5163482995581207,0.05155415368688687,55.0,0.45084548912353595
TS,6,20250801,20250830,trim_r1_to_r2,TSAL20250830_0830_interferenceAndInterferenceFree001,TSAL20250801_0830_staticAndStaticFree,0.5679024532450075,0.9535291799842499,24,67,0.5182969949056947,0.04960545833931285,70.0,0.45204135308817345
TS,6,20250801,20250830,trim_r1_to_r2,TSAL20250830_0830_interferenceAndInterferenceFree001,TSAL20250801_0830_staticAndStaticFree,0.5679024532450075,0.9535291799842499,25,66,0.5202713710509483,0.047631082194059204,82.0,0.45412977018495265
TS,6,20250801,20250830,trim_r1_to_r2,TSAL20250830_0830_interferenceAndInterferenceFree001,TSAL20250801_0830_staticAndStaticFree,0.5679024532450075,0.9535291799842499,26,65,0.5222137996133942,0.04568865363161334,18.0,0.4581136570526842
TS,6,20250801,20250830,trim_r1_to_r2,TSAL20250830_0830_interferenceAndInterferenceFree001,TSAL20250801_0830_staticAndStaticFree,0.5679024532450075,0.9535291799842499,27,64,0.5241241017948839,0.043778351450123654,11.0,0.4620392808964708
TS,6,20250801,20250830,trim_r1_to_r2,TSAL20250830_0830_interferenceAndInterferenceFree001,TSAL20250801_0830_staticAndStaticFree,0.5679024532450075,0.9535291799842499,28,63,0.5261031522304455,0.041799301014562085,88.0,0.4627735382924701
TS,6,20250801,20250830,trim_r1_to_r2,TSAL20250830_0830_interferenceAndInterferenceFree001,TSAL20250801_0830_staticAndStaticFree,0.5679024532450075,0.9535291799842499,29,62,0.52802982954695,0.03987262369805755,32.0,0.4673394940770634
TS,6,20250801,20250830,trim_r1_to_r2,TSAL20250830_0830_interferenceAndInterferenceFree001,TSAL20250801_0830_staticAndStaticFree,0.5679024532450075,0.9535291799842499,30,61,0.5300071576554976,0.03789529558950999,72.0,0.46870998629052113
TS,6,20250801,20250830,trim_r1_to_r2,TSAL20250830_0830_interferenceAndInterferenceFree001,TSAL20250801_0830_staticAndStaticFree,0.5679024532450075,0.9535291799842499,31,60,0.5320585714373757,0.03584388180763187,23.0,0.46949045109009496
TS,6,20250801,20250830,trim_r1_to_r2,TSAL20250830_0830_interferenceAndInterferenceFree001,TSAL20250801_0830_staticAndStaticFree,0.5679024532450075,0.9535291799842499,32,59,0.5341239788533837,0.03377847439162385,68.0,0.47216175637313873
TS,6,20250801,20250830,trim_r1_to_r2,TSAL20250830_0830_interferenceAndInterferenceFree001,TSAL20250801_0830_staticAndStaticFree,0.5679024532450075,0.9535291799842499,33,58,0.5362570658161265,0.03164538742888101,80.0,0.47333100041521337
TS,6,20250801,20250830,trim_r1_to_r2,TSAL20250830_0830_interferenceAndInterferenceFree001,TSAL20250801_0830_staticAndStaticFree,0.5679024532450075,0.9535291799842499,34,57,0.5383852662881672,0.029517186956840358,44.0,0.4766674525989875
TS,6,20250801,20250830,trim_r1_to_r2,TSAL20250830_0830_interferenceAndInterferenceFree001,TSAL20250801_0830_staticAndStaticFree,0.5679024532450075,0.9535291799842499,35,56,0.5406133094260852,0.027289143818922335,64.0,0.47711407999542105
TS,6,20250801,20250830,trim_r1_to_r2,TSAL20250830_0830_interferenceAndInterferenceFree001,TSAL20250801_0830_staticAndStaticFree,0.5679024532450075,0.9535291799842499,36,55,0.5428921290092855,0.025010324235722026,87.0,0.4790851806796789
TS,6,20250801,20250830,trim_r1_to_r2,TSAL20250830_0830_interferenceAndInterferenceFree001,TSAL20250801_0830_staticAndStaticFree,0.5679024532450075,0.9535291799842499,37,54,0.5451263047642079,0.022776148480799674,66.0,0.4836864715038441
TS,6,20250801,20250830,trim_r1_to_r2,TSAL20250830_0830_interferenceAndInterferenceFree001,TSAL20250801_0830_staticAndStaticFree,0.5679024532450075,0.9535291799842499,38,53,0.5473327405241785,0.02056971272082908,26.0,0.48775897500496956
TS,6,20250801,20250830,trim_r1_to_r2,TSAL20250830_0830_interferenceAndInterferenceFree001,TSAL20250801_0830_staticAndStaticFree,0.5679024532450075,0.9535291799842499,39,52,0.5496146057536418,0.018287847491365694,36.0,0.48914517717286754
TS,6,20250801,20250830,trim_r1_to_r2,TSAL20250830_0830_interferenceAndInterferenceFree001,TSAL20250801_0830_staticAndStaticFree,0.5679024532450075,0.9535291799842499,40,51,0.5519269689095814,0.01597548433542617,7.0,0.49180552685515055
TS,6,20250801,20250830,trim_r1_to_r2,TSAL20250830_0830_interferenceAndInterferenceFree001,TSAL20250801_0830_staticAndStaticFree,0.5679024532450075,0.9535291799842499,41,50,0.5541746806419184,0.013727772603089106,42.0,0.4968580314673223
TS,6,20250801,20250830,trim_r1_to_r2,TSAL20250830_0830_interferenceAndInterferenceFree001,TSAL20250801_0830_staticAndStaticFree,0.5679024532450075,0.9535291799842499,42,49,0.5564874740444349,0.011414979200572661,5.0,0.49866763898152605
TS,6,20250801,20250830,trim_r1_to_r2,TSAL20250830_0830_interferenceAndInterferenceFree001,TSAL20250801_0830_staticAndStaticFree,0.5679024532450075,0.9535291799842499,43,48,0.5588755183836588,0.009026934861348757,60.0,0.5003684320726737
TS,6,20250801,20250830,trim_r1_to_r2,TSAL20250830_0830_interferenceAndInterferenceFree001,TSAL20250801_0830_staticAndStaticFree,0.5679024532450075,0.9535291799842499,44,47,0.5613758525292185,0.006526600715789033,8.0,0.5013678330357816
TS,6,20250801,20250830,trim_r1_to_r2,TSAL20250830_0830_interferenceAndInterferenceFree001,TSAL20250801_0830_staticAndStaticFree,0.5679024532450075,0.9535291799842499,45,46,0.563859780220293,0.004042673024714505,30.0,0.5054874794800434
TS,6,20250801,20250830,trim_r1_to_r2,TSAL20250830_0830_interferenceAndInterferenceFree001,TSAL20250801_0830_staticAndStaticFree,0.5679024532450075,0.9535291799842499,46,45,0.5664208247566451,0.0014816284883624187,10.0,0.5075168004205459
TS,6,20250801,20250830,trim_r1_to_r2,TSAL20250830_0830_interferenceAndInterferenceFree001,TSAL20250801_0830_staticAndStaticFree,0.5679024532450075,0.9535291799842499,47,44,0.5691438739391887,0.0,52.0,0.5078752673319552
TS,7,20250802,20250828,trim_r2_to_r1,TSAL20250802_0830_staticAndStaticFree001,TSAL20250828_0830_interferenceAndInterferenceFree001,0.48601245888110073,0.7294941867785748,0,90,0.8688595485308579,0.1393653617522831,,
TS,7,20250802,20250828,trim_r2_to_r1,TSAL20250802_0830_staticAndStaticFree001,TSAL20250828_0830_interferenceAndInterferenceFree001,0.48601245888110073,0.7294941867785748,1,89,0.8635199154685065,0.13402572868993168,27.0,1.1038034032743222
TS,7,20250802,20250828,trim_r2_to_r1,TSAL20250802_0830_staticAndStaticFree001,TSAL20250828_0830_interferenceAndInterferenceFree001,0.48601245888110073,0.7294941867785748,2,88,0.8587557585731049,0.12926157179453013,75.0,1.070760740418474
TS,7,20250802,20250828,trim_r2_to_r1,TSAL20250802_0830_staticAndStaticFree001,TSAL20250828_0830_interferenceAndInterferenceFree001,0.48601245888110073,0.7294941867785748,3,87,0.8549141812146666,0.12541999443609175,62.0,1.0239435849859566
TS,7,20250802,20250828,trim_r2_to_r1,TSAL20250802_0830_staticAndStaticFree001,TSAL20250828_0830_interferenceAndInterferenceFree001,0.48601245888110073,0.7294941867785748,4,86,0.8511962011135393,0.12170201433496453,59.0,1.012928335512573
TS,7,20250802,20250828,trim_r2_to_r1,TSAL20250802_0830_staticAndStaticFree001,TSAL20250828_0830_interferenceAndInterferenceFree001,0.48601245888110073,0.7294941867785748,5,85,0.8475493746935528,0.11805518791497804,76.0,1.0043629107529695
TS,7,20250802,20250828,trim_r2_to_r1,TSAL20250802_0830_staticAndStaticFree001,TSAL20250828_0830_interferenceAndInterferenceFree001,0.48601245888110073,0.7294941867785748,6,84,0.8439012952649045,0.11440710848632973,83.0,0.9989446709824561
TS,7,20250802,20250828,trim_r2_to_r1,TSAL20250802_0830_staticAndStaticFree001,TSAL20250828_0830_interferenceAndInterferenceFree001,0.48601245888110073,0.7294941867785748,7,83,0.8408570352072088,0.11136284842863398,10.0,0.9687159576304307
TS,7,20250802,20250828,trim_r2_to_r1,TSAL20250802_0830_staticAndStaticFree001,TSAL20250828_0830_interferenceAndInterferenceFree001,0.48601245888110073,0.7294941867785748,8,82,0.8377617829681232,0.1082675961895484,11.0,0.9662147508901726
TS,7,20250802,20250828,trim_r2_to_r1,TSAL20250802_0830_staticAndStaticFree001,TSAL20250828_0830_interferenceAndInterferenceFree001,0.48601245888110073,0.7294941867785748,9,81,0.8345607069272439,0.10506652014866913,79.0,0.965804824603299
TS,7,20250802,20250828,trim_r2_to_r1,TSAL20250802_0830_staticAndStaticFree001,TSAL20250828_0830_interferenceAndInterferenceFree001,0.48601245888110073,0.7294941867785748,10,80,0.8313714197212871,0.10187723294271234,81.0,0.9605375515625395
TS,7,20250802,20250828,trim_r2_to_r1,TSAL20250802_0830_staticAndStaticFree001,TSAL20250828_0830_interferenceAndInterferenceFree001,0.48601245888110073,0.7294941867785748,11,79,0.8280858279478184,0.09859164116924357,74.0,0.9595094988865672
TS,7,20250802,20250828,trim_r2_to_r1,TSAL20250802_0830_staticAndStaticFree001,TSAL20250828_0830_interferenceAndInterferenceFree001,0.48601245888110073,0.7294941867785748,12,78,0.8249208281552428,0.09542664137666801,78.0,0.9499383199619792
TS,7,20250802,20250828,trim_r2_to_r1,TSAL20250802_0830_staticAndStaticFree001,TSAL20250828_0830_interferenceAndInterferenceFree001,0.48601245888110073,0.7294941867785748,13,77,0.822079905723245,0.09258571894467016,0.0,0.9328758805711543
TS,7,20250802,20250828,trim_r2_to_r1,TSAL20250802_0830_staticAndStaticFree001,TSAL20250828_0830_interferenceAndInterferenceFree001,0.48601245888110073,0.7294941867785748,14,76,0.8192646358761241,0.08977044909754928,67.0,0.9276525249902825
TS,7,20250802,20250828,trim_r2_to_r1,TSAL20250802_0830_staticAndStaticFree001,TSAL20250828_0830_interferenceAndInterferenceFree001,0.48601245888110073,0.7294941867785748,15,75,0.8162065479171008,0.08671236113852598,84.0,0.9324138903599839
TS,7,20250802,20250828,trim_r2_to_r1,TSAL20250802_0830_staticAndStaticFree001,TSAL20250828_0830_interferenceAndInterferenceFree001,0.48601245888110073,0.7294941867785748,16,74,0.8131478586689921,0.08365367189041728,9.0,0.9278487054730683
TS,7,20250802,20250828,trim_r2_to_r1,TSAL20250802_0830_staticAndStaticFree001,TSAL20250828_0830_interferenceAndInterferenceFree001,0.48601245888110073,0.7294941867785748,17,73,0.8101973687494798,0.08070318197090498,5.0,0.9193654957714394
TS,7,20250802,20250828,trim_r2_to_r1,TSAL20250802_0830_staticAndStaticFree001,TSAL20250828_0830_interferenceAndInterferenceFree001,0.48601245888110073,0.7294941867785748,18,72,0.8071827294104228,0.07768854263184799,77.0,0.9172170652860027
TS,7,20250802,20250828,trim_r2_to_r1,TSAL20250802_0830_staticAndStaticFree001,TSAL20250828_0830_interferenceAndInterferenceFree001,0.48601245888110073,0.7294941867785748,19,71,0.8047817049171032,0.07528751813852841,12.0,0.8912185866766044
TS,7,20250802,20250828,trim_r2_to_r1,TSAL20250802_0830_staticAndStaticFree001,TSAL20250828_0830_interferenceAndInterferenceFree001,0.48601245888110073,0.7294941867785748,20,70,0.8021921714254303,0.0726979846468555,18.0,0.8941206103798168
TS,7,20250802,20250828,trim_r2_to_r1,TSAL20250802_0830_staticAndStaticFree001,TSAL20250828_0830_interferenceAndInterferenceFree001,0.48601245888110073,0.7294941867785748,21,69,0.7994267889114345,0.06993260213285968,14.0,0.8962151769012942
TS,7,20250802,20250828,trim_r2_to_r1,TSAL20250802_0830_staticAndStaticFree001,TSAL20250828_0830_interferenceAndInterferenceFree001,0.48601245888110073,0.7294941867785748,22,68,0.7966357416727814,0.06714155489420659,8.0,0.8929268714063134
TS,7,20250802,20250828,trim_r2_to_r1,TSAL20250802_0830_staticAndStaticFree001,TSAL20250828_0830_interferenceAndInterferenceFree001,0.48601245888110073,0.7294941867785748,23,67,0.7937559980710449,0.0642618112924701,2.0,0.8916672805300823
TS,7,20250802,20250828,trim_r2_to_r1,TSAL20250802_0830_staticAndStaticFree001,TSAL20250828_0830_interferenceAndInterferenceFree001,0.48601245888110073,0.7294941867785748,24,66,0.7908452590881438,0.061351072309569044,85.0,0.888355015015328
TS,7,20250802,20250828,trim_r2_to_r1,TSAL20250802_0830_staticAndStaticFree001,TSAL20250828_0830_interferenceAndInterferenceFree001,0.48601245888110073,0.7294941867785748,25,65,0.7878921180792433,0.058397931300668504,19.0,0.8853457713729647
TS,7,20250802,20250828,trim_r2_to_r1,TSAL20250802_0830_staticAndStaticFree001,TSAL20250828_0830_interferenceAndInterferenceFree001,0.48601245888110073,0.7294941867785748,26,64,0.7849042266330847,0.055410039854509874,13.0,0.8820106986332331
TS,7,20250802,20250828,trim_r2_to_r1,TSAL20250802_0830_staticAndStaticFree001,TSAL20250828_0830_interferenceAndInterferenceFree001,0.48601245888110073,0.7294941867785748,27,63,0.7818220377545875,0.05232785097601267,1.0,0.8804520818664984
TS,7,20250802,20250828,trim_r2_to_r1,TSAL20250802_0830_staticAndStaticFree001,TSAL20250828_0830_interferenceAndInterferenceFree001,0.48601245888110073,0.7294941867785748,28,62,0.7786066278992173,0.0491124411206425,7.0,0.879892038343384
TS,7,20250802,20250828,trim_r2_to_r1,TSAL20250802_0830_staticAndStaticFree001,TSAL20250828_0830_interferenceAndInterferenceFree001,0.48601245888110073,0.7294941867785748,29,61,0.775331417871477,0.045837231092902164,22.0,0.8768629287314258
TS,7,20250802,20250828,trim_r2_to_r1,TSAL20250802_0830_staticAndStaticFree001,TSAL20250828_0830_interferenceAndInterferenceFree001,0.48601245888110073,0.7294941867785748,30,60,0.771808423606789,0.042314236828214224,15.0,0.8792597486797697
TS,7,20250802,20250828,trim_r2_to_r1,TSAL20250802_0830_staticAndStaticFree001,TSAL20250828_0830_interferenceAndInterferenceFree001,0.48601245888110073,0.7294941867785748,31,59,0.768327268465665,0.03883308168709021,6.0,0.8727619226993827
TS,7,20250802,20250828,trim_r2_to_r1,TSAL20250802_0830_staticAndStaticFree001,TSAL20250828_0830_interferenceAndInterferenceFree001,0.48601245888110073,0.7294941867785748,32,58,0.7644775440636136,0.03498335728503876,16.0,0.8780444139241316
TS,7,20250802,20250828,trim_r2_to_r1,TSAL20250802_0830_staticAndStaticFree001,TSAL20250828_0830_interferenceAndInterferenceFree001,0.48601245888110073,0.7294941867785748,33,57,0.760387190277881,0.030893003499306237,21.0,0.8790074500641246
TS,7,20250802,20250828,trim_r2_to_r1,TSAL20250802_0830_staticAndStaticFree001,TSAL20250828_0830_interferenceAndInterferenceFree001,0.48601245888110073,0.7294941867785748,34,56,0.7564319298738156,0.026937743095240774,17.0,0.8691568513896865
TS,7,20250802,20250828,trim_r2_to_r1,TSAL20250802_0830_staticAndStaticFree001,TSAL20250828_0830_interferenceAndInterferenceFree001,0.48601245888110073,0.7294941867785748,35,55,0.7524504468263689,0.022956260047794053,23.0,0.8639319721548765
TS,7,20250802,20250828,trim_r2_to_r1,TSAL20250802_0830_staticAndStaticFree001,TSAL20250828_0830_interferenceAndInterferenceFree001,0.48601245888110073,0.7294941867785748,36,54,0.7485182054458804,0.01902401866730563,71.0,0.8566548434093106
TS,7,20250802,20250828,trim_r2_to_r1,TSAL20250802_0830_staticAndStaticFree001,TSAL20250828_0830_interferenceAndInterferenceFree001,0.48601245888110073,0.7294941867785748,37,53,0.7443431151218046,0.014848928343229817,68.0,0.857070553871851
TS,7,20250802,20250828,trim_r2_to_r1,TSAL20250802_0830_staticAndStaticFree001,TSAL20250828_0830_interferenceAndInterferenceFree001,0.48601245888110073,0.7294941867785748,38,52,0.7403135278579084,0.010819341079333578,72.0,0.8470975903511567
TS,7,20250802,20250828,trim_r2_to_r1,TSAL20250802_0830_staticAndStaticFree001,TSAL20250828_0830_interferenceAndInterferenceFree001,0.48601245888110073,0.7294941867785748,39,51,0.7361188281798082,0.006624641401233422,47.0,0.8451810198104147
TS,7,20250802,20250828,trim_r2_to_r1,TSAL20250802_0830_staticAndStaticFree001,TSAL20250828_0830_interferenceAndInterferenceFree001,0.48601245888110073,0.7294941867785748,40,50,0.7319019609011196,0.0024077741225447813,87.0,0.8394320765076795
TS,7,20250802,20250828,trim_r2_to_r1,TSAL20250802_0830_staticAndStaticFree001,TSAL20250828_0830_interferenceAndInterferenceFree001,0.48601245888110073,0.7294941867785748,41,49,0.7273187204093728,0.0,60.0,0.8418997327030424
TS,7,20250802,20250828,trim_r1_to_r2,TSAL20250828_0830_interferenceAndInterferenceFree001,TSAL20250802_0830_staticAndStaticFree001,0.6396443499665845,1.0980747470951313,0,75,0.6077533228298377,0.03189102713674674,,
TS,7,20250802,20250828,trim_r1_to_r2,TSAL20250828_0830_interferenceAndInterferenceFree001,TSAL20250802_0830_staticAndStaticFree001,0.6396443499665845,1.0980747470951313,1,74,0.6098972129406552,0.029747137025929238,40.0,0.5295013337850026
TS,7,20250802,20250828,trim_r1_to_r2,TSAL20250828_0830_interferenceAndInterferenceFree001,TSAL20250802_0830_staticAndStaticFree001,0.6396443499665845,1.0980747470951313,2,73,0.6120938396075758,0.027550510359008684,47.0,0.5308186529315155
TS,7,20250802,20250828,trim_r1_to_r2,TSAL20250828_0830_interferenceAndInterferenceFree001,TSAL20250802_0830_staticAndStaticFree001,0.6396443499665845,1.0980747470951313,3,72,0.614215556180754,0.025428793785830517,38.0,0.5367729012597493
TS,7,20250802,20250828,trim_r1_to_r2,TSAL20250828_0830_interferenceAndInterferenceFree001,TSAL20250802_0830_staticAndStaticFree001,0.6396443499665845,1.0980747470951313,4,71,0.6163341226105093,0.02331022735607513,37.0,0.5400657311393212
TS,7,20250802,20250828,trim_r1_to_r2,TSAL20250828_0830_interferenceAndInterferenceFree001,TSAL20250802_0830_staticAndStaticFree001,0.6396443499665845,1.0980747470951313,5,70,0.6184464331658793,0.021197916800705152,5.0,0.5434594084502414
TS,7,20250802,20250828,trim_r1_to_r2,TSAL20250828_0830_interferenceAndInterferenceFree001,TSAL20250802_0830_staticAndStaticFree001,0.6396443499665845,1.0980747470951313,6,69,0.6205484013720368,0.019095948594547663,41.0,0.5469795141565206
TS,7,20250802,20250828,trim_r1_to_r2,TSAL20250828_0830_interferenceAndInterferenceFree001,TSAL20250802_0830_staticAndStaticFree001,0.6396443499665845,1.0980747470951313,7,68,0.622677708143074,0.016966641823510487,32.0,0.5492166245422951
TS,7,20250802,20250828,trim_r1_to_r2,TSAL20250828_0830_interferenceAndInterferenceFree001,TSAL20250802_0830_staticAndStaticFree001,0.6396443499665845,1.0980747470951313,8,67,0.6248436309654039,0.014800719001180629,17.0,0.5512022550061868
TS,7,20250802,20250828,trim_r1_to_r2,TSAL20250828_0830_interferenceAndInterferenceFree001,TSAL20250802_0830_staticAndStaticFree001,0.6396443499665845,1.0980747470951313,9,66,0.6270495632184084,0.012594786748176046,31.0,0.5531508327427547
TS,7,20250802,20250828,trim_r1_to_r2,TSAL20250828_0830_interferenceAndInterferenceFree001,TSAL20250802_0830_staticAndStaticFree001,0.6396443499665845,1.0980747470951313,10,65,0.629215884121853,0.01042846584473145,35.0,0.5577272943081841
TS,7,20250802,20250828,trim_r1_to_r2,TSAL20250828_0830_interferenceAndInterferenceFree001,TSAL20250802_0830_staticAndStaticFree001,0.6396443499665845,1.0980747470951313,11,64,0.6314000916253855,0.008244258341199018,15.0,0.5604133477605817
TS,7,20250802,20250828,trim_r1_to_r2,TSAL20250828_0830_interferenceAndInterferenceFree001,TSAL20250802_0830_staticAndStaticFree001,0.6396443499665845,1.0980747470951313,12,63,0.6335565619135336,0.00608778805305088,25.0,0.5645495126927905
TS,7,20250802,20250828,trim_r1_to_r2,TSAL20250828_0830_interferenceAndInterferenceFree001,TSAL20250802_0830_staticAndStaticFree001,0.6396443499665845,1.0980747470951313,13,62,0.6357472949746291,0.003897054991955362,44.0,0.5667392035501221
TS,7,20250802,20250828,trim_r1_to_r2,TSAL20250828_0830_interferenceAndInterferenceFree001,TSAL20250802_0830_staticAndStaticFree001,0.6396443499665845,1.0980747470951313,14,61,0.637946306107431,0.0016980438591535085,27.0,0.5697769609905754
TS,7,20250802,20250828,trim_r1_to_r2,TSAL20250828_0830_interferenceAndInterferenceFree001,TSAL20250802_0830_staticAndStaticFree001,0.6396443499665845,1.0980747470951313,15,60,0.6401194624658479,0.0,48.0,0.5738381935341271
TS,8,20250802,20250829,trim_r2_to_r1,TSAL20250802_0830_staticAndStaticFree001,TSAL20250829_0830_interferenceAndInterferenceFree001,0.48601245888110073,0.7294941867785748,0,95,0.8623892010399029,0.1328950142613281,,
TS,8,20250802,20250829,trim_r2_to_r1,TSAL20250802_0830_staticAndStaticFree001,TSAL20250829_0830_interferenceAndInterferenceFree001,0.48601245888110073,0.7294941867785748,1,94,0.8463517775985947,0.1168575908200199,44.0,1.6081293910607353
TS,8,20250802,20250829,trim_r2_to_r1,TSAL20250802_0830_staticAndStaticFree001,TSAL20250829_0830_interferenceAndInterferenceFree001,0.48601245888110073,0.7294941867785748,2,93,0.835332684064129,0.10583849728555417,87.0,1.3532300801840176
TS,8,20250802,20250829,trim_r2_to_r1,TSAL20250802_0830_staticAndStaticFree001,TSAL20250829_0830_interferenceAndInterferenceFree001,0.48601245888110073,0.7294941867785748,3,92,0.8274853947329665,0.09799120795439165,93.0,1.1923843486320234
TS,8,20250802,20250829,trim_r2_to_r1,TSAL20250802_0830_staticAndStaticFree001,TSAL20250829_0830_interferenceAndInterferenceFree001,0.48601245888110073,0.7294941867785748,4,91,0.8227301756704767,0.09323598889190188,90.0,1.0414702525450104
TS,8,20250802,20250829,trim_r2_to_r1,TSAL20250802_0830_staticAndStaticFree001,TSAL20250829_0830_interferenceAndInterferenceFree001,0.48601245888110073,0.7294941867785748,5,90,0.8195165976773744,0.09002241089879959,56.0,0.9657343963635234
TS,8,20250802,20250829,trim_r2_to_r1,TSAL20250802_0830_staticAndStaticFree001,TSAL20250829_0830_interferenceAndInterferenceFree001,0.48601245888110073,0.7294941867785748,6,89,0.8167392763065305,0.08724508952795573,43.0,0.9417187379945096
TS,8,20250802,20250829,trim_r2_to_r1,TSAL20250802_0830_staticAndStaticFree001,TSAL20250829_0830_interferenceAndInterferenceFree001,0.48601245888110073,0.7294941867785748,7,88,0.8138707266669979,0.08437653988842309,80.0,0.9415211856261998
TS,8,20250802,20250829,trim_r2_to_r1,TSAL20250802_0830_staticAndStaticFree001,TSAL20250829_0830_interferenceAndInterferenceFree001,0.48601245888110073,0.7294941867785748,8,87,0.8109259834645415,0.08143179668596667,83.0,0.9404946843726187
TS,8,20250802,20250829,trim_r2_to_r1,TSAL20250802_0830_staticAndStaticFree001,TSAL20250829_0830_interferenceAndInterferenceFree001,0.48601245888110073,0.7294941867785748,9,86,0.807766271052302,0.07827208427372723,54.0,0.9452137609847254
TS,8,20250802,20250829,trim_r2_to_r1,TSAL20250802_0830_staticAndStaticFree001,TSAL20250829_0830_interferenceAndInterferenceFree001,0.48601245888110073,0.7294941867785748,10,85,0.8047107806239325,0.07521659384535773,79.0,0.9360968690438147
TS,8,20250802,20250829,trim_r2_to_r1,TSAL20250802_0830_staticAndStaticFree001,TSAL20250829_0830_interferenceAndInterferenceFree001,0.48601245888110073,0.7294941867785748,11,84,0.8015695640713117,0.07207537729273694,81.0,0.935071267557698
TS,8,20250802,20250829,trim_r2_to_r1,TSAL20250802_0830_staticAndStaticFree001,TSAL20250829_0830_interferenceAndInterferenceFree001,0.48601245888110073,0.7294941867785748,12,83,0.7986429219509185,0.06914873517234366,92.0,0.92156189100744
TS,8,20250802,20250829,trim_r2_to_r1,TSAL20250802_0830_staticAndStaticFree001,TSAL20250829_0830_interferenceAndInterferenceFree001,0.48601245888110073,0.7294941867785748,13,82,0.7958035791171044,0.06630939233852962,62.0,0.9136363067203823
TS,8,20250802,20250829,trim_r2_to_r1,TSAL20250802_0830_staticAndStaticFree001,TSAL20250829_0830_interferenceAndInterferenceFree001,0.48601245888110073,0.7294941867785748,14,81,0.7930873976030884,0.06359321082451364,74.0,0.9044508396777416
TS,8,20250802,20250829,trim_r2_to_r1,TSAL20250802_0830_staticAndStaticFree001,TSAL20250829_0830_interferenceAndInterferenceFree001,0.48601245888110073,0.7294941867785748,15,80,0.7903371307396826,0.06084294396110779,69.0,0.9017229387076201
TS,8,20250802,20250829,trim_r2_to_r1,TSAL20250802_0830_staticAndStaticFree001,TSAL20250829_0830_interferenceAndInterferenceFree001,0.48601245888110073,0.7294941867785748,16,79,0.7875377044139552,0.058043517635380404,82.0,0.8995147574430503
TS,8,20250802,20250829,trim_r2_to_r1,TSAL20250802_0830_staticAndStaticFree001,TSAL20250829_0830_interferenceAndInterferenceFree001,0.48601245888110073,0.7294941867785748,17,78,0.7848362109529485,0.05534202417437373,59.0,0.8915452026627136
TS,8,20250802,20250829,trim_r2_to_r1,TSAL20250802_0830_staticAndStaticFree001,TSAL20250829_0830_interferenceAndInterferenceFree001,0.48601245888110073,0.7294941867785748,18,77,0.7821295200933498,0.05263533331477499,89.0,0.8876904636177033
TS,8,20250802,20250829,trim_r2_to_r1,TSAL20250802_0830_staticAndStaticFree001,TSAL20250829_0830_interferenceAndInterferenceFree001,0.48601245888110073,0.7294941867785748,19,76,0.7793530026243749,0.0498588158458001,66.0,0.8862489251799076
TS,8,20250802,20250829,trim_r2_to_r1,TSAL20250802_0830_staticAndStaticFree001,TSAL20250829_0830_interferenceAndInterferenceFree001,0.48601245888110073,0.7294941867785748,20,75,0.7763504867357351,0.04685629995716034,78.0,0.8904460905040421
TS,8,20250802,20250829,trim_r2_to_r1,TSAL20250802_0830_staticAndStaticFree001,TSAL20250829_0830_interferenceAndInterferenceFree001,0.48601245888110073,0.7294941867785748,21,74,0.7733139617269001,0.04381977494832534,76.0,0.8871836495582134
TS,8,20250802,20250829,trim_r2_to_r1,TSAL20250802_0830_staticAndStaticFree001,TSAL20250829_0830_interferenceAndInterferenceFree001,0.48601245888110073,0.7294941867785748,22,73,0.770186670512866,0.04069248373429124,48.0,0.8858964454321321
TS,8,20250802,20250829,trim_r2_to_r1,TSAL20250802_0830_staticAndStaticFree001,TSAL20250829_0830_interferenceAndInterferenceFree001,0.48601245888110073,0.7294941867785748,23,72,0.7670548064083125,0.03756061962973767,91.0,0.8813678462245156
TS,8,20250802,20250829,trim_r2_to_r1,TSAL20250802_0830_staticAndStaticFree001,TSAL20250829_0830_interferenceAndInterferenceFree001,0.48601245888110073,0.7294941867785748,24,71,0.7639566229723977,0.03446243619382294,72.0,0.8754912266653292
TS,8,20250802,20250829,trim_r2_to_r1,TSAL20250802_0830_staticAndStaticFree001,TSAL20250829_0830_interferenceAndInterferenceFree001,0.48601245888110073,0.7294941867785748,25,70,0.7607585514068785,0.03126436462830373,85.0,0.8742900919828056
TS,8,20250802,20250829,trim_r2_to_r1,TSAL20250802_0830_staticAndStaticFree001,TSAL20250829_0830_interferenceAndInterferenceFree001,0.48601245888110073,0.7294941867785748,26,69,0.757395713440255,0.02790152666168022,45.0,0.8750950422720816
TS,8,20250802,20250829,trim_r2_to_r1,TSAL20250802_0830_staticAndStaticFree001,TSAL20250829_0830_interferenceAndInterferenceFree001,0.48601245888110073,0.7294941867785748,27,68,0.7539145382816139,0.024420351503039117,94.0,0.8740150812547309
TS,8,20250802,20250829,trim_r2_to_r1,TSAL20250802_0830_staticAndStaticFree001,TSAL20250829_0830_interferenceAndInterferenceFree001,0.48601245888110073,0.7294941867785748,28,67,0.7503054629337076,0.020811276155132785,55.0,0.8730140247625211
TS,8,20250802,20250829,trim_r2_to_r1,TSAL20250802_0830_staticAndStaticFree001,TSAL20250829_0830_interferenceAndInterferenceFree001,0.48601245888110073,0.7294941867785748,29,66,0.7465276848360549,0.017033498057480112,84.0,0.8730832511074187
TS,8,20250802,20250829,trim_r2_to_r1,TSAL20250802_0830_staticAndStaticFree001,TSAL20250829_0830_interferenceAndInterferenceFree001,0.48601245888110073,0.7294941867785748,30,65,0.7425456985709811,0.013051511792406267,42.0,0.8739512453184205
TS,8,20250802,20250829,trim_r2_to_r1,TSAL20250802_0830_staticAndStaticFree001,TSAL20250829_0830_interferenceAndInterferenceFree001,0.48601245888110073,0.7294941867785748,31,64,0.7387336088940298,0.009239422115455032,75.0,0.862626523394946
TS,8,20250802,20250829,trim_r2_to_r1,TSAL20250802_0830_staticAndStaticFree001,TSAL20250829_0830_interferenceAndInterferenceFree001,0.48601245888110073,0.7294941867785748,32,63,0.7350329060864593,0.005538719307884521,77.0,0.8534553959287179
TS,8,20250802,20250829,trim_r2_to_r1,TSAL20250802_0830_staticAndStaticFree001,TSAL20250829_0830_interferenceAndInterferenceFree001,0.48601245888110073,0.7294941867785748,33,62,0.7310924187625932,0.0015982319840184278,60.0,0.8552177694643736
TS,8,20250802,20250829,trim_r2_to_r1,TSAL20250802_0830_staticAndStaticFree001,TSAL20250829_0830_interferenceAndInterferenceFree001,0.48601245888110073,0.7294941867785748,34,61,0.726947882782056,0.0,53.0,0.8554284981787099
TS,8,20250802,20250829,trim_r1_to_r2,TSAL20250829_0830_interferenceAndInterferenceFree001,TSAL20250802_0830_staticAndStaticFree001,0.5900149820428311,1.1347634200369747,0,75,0.6077533228298377,0.0,,
TS,9,20250802,20250830,trim_r2_to_r1,TSAL20250802_0830_staticAndStaticFree001,TSAL20250830_0830_interferenceAndInterferenceFree001,0.48601245888110073,0.7294941867785748,0,79,0.7607158166146287,0.03122162983605392,,
TS,9,20250802,20250830,trim_r2_to_r1,TSAL20250802_0830_staticAndStaticFree001,TSAL20250830_0830_interferenceAndInterferenceFree001,0.48601245888110073,0.7294941867785748,1,78,0.7532223286927949,0.023728141914220124,15.0,1.0492151016052262
TS,9,20250802,20250830,trim_r2_to_r1,TSAL20250802_0830_staticAndStaticFree001,TSAL20250830_0830_interferenceAndInterferenceFree001,0.48601245888110073,0.7294941867785748,2,77,0.7460769185030802,0.016582731724505417,25.0,1.0247479159019566
TS,9,20250802,20250830,trim_r2_to_r1,TSAL20250802_0830_staticAndStaticFree001,TSAL20250830_0830_interferenceAndInterferenceFree001,0.48601245888110073,0.7294941867785748,3,76,0.7403171660035083,0.010822979224933471,40.0,0.9620676372370269
TS,9,20250802,20250830,trim_r2_to_r1,TSAL20250802_0830_staticAndStaticFree001,TSAL20250830_0830_interferenceAndInterferenceFree001,0.48601245888110073,0.7294941867785748,4,75,0.7352413130706484,0.005747126292073634,62.0,0.9281237245193258
TS,9,20250802,20250830,trim_r2_to_r1,TSAL20250802_0830_staticAndStaticFree001,TSAL20250830_0830_interferenceAndInterferenceFree001,0.48601245888110073,0.7294941867785748,5,74,0.730258068088972,0.0007638813103971742,64.0,0.9171297549018407
TS,9,20250802,20250830,trim_r2_to_r1,TSAL20250802_0830_staticAndStaticFree001,TSAL20250830_0830_interferenceAndInterferenceFree001,0.48601245888110073,0.7294941867785748,6,73,0.72523164525366,0.0,41.0,0.9112092901601999
TS,9,20250802,20250830,trim_r1_to_r2,TSAL20250830_0830_interferenceAndInterferenceFree001,TSAL20250802_0830_staticAndStaticFree001,0.5679024532450075,0.9535291799842499,0,75,0.6077533228298377,0.0,,
TS,10,20250803,20250828,trim_r2_to_r1,TSAL20250803_1400_staticAndStaticFree001,TSAL20250828_0830_interferenceAndInterferenceFree001,0.4095246210047646,0.630256004189747,0,90,0.8688595485308579,0.23860354434111086,,
TS,10,20250803,20250828,trim_r2_to_r1,TSAL20250803_1400_staticAndStaticFree001,TSAL20250828_0830_interferenceAndInterferenceFree001,0.4095246210047646,0.630256004189747,1,89,0.8635199154685065,0.23326391127875945,27.0,1.1038034032743222
TS,10,20250803,20250828,trim_r2_to_r1,TSAL20250803_1400_staticAndStaticFree001,TSAL20250828_0830_interferenceAndInterferenceFree001,0.4095246210047646,0.630256004189747,2,88,0.8587557585731049,0.2284997543833579,75.0,1.070760740418474
TS,10,20250803,20250828,trim_r2_to_r1,TSAL20250803_1400_staticAndStaticFree001,TSAL20250828_0830_interferenceAndInterferenceFree001,0.4095246210047646,0.630256004189747,3,87,0.8549141812146666,0.22465817702491953,62.0,1.0239435849859566
TS,10,20250803,20250828,trim_r2_to_r1,TSAL20250803_1400_staticAndStaticFree001,TSAL20250828_0830_interferenceAndInterferenceFree001,0.4095246210047646,0.630256004189747,4,86,0.8511962011135393,0.2209401969237923,59.0,1.012928335512573
TS,10,20250803,20250828,trim_r2_to_r1,TSAL20250803_1400_staticAndStaticFree001,TSAL20250828_0830_interferenceAndInterferenceFree001,0.4095246210047646,0.630256004189747,5,85,0.8475493746935528,0.21729337050380582,76.0,1.0043629107529695
TS,10,20250803,20250828,trim_r2_to_r1,TSAL20250803_1400_staticAndStaticFree001,TSAL20250828_0830_interferenceAndInterferenceFree001,0.4095246210047646,0.630256004189747,6,84,0.8439012952649045,0.2136452910751575,83.0,0.9989446709824561
TS,10,20250803,20250828,trim_r2_to_r1,TSAL20250803_1400_staticAndStaticFree001,TSAL20250828_0830_interferenceAndInterferenceFree001,0.4095246210047646,0.630256004189747,7,83,0.8408570352072088,0.21060103101746175,10.0,0.9687159576304307
TS,10,20250803,20250828,trim_r2_to_r1,TSAL20250803_1400_staticAndStaticFree001,TSAL20250828_0830_interferenceAndInterferenceFree001,0.4095246210047646,0.630256004189747,8,82,0.8377617829681232,0.20750577877837617,11.0,0.9662147508901726
TS,10,20250803,20250828,trim_r2_to_r1,TSAL20250803_1400_staticAndStaticFree001,TSAL20250828_0830_interferenceAndInterferenceFree001,0.4095246210047646,0.630256004189747,9,81,0.8345607069272439,0.2043047027374969,79.0,0.965804824603299
TS,10,20250803,20250828,trim_r2_to_r1,TSAL20250803_1400_staticAndStaticFree001,TSAL20250828_0830_interferenceAndInterferenceFree001,0.4095246210047646,0.630256004189747,10,80,0.8313714197212871,0.2011154155315401,81.0,0.9605375515625395
TS,10,20250803,20250828,trim_r2_to_r1,TSAL20250803_1400_staticAndStaticFree001,TSAL20250828_0830_interferenceAndInterferenceFree001,0.4095246210047646,0.630256004189747,11,79,0.8280858279478184,0.19782982375807134,74.0,0.9595094988865672
TS,10,20250803,20250828,trim_r2_to_r1,TSAL20250803_1400_staticAndStaticFree001,TSAL20250828_0830_interferenceAndInterferenceFree001,0.4095246210047646,0.630256004189747,12,78,0.8249208281552428,0.19466482396549578,78.0,0.9499383199619792
TS,10,20250803,20250828,trim_r2_to_r1,TSAL20250803_1400_staticAndStaticFree001,TSAL20250828_0830_interferenceAndInterferenceFree001,0.4095246210047646,0.630256004189747,13,77,0.822079905723245,0.19182390153349793,0.0,0.9328758805711543
TS,10,20250803,20250828,trim_r2_to_r1,TSAL20250803_1400_staticAndStaticFree001,TSAL20250828_0830_interferenceAndInterferenceFree001,0.4095246210047646,0.630256004189747,14,76,0.8192646358761241,0.18900863168637705,67.0,0.9276525249902825
TS,10,20250803,20250828,trim_r2_to_r1,TSAL20250803_1400_staticAndStaticFree001,TSAL20250828_0830_interferenceAndInterferenceFree001,0.4095246210047646,0.630256004189747,15,75,0.8162065479171008,0.18595054372735376,84.0,0.9324138903599839
TS,10,20250803,20250828,trim_r2_to_r1,TSAL20250803_1400_staticAndStaticFree001,TSAL20250828_0830_interferenceAndInterferenceFree001,0.4095246210047646,0.630256004189747,16,74,0.8131478586689921,0.18289185447924505,9.0,0.9278487054730683
TS,10,20250803,20250828,trim_r2_to_r1,TSAL20250803_1400_staticAndStaticFree001,TSAL20250828_0830_interferenceAndInterferenceFree001,0.4095246210047646,0.630256004189747,17,73,0.8101973687494798,0.17994136455973275,5.0,0.9193654957714394
TS,10,20250803,20250828,trim_r2_to_r1,TSAL20250803_1400_staticAndStaticFree001,TSAL20250828_0830_interferenceAndInterferenceFree001,0.4095246210047646,0.630256004189747,18,72,0.8071827294104228,0.17692672522067576,77.0,0.9172170652860027
TS,10,20250803,20250828,trim_r2_to_r1,TSAL20250803_1400_staticAndStaticFree001,TSAL20250828_0830_interferenceAndInterferenceFree001,0.4095246210047646,0.630256004189747,19,71,0.8047817049171032,0.17452570072735618,12.0,0.8912185866766044
TS,10,20250803,20250828,trim_r2_to_r1,TSAL20250803_1400_staticAndStaticFree001,TSAL20250828_0830_interferenceAndInterferenceFree001,0.4095246210047646,0.630256004189747,20,70,0.8021921714254303,0.17193616723568328,18.0,0.8941206103798168
TS,10,20250803,20250828,trim_r2_to_r1,TSAL20250803_1400_staticAndStaticFree001,TSAL20250828_0830_interferenceAndInterferenceFree001,0.4095246210047646,0.630256004189747,21,69,0.7994267889114345,0.16917078472168745,14.0,0.8962151769012942
TS,10,20250803,20250828,trim_r2_to_r1,TSAL20250803_1400_staticAndStaticFree001,TSAL20250828_0830_interferenceAndInterferenceFree001,0.4095246210047646,0.630256004189747,22,68,0.7966357416727814,0.16637973748303436,8.0,0.8929268714063134
TS,10,20250803,20250828,trim_r2_to_r1,TSAL20250803_1400_staticAndStaticFree001,TSAL20250828_0830_interferenceAndInterferenceFree001,0.4095246210047646,0.630256004189747,23,67,0.7937559980710449,0.16349999388129788,2.0,0.8916672805300823
TS,10,20250803,20250828,trim_r2_to_r1,TSAL20250803_1400_staticAndStaticFree001,TSAL20250828_0830_interferenceAndInterferenceFree001,0.4095246210047646,0.630256004189747,24,66,0.7908452590881438,0.16058925489839682,85.0,0.888355015015328
TS,10,20250803,20250828,trim_r2_to_r1,TSAL20250803_1400_staticAndStaticFree001,TSAL20250828_0830_interferenceAndInterferenceFree001,0.4095246210047646,0.630256004189747,25,65,0.7878921180792433,0.15763611388949628,19.0,0.8853457713729647
TS,10,20250803,20250828,trim_r2_to_r1,TSAL20250803_1400_staticAndStaticFree001,TSAL20250828_0830_interferenceAndInterferenceFree001,0.4095246210047646,0.630256004189747,26,64,0.7849042266330847,0.15464822244333765,13.0,0.8820106986332331
TS,10,20250803,20250828,trim_r2_to_r1,TSAL20250803_1400_staticAndStaticFree001,TSAL20250828_0830_interferenceAndInterferenceFree001,0.4095246210047646,0.630256004189747,27,63,0.7818220377545875,0.15156603356484044,1.0,0.8804520818664984
TS,10,20250803,20250828,trim_r2_to_r1,TSAL20250803_1400_staticAndStaticFree001,TSAL20250828_0830_interferenceAndInterferenceFree001,0.4095246210047646,0.630256004189747,28,62,0.7786066278992173,0.14835062370947028,7.0,0.879892038343384
TS,10,20250803,20250828,trim_r2_to_r1,TSAL20250803_1400_staticAndStaticFree001,TSAL20250828_0830_interferenceAndInterferenceFree001,0.4095246210047646,0.630256004189747,29,61,0.775331417871477,0.14507541368172994,22.0,0.8768629287314258
TS,10,20250803,20250828,trim_r2_to_r1,TSAL20250803_1400_staticAndStaticFree001,TSAL20250828_0830_interferenceAndInterferenceFree001,0.4095246210047646,0.630256004189747,30,60,0.771808423606789,0.141552419417042,15.0,0.8792597486797697
TS,10,20250803,20250828,trim_r2_to_r1,TSAL20250803_1400_staticAndStaticFree001,TSAL20250828_0830_interferenceAndInterferenceFree001,0.4095246210047646,0.630256004189747,31,59,0.768327268465665,0.13807126427591798,6.0,0.8727619226993827
TS,10,20250803,20250828,trim_r2_to_r1,TSAL20250803_1400_staticAndStaticFree001,TSAL20250828_0830_interferenceAndInterferenceFree001,0.4095246210047646,0.630256004189747,32,58,0.7644775440636136,0.13422153987386654,16.0,0.8780444139241316
TS,10,20250803,20250828,trim_r2_to_r1,TSAL20250803_1400_staticAndStaticFree001,TSAL20250828_0830_interferenceAndInterferenceFree001,0.4095246210047646,0.630256004189747,33,57,0.760387190277881,0.130131186088134,21.0,0.8790074500641246
TS,10,20250803,20250828,trim_r2_to_r1,TSAL20250803_1400_staticAndStaticFree001,TSAL20250828_0830_interferenceAndInterferenceFree001,0.4095246210047646,0.630256004189747,34,56,0.7564319298738156,0.12617592568406855,17.0,0.8691568513896865
TS,10,20250803,20250828,trim_r2_to_r1,TSAL20250803_1400_staticAndStaticFree001,TSAL20250828_0830_interferenceAndInterferenceFree001,0.4095246210047646,0.630256004189747,35,55,0.7524504468263689,0.12219444263662183,23.0,0.8639319721548765
TS,10,20250803,20250828,trim_r2_to_r1,TSAL20250803_1400_staticAndStaticFree001,TSAL20250828_0830_interferenceAndInterferenceFree001,0.4095246210047646,0.630256004189747,36,54,0.7485182054458804,0.1182622012561334,71.0,0.8566548434093106
TS,10,20250803,20250828,trim_r2_to_r1,TSAL20250803_1400_staticAndStaticFree001,TSAL20250828_0830_interferenceAndInterferenceFree001,0.4095246210047646,0.630256004189747,37,53,0.7443431151218046,0.11408711093205759,68.0,0.857070553871851
TS,10,20250803,20250828,trim_r2_to_r1,TSAL20250803_1400_staticAndStaticFree001,TSAL20250828_0830_interferenceAndInterferenceFree001,0.4095246210047646,0.630256004189747,38,52,0.7403135278579084,0.11005752366816135,72.0,0.8470975903511567
TS,10,20250803,20250828,trim_r2_to_r1,TSAL20250803_1400_staticAndStaticFree001,TSAL20250828_0830_interferenceAndInterferenceFree001,0.4095246210047646,0.630256004189747,39,51,0.7361188281798082,0.1058628239900612,47.0,0.8451810198104147
TS,10,20250803,20250828,trim_r2_to_r1,TSAL20250803_1400_staticAndStaticFree001,TSAL20250828_0830_interferenceAndInterferenceFree001,0.4095246210047646,0.630256004189747,40,50,0.7319019609011196,0.10164595671137255,87.0,0.8394320765076795
TS,10,20250803,20250828,trim_r2_to_r1,TSAL20250803_1400_staticAndStaticFree001,TSAL20250828_0830_interferenceAndInterferenceFree001,0.4095246210047646,0.630256004189747,41,49,0.7273187204093728,0.09706271621962581,60.0,0.8418997327030424
TS,10,20250803,20250828,trim_r2_to_r1,TSAL20250803_1400_staticAndStaticFree001,TSAL20250828_0830_interferenceAndInterferenceFree001,0.4095246210047646,0.630256004189747,42,48,0.7231086930675851,0.09285268887783804,86.0,0.8262543629413841
TS,10,20250803,20250828,trim_r2_to_r1,TSAL20250803_1400_staticAndStaticFree001,TSAL20250828_0830_interferenceAndInterferenceFree001,0.4095246210047646,0.630256004189747,43,47,0.7185571304900146,0.08830112630026754,69.0,0.8277946323517075
TS,10,20250803,20250828,trim_r2_to_r1,TSAL20250803_1400_staticAndStaticFree001,TSAL20250828_0830_interferenceAndInterferenceFree001,0.4095246210047646,0.630256004189747,44,46,0.7137721863030022,0.08351618211325518,3.0,0.8262183746977938
TS,10,20250803,20250828,trim_r2_to_r1,TSAL20250803_1400_staticAndStaticFree001,TSAL20250828_0830_interferenceAndInterferenceFree001,0.4095246210047646,0.630256004189747,45,45,0.7087561081279314,0.0785001039381844,73.0,0.8241259061545556
TS,10,20250803,20250828,trim_r2_to_r1,TSAL20250803_1400_staticAndStaticFree001,TSAL20250828_0830_interferenceAndInterferenceFree001,0.4095246210047646,0.630256004189747,46,44,0.7034314586676061,0.07317545447785911,20.0,0.823236071524928
TS,10,20250803,20250828,trim_r2_to_r1,TSAL20250803_1400_staticAndStaticFree001,TSAL20250828_0830_interferenceAndInterferenceFree001,0.4095246210047646,0.630256004189747,47,43,0.6973368655015837,0.06708086131183666,4.0,0.8314179151540733
TS,10,20250803,20250828,trim_r2_to_r1,TSAL20250803_1400_staticAndStaticFree001,TSAL20250828_0830_interferenceAndInterferenceFree001,0.4095246210047646,0.630256004189747,48,42,0.691543637167792,0.06128763297804496,70.0,0.8160980463443158
TS,10,20250803,20250828,trim_r2_to_r1,TSAL20250803_1400_staticAndStaticFree001,TSAL20250828_0830_interferenceAndInterferenceFree001,0.4095246210047646,0.630256004189747,49,41,0.6850235372621192,0.05476753307237214,88.0,0.8219456352812506
TS,10,20250803,20250828,trim_r2_to_r1,TSAL20250803_1400_staticAndStaticFree001,TSAL20250828_0830_interferenceAndInterferenceFree001,0.4095246210047646,0.630256004189747,50,40,0.6786289350743886,0.04837293088464156,80.0,0.8097182799228628
TS,10,20250803,20250828,trim_r2_to_r1,TSAL20250803_1400_staticAndStaticFree001,TSAL20250828_0830_interferenceAndInterferenceFree001,0.4095246210047646,0.630256004189747,51,39,0.6721615722765246,0.04190556808677759,82.0,0.8015088282338063
TS,10,20250803,20250828,trim_r2_to_r1,TSAL20250803_1400_staticAndStaticFree001,TSAL20250828_0830_interferenceAndInterferenceFree001,0.4095246210047646,0.630256004189747,52,38,0.665130161736084,0.03487415754633694,89.0,0.802242667274677
TS,10,20250803,20250828,trim_r2_to_r1,TSAL20250803_1400_staticAndStaticFree001,TSAL20250828_0830_interferenceAndInterferenceFree001,0.4095246210047646,0.630256004189747,53,37,0.6576281797644614,0.027372175574714386,38.0,0.8001658372252908
TS,10,20250803,20250828,trim_r2_to_r1,TSAL20250803_1400_staticAndStaticFree001,TSAL20250828_0830_interferenceAndInterferenceFree001,0.4095246210047646,0.630256004189747,54,36,0.6507836397659701,0.020527635576223058,24.0,0.7774076297380569
TS,10,20250803,20250828,trim_r2_to_r1,TSAL20250803_1400_staticAndStaticFree001,TSAL20250828_0830_interferenceAndInterferenceFree001,0.4095246210047646,0.630256004189747,55,35,0.6448348199345438,0.014578815744796803,31.0,0.7519135769002167
TS,10,20250803,20250828,trim_r2_to_r1,TSAL20250803_1400_staticAndStaticFree001,TSAL20250828_0830_interferenceAndInterferenceFree001,0.4095246210047646,0.630256004189747,56,34,0.6391653790737426,0.008909374883995569,54.0,0.7383805941377649
TS,10,20250803,20250828,trim_r2_to_r1,TSAL20250803_1400_staticAndStaticFree001,TSAL20250828_0830_interferenceAndInterferenceFree001,0.4095246210047646,0.630256004189747,57,33,0.6334852323895251,0.0032292281997781114,52.0,0.730047726021223
TS,10,20250803,20250828,trim_r2_to_r1,TSAL20250803_1400_staticAndStaticFree001,TSAL20250828_0830_interferenceAndInterferenceFree001,0.4095246210047646,0.630256004189747,58,32,0.6275878563774792,0.0,63.0,0.7248945605762349
TS,10,20250803,20250828,trim_r1_to_r2,TSAL20250828_0830_interferenceAndInterferenceFree001,TSAL20250803_1400_staticAndStaticFree001,0.6396443499665845,1.0980747470951313,0,75,0.5198903125972558,0.11975403736932866,,
TS,10,20250803,20250828,trim_r1_to_r2,TSAL20250828_0830_interferenceAndInterferenceFree001,TSAL20250803_1400_staticAndStaticFree001,0.6396443499665845,1.0980747470951313,1,74,0.5221358393158227,0.11750851065076173,57.0,0.4379285873695646
TS,10,20250803,20250828,trim_r1_to_r2,TSAL20250828_0830_interferenceAndInterferenceFree001,TSAL20250803_1400_staticAndStaticFree001,0.6396443499665845,1.0980747470951313,2,73,0.5243325652148749,0.11531178475170956,46.0,0.44305370694994356
TS,10,20250803,20250828,trim_r1_to_r2,TSAL20250828_0830_interferenceAndInterferenceFree001,TSAL20250803_1400_staticAndStaticFree001,0.6396443499665845,1.0980747470951313,3,72,0.5264735415291336,0.11317080843745086,13.0,0.4483279060586901
TS,10,20250803,20250828,trim_r1_to_r2,TSAL20250828_0830_interferenceAndInterferenceFree001,TSAL20250803_1400_staticAndStaticFree001,0.6396443499665845,1.0980747470951313,4,71,0.5286164654065852,0.11102788455999923,47.0,0.45147120581832734
TS,10,20250803,20250828,trim_r1_to_r2,TSAL20250828_0830_interferenceAndInterferenceFree001,TSAL20250803_1400_staticAndStaticFree001,0.6396443499665845,1.0980747470951313,5,70,0.5307009862479402,0.10894336371864433,55.0,0.45670049637984145
TS,10,20250803,20250828,trim_r1_to_r2,TSAL20250828_0830_interferenceAndInterferenceFree001,TSAL20250803_1400_staticAndStaticFree001,0.6396443499665845,1.0980747470951313,6,69,0.5328017556144953,0.1068425943520892,44.0,0.459274827785065
TS,10,20250803,20250828,trim_r1_to_r2,TSAL20250828_0830_interferenceAndInterferenceFree001,TSAL20250803_1400_staticAndStaticFree001,0.6396443499665845,1.0980747470951313,7,68,0.5349204777507087,0.10472387221587576,16.0,0.4618245640513471
TS,10,20250803,20250828,trim_r1_to_r2,TSAL20250828_0830_interferenceAndInterferenceFree001,TSAL20250803_1400_staticAndStaticFree001,0.6396443499665845,1.0980747470951313,8,67,0.5369835697822968,0.1026607801842877,45.0,0.4668384407083021
TS,10,20250803,20250828,trim_r1_to_r2,TSAL20250828_0830_interferenceAndInterferenceFree001,TSAL20250803_1400_staticAndStaticFree001,0.6396443499665845,1.0980747470951313,9,66,0.5391210672820969,0.10052328268448762,21.0,0.467514901038792
TS,10,20250803,20250828,trim_r1_to_r2,TSAL20250828_0830_interferenceAndInterferenceFree001,TSAL20250803_1400_staticAndStaticFree001,0.6396443499665845,1.0980747470951313,10,65,0.5412761436427302,0.09836820632385423,2.0,0.47015862374182643
TS,10,20250803,20250828,trim_r1_to_r2,TSAL20250828_0830_interferenceAndInterferenceFree001,TSAL20250803_1400_staticAndStaticFree001,0.6396443499665845,1.0980747470951313,11,64,0.543382002747468,0.09626234721911653,54.0,0.47494158184349755
TS,10,20250803,20250828,trim_r1_to_r2,TSAL20250828_0830_interferenceAndInterferenceFree001,TSAL20250803_1400_staticAndStaticFree001,0.6396443499665845,1.0980747470951313,12,63,0.5453850444526439,0.09425930551394057,17.0,0.4812877098870136
TS,10,20250803,20250828,trim_r1_to_r2,TSAL20250828_0830_interferenceAndInterferenceFree001,TSAL20250803_1400_staticAndStaticFree001,0.6396443499665845,1.0980747470951313,13,62,0.5474207140328655,0.09222363593371896,39.0,0.48329712225588417
TS,10,20250803,20250828,trim_r1_to_r2,TSAL20250828_0830_interferenceAndInterferenceFree001,TSAL20250803_1400_staticAndStaticFree001,0.6396443499665845,1.0980747470951313,14,61,0.5494184837407632,0.0902258662258213,52.0,0.4874876227959376
TS,10,20250803,20250828,trim_r1_to_r2,TSAL20250828_0830_interferenceAndInterferenceFree001,TSAL20250803_1400_staticAndStaticFree001,0.6396443499665845,1.0980747470951313,15,60,0.551432648849962,0.08821170111662247,14.0,0.4900006130193949
TS,10,20250803,20250828,trim_r1_to_r2,TSAL20250828_0830_interferenceAndInterferenceFree001,TSAL20250803_1400_staticAndStaticFree001,0.6396443499665845,1.0980747470951313,16,59,0.5534529052247914,0.08619144474179308,15.0,0.4928452139799106
TS,10,20250803,20250828,trim_r1_to_r2,TSAL20250828_0830_interferenceAndInterferenceFree001,TSAL20250803_1400_staticAndStaticFree001,0.6396443499665845,1.0980747470951313,17,58,0.5555156076624267,0.08412874230415779,60.0,0.4946658857521835
TS,10,20250803,20250828,trim_r1_to_r2,TSAL20250828_0830_interferenceAndInterferenceFree001,TSAL20250803_1400_staticAndStaticFree001,0.6396443499665845,1.0980747470951313,18,57,0.5576586680679226,0.08198568189866184,34.0,0.4955099163085415
TS,10,20250803,20250828,trim_r1_to_r2,TSAL20250828_0830_interferenceAndInterferenceFree001,TSAL20250803_1400_staticAndStaticFree001,0.6396443499665845,1.0980747470951313,19,56,0.5598397401762565,0.079804609790328,69.0,0.4976791850887431
TS,10,20250803,20250828,trim_r1_to_r2,TSAL20250828_0830_interferenceAndInterferenceFree001,TSAL20250803_1400_staticAndStaticFree001,0.6396443499665845,1.0980747470951313,20,55,0.5620540001928839,0.0775903497737006,70.0,0.5000547197273146
TS,10,20250803,20250828,trim_r1_to_r2,TSAL20250828_0830_interferenceAndInterferenceFree001,TSAL20250803_1400_staticAndStaticFree001,0.6396443499665845,1.0980747470951313,21,54,0.564289354107784,0.07535499585880046,40.0,0.5028171214480293
TS,10,20250803,20250828,trim_r1_to_r2,TSAL20250828_0830_interferenceAndInterferenceFree001,TSAL20250803_1400_staticAndStaticFree001,0.6396443499665845,1.0980747470951313,22,53,0.5666170516697432,0.07302729829684129,73.0,0.5037692174968481
TS,10,20250803,20250828,trim_r1_to_r2,TSAL20250828_0830_interferenceAndInterferenceFree001,TSAL20250803_1400_staticAndStaticFree001,0.6396443499665845,1.0980747470951313,23,52,0.5689553328934115,0.07068901707317299,43.0,0.5069908804661983
TS,10,20250803,20250828,trim_r1_to_r2,TSAL20250828_0830_interferenceAndInterferenceFree001,TSAL20250803_1400_staticAndStaticFree001,0.6396443499665845,1.0980747470951313,24,51,0.5713213057610272,0.06832304420555724,58.0,0.5098060112030212
TS,10,20250803,20250828,trim_r1_to_r2,TSAL20250828_0830_interferenceAndInterferenceFree001,TSAL20250803_1400_staticAndStaticFree001,0.6396443499665845,1.0980747470951313,25,50,0.5737109960887637,0.06593335387782073,56.0,0.5127738927314819
TS,10,20250803,20250828,trim_r1_to_r2,TSAL20250828_0830_interferenceAndInterferenceFree001,TSAL20250803_1400_staticAndStaticFree001,0.6396443499665845,1.0980747470951313,26,49,0.5760990377005236,0.06354531226606086,29.0,0.5163979974065267
TS,10,20250803,20250828,trim_r1_to_r2,TSAL20250828_0830_interferenceAndInterferenceFree001,TSAL20250803_1400_staticAndStaticFree001,0.6396443499665845,1.0980747470951313,27,48,0.5785942822732936,0.06105006769329091,53.0,0.5174607902404262
TS,10,20250803,20250828,trim_r1_to_r2,TSAL20250828_0830_interferenceAndInterferenceFree001,TSAL20250803_1400_staticAndStaticFree001,0.6396443499665845,1.0980747470951313,28,47,0.5810954641891941,0.05854888577739037,8.0,0.5210670982075843
TS,10,20250803,20250828,trim_r1_to_r2,TSAL20250828_0830_interferenceAndInterferenceFree001,TSAL20250803_1400_staticAndStaticFree001,0.6396443499665845,1.0980747470951313,29,46,0.5836726847874809,0.05597166517910357,71.0,0.5231080007277421
TS,10,20250803,20250828,trim_r1_to_r2,TSAL20250828_0830_interferenceAndInterferenceFree001,TSAL20250803_1400_staticAndStaticFree001,0.6396443499665845,1.0980747470951313,30,45,0.5863487133682422,0.053295636598342244,63.0,0.524800056010733
TS,10,20250803,20250828,trim_r1_to_r2,TSAL20250828_0830_interferenceAndInterferenceFree001,TSAL20250803_1400_staticAndStaticFree001,0.6396443499665845,1.0980747470951313,31,44,0.5890017671711621,0.05064258279542233,50.0,0.5293080566054621
TS,10,20250803,20250828,trim_r1_to_r2,TSAL20250828_0830_interferenceAndInterferenceFree001,TSAL20250803_1400_staticAndStaticFree001,0.6396443499665845,1.0980747470951313,32,43,0.5916741700460931,0.04797017992049135,66.0,0.5328813067976103
TS,10,20250803,20250828,trim_r1_to_r2,TSAL20250828_0830_interferenceAndInterferenceFree001,TSAL20250803_1400_staticAndStaticFree001,0.6396443499665845,1.0980747470951313,33,42,0.5941628554471408,0.04548149451944372,32.0,0.5406561193246168
TS,10,20250803,20250828,trim_r1_to_r2,TSAL20250828_0830_interferenceAndInterferenceFree001,TSAL20250803_1400_staticAndStaticFree001,0.6396443499665845,1.0980747470951313,34,41,0.596646638224665,0.042997711741919464,65.0,0.5444871998966565
TS,10,20250803,20250828,trim_r1_to_r2,TSAL20250828_0830_interferenceAndInterferenceFree001,TSAL20250803_1400_staticAndStaticFree001,0.6396443499665845,1.0980747470951313,35,40,0.599155546163683,0.04048880380290143,33.0,0.547722933413814
TS,10,20250803,20250828,trim_r1_to_r2,TSAL20250828_0830_interferenceAndInterferenceFree001,TSAL20250803_1400_staticAndStaticFree001,0.6396443499665845,1.0980747470951313,36,39,0.601703830223122,0.037940519743462464,27.0,0.5507381490343407
TS,10,20250803,20250828,trim_r1_to_r2,TSAL20250828_0830_interferenceAndInterferenceFree001,TSAL20250803_1400_staticAndStaticFree001,0.6396443499665845,1.0980747470951313,37,38,0.6044357717770817,0.03520857818950274,59.0,0.5511629114748674
TS,10,20250803,20250828,trim_r1_to_r2,TSAL20250828_0830_interferenceAndInterferenceFree001,TSAL20250803_1400_staticAndStaticFree001,0.6396443499665845,1.0980747470951313,38,37,0.6070878029623015,0.03255654700428301,74.0,0.5566992104431285
TS,10,20250803,20250828,trim_r1_to_r2,TSAL20250828_0830_interferenceAndInterferenceFree001,TSAL20250803_1400_staticAndStaticFree001,0.6396443499665845,1.0980747470951313,39,36,0.609762313006374,0.029882036960210523,51.0,0.560283877191033
TS,10,20250803,20250828,trim_r1_to_r2,TSAL20250828_0830_interferenceAndInterferenceFree001,TSAL20250803_1400_staticAndStaticFree001,0.6396443499665845,1.0980747470951313,40,35,0.6125638660998757,0.027080483866708804,5.0,0.5621359104168437
TS,10,20250803,20250828,trim_r1_to_r2,TSAL20250828_0830_interferenceAndInterferenceFree001,TSAL20250803_1400_staticAndStaticFree001,0.6396443499665845,1.0980747470951313,41,34,0.6155970340971983,0.024047315869386132,48.0,0.5625165941440516
TS,10,20250803,20250828,trim_r1_to_r2,TSAL20250828_0830_interferenceAndInterferenceFree001,TSAL20250803_1400_staticAndStaticFree001,0.6396443499665845,1.0980747470951313,42,33,0.6186532251551898,0.020991124811394646,49.0,0.5666979771693352
TS,10,20250803,20250828,trim_r1_to_r2,TSAL20250828_0830_interferenceAndInterferenceFree001,TSAL20250803_1400_staticAndStaticFree001,0.6396443499665845,1.0980747470951313,43,32,0.6218598392771726,0.017784510689411892,9.0,0.5689507062644572
TS,10,20250803,20250828,trim_r1_to_r2,TSAL20250828_0830_interferenceAndInterferenceFree001,TSAL20250803_1400_staticAndStaticFree001,0.6396443499665845,1.0980747470951313,44,31,0.6249626893369794,0.014681660629605076,1.0,0.5753170883800703
TS,10,20250803,20250828,trim_r1_to_r2,TSAL20250828_0830_interferenceAndInterferenceFree001,TSAL20250803_1400_staticAndStaticFree001,0.6396443499665845,1.0980747470951313,45,30,0.6284744352063065,0.011169914760277955,42.0,0.5740423742317353
TS,10,20250803,20250828,trim_r1_to_r2,TSAL20250828_0830_interferenceAndInterferenceFree001,TSAL20250803_1400_staticAndStaticFree001,0.6396443499665845,1.0980747470951313,46,29,0.6319263436219337,0.007718006344650807,20.0,0.5801477173875272
TS,10,20250803,20250828,trim_r1_to_r2,TSAL20250828_0830_interferenceAndInterferenceFree001,TSAL20250803_1400_staticAndStaticFree001,0.6396443499665845,1.0980747470951313,47,28,0.6354531723021787,0.0041911776644057985,6.0,0.5843141564386258
TS,10,20250803,20250828,trim_r1_to_r2,TSAL20250828_0830_interferenceAndInterferenceFree001,TSAL20250803_1400_staticAndStaticFree001,0.6396443499665845,1.0980747470951313,48,27,0.6389356802819071,0.000708669684677421,24.0,0.5901805685657104
TS,10,20250803,20250828,trim_r1_to_r2,TSAL20250828_0830_interferenceAndInterferenceFree001,TSAL20250803_1400_staticAndStaticFree001,0.6396443499665845,1.0980747470951313,49,26,0.6423997942272334,0.0,3.0,0.5956342559653276
TS,11,20250803,20250829,trim_r2_to_r1,TSAL20250803_1400_staticAndStaticFree001,TSAL20250829_0830_interferenceAndInterferenceFree001,0.4095246210047646,0.630256004189747,0,95,0.8623892010399029,0.23213319685015588,,
TS,11,20250803,20250829,trim_r2_to_r1,TSAL20250803_1400_staticAndStaticFree001,TSAL20250829_0830_interferenceAndInterferenceFree001,0.4095246210047646,0.630256004189747,1,94,0.8463517775985947,0.21609577340884767,44.0,1.6081293910607353
TS,11,20250803,20250829,trim_r2_to_r1,TSAL20250803_1400_staticAndStaticFree001,TSAL20250829_0830_interferenceAndInterferenceFree001,0.4095246210047646,0.630256004189747,2,93,0.835332684064129,0.20507667987438194,87.0,1.3532300801840176
TS,11,20250803,20250829,trim_r2_to_r1,TSAL20250803_1400_staticAndStaticFree001,TSAL20250829_0830_interferenceAndInterferenceFree001,0.4095246210047646,0.630256004189747,3,92,0.8274853947329665,0.19722939054321942,93.0,1.1923843486320234
TS,11,20250803,20250829,trim_r2_to_r1,TSAL20250803_1400_staticAndStaticFree001,TSAL20250829_0830_interferenceAndInterferenceFree001,0.4095246210047646,0.630256004189747,4,91,0.8227301756704767,0.19247417148072965,90.0,1.0414702525450104
TS,11,20250803,20250829,trim_r2_to_r1,TSAL20250803_1400_staticAndStaticFree001,TSAL20250829_0830_interferenceAndInterferenceFree001,0.4095246210047646,0.630256004189747,5,90,0.8195165976773744,0.18926059348762736,56.0,0.9657343963635234
TS,11,20250803,20250829,trim_r2_to_r1,TSAL20250803_1400_staticAndStaticFree001,TSAL20250829_0830_interferenceAndInterferenceFree001,0.4095246210047646,0.630256004189747,6,89,0.8167392763065305,0.1864832721167835,43.0,0.9417187379945096
TS,11,20250803,20250829,trim_r2_to_r1,TSAL20250803_1400_staticAndStaticFree001,TSAL20250829_0830_interferenceAndInterferenceFree001,0.4095246210047646,0.630256004189747,7,88,0.8138707266669979,0.18361472247725086,80.0,0.9415211856261998
TS,11,20250803,20250829,trim_r2_to_r1,TSAL20250803_1400_staticAndStaticFree001,TSAL20250829_0830_interferenceAndInterferenceFree001,0.4095246210047646,0.630256004189747,8,87,0.8109259834645415,0.18066997927479445,83.0,0.9404946843726187
TS,11,20250803,20250829,trim_r2_to_r1,TSAL20250803_1400_staticAndStaticFree001,TSAL20250829_0830_interferenceAndInterferenceFree001,0.4095246210047646,0.630256004189747,9,86,0.807766271052302,0.177510266862555,54.0,0.9452137609847254
TS,11,20250803,20250829,trim_r2_to_r1,TSAL20250803_1400_staticAndStaticFree001,TSAL20250829_0830_interferenceAndInterferenceFree001,0.4095246210047646,0.630256004189747,10,85,0.8047107806239325,0.1744547764341855,79.0,0.9360968690438147
TS,11,20250803,20250829,trim_r2_to_r1,TSAL20250803_1400_staticAndStaticFree001,TSAL20250829_0830_interferenceAndInterferenceFree001,0.4095246210047646,0.630256004189747,11,84,0.8015695640713117,0.17131355988156471,81.0,0.935071267557698
TS,11,20250803,20250829,trim_r2_to_r1,TSAL20250803_1400_staticAndStaticFree001,TSAL20250829_0830_interferenceAndInterferenceFree001,0.4095246210047646,0.630256004189747,12,83,0.7986429219509185,0.16838691776117143,92.0,0.92156189100744
TS,11,20250803,20250829,trim_r2_to_r1,TSAL20250803_1400_staticAndStaticFree001,TSAL20250829_0830_interferenceAndInterferenceFree001,0.4095246210047646,0.630256004189747,13,82,0.7958035791171044,0.1655475749273574,62.0,0.9136363067203823
TS,11,20250803,20250829,trim_r2_to_r1,TSAL20250803_1400_staticAndStaticFree001,TSAL20250829_0830_interferenceAndInterferenceFree001,0.4095246210047646,0.630256004189747,14,81,0.7930873976030884,0.1628313934133414,74.0,0.9044508396777416
TS,11,20250803,20250829,trim_r2_to_r1,TSAL20250803_1400_staticAndStaticFree001,TSAL20250829_0830_interferenceAndInterferenceFree001,0.4095246210047646,0.630256004189747,15,80,0.7903371307396826,0.16008112654993556,69.0,0.9017229387076201
TS,11,20250803,20250829,trim_r2_to_r1,TSAL20250803_1400_staticAndStaticFree001,TSAL20250829_0830_interferenceAndInterferenceFree001,0.4095246210047646,0.630256004189747,16,79,0.7875377044139552,0.15728170022420818,82.0,0.8995147574430503
TS,11,20250803,20250829,trim_r2_to_r1,TSAL20250803_1400_staticAndStaticFree001,TSAL20250829_0830_interferenceAndInterferenceFree001,0.4095246210047646,0.630256004189747,17,78,0.7848362109529485,0.1545802067632015,59.0,0.8915452026627136
TS,11,20250803,20250829,trim_r2_to_r1,TSAL20250803_1400_staticAndStaticFree001,TSAL20250829_0830_interferenceAndInterferenceFree001,0.4095246210047646,0.630256004189747,18,77,0.7821295200933498,0.15187351590360276,89.0,0.8876904636177033
TS,11,20250803,20250829,trim_r2_to_r1,TSAL20250803_1400_staticAndStaticFree001,TSAL20250829_0830_interferenceAndInterferenceFree001,0.4095246210047646,0.630256004189747,19,76,0.7793530026243749,0.14909699843462787,66.0,0.8862489251799076
TS,11,20250803,20250829,trim_r2_to_r1,TSAL20250803_1400_staticAndStaticFree001,TSAL20250829_0830_interferenceAndInterferenceFree001,0.4095246210047646,0.630256004189747,20,75,0.7763504867357351,0.1460944825459881,78.0,0.8904460905040421
TS,11,20250803,20250829,trim_r2_to_r1,TSAL20250803_1400_staticAndStaticFree001,TSAL20250829_0830_interferenceAndInterferenceFree001,0.4095246210047646,0.630256004189747,21,74,0.7733139617269001,0.1430579575371531,76.0,0.8871836495582134
TS,11,20250803,20250829,trim_r2_to_r1,TSAL20250803_1400_staticAndStaticFree001,TSAL20250829_0830_interferenceAndInterferenceFree001,0.4095246210047646,0.630256004189747,22,73,0.770186670512866,0.139930666323119,48.0,0.8858964454321321
TS,11,20250803,20250829,trim_r2_to_r1,TSAL20250803_1400_staticAndStaticFree001,TSAL20250829_0830_interferenceAndInterferenceFree001,0.4095246210047646,0.630256004189747,23,72,0.7670548064083125,0.13679880221856544,91.0,0.8813678462245156
TS,11,20250803,20250829,trim_r2_to_r1,TSAL20250803_1400_staticAndStaticFree001,TSAL20250829_0830_interferenceAndInterferenceFree001,0.4095246210047646,0.630256004189747,24,71,0.7639566229723977,0.13370061878265072,72.0,0.8754912266653292
TS,11,20250803,20250829,trim_r2_to_r1,TSAL20250803_1400_staticAndStaticFree001,TSAL20250829_0830_interferenceAndInterferenceFree001,0.4095246210047646,0.630256004189747,25,70,0.7607585514068785,0.1305025472171315,85.0,0.8742900919828056
TS,11,20250803,20250829,trim_r2_to_r1,TSAL20250803_1400_staticAndStaticFree001,TSAL20250829_0830_interferenceAndInterferenceFree001,0.4095246210047646,0.630256004189747,26,69,0.757395713440255,0.127139709250508,45.0,0.8750950422720816
TS,11,20250803,20250829,trim_r2_to_r1,TSAL20250803_1400_staticAndStaticFree001,TSAL20250829_0830_interferenceAndInterferenceFree001,0.4095246210047646,0.630256004189747,27,68,0.7539145382816139,0.12365853409186689,94.0,0.8740150812547309
TS,11,20250803,20250829,trim_r2_to_r1,TSAL20250803_1400_staticAndStaticFree001,TSAL20250829_0830_interferenceAndInterferenceFree001,0.4095246210047646,0.630256004189747,28,67,0.7503054629337076,0.12004945874396056,55.0,0.8730140247625211
TS,11,20250803,20250829,trim_r2_to_r1,TSAL20250803_1400_staticAndStaticFree001,TSAL20250829_0830_interferenceAndInterferenceFree001,0.4095246210047646,0.630256004189747,29,66,0.7465276848360549,0.11627168064630788,84.0,0.8730832511074187
TS,11,20250803,20250829,trim_r2_to_r1,TSAL20250803_1400_staticAndStaticFree001,TSAL20250829_0830_interferenceAndInterferenceFree001,0.4095246210047646,0.630256004189747,30,65,0.7425456985709811,0.11228969438123404,42.0,0.8739512453184205
TS,11,20250803,20250829,trim_r2_to_r1,TSAL20250803_1400_staticAndStaticFree001,TSAL20250829_0830_interferenceAndInterferenceFree001,0.4095246210047646,0.630256004189747,31,64,0.7387336088940298,0.1084776047042828,75.0,0.862626523394946
TS,11,20250803,20250829,trim_r2_to_r1,TSAL20250803_1400_staticAndStaticFree001,TSAL20250829_0830_interferenceAndInterferenceFree001,0.4095246210047646,0.630256004189747,32,63,0.7350329060864593,0.1047769018967123,77.0,0.8534553959287179
TS,11,20250803,20250829,trim_r2_to_r1,TSAL20250803_1400_staticAndStaticFree001,TSAL20250829_0830_interferenceAndInterferenceFree001,0.4095246210047646,0.630256004189747,33,62,0.7310924187625932,0.1008364145728462,60.0,0.8552177694643736
TS,11,20250803,20250829,trim_r2_to_r1,TSAL20250803_1400_staticAndStaticFree001,TSAL20250829_0830_interferenceAndInterferenceFree001,0.4095246210047646,0.630256004189747,34,61,0.726947882782056,0.09669187859230899,53.0,0.8554284981787099
TS,11,20250803,20250829,trim_r2_to_r1,TSAL20250803_1400_staticAndStaticFree001,TSAL20250829_0830_interferenceAndInterferenceFree001,0.4095246210047646,0.630256004189747,35,60,0.7225611156885683,0.09230511149882126,49.0,0.8563575120399414
TS,11,20250803,20250829,trim_r2_to_r1,TSAL20250803_1400_staticAndStaticFree001,TSAL20250829_0830_interferenceAndInterferenceFree001,0.4095246210047646,0.630256004189747,36,59,0.7181695684635242,0.08791356427377717,51.0,0.8499159852148478
TS,11,20250803,20250829,trim_r2_to_r1,TSAL20250803_1400_staticAndStaticFree001,TSAL20250829_0830_interferenceAndInterferenceFree001,0.4095246210047646,0.630256004189747,37,58,0.7133618688311901,0.0831058646414431,70.0,0.8551890079850426
TS,11,20250803,20250829,trim_r2_to_r1,TSAL20250803_1400_staticAndStaticFree001,TSAL20250829_0830_interferenceAndInterferenceFree001,0.4095246210047646,0.630256004189747,38,57,0.7082223582493323,0.0779663540595853,67.0,0.8572681651232118
TS,11,20250803,20250829,trim_r2_to_r1,TSAL20250803_1400_staticAndStaticFree001,TSAL20250829_0830_interferenceAndInterferenceFree001,0.4095246210047646,0.630256004189747,39,56,0.7030539472862577,0.07279794309651066,68.0,0.8503536597338835
TS,11,20250803,20250829,trim_r2_to_r1,TSAL20250803_1400_staticAndStaticFree001,TSAL20250829_0830_interferenceAndInterferenceFree001,0.4095246210047646,0.630256004189747,40,55,0.6982425578159561,0.06798655362620909,46.0,0.8329614629844031
TS,11,20250803,20250829,trim_r2_to_r1,TSAL20250803_1400_staticAndStaticFree001,TSAL20250829_0830_interferenceAndInterferenceFree001,0.4095246210047646,0.630256004189747,41,54,0.6931148541714216,0.06285884998167457,86.0,0.834126704396119
TS,11,20250803,20250829,trim_r2_to_r1,TSAL20250803_1400_staticAndStaticFree001,TSAL20250829_0830_interferenceAndInterferenceFree001,0.4095246210047646,0.630256004189747,42,53,0.6883203731448867,0.05806436895513967,50.0,0.8177713608613284
TS,11,20250803,20250829,trim_r2_to_r1,TSAL20250803_1400_staticAndStaticFree001,TSAL20250829_0830_interferenceAndInterferenceFree001,0.4095246210047646,0.630256004189747,43,52,0.6833462913014317,0.05309028711168462,71.0,0.8151594601529918
TS,11,20250803,20250829,trim_r2_to_r1,TSAL20250803_1400_staticAndStaticFree001,TSAL20250829_0830_interferenceAndInterferenceFree001,0.4095246210047646,0.630256004189747,44,51,0.6785197094289619,0.04826370523921486,57.0,0.8040108381131732
TS,11,20250803,20250829,trim_r2_to_r1,TSAL20250803_1400_staticAndStaticFree001,TSAL20250829_0830_interferenceAndInterferenceFree001,0.4095246210047646,0.630256004189747,45,50,0.6732769056491638,0.04302090145941673,88.0,0.8069684020340148
TS,11,20250803,20250829,trim_r2_to_r1,TSAL20250803_1400_staticAndStaticFree001,TSAL20250829_0830_interferenceAndInterferenceFree001,0.4095246210047646,0.630256004189747,46,49,0.6675062025635176,0.03725019837377053,65.0,0.8117737797046728
TS,11,20250803,20250829,trim_r2_to_r1,TSAL20250803_1400_staticAndStaticFree001,TSAL20250829_0830_interferenceAndInterferenceFree001,0.4095246210047646,0.630256004189747,47,48,0.6611243384415909,0.030868334251843876,73.0,0.8174800094287944
TS,11,20250803,20250829,trim_r2_to_r1,TSAL20250803_1400_staticAndStaticFree001,TSAL20250829_0830_interferenceAndInterferenceFree001,0.4095246210047646,0.630256004189747,48,47,0.6552352912559138,0.02497928706616681,63.0,0.7965724237121689
TS,11,20250803,20250829,trim_r2_to_r1,TSAL20250803_1400_staticAndStaticFree001,TSAL20250829_0830_interferenceAndInterferenceFree001,0.4095246210047646,0.630256004189747,49,46,0.6487841792803314,0.018528175090584353,64.0,0.8003853107065153
TS,11,20250803,20250829,trim_r2_to_r1,TSAL20250803_1400_staticAndStaticFree001,TSAL20250829_0830_interferenceAndInterferenceFree001,0.4095246210047646,0.630256004189747,50,45,0.6420467344928763,0.011790730303129271,52.0,0.7970079646043425
TS,11,20250803,20250829,trim_r2_to_r1,TSAL20250803_1400_staticAndStaticFree001,TSAL20250829_0830_interferenceAndInterferenceFree001,0.4095246210047646,0.630256004189747,51,44,0.6353052691969812,0.005049265007234127,61.0,0.7869882383546202
TS,11,20250803,20250829,trim_r2_to_r1,TSAL20250803_1400_staticAndStaticFree001,TSAL20250829_0830_interferenceAndInterferenceFree001,0.4095246210047646,0.630256004189747,52,43,0.6288024117800991,0.0,58.0,0.7718652749515069
TS,11,20250803,20250829,trim_r1_to_r2,TSAL20250829_0830_interferenceAndInterferenceFree001,TSAL20250803_1400_staticAndStaticFree001,0.5900149820428311,1.1347634200369747,0,75,0.5198903125972558,0.07012466944557527,,
TS,11,20250803,20250829,trim_r1_to_r2,TSAL20250829_0830_interferenceAndInterferenceFree001,TSAL20250803_1400_staticAndStaticFree001,0.5900149820428311,1.1347634200369747,1,74,0.5221358393158227,0.06787914272700835,57.0,0.4379285873695646
TS,11,20250803,20250829,trim_r1_to_r2,TSAL20250829_0830_interferenceAndInterferenceFree001,TSAL20250803_1400_staticAndStaticFree001,0.5900149820428311,1.1347634200369747,2,73,0.5243325652148749,0.06568241682795617,46.0,0.44305370694994356
TS,11,20250803,20250829,trim_r1_to_r2,TSAL20250829_0830_interferenceAndInterferenceFree001,TSAL20250803_1400_staticAndStaticFree001,0.5900149820428311,1.1347634200369747,3,72,0.5264735415291336,0.06354144051369748,13.0,0.4483279060586901
TS,11,20250803,20250829,trim_r1_to_r2,TSAL20250829_0830_interferenceAndInterferenceFree001,TSAL20250803_1400_staticAndStaticFree001,0.5900149820428311,1.1347634200369747,4,71,0.5286164654065852,0.06139851663624585,47.0,0.45147120581832734
TS,11,20250803,20250829,trim_r1_to_r2,TSAL20250829_0830_interferenceAndInterferenceFree001,TSAL20250803_1400_staticAndStaticFree001,0.5900149820428311,1.1347634200369747,5,70,0.5307009862479402,0.05931399579489094,55.0,0.45670049637984145
TS,11,20250803,20250829,trim_r1_to_r2,TSAL20250829_0830_interferenceAndInterferenceFree001,TSAL20250803_1400_staticAndStaticFree001,0.5900149820428311,1.1347634200369747,6,69,0.5328017556144953,0.05721322642833582,44.0,0.459274827785065
TS,11,20250803,20250829,trim_r1_to_r2,TSAL20250829_0830_interferenceAndInterferenceFree001,TSAL20250803_1400_staticAndStaticFree001,0.5900149820428311,1.1347634200369747,7,68,0.5349204777507087,0.05509450429212237,16.0,0.4618245640513471
TS,11,20250803,20250829,trim_r1_to_r2,TSAL20250829_0830_interferenceAndInterferenceFree001,TSAL20250803_1400_staticAndStaticFree001,0.5900149820428311,1.1347634200369747,8,67,0.5369835697822968,0.053031412260534316,45.0,0.4668384407083021
TS,11,20250803,20250829,trim_r1_to_r2,TSAL20250829_0830_interferenceAndInterferenceFree001,TSAL20250803_1400_staticAndStaticFree001,0.5900149820428311,1.1347634200369747,9,66,0.5391210672820969,0.05089391476073424,21.0,0.467514901038792
TS,11,20250803,20250829,trim_r1_to_r2,TSAL20250829_0830_interferenceAndInterferenceFree001,TSAL20250803_1400_staticAndStaticFree001,0.5900149820428311,1.1347634200369747,10,65,0.5412761436427302,0.04873883840010085,2.0,0.47015862374182643
TS,11,20250803,20250829,trim_r1_to_r2,TSAL20250829_0830_interferenceAndInterferenceFree001,TSAL20250803_1400_staticAndStaticFree001,0.5900149820428311,1.1347634200369747,11,64,0.543382002747468,0.04663297929536314,54.0,0.47494158184349755
TS,11,20250803,20250829,trim_r1_to_r2,TSAL20250829_0830_interferenceAndInterferenceFree001,TSAL20250803_1400_staticAndStaticFree001,0.5900149820428311,1.1347634200369747,12,63,0.5453850444526439,0.044629937590187185,17.0,0.4812877098870136
TS,11,20250803,20250829,trim_r1_to_r2,TSAL20250829_0830_interferenceAndInterferenceFree001,TSAL20250803_1400_staticAndStaticFree001,0.5900149820428311,1.1347634200369747,13,62,0.5474207140328655,0.042594268009965575,39.0,0.48329712225588417
TS,11,20250803,20250829,trim_r1_to_r2,TSAL20250829_0830_interferenceAndInterferenceFree001,TSAL20250803_1400_staticAndStaticFree001,0.5900149820428311,1.1347634200369747,14,61,0.5494184837407632,0.04059649830206791,52.0,0.4874876227959376
TS,11,20250803,20250829,trim_r1_to_r2,TSAL20250829_0830_interferenceAndInterferenceFree001,TSAL20250803_1400_staticAndStaticFree001,0.5900149820428311,1.1347634200369747,15,60,0.551432648849962,0.03858233319286908,14.0,0.4900006130193949
TS,11,20250803,20250829,trim_r1_to_r2,TSAL20250829_0830_interferenceAndInterferenceFree001,TSAL20250803_1400_staticAndStaticFree001,0.5900149820428311,1.1347634200369747,16,59,0.5534529052247914,0.03656207681803969,15.0,0.4928452139799106
TS,11,20250803,20250829,trim_r1_to_r2,TSAL20250829_0830_interferenceAndInterferenceFree001,TSAL20250803_1400_staticAndStaticFree001,0.5900149820428311,1.1347634200369747,17,58,0.5555156076624267,0.0344993743804044,60.0,0.4946658857521835
TS,11,20250803,20250829,trim_r1_to_r2,TSAL20250829_0830_interferenceAndInterferenceFree001,TSAL20250803_1400_staticAndStaticFree001,0.5900149820428311,1.1347634200369747,18,57,0.5576586680679226,0.03235631397490846,34.0,0.4955099163085415
TS,11,20250803,20250829,trim_r1_to_r2,TSAL20250829_0830_interferenceAndInterferenceFree001,TSAL20250803_1400_staticAndStaticFree001,0.5900149820428311,1.1347634200369747,19,56,0.5598397401762565,0.03017524186657461,69.0,0.4976791850887431
TS,11,20250803,20250829,trim_r1_to_r2,TSAL20250829_0830_interferenceAndInterferenceFree001,TSAL20250803_1400_staticAndStaticFree001,0.5900149820428311,1.1347634200369747,20,55,0.5620540001928839,0.02796098184994722,70.0,0.5000547197273146
TS,11,20250803,20250829,trim_r1_to_r2,TSAL20250829_0830_interferenceAndInterferenceFree001,TSAL20250803_1400_staticAndStaticFree001,0.5900149820428311,1.1347634200369747,21,54,0.564289354107784,0.02572562793504707,40.0,0.5028171214480293
TS,11,20250803,20250829,trim_r1_to_r2,TSAL20250829_0830_interferenceAndInterferenceFree001,TSAL20250803_1400_staticAndStaticFree001,0.5900149820428311,1.1347634200369747,22,53,0.5666170516697432,0.023397930373087905,73.0,0.5037692174968481
TS,11,20250803,20250829,trim_r1_to_r2,TSAL20250829_0830_interferenceAndInterferenceFree001,TSAL20250803_1400_staticAndStaticFree001,0.5900149820428311,1.1347634200369747,23,52,0.5689553328934115,0.0210596491494196,43.0,0.5069908804661983
TS,11,20250803,20250829,trim_r1_to_r2,TSAL20250829_0830_interferenceAndInterferenceFree001,TSAL20250803_1400_staticAndStaticFree001,0.5900149820428311,1.1347634200369747,24,51,0.5713213057610272,0.01869367628180385,58.0,0.5098060112030212
TS,11,20250803,20250829,trim_r1_to_r2,TSAL20250829_0830_interferenceAndInterferenceFree001,TSAL20250803_1400_staticAndStaticFree001,0.5900149820428311,1.1347634200369747,25,50,0.5737109960887637,0.016303985954067346,56.0,0.5127738927314819
TS,11,20250803,20250829,trim_r1_to_r2,TSAL20250829_0830_interferenceAndInterferenceFree001,TSAL20250803_1400_staticAndStaticFree001,0.5900149820428311,1.1347634200369747,26,49,0.5760990377005236,0.013915944342307474,29.0,0.5163979974065267
TS,11,20250803,20250829,trim_r1_to_r2,TSAL20250829_0830_interferenceAndInterferenceFree001,TSAL20250803_1400_staticAndStaticFree001,0.5900149820428311,1.1347634200369747,27,48,0.5785942822732936,0.011420699769537523,53.0,0.5174607902404262
TS,11,20250803,20250829,trim_r1_to_r2,TSAL20250829_0830_interferenceAndInterferenceFree001,TSAL20250803_1400_staticAndStaticFree001,0.5900149820428311,1.1347634200369747,28,47,0.5810954641891941,0.008919517853636982,8.0,0.5210670982075843
TS,11,20250803,20250829,trim_r1_to_r2,TSAL20250829_0830_interferenceAndInterferenceFree001,TSAL20250803_1400_staticAndStaticFree001,0.5900149820428311,1.1347634200369747,29,46,0.5836726847874809,0.006342297255350182,71.0,0.5231080007277421
TS,11,20250803,20250829,trim_r1_to_r2,TSAL20250829_0830_interferenceAndInterferenceFree001,TSAL20250803_1400_staticAndStaticFree001,0.5900149820428311,1.1347634200369747,30,45,0.5863487133682422,0.0036662686745888573,63.0,0.524800056010733
TS,11,20250803,20250829,trim_r1_to_r2,TSAL20250829_0830_interferenceAndInterferenceFree001,TSAL20250803_1400_staticAndStaticFree001,0.5900149820428311,1.1347634200369747,31,44,0.5890017671711621,0.0010132148716689438,50.0,0.5293080566054621
TS,11,20250803,20250829,trim_r1_to_r2,TSAL20250829_0830_interferenceAndInterferenceFree001,TSAL20250803_1400_staticAndStaticFree001,0.5900149820428311,1.1347634200369747,32,43,0.5916741700460931,0.0,66.0,0.5328813067976103
TS,12,20250803,20250830,trim_r2_to_r1,TSAL20250803_1400_staticAndStaticFree001,TSAL20250830_0830_interferenceAndInterferenceFree001,0.4095246210047646,0.630256004189747,0,79,0.7607158166146287,0.1304598124248817,,
TS,12,20250803,20250830,trim_r2_to_r1,TSAL20250803_1400_staticAndStaticFree001,TSAL20250830_0830_interferenceAndInterferenceFree001,0.4095246210047646,0.630256004189747,1,78,0.7532223286927949,0.1229663245030479,15.0,1.0492151016052262
TS,12,20250803,20250830,trim_r2_to_r1,TSAL20250803_1400_staticAndStaticFree001,TSAL20250830_0830_interferenceAndInterferenceFree001,0.4095246210047646,0.630256004189747,2,77,0.7460769185030802,0.11582091431333319,25.0,1.0247479159019566
TS,12,20250803,20250830,trim_r2_to_r1,TSAL20250803_1400_staticAndStaticFree001,TSAL20250830_0830_interferenceAndInterferenceFree001,0.4095246210047646,0.630256004189747,3,76,0.7403171660035083,0.11006116181376124,40.0,0.9620676372370269
TS,12,20250803,20250830,trim_r2_to_r1,TSAL20250803_1400_staticAndStaticFree001,TSAL20250830_0830_interferenceAndInterferenceFree001,0.4095246210047646,0.630256004189747,4,75,0.7352413130706484,0.1049853088809014,62.0,0.9281237245193258
TS,12,20250803,20250830,trim_r2_to_r1,TSAL20250803_1400_staticAndStaticFree001,TSAL20250830_0830_interferenceAndInterferenceFree001,0.4095246210047646,0.630256004189747,5,74,0.730258068088972,0.10000206389922495,64.0,0.9171297549018407
TS,12,20250803,20250830,trim_r2_to_r1,TSAL20250803_1400_staticAndStaticFree001,TSAL20250830_0830_interferenceAndInterferenceFree001,0.4095246210047646,0.630256004189747,6,73,0.72523164525366,0.09497564106391299,41.0,0.9112092901601999
TS,12,20250803,20250830,trim_r2_to_r1,TSAL20250803_1400_staticAndStaticFree001,TSAL20250830_0830_interferenceAndInterferenceFree001,0.4095246210047646,0.630256004189747,7,72,0.7203990243517653,0.09014302016201825,65.0,0.8967896872709239
TS,12,20250803,20250830,trim_r2_to_r1,TSAL20250803_1400_staticAndStaticFree001,TSAL20250830_0830_interferenceAndInterferenceFree001,0.4095246210047646,0.630256004189747,8,71,0.7156798964163366,0.08542389222658953,63.0,0.8855685020917664
TS,12,20250803,20250830,trim_r2_to_r1,TSAL20250803_1400_staticAndStaticFree001,TSAL20250830_0830_interferenceAndInterferenceFree001,0.4095246210047646,0.630256004189747,9,70,0.7107760860815596,0.08052008189181259,67.0,0.8848613529661441
TS,12,20250803,20250830,trim_r2_to_r1,TSAL20250803_1400_staticAndStaticFree001,TSAL20250830_0830_interferenceAndInterferenceFree001,0.4095246210047646,0.630256004189747,10,69,0.7057875242017544,0.07553152001200736,10.0,0.8803871899949374
TS,12,20250803,20250830,trim_r2_to_r1,TSAL20250803_1400_staticAndStaticFree001,TSAL20250830_0830_interferenceAndInterferenceFree001,0.4095246210047646,0.630256004189747,11,68,0.7009617170816653,0.0707057128919183,66.0,0.8674520627247374
TS,12,20250803,20250830,trim_r2_to_r1,TSAL20250803_1400_staticAndStaticFree001,TSAL20250830_0830_interferenceAndInterferenceFree001,0.4095246210047646,0.630256004189747,12,67,0.6960882343249117,0.0658322301351647,78.0,0.8617866480545344
TS,12,20250803,20250830,trim_r2_to_r1,TSAL20250803_1400_staticAndStaticFree001,TSAL20250830_0830_interferenceAndInterferenceFree001,0.4095246210047646,0.630256004189747,13,66,0.6917449026788705,0.06148889848912342,71.0,0.8372465128212512
TS,12,20250803,20250830,trim_r2_to_r1,TSAL20250803_1400_staticAndStaticFree001,TSAL20250830_0830_interferenceAndInterferenceFree001,0.4095246210047646,0.630256004189747,14,65,0.6871077489055665,0.05685174471581944,76.0,0.8401338234245985
TS,12,20250803,20250830,trim_r2_to_r1,TSAL20250803_1400_staticAndStaticFree001,TSAL20250830_0830_interferenceAndInterferenceFree001,0.4095246210047646,0.630256004189747,15,64,0.6823638837826677,0.052107879592920625,58.0,0.8365395002768805
TS,12,20250803,20250830,trim_r2_to_r1,TSAL20250803_1400_staticAndStaticFree001,TSAL20250830_0830_interferenceAndInterferenceFree001,0.4095246210047646,0.630256004189747,16,63,0.6779704060752362,0.047714401885489144,50.0,0.8185616927130437
TS,12,20250803,20250830,trim_r2_to_r1,TSAL20250803_1400_staticAndStaticFree001,TSAL20250830_0830_interferenceAndInterferenceFree001,0.4095246210047646,0.630256004189747,17,62,0.6735563195237949,0.04330031533404788,54.0,0.8126000458941938
TS,12,20250803,20250830,trim_r2_to_r1,TSAL20250803_1400_staticAndStaticFree001,TSAL20250830_0830_interferenceAndInterferenceFree001,0.4095246210047646,0.630256004189747,18,61,0.6690581027178631,0.038802098528116113,51.0,0.808502823701752
TS,12,20250803,20250830,trim_r2_to_r1,TSAL20250803_1400_staticAndStaticFree001,TSAL20250830_0830_interferenceAndInterferenceFree001,0.4095246210047646,0.630256004189747,19,60,0.6644839411106535,0.03422793692090642,52.0,0.803995870130546
TS,12,20250803,20250830,trim_r2_to_r1,TSAL20250803_1400_staticAndStaticFree001,TSAL20250830_0830_interferenceAndInterferenceFree001,0.4095246210047646,0.630256004189747,20,59,0.6599345780355929,0.029678573845845824,69.0,0.7964154702874082
TS,12,20250803,20250830,trim_r2_to_r1,TSAL20250803_1400_staticAndStaticFree001,TSAL20250830_0830_interferenceAndInterferenceFree001,0.4095246210047646,0.630256004189747,21,58,0.6552670615078596,0.025011057318112595,70.0,0.7929587990759963
TS,12,20250803,20250830,trim_r2_to_r1,TSAL20250803_1400_staticAndStaticFree001,TSAL20250830_0830_interferenceAndInterferenceFree001,0.4095246210047646,0.630256004189747,22,57,0.65027584363478,0.02001983944503294,75.0,0.7950211619540893
TS,12,20250803,20250830,trim_r2_to_r1,TSAL20250803_1400_staticAndStaticFree001,TSAL20250830_0830_interferenceAndInterferenceFree001,0.4095246210047646,0.630256004189747,23,56,0.6453445825188038,0.015088578329056745,47.0,0.7858855243241208
TS,12,20250803,20250830,trim_r2_to_r1,TSAL20250803_1400_staticAndStaticFree001,TSAL20250830_0830_interferenceAndInterferenceFree001,0.4095246210047646,0.630256004189747,24,55,0.6409062123019392,0.010650208112192194,74.0,0.7651805783741491
TS,12,20250803,20250830,trim_r2_to_r1,TSAL20250803_1400_staticAndStaticFree001,TSAL20250830_0830_interferenceAndInterferenceFree001,0.4095246210047646,0.630256004189747,25,54,0.636272657248497,0.006016653058749988,42.0,0.7636954212181557
TS,12,20250803,20250830,trim_r2_to_r1,TSAL20250803_1400_staticAndStaticFree001,TSAL20250830_0830_interferenceAndInterferenceFree001,0.4095246210047646,0.630256004189747,26,53,0.632551646022283,0.002295641832535944,13.0,0.7330189491300624
TS,12,20250803,20250830,trim_r2_to_r1,TSAL20250803_1400_staticAndStaticFree001,TSAL20250830_0830_interferenceAndInterferenceFree001,0.4095246210047646,0.630256004189747,27,52,0.6288401796291824,0.0,37.0,0.727194039046351
TS,12,20250803,20250830,trim_r1_to_r2,TSAL20250830_0830_interferenceAndInterferenceFree001,TSAL20250803_1400_staticAndStaticFree001,0.5679024532450075,0.9535291799842499,0,75,0.5198903125972558,0.04801214064775172,,
TS,12,20250803,20250830,trim_r1_to_r2,TSAL20250830_0830_interferenceAndInterferenceFree001,TSAL20250803_1400_staticAndStaticFree001,0.5679024532450075,0.9535291799842499,1,74,0.5221358393158227,0.045766613929184796,57.0,0.4379285873695646
TS,12,20250803,20250830,trim_r1_to_r2,TSAL20250830_0830_interferenceAndInterferenceFree001,TSAL20250803_1400_staticAndStaticFree001,0.5679024532450075,0.9535291799842499,2,73,0.5243325652148749,0.04356988803013262,46.0,0.44305370694994356
TS,12,20250803,20250830,trim_r1_to_r2,TSAL20250830_0830_interferenceAndInterferenceFree001,TSAL20250803_1400_staticAndStaticFree001,0.5679024532450075,0.9535291799842499,3,72,0.5264735415291336,0.04142891171587393,13.0,0.4483279060586901
TS,12,20250803,20250830,trim_r1_to_r2,TSAL20250830_0830_interferenceAndInterferenceFree001,TSAL20250803_1400_staticAndStaticFree001,0.5679024532450075,0.9535291799842499,4,71,0.5286164654065852,0.0392859878384223,47.0,0.45147120581832734
TS,12,20250803,20250830,trim_r1_to_r2,TSAL20250830_0830_interferenceAndInterferenceFree001,TSAL20250803_1400_staticAndStaticFree001,0.5679024532450075,0.9535291799842499,5,70,0.5307009862479402,0.03720146699706739,55.0,0.45670049637984145
TS,12,20250803,20250830,trim_r1_to_r2,TSAL20250830_0830_interferenceAndInterferenceFree001,TSAL20250803_1400_staticAndStaticFree001,0.5679024532450075,0.9535291799842499,6,69,0.5328017556144953,0.03510069763051227,44.0,0.459274827785065
TS,12,20250803,20250830,trim_r1_to_r2,TSAL20250830_0830_interferenceAndInterferenceFree001,TSAL20250803_1400_staticAndStaticFree001,0.5679024532450075,0.9535291799842499,7,68,0.5349204777507087,0.03298197549429882,16.0,0.4618245640513471
TS,12,20250803,20250830,trim_r1_to_r2,TSAL20250830_0830_interferenceAndInterferenceFree001,TSAL20250803_1400_staticAndStaticFree001,0.5679024532450075,0.9535291799842499,8,67,0.5369835697822968,0.030918883462710767,45.0,0.4668384407083021
TS,12,20250803,20250830,trim_r1_to_r2,TSAL20250830_0830_interferenceAndInterferenceFree001,TSAL20250803_1400_staticAndStaticFree001,0.5679024532450075,0.9535291799842499,9,66,0.5391210672820969,0.02878138596291069,21.0,0.467514901038792
TS,12,20250803,20250830,trim_r1_to_r2,TSAL20250830_0830_interferenceAndInterferenceFree001,TSAL20250803_1400_staticAndStaticFree001,0.5679024532450075,0.9535291799842499,10,65,0.5412761436427302,0.026626309602277298,2.0,0.47015862374182643
TS,12,20250803,20250830,trim_r1_to_r2,TSAL20250830_0830_interferenceAndInterferenceFree001,TSAL20250803_1400_staticAndStaticFree001,0.5679024532450075,0.9535291799842499,11,64,0.543382002747468,0.024520450497539592,54.0,0.47494158184349755
TS,12,20250803,20250830,trim_r1_to_r2,TSAL20250830_0830_interferenceAndInterferenceFree001,TSAL20250803_1400_staticAndStaticFree001,0.5679024532450075,0.9535291799842499,12,63,0.5453850444526439,0.022517408792363636,17.0,0.4812877098870136
TS,12,20250803,20250830,trim_r1_to_r2,TSAL20250830_0830_interferenceAndInterferenceFree001,TSAL20250803_1400_staticAndStaticFree001,0.5679024532450075,0.9535291799842499,13,62,0.5474207140328655,0.020481739212142025,39.0,0.48329712225588417
TS,12,20250803,20250830,trim_r1_to_r2,TSAL20250830_0830_interferenceAndInterferenceFree001,TSAL20250803_1400_staticAndStaticFree001,0.5679024532450075,0.9535291799842499,14,61,0.5494184837407632,0.018483969504244357,52.0,0.4874876227959376
TS,12,20250803,20250830,trim_r1_to_r2,TSAL20250830_0830_interferenceAndInterferenceFree001,TSAL20250803_1400_staticAndStaticFree001,0.5679024532450075,0.9535291799842499,15,60,0.551432648849962,0.01646980439504553,14.0,0.4900006130193949
TS,12,20250803,20250830,trim_r1_to_r2,TSAL20250830_0830_interferenceAndInterferenceFree001,TSAL20250803_1400_staticAndStaticFree001,0.5679024532450075,0.9535291799842499,16,59,0.5534529052247914,0.01444954802021614,15.0,0.4928452139799106
TS,12,20250803,20250830,trim_r1_to_r2,TSAL20250830_0830_interferenceAndInterferenceFree001,TSAL20250803_1400_staticAndStaticFree001,0.5679024532450075,0.9535291799842499,17,58,0.5555156076624267,0.012386845582580852,60.0,0.4946658857521835
TS,12,20250803,20250830,trim_r1_to_r2,TSAL20250830_0830_interferenceAndInterferenceFree001,TSAL20250803_1400_staticAndStaticFree001,0.5679024532450075,0.9535291799842499,18,57,0.5576586680679226,0.010243785177084908,34.0,0.4955099163085415
TS,12,20250803,20250830,trim_r1_to_r2,TSAL20250830_0830_interferenceAndInterferenceFree001,TSAL20250803_1400_staticAndStaticFree001,0.5679024532450075,0.9535291799842499,19,56,0.5598397401762565,0.00806271306875106,69.0,0.4976791850887431
TS,12,20250803,20250830,trim_r1_to_r2,TSAL20250830_0830_interferenceAndInterferenceFree001,TSAL20250803_1400_staticAndStaticFree001,0.5679024532450075,0.9535291799842499,20,55,0.5620540001928839,0.00584845305212367,70.0,0.5000547197273146
TS,12,20250803,20250830,trim_r1_to_r2,TSAL20250830_0830_interferenceAndInterferenceFree001,TSAL20250803_1400_staticAndStaticFree001,0.5679024532450075,0.9535291799842499,21,54,0.564289354107784,0.003613099137223519,40.0,0.5028171214480293
TS,12,20250803,20250830,trim_r1_to_r2,TSAL20250830_0830_interferenceAndInterferenceFree001,TSAL20250803_1400_staticAndStaticFree001,0.5679024532450075,0.9535291799842499,22,53,0.5666170516697432,0.0012854015752643555,73.0,0.5037692174968481
TS,12,20250803,20250830,trim_r1_to_r2,TSAL20250830_0830_interferenceAndInterferenceFree001,TSAL20250803_1400_staticAndStaticFree001,0.5679024532450075,0.9535291799842499,23,52,0.5689553328934115,0.0,43.0,0.5069908804661983
TS,13,20250804,20250828,trim_r2_to_r1,TSAL20250804_0830_staticAndStaticFree001,TSAL20250828_0830_interferenceAndInterferenceFree001,0.4514452440868614,0.6896591342585231,0,90,0.8688595485308579,0.1792004142723348,,
TS,13,20250804,20250828,trim_r2_to_r1,TSAL20250804_0830_staticAndStaticFree001,TSAL20250828_0830_interferenceAndInterferenceFree001,0.4514452440868614,0.6896591342585231,1,89,0.8635199154685065,0.17386078120998338,27.0,1.1038034032743222
TS,13,20250804,20250828,trim_r2_to_r1,TSAL20250804_0830_staticAndStaticFree001,TSAL20250828_0830_interferenceAndInterferenceFree001,0.4514452440868614,0.6896591342585231,2,88,0.8587557585731049,0.16909662431458183,75.0,1.070760740418474
TS,13,20250804,20250828,trim_r2_to_r1,TSAL20250804_0830_staticAndStaticFree001,TSAL20250828_0830_interferenceAndInterferenceFree001,0.4514452440868614,0.6896591342585231,3,87,0.8549141812146666,0.16525504695614346,62.0,1.0239435849859566
TS,13,20250804,20250828,trim_r2_to_r1,TSAL20250804_0830_staticAndStaticFree001,TSAL20250828_0830_interferenceAndInterferenceFree001,0.4514452440868614,0.6896591342585231,4,86,0.8511962011135393,0.16153706685501623,59.0,1.012928335512573
TS,13,20250804,20250828,trim_r2_to_r1,TSAL20250804_0830_staticAndStaticFree001,TSAL20250828_0830_interferenceAndInterferenceFree001,0.4514452440868614,0.6896591342585231,5,85,0.8475493746935528,0.15789024043502975,76.0,1.0043629107529695
TS,13,20250804,20250828,trim_r2_to_r1,TSAL20250804_0830_staticAndStaticFree001,TSAL20250828_0830_interferenceAndInterferenceFree001,0.4514452440868614,0.6896591342585231,6,84,0.8439012952649045,0.15424216100638144,83.0,0.9989446709824561
TS,13,20250804,20250828,trim_r2_to_r1,TSAL20250804_0830_staticAndStaticFree001,TSAL20250828_0830_interferenceAndInterferenceFree001,0.4514452440868614,0.6896591342585231,7,83,0.8408570352072088,0.15119790094868568,10.0,0.9687159576304307
TS,13,20250804,20250828,trim_r2_to_r1,TSAL20250804_0830_staticAndStaticFree001,TSAL20250828_0830_interferenceAndInterferenceFree001,0.4514452440868614,0.6896591342585231,8,82,0.8377617829681232,0.1481026487096001,11.0,0.9662147508901726
TS,13,20250804,20250828,trim_r2_to_r1,TSAL20250804_0830_staticAndStaticFree001,TSAL20250828_0830_interferenceAndInterferenceFree001,0.4514452440868614,0.6896591342585231,9,81,0.8345607069272439,0.14490157266872083,79.0,0.965804824603299
TS,13,20250804,20250828,trim_r2_to_r1,TSAL20250804_0830_staticAndStaticFree001,TSAL20250828_0830_interferenceAndInterferenceFree001,0.4514452440868614,0.6896591342585231,10,80,0.8313714197212871,0.14171228546276404,81.0,0.9605375515625395
TS,13,20250804,20250828,trim_r2_to_r1,TSAL20250804_0830_staticAndStaticFree001,TSAL20250828_0830_interferenceAndInterferenceFree001,0.4514452440868614,0.6896591342585231,11,79,0.8280858279478184,0.13842669368929528,74.0,0.9595094988865672
TS,13,20250804,20250828,trim_r2_to_r1,TSAL20250804_0830_staticAndStaticFree001,TSAL20250828_0830_interferenceAndInterferenceFree001,0.4514452440868614,0.6896591342585231,12,78,0.8249208281552428,0.13526169389671971,78.0,0.9499383199619792
TS,13,20250804,20250828,trim_r2_to_r1,TSAL20250804_0830_staticAndStaticFree001,TSAL20250828_0830_interferenceAndInterferenceFree001,0.4514452440868614,0.6896591342585231,13,77,0.822079905723245,0.13242077146472186,0.0,0.9328758805711543
TS,13,20250804,20250828,trim_r2_to_r1,TSAL20250804_0830_staticAndStaticFree001,TSAL20250828_0830_interferenceAndInterferenceFree001,0.4514452440868614,0.6896591342585231,14,76,0.8192646358761241,0.12960550161760098,67.0,0.9276525249902825
TS,13,20250804,20250828,trim_r2_to_r1,TSAL20250804_0830_staticAndStaticFree001,TSAL20250828_0830_interferenceAndInterferenceFree001,0.4514452440868614,0.6896591342585231,15,75,0.8162065479171008,0.1265474136585777,84.0,0.9324138903599839
TS,13,20250804,20250828,trim_r2_to_r1,TSAL20250804_0830_staticAndStaticFree001,TSAL20250828_0830_interferenceAndInterferenceFree001,0.4514452440868614,0.6896591342585231,16,74,0.8131478586689921,0.12348872441046899,9.0,0.9278487054730683
TS,13,20250804,20250828,trim_r2_to_r1,TSAL20250804_0830_staticAndStaticFree001,TSAL20250828_0830_interferenceAndInterferenceFree001,0.4514452440868614,0.6896591342585231,17,73,0.8101973687494798,0.12053823449095669,5.0,0.9193654957714394
TS,13,20250804,20250828,trim_r2_to_r1,TSAL20250804_0830_staticAndStaticFree001,TSAL20250828_0830_interferenceAndInterferenceFree001,0.4514452440868614,0.6896591342585231,18,72,0.8071827294104228,0.1175235951518997,77.0,0.9172170652860027
TS,13,20250804,20250828,trim_r2_to_r1,TSAL20250804_0830_staticAndStaticFree001,TSAL20250828_0830_interferenceAndInterferenceFree001,0.4514452440868614,0.6896591342585231,19,71,0.8047817049171032,0.11512257065858011,12.0,0.8912185866766044
TS,13,20250804,20250828,trim_r2_to_r1,TSAL20250804_0830_staticAndStaticFree001,TSAL20250828_0830_interferenceAndInterferenceFree001,0.4514452440868614,0.6896591342585231,20,70,0.8021921714254303,0.11253303716690721,18.0,0.8941206103798168
TS,13,20250804,20250828,trim_r2_to_r1,TSAL20250804_0830_staticAndStaticFree001,TSAL20250828_0830_interferenceAndInterferenceFree001,0.4514452440868614,0.6896591342585231,21,69,0.7994267889114345,0.10976765465291138,14.0,0.8962151769012942
TS,13,20250804,20250828,trim_r2_to_r1,TSAL20250804_0830_staticAndStaticFree001,TSAL20250828_0830_interferenceAndInterferenceFree001,0.4514452440868614,0.6896591342585231,22,68,0.7966357416727814,0.1069766074142583,8.0,0.8929268714063134
TS,13,20250804,20250828,trim_r2_to_r1,TSAL20250804_0830_staticAndStaticFree001,TSAL20250828_0830_interferenceAndInterferenceFree001,0.4514452440868614,0.6896591342585231,23,67,0.7937559980710449,0.10409686381252181,2.0,0.8916672805300823
TS,13,20250804,20250828,trim_r2_to_r1,TSAL20250804_0830_staticAndStaticFree001,TSAL20250828_0830_interferenceAndInterferenceFree001,0.4514452440868614,0.6896591342585231,24,66,0.7908452590881438,0.10118612482962075,85.0,0.888355015015328
TS,13,20250804,20250828,trim_r2_to_r1,TSAL20250804_0830_staticAndStaticFree001,TSAL20250828_0830_interferenceAndInterferenceFree001,0.4514452440868614,0.6896591342585231,25,65,0.7878921180792433,0.09823298382072021,19.0,0.8853457713729647
TS,13,20250804,20250828,trim_r2_to_r1,TSAL20250804_0830_staticAndStaticFree001,TSAL20250828_0830_interferenceAndInterferenceFree001,0.4514452440868614,0.6896591342585231,26,64,0.7849042266330847,0.09524509237456158,13.0,0.8820106986332331
TS,13,20250804,20250828,trim_r2_to_r1,TSAL20250804_0830_staticAndStaticFree001,TSAL20250828_0830_interferenceAndInterferenceFree001,0.4514452440868614,0.6896591342585231,27,63,0.7818220377545875,0.09216290349606437,1.0,0.8804520818664984
TS,13,20250804,20250828,trim_r2_to_r1,TSAL20250804_0830_staticAndStaticFree001,TSAL20250828_0830_interferenceAndInterferenceFree001,0.4514452440868614,0.6896591342585231,28,62,0.7786066278992173,0.08894749364069421,7.0,0.879892038343384
TS,13,20250804,20250828,trim_r2_to_r1,TSAL20250804_0830_staticAndStaticFree001,TSAL20250828_0830_interferenceAndInterferenceFree001,0.4514452440868614,0.6896591342585231,29,61,0.775331417871477,0.08567228361295387,22.0,0.8768629287314258
TS,13,20250804,20250828,trim_r2_to_r1,TSAL20250804_0830_staticAndStaticFree001,TSAL20250828_0830_interferenceAndInterferenceFree001,0.4514452440868614,0.6896591342585231,30,60,0.771808423606789,0.08214928934826593,15.0,0.8792597486797697
TS,13,20250804,20250828,trim_r2_to_r1,TSAL20250804_0830_staticAndStaticFree001,TSAL20250828_0830_interferenceAndInterferenceFree001,0.4514452440868614,0.6896591342585231,31,59,0.768327268465665,0.07866813420714192,6.0,0.8727619226993827
TS,13,20250804,20250828,trim_r2_to_r1,TSAL20250804_0830_staticAndStaticFree001,TSAL20250828_0830_interferenceAndInterferenceFree001,0.4514452440868614,0.6896591342585231,32,58,0.7644775440636136,0.07481840980509047,16.0,0.8780444139241316
TS,13,20250804,20250828,trim_r2_to_r1,TSAL20250804_0830_staticAndStaticFree001,TSAL20250828_0830_interferenceAndInterferenceFree001,0.4514452440868614,0.6896591342585231,33,57,0.760387190277881,0.07072805601935794,21.0,0.8790074500641246
TS,13,20250804,20250828,trim_r2_to_r1,TSAL20250804_0830_staticAndStaticFree001,TSAL20250828_0830_interferenceAndInterferenceFree001,0.4514452440868614,0.6896591342585231,34,56,0.7564319298738156,0.06677279561529248,17.0,0.8691568513896865
TS,13,20250804,20250828,trim_r2_to_r1,TSAL20250804_0830_staticAndStaticFree001,TSAL20250828_0830_interferenceAndInterferenceFree001,0.4514452440868614,0.6896591342585231,35,55,0.7524504468263689,0.06279131256784576,23.0,0.8639319721548765
TS,13,20250804,20250828,trim_r2_to_r1,TSAL20250804_0830_staticAndStaticFree001,TSAL20250828_0830_interferenceAndInterferenceFree001,0.4514452440868614,0.6896591342585231,36,54,0.7485182054458804,0.05885907118735734,71.0,0.8566548434093106
TS,13,20250804,20250828,trim_r2_to_r1,TSAL20250804_0830_staticAndStaticFree001,TSAL20250828_0830_interferenceAndInterferenceFree001,0.4514452440868614,0.6896591342585231,37,53,0.7443431151218046,0.05468398086328152,68.0,0.857070553871851
TS,13,20250804,20250828,trim_r2_to_r1,TSAL20250804_0830_staticAndStaticFree001,TSAL20250828_0830_interferenceAndInterferenceFree001,0.4514452440868614,0.6896591342585231,38,52,0.7403135278579084,0.05065439359938528,72.0,0.8470975903511567
TS,13,20250804,20250828,trim_r2_to_r1,TSAL20250804_0830_staticAndStaticFree001,TSAL20250828_0830_interferenceAndInterferenceFree001,0.4514452440868614,0.6896591342585231,39,51,0.7361188281798082,0.04645969392128513,47.0,0.8451810198104147
TS,13,20250804,20250828,trim_r2_to_r1,TSAL20250804_0830_staticAndStaticFree001,TSAL20250828_0830_interferenceAndInterferenceFree001,0.4514452440868614,0.6896591342585231,40,50,0.7319019609011196,0.04224282664259649,87.0,0.8394320765076795
TS,13,20250804,20250828,trim_r2_to_r1,TSAL20250804_0830_staticAndStaticFree001,TSAL20250828_0830_interferenceAndInterferenceFree001,0.4514452440868614,0.6896591342585231,41,49,0.7273187204093728,0.037659586150849744,60.0,0.8418997327030424
TS,13,20250804,20250828,trim_r2_to_r1,TSAL20250804_0830_staticAndStaticFree001,TSAL20250828_0830_interferenceAndInterferenceFree001,0.4514452440868614,0.6896591342585231,42,48,0.7231086930675851,0.033449558809061974,86.0,0.8262543629413841
TS,13,20250804,20250828,trim_r2_to_r1,TSAL20250804_0830_staticAndStaticFree001,TSAL20250828_0830_interferenceAndInterferenceFree001,0.4514452440868614,0.6896591342585231,43,47,0.7185571304900146,0.028897996231491474,69.0,0.8277946323517075
TS,13,20250804,20250828,trim_r2_to_r1,TSAL20250804_0830_staticAndStaticFree001,TSAL20250828_0830_interferenceAndInterferenceFree001,0.4514452440868614,0.6896591342585231,44,46,0.7137721863030022,0.02411305204447911,3.0,0.8262183746977938
TS,13,20250804,20250828,trim_r2_to_r1,TSAL20250804_0830_staticAndStaticFree001,TSAL20250828_0830_interferenceAndInterferenceFree001,0.4514452440868614,0.6896591342585231,45,45,0.7087561081279314,0.01909697386940834,73.0,0.8241259061545556
TS,13,20250804,20250828,trim_r2_to_r1,TSAL20250804_0830_staticAndStaticFree001,TSAL20250828_0830_interferenceAndInterferenceFree001,0.4514452440868614,0.6896591342585231,46,44,0.7034314586676061,0.013772324409083048,20.0,0.823236071524928
TS,13,20250804,20250828,trim_r2_to_r1,TSAL20250804_0830_staticAndStaticFree001,TSAL20250828_0830_interferenceAndInterferenceFree001,0.4514452440868614,0.6896591342585231,47,43,0.6973368655015837,0.007677731243060593,4.0,0.8314179151540733
TS,13,20250804,20250828,trim_r2_to_r1,TSAL20250804_0830_staticAndStaticFree001,TSAL20250828_0830_interferenceAndInterferenceFree001,0.4514452440868614,0.6896591342585231,48,42,0.691543637167792,0.0018845029092688925,70.0,0.8160980463443158
TS,13,20250804,20250828,trim_r2_to_r1,TSAL20250804_0830_staticAndStaticFree001,TSAL20250828_0830_interferenceAndInterferenceFree001,0.4514452440868614,0.6896591342585231,49,41,0.6850235372621192,0.0,88.0,0.8219456352812506
TS,13,20250804,20250828,trim_r1_to_r2,TSAL20250828_0830_interferenceAndInterferenceFree001,TSAL20250804_0830_staticAndStaticFree001,0.6396443499665845,1.0980747470951313,0,70,0.5705521891726922,0.06909216079389224,,
TS,13,20250804,20250828,trim_r1_to_r2,TSAL20250828_0830_interferenceAndInterferenceFree001,TSAL20250804_0830_staticAndStaticFree001,0.6396443499665845,1.0980747470951313,1,69,0.5732980755789816,0.06634627438760288,20.0,0.4771920513588499
TS,13,20250804,20250828,trim_r1_to_r2,TSAL20250828_0830_interferenceAndInterferenceFree001,TSAL20250804_0830_staticAndStaticFree001,0.6396443499665845,1.0980747470951313,2,68,0.5760530454094673,0.06359130455711715,54.0,0.48100658625770915
TS,13,20250804,20250828,trim_r1_to_r2,TSAL20250828_0830_interferenceAndInterferenceFree001,TSAL20250804_0830_staticAndStaticFree001,0.6396443499665845,1.0980747470951313,3,67,0.5787646863769823,0.06087966358960217,4.0,0.48656889348147603
TS,13,20250804,20250828,trim_r1_to_r2,TSAL20250828_0830_interferenceAndInterferenceFree001,TSAL20250804_0830_staticAndStaticFree001,0.6396443499665845,1.0980747470951313,4,66,0.5815183898332502,0.058125960133334265,6.0,0.48926932404827744
TS,13,20250804,20250828,trim_r1_to_r2,TSAL20250828_0830_interferenceAndInterferenceFree001,TSAL20250804_0830_staticAndStaticFree001,0.6396443499665845,1.0980747470951313,5,65,0.5838053128127003,0.05583903715388416,56.0,0.5083368544908451
TS,13,20250804,20250828,trim_r1_to_r2,TSAL20250828_0830_interferenceAndInterferenceFree001,TSAL20250804_0830_staticAndStaticFree001,0.6396443499665845,1.0980747470951313,6,64,0.5861618058404416,0.05348254412614284,2.0,0.5095757824388486
TS,13,20250804,20250828,trim_r1_to_r2,TSAL20250828_0830_interferenceAndInterferenceFree001,TSAL20250804_0830_staticAndStaticFree001,0.6396443499665845,1.0980747470951313,7,63,0.5885246829600637,0.05111966700652082,7.0,0.5129126151321594
TS,13,20250804,20250828,trim_r1_to_r2,TSAL20250828_0830_interferenceAndInterferenceFree001,TSAL20250804_0830_staticAndStaticFree001,0.6396443499665845,1.0980747470951313,8,62,0.5908659932193189,0.048778356747265605,10.0,0.5171147200527771
TS,13,20250804,20250828,trim_r1_to_r2,TSAL20250828_0830_interferenceAndInterferenceFree001,TSAL20250804_0830_staticAndStaticFree001,0.6396443499665845,1.0980747470951313,9,61,0.5931978495682819,0.04644650039830256,22.0,0.5209103027504318
TS,13,20250804,20250828,trim_r1_to_r2,TSAL20250828_0830_interferenceAndInterferenceFree001,TSAL20250804_0830_staticAndStaticFree001,0.6396443499665845,1.0980747470951313,10,60,0.5956167731889033,0.04402757677768121,39.0,0.5218396027599488
TS,13,20250804,20250828,trim_r1_to_r2,TSAL20250828_0830_interferenceAndInterferenceFree001,TSAL20250804_0830_staticAndStaticFree001,0.6396443499665845,1.0980747470951313,11,59,0.5979627607968421,0.041681589169742406,9.0,0.5275831325586805
TS,13,20250804,20250828,trim_r1_to_r2,TSAL20250828_0830_interferenceAndInterferenceFree001,TSAL20250804_0830_staticAndStaticFree001,0.6396443499665845,1.0980747470951313,12,58,0.6003438960187811,0.03930045394780335,60.0,0.5301004069715755
TS,13,20250804,20250828,trim_r1_to_r2,TSAL20250828_0830_interferenceAndInterferenceFree001,TSAL20250804_0830_staticAndStaticFree001,0.6396443499665845,1.0980747470951313,13,57,0.6026854546399452,0.03695889532663932,52.0,0.5347802546261885
TS,13,20250804,20250828,trim_r1_to_r2,TSAL20250828_0830_interferenceAndInterferenceFree001,TSAL20250804_0830_staticAndStaticFree001,0.6396443499665845,1.0980747470951313,14,56,0.6050300042006259,0.034614345765958565,11.0,0.5382103417212265
TS,13,20250804,20250828,trim_r1_to_r2,TSAL20250828_0830_interferenceAndInterferenceFree001,TSAL20250804_0830_staticAndStaticFree001,0.6396443499665845,1.0980747470951313,15,55,0.6074153703268088,0.03222897963977567,67.0,0.5406251187936869
TS,13,20250804,20250828,trim_r1_to_r2,TSAL20250828_0830_interferenceAndInterferenceFree001,TSAL20250804_0830_staticAndStaticFree001,0.6396443499665845,1.0980747470951313,16,54,0.6097834100914075,0.029860939875177017,43.0,0.5446623165649457
TS,13,20250804,20250828,trim_r1_to_r2,TSAL20250828_0830_interferenceAndInterferenceFree001,TSAL20250804_0830_staticAndStaticFree001,0.6396443499665845,1.0980747470951313,17,53,0.6122679513279214,0.027376398638663035,47.0,0.545185337942043
TS,13,20250804,20250828,trim_r1_to_r2,TSAL20250828_0830_interferenceAndInterferenceFree001,TSAL20250804_0830_staticAndStaticFree001,0.6396443499665845,1.0980747470951313,18,52,0.6147995713302437,0.024844778636340825,28.0,0.5477116412687061
TS,13,20250804,20250828,trim_r1_to_r2,TSAL20250828_0830_interferenceAndInterferenceFree001,TSAL20250804_0830_staticAndStaticFree001,0.6396443499665845,1.0980747470951313,19,51,0.6174360468354346,0.022208303131149854,51.0,0.548887683700467
TS,13,20250804,20250828,trim_r1_to_r2,TSAL20250828_0830_interferenceAndInterferenceFree001,TSAL20250804_0830_staticAndStaticFree001,0.6396443499665845,1.0980747470951313,20,50,0.620200480990996,0.019443868975588474,13.0,0.5497074100241849
TS,13,20250804,20250828,trim_r1_to_r2,TSAL20250828_0830_interferenceAndInterferenceFree001,TSAL20250804_0830_staticAndStaticFree001,0.6396443499665845,1.0980747470951313,21,49,0.6228665255296633,0.016777824436921218,41.0,0.5562154120629781
TS,13,20250804,20250828,trim_r1_to_r2,TSAL20250828_0830_interferenceAndInterferenceFree001,TSAL20250804_0830_staticAndStaticFree001,0.6396443499665845,1.0980747470951313,22,48,0.6255798514234916,0.014064498543092885,62.0,0.559103367024701
TS,13,20250804,20250828,trim_r1_to_r2,TSAL20250828_0830_interferenceAndInterferenceFree001,TSAL20250804_0830_staticAndStaticFree001,0.6396443499665845,1.0980747470951313,23,47,0.6283699249796664,0.011274424986918108,0.0,0.5614081596314704
TS,13,20250804,20250828,trim_r1_to_r2,TSAL20250828_0830_interferenceAndInterferenceFree001,TSAL20250804_0830_staticAndStaticFree001,0.6396443499665845,1.0980747470951313,24,46,0.6311412715064342,0.008503078460150304,5.0,0.5660146281273879
TS,13,20250804,20250828,trim_r1_to_r2,TSAL20250828_0830_interferenceAndInterferenceFree001,TSAL20250804_0830_staticAndStaticFree001,0.6396443499665845,1.0980747470951313,25,45,0.6338603947012083,0.005783955265376228,36.0,0.5713205612214051
TS,13,20250804,20250828,trim_r1_to_r2,TSAL20250828_0830_interferenceAndInterferenceFree001,TSAL20250804_0830_staticAndStaticFree001,0.6396443499665845,1.0980747470951313,26,44,0.6367265615433266,0.00291778842325785,3.0,0.5722378075956616
TS,13,20250804,20250828,trim_r1_to_r2,TSAL20250828_0830_interferenceAndInterferenceFree001,TSAL20250804_0830_staticAndStaticFree001,0.6396443499665845,1.0980747470951313,27,43,0.6395736225615829,7.072740500158048e-05,65.0,0.5769382801599492
TS,13,20250804,20250828,trim_r1_to_r2,TSAL20250828_0830_interferenceAndInterferenceFree001,TSAL20250804_0830_staticAndStaticFree001,0.6396443499665845,1.0980747470951313,28,42,0.6424707885751187,0.0,12.0,0.5801817192840962
TS,14,20250804,20250829,trim_r2_to_r1,TSAL20250804_0830_staticAndStaticFree001,TSAL20250829_0830_interferenceAndInterferenceFree001,0.4514452440868614,0.6896591342585231,0,95,0.8623892010399029,0.1727300667813798,,
TS,14,20250804,20250829,trim_r2_to_r1,TSAL20250804_0830_staticAndStaticFree001,TSAL20250829_0830_interferenceAndInterferenceFree001,0.4514452440868614,0.6896591342585231,1,94,0.8463517775985947,0.1566926433400716,44.0,1.6081293910607353
TS,14,20250804,20250829,trim_r2_to_r1,TSAL20250804_0830_staticAndStaticFree001,TSAL20250829_0830_interferenceAndInterferenceFree001,0.4514452440868614,0.6896591342585231,2,93,0.835332684064129,0.14567354980560587,87.0,1.3532300801840176
TS,14,20250804,20250829,trim_r2_to_r1,TSAL20250804_0830_staticAndStaticFree001,TSAL20250829_0830_interferenceAndInterferenceFree001,0.4514452440868614,0.6896591342585231,3,92,0.8274853947329665,0.13782626047444335,93.0,1.1923843486320234
TS,14,20250804,20250829,trim_r2_to_r1,TSAL20250804_0830_staticAndStaticFree001,TSAL20250829_0830_interferenceAndInterferenceFree001,0.4514452440868614,0.6896591342585231,4,91,0.8227301756704767,0.13307104141195358,90.0,1.0414702525450104
TS,14,20250804,20250829,trim_r2_to_r1,TSAL20250804_0830_staticAndStaticFree001,TSAL20250829_0830_interferenceAndInterferenceFree001,0.4514452440868614,0.6896591342585231,5,90,0.8195165976773744,0.1298574634188513,56.0,0.9657343963635234
TS,14,20250804,20250829,trim_r2_to_r1,TSAL20250804_0830_staticAndStaticFree001,TSAL20250829_0830_interferenceAndInterferenceFree001,0.4514452440868614,0.6896591342585231,6,89,0.8167392763065305,0.12708014204800744,43.0,0.9417187379945096
TS,14,20250804,20250829,trim_r2_to_r1,TSAL20250804_0830_staticAndStaticFree001,TSAL20250829_0830_interferenceAndInterferenceFree001,0.4514452440868614,0.6896591342585231,7,88,0.8138707266669979,0.12421159240847479,80.0,0.9415211856261998
TS,14,20250804,20250829,trim_r2_to_r1,TSAL20250804_0830_staticAndStaticFree001,TSAL20250829_0830_interferenceAndInterferenceFree001,0.4514452440868614,0.6896591342585231,8,87,0.8109259834645415,0.12126684920601838,83.0,0.9404946843726187
TS,14,20250804,20250829,trim_r2_to_r1,TSAL20250804_0830_staticAndStaticFree001,TSAL20250829_0830_interferenceAndInterferenceFree001,0.4514452440868614,0.6896591342585231,9,86,0.807766271052302,0.11810713679377893,54.0,0.9452137609847254
TS,14,20250804,20250829,trim_r2_to_r1,TSAL20250804_0830_staticAndStaticFree001,TSAL20250829_0830_interferenceAndInterferenceFree001,0.4514452440868614,0.6896591342585231,10,85,0.8047107806239325,0.11505164636540943,79.0,0.9360968690438147
TS,14,20250804,20250829,trim_r2_to_r1,TSAL20250804_0830_staticAndStaticFree001,TSAL20250829_0830_interferenceAndInterferenceFree001,0.4514452440868614,0.6896591342585231,11,84,0.8015695640713117,0.11191042981278865,81.0,0.935071267557698
TS,14,20250804,20250829,trim_r2_to_r1,TSAL20250804_0830_staticAndStaticFree001,TSAL20250829_0830_interferenceAndInterferenceFree001,0.4514452440868614,0.6896591342585231,12,83,0.7986429219509185,0.10898378769239536,92.0,0.92156189100744
TS,14,20250804,20250829,trim_r2_to_r1,TSAL20250804_0830_staticAndStaticFree001,TSAL20250829_0830_interferenceAndInterferenceFree001,0.4514452440868614,0.6896591342585231,13,82,0.7958035791171044,0.10614444485858132,62.0,0.9136363067203823
TS,14,20250804,20250829,trim_r2_to_r1,TSAL20250804_0830_staticAndStaticFree001,TSAL20250829_0830_interferenceAndInterferenceFree001,0.4514452440868614,0.6896591342585231,14,81,0.7930873976030884,0.10342826334456534,74.0,0.9044508396777416
TS,14,20250804,20250829,trim_r2_to_r1,TSAL20250804_0830_staticAndStaticFree001,TSAL20250829_0830_interferenceAndInterferenceFree001,0.4514452440868614,0.6896591342585231,15,80,0.7903371307396826,0.10067799648115949,69.0,0.9017229387076201
TS,14,20250804,20250829,trim_r2_to_r1,TSAL20250804_0830_staticAndStaticFree001,TSAL20250829_0830_interferenceAndInterferenceFree001,0.4514452440868614,0.6896591342585231,16,79,0.7875377044139552,0.09787857015543211,82.0,0.8995147574430503
TS,14,20250804,20250829,trim_r2_to_r1,TSAL20250804_0830_staticAndStaticFree001,TSAL20250829_0830_interferenceAndInterferenceFree001,0.4514452440868614,0.6896591342585231,17,78,0.7848362109529485,0.09517707669442543,59.0,0.8915452026627136
TS,14,20250804,20250829,trim_r2_to_r1,TSAL20250804_0830_staticAndStaticFree001,TSAL20250829_0830_interferenceAndInterferenceFree001,0.4514452440868614,0.6896591342585231,18,77,0.7821295200933498,0.0924703858348267,89.0,0.8876904636177033
TS,14,20250804,20250829,trim_r2_to_r1,TSAL20250804_0830_staticAndStaticFree001,TSAL20250829_0830_interferenceAndInterferenceFree001,0.4514452440868614,0.6896591342585231,19,76,0.7793530026243749,0.0896938683658518,66.0,0.8862489251799076
TS,14,20250804,20250829,trim_r2_to_r1,TSAL20250804_0830_staticAndStaticFree001,TSAL20250829_0830_interferenceAndInterferenceFree001,0.4514452440868614,0.6896591342585231,20,75,0.7763504867357351,0.08669135247721205,78.0,0.8904460905040421
TS,14,20250804,20250829,trim_r2_to_r1,TSAL20250804_0830_staticAndStaticFree001,TSAL20250829_0830_interferenceAndInterferenceFree001,0.4514452440868614,0.6896591342585231,21,74,0.7733139617269001,0.08365482746837705,76.0,0.8871836495582134
TS,14,20250804,20250829,trim_r2_to_r1,TSAL20250804_0830_staticAndStaticFree001,TSAL20250829_0830_interferenceAndInterferenceFree001,0.4514452440868614,0.6896591342585231,22,73,0.770186670512866,0.08052753625434295,48.0,0.8858964454321321
TS,14,20250804,20250829,trim_r2_to_r1,TSAL20250804_0830_staticAndStaticFree001,TSAL20250829_0830_interferenceAndInterferenceFree001,0.4514452440868614,0.6896591342585231,23,72,0.7670548064083125,0.07739567214978937,91.0,0.8813678462245156
TS,14,20250804,20250829,trim_r2_to_r1,TSAL20250804_0830_staticAndStaticFree001,TSAL20250829_0830_interferenceAndInterferenceFree001,0.4514452440868614,0.6896591342585231,24,71,0.7639566229723977,0.07429748871387465,72.0,0.8754912266653292
TS,14,20250804,20250829,trim_r2_to_r1,TSAL20250804_0830_staticAndStaticFree001,TSAL20250829_0830_interferenceAndInterferenceFree001,0.4514452440868614,0.6896591342585231,25,70,0.7607585514068785,0.07109941714835544,85.0,0.8742900919828056
TS,14,20250804,20250829,trim_r2_to_r1,TSAL20250804_0830_staticAndStaticFree001,TSAL20250829_0830_interferenceAndInterferenceFree001,0.4514452440868614,0.6896591342585231,26,69,0.757395713440255,0.06773657918173193,45.0,0.8750950422720816
TS,14,20250804,20250829,trim_r2_to_r1,TSAL20250804_0830_staticAndStaticFree001,TSAL20250829_0830_interferenceAndInterferenceFree001,0.4514452440868614,0.6896591342585231,27,68,0.7539145382816139,0.06425540402309082,94.0,0.8740150812547309
TS,14,20250804,20250829,trim_r2_to_r1,TSAL20250804_0830_staticAndStaticFree001,TSAL20250829_0830_interferenceAndInterferenceFree001,0.4514452440868614,0.6896591342585231,28,67,0.7503054629337076,0.06064632867518449,55.0,0.8730140247625211
TS,14,20250804,20250829,trim_r2_to_r1,TSAL20250804_0830_staticAndStaticFree001,TSAL20250829_0830_interferenceAndInterferenceFree001,0.4514452440868614,0.6896591342585231,29,66,0.7465276848360549,0.05686855057753182,84.0,0.8730832511074187
TS,14,20250804,20250829,trim_r2_to_r1,TSAL20250804_0830_staticAndStaticFree001,TSAL20250829_0830_interferenceAndInterferenceFree001,0.4514452440868614,0.6896591342585231,30,65,0.7425456985709811,0.05288656431245797,42.0,0.8739512453184205
TS,14,20250804,20250829,trim_r2_to_r1,TSAL20250804_0830_staticAndStaticFree001,TSAL20250829_0830_interferenceAndInterferenceFree001,0.4514452440868614,0.6896591342585231,31,64,0.7387336088940298,0.04907447463550674,75.0,0.862626523394946
TS,14,20250804,20250829,trim_r2_to_r1,TSAL20250804_0830_staticAndStaticFree001,TSAL20250829_0830_interferenceAndInterferenceFree001,0.4514452440868614,0.6896591342585231,32,63,0.7350329060864593,0.04537377182793623,77.0,0.8534553959287179
TS,14,20250804,20250829,trim_r2_to_r1,TSAL20250804_0830_staticAndStaticFree001,TSAL20250829_0830_interferenceAndInterferenceFree001,0.4514452440868614,0.6896591342585231,33,62,0.7310924187625932,0.041433284504070134,60.0,0.8552177694643736
TS,14,20250804,20250829,trim_r2_to_r1,TSAL20250804_0830_staticAndStaticFree001,TSAL20250829_0830_interferenceAndInterferenceFree001,0.4514452440868614,0.6896591342585231,34,61,0.726947882782056,0.03728874852353292,53.0,0.8554284981787099
TS,14,20250804,20250829,trim_r2_to_r1,TSAL20250804_0830_staticAndStaticFree001,TSAL20250829_0830_interferenceAndInterferenceFree001,0.4514452440868614,0.6896591342585231,35,60,0.7225611156885683,0.03290198143004519,49.0,0.8563575120399414
TS,14,20250804,20250829,trim_r2_to_r1,TSAL20250804_0830_staticAndStaticFree001,TSAL20250829_0830_interferenceAndInterferenceFree001,0.4514452440868614,0.6896591342585231,36,59,0.7181695684635242,0.0285104342050011,51.0,0.8499159852148478
TS,14,20250804,20250829,trim_r2_to_r1,TSAL20250804_0830_staticAndStaticFree001,TSAL20250829_0830_interferenceAndInterferenceFree001,0.4514452440868614,0.6896591342585231,37,58,0.7133618688311901,0.023702734572667028,70.0,0.8551890079850426
TS,14,20250804,20250829,trim_r2_to_r1,TSAL20250804_0830_staticAndStaticFree001,TSAL20250829_0830_interferenceAndInterferenceFree001,0.4514452440868614,0.6896591342585231,38,57,0.7082223582493323,0.01856322399080923,67.0,0.8572681651232118
TS,14,20250804,20250829,trim_r2_to_r1,TSAL20250804_0830_staticAndStaticFree001,TSAL20250829_0830_interferenceAndInterferenceFree001,0.4514452440868614,0.6896591342585231,39,56,0.7030539472862577,0.013394813027734598,68.0,0.8503536597338835
TS,14,20250804,20250829,trim_r2_to_r1,TSAL20250804_0830_staticAndStaticFree001,TSAL20250829_0830_interferenceAndInterferenceFree001,0.4514452440868614,0.6896591342585231,40,55,0.6982425578159561,0.008583423557433023,46.0,0.8329614629844031
TS,14,20250804,20250829,trim_r2_to_r1,TSAL20250804_0830_staticAndStaticFree001,TSAL20250829_0830_interferenceAndInterferenceFree001,0.4514452440868614,0.6896591342585231,41,54,0.6931148541714216,0.0034557199128985028,86.0,0.834126704396119
TS,14,20250804,20250829,trim_r2_to_r1,TSAL20250804_0830_staticAndStaticFree001,TSAL20250829_0830_interferenceAndInterferenceFree001,0.4514452440868614,0.6896591342585231,42,53,0.6883203731448867,0.0,50.0,0.8177713608613284
TS,14,20250804,20250829,trim_r1_to_r2,TSAL20250829_0830_interferenceAndInterferenceFree001,TSAL20250804_0830_staticAndStaticFree001,0.5900149820428311,1.1347634200369747,0,70,0.5705521891726922,0.019462792870138856,,
TS,14,20250804,20250829,trim_r1_to_r2,TSAL20250829_0830_interferenceAndInterferenceFree001,TSAL20250804_0830_staticAndStaticFree001,0.5900149820428311,1.1347634200369747,1,69,0.5732980755789816,0.01671690646384949,20.0,0.4771920513588499
TS,14,20250804,20250829,trim_r1_to_r2,TSAL20250829_0830_interferenceAndInterferenceFree001,TSAL20250804_0830_staticAndStaticFree001,0.5900149820428311,1.1347634200369747,2,68,0.5760530454094673,0.013961936633363758,54.0,0.48100658625770915
TS,14,20250804,20250829,trim_r1_to_r2,TSAL20250829_0830_interferenceAndInterferenceFree001,TSAL20250804_0830_staticAndStaticFree001,0.5900149820428311,1.1347634200369747,3,67,0.5787646863769823,0.011250295665848786,4.0,0.48656889348147603
TS,14,20250804,20250829,trim_r1_to_r2,TSAL20250829_0830_interferenceAndInterferenceFree001,TSAL20250804_0830_staticAndStaticFree001,0.5900149820428311,1.1347634200369747,4,66,0.5815183898332502,0.008496592209580878,6.0,0.48926932404827744
TS,14,20250804,20250829,trim_r1_to_r2,TSAL20250829_0830_interferenceAndInterferenceFree001,TSAL20250804_0830_staticAndStaticFree001,0.5900149820428311,1.1347634200369747,5,65,0.5838053128127003,0.0062096692301307765,56.0,0.5083368544908451
TS,14,20250804,20250829,trim_r1_to_r2,TSAL20250829_0830_interferenceAndInterferenceFree001,TSAL20250804_0830_staticAndStaticFree001,0.5900149820428311,1.1347634200369747,6,64,0.5861618058404416,0.0038531762023894522,2.0,0.5095757824388486
TS,14,20250804,20250829,trim_r1_to_r2,TSAL20250829_0830_interferenceAndInterferenceFree001,TSAL20250804_0830_staticAndStaticFree001,0.5900149820428311,1.1347634200369747,7,63,0.5885246829600637,0.0014902990827674323,7.0,0.5129126151321594
TS,14,20250804,20250829,trim_r1_to_r2,TSAL20250829_0830_interferenceAndInterferenceFree001,TSAL20250804_0830_staticAndStaticFree001,0.5900149820428311,1.1347634200369747,8,62,0.5908659932193189,0.0,10.0,0.5171147200527771
TS,15,20250804,20250830,trim_r2_to_r1,TSAL20250804_0830_staticAndStaticFree001,TSAL20250830_0830_interferenceAndInterferenceFree001,0.4514452440868614,0.6896591342585231,0,79,0.7607158166146287,0.07105668235610563,,
TS,15,20250804,20250830,trim_r2_to_r1,TSAL20250804_0830_staticAndStaticFree001,TSAL20250830_0830_interferenceAndInterferenceFree001,0.4514452440868614,0.6896591342585231,1,78,0.7532223286927949,0.06356319443427183,15.0,1.0492151016052262
TS,15,20250804,20250830,trim_r2_to_r1,TSAL20250804_0830_staticAndStaticFree001,TSAL20250830_0830_interferenceAndInterferenceFree001,0.4514452440868614,0.6896591342585231,2,77,0.7460769185030802,0.05641778424455712,25.0,1.0247479159019566
TS,15,20250804,20250830,trim_r2_to_r1,TSAL20250804_0830_staticAndStaticFree001,TSAL20250830_0830_interferenceAndInterferenceFree001,0.4514452440868614,0.6896591342585231,3,76,0.7403171660035083,0.05065803174498518,40.0,0.9620676372370269
TS,15,20250804,20250830,trim_r2_to_r1,TSAL20250804_0830_staticAndStaticFree001,TSAL20250830_0830_interferenceAndInterferenceFree001,0.4514452440868614,0.6896591342585231,4,75,0.7352413130706484,0.04558217881212534,62.0,0.9281237245193258
TS,15,20250804,20250830,trim_r2_to_r1,TSAL20250804_0830_staticAndStaticFree001,TSAL20250830_0830_interferenceAndInterferenceFree001,0.4514452440868614,0.6896591342585231,5,74,0.730258068088972,0.04059893383044888,64.0,0.9171297549018407
TS,15,20250804,20250830,trim_r2_to_r1,TSAL20250804_0830_staticAndStaticFree001,TSAL20250830_0830_interferenceAndInterferenceFree001,0.4514452440868614,0.6896591342585231,6,73,0.72523164525366,0.03557251099513692,41.0,0.9112092901601999
TS,15,20250804,20250830,trim_r2_to_r1,TSAL20250804_0830_staticAndStaticFree001,TSAL20250830_0830_interferenceAndInterferenceFree001,0.4514452440868614,0.6896591342585231,7,72,0.7203990243517653,0.030739890093242184,65.0,0.8967896872709239
TS,15,20250804,20250830,trim_r2_to_r1,TSAL20250804_0830_staticAndStaticFree001,TSAL20250830_0830_interferenceAndInterferenceFree001,0.4514452440868614,0.6896591342585231,8,71,0.7156798964163366,0.02602076215781346,63.0,0.8855685020917664
TS,15,20250804,20250830,trim_r2_to_r1,TSAL20250804_0830_staticAndStaticFree001,TSAL20250830_0830_interferenceAndInterferenceFree001,0.4514452440868614,0.6896591342585231,9,70,0.7107760860815596,0.021116951823036523,67.0,0.8848613529661441
TS,15,20250804,20250830,trim_r2_to_r1,TSAL20250804_0830_staticAndStaticFree001,TSAL20250830_0830_interferenceAndInterferenceFree001,0.4514452440868614,0.6896591342585231,10,69,0.7057875242017544,0.01612838994323129,10.0,0.8803871899949374
TS,15,20250804,20250830,trim_r2_to_r1,TSAL20250804_0830_staticAndStaticFree001,TSAL20250830_0830_interferenceAndInterferenceFree001,0.4514452440868614,0.6896591342585231,11,68,0.7009617170816653,0.011302582823142227,66.0,0.8674520627247374
TS,15,20250804,20250830,trim_r2_to_r1,TSAL20250804_0830_staticAndStaticFree001,TSAL20250830_0830_interferenceAndInterferenceFree001,0.4514452440868614,0.6896591342585231,12,67,0.6960882343249117,0.006429100066388638,78.0,0.8617866480545344
TS,15,20250804,20250830,trim_r2_to_r1,TSAL20250804_0830_staticAndStaticFree001,TSAL20250830_0830_interferenceAndInterferenceFree001,0.4514452440868614,0.6896591342585231,13,66,0.6917449026788705,0.002085768420347356,71.0,0.8372465128212512
TS,15,20250804,20250830,trim_r2_to_r1,TSAL20250804_0830_staticAndStaticFree001,TSAL20250830_0830_interferenceAndInterferenceFree001,0.4514452440868614,0.6896591342585231,14,65,0.6871077489055665,0.0,76.0,0.8401338234245985
TS,15,20250804,20250830,trim_r1_to_r2,TSAL20250830_0830_interferenceAndInterferenceFree001,TSAL20250804_0830_staticAndStaticFree001,0.5679024532450075,0.9535291799842499,0,70,0.5705521891726922,0.0,,
TS,16,20250805,20250828,trim_r2_to_r1,TSAL20250805_0830_staticAndStaticFree001,TSAL20250828_0830_interferenceAndInterferenceFree001,0.4575396940359987,0.8035062719388951,0,90,0.8688595485308579,0.06535327659196277,,
TS,16,20250805,20250828,trim_r2_to_r1,TSAL20250805_0830_staticAndStaticFree001,TSAL20250828_0830_interferenceAndInterferenceFree001,0.4575396940359987,0.8035062719388951,1,89,0.8635199154685065,0.06001364352961136,27.0,1.1038034032743222
TS,16,20250805,20250828,trim_r2_to_r1,TSAL20250805_0830_staticAndStaticFree001,TSAL20250828_0830_interferenceAndInterferenceFree001,0.4575396940359987,0.8035062719388951,2,88,0.8587557585731049,0.05524948663420981,75.0,1.070760740418474
TS,16,20250805,20250828,trim_r2_to_r1,TSAL20250805_0830_staticAndStaticFree001,TSAL20250828_0830_interferenceAndInterferenceFree001,0.4575396940359987,0.8035062719388951,3,87,0.8549141812146666,0.051407909275771435,62.0,1.0239435849859566
TS,16,20250805,20250828,trim_r2_to_r1,TSAL20250805_0830_staticAndStaticFree001,TSAL20250828_0830_interferenceAndInterferenceFree001,0.4575396940359987,0.8035062719388951,4,86,0.8511962011135393,0.04768992917464421,59.0,1.012928335512573
TS,16,20250805,20250828,trim_r2_to_r1,TSAL20250805_0830_staticAndStaticFree001,TSAL20250828_0830_interferenceAndInterferenceFree001,0.4575396940359987,0.8035062719388951,5,85,0.8475493746935528,0.044043102754657726,76.0,1.0043629107529695
TS,16,20250805,20250828,trim_r2_to_r1,TSAL20250805_0830_staticAndStaticFree001,TSAL20250828_0830_interferenceAndInterferenceFree001,0.4575396940359987,0.8035062719388951,6,84,0.8439012952649045,0.040395023326009416,83.0,0.9989446709824561
TS,16,20250805,20250828,trim_r2_to_r1,TSAL20250805_0830_staticAndStaticFree001,TSAL20250828_0830_interferenceAndInterferenceFree001,0.4575396940359987,0.8035062719388951,7,83,0.8408570352072088,0.03735076326831366,10.0,0.9687159576304307
TS,16,20250805,20250828,trim_r2_to_r1,TSAL20250805_0830_staticAndStaticFree001,TSAL20250828_0830_interferenceAndInterferenceFree001,0.4575396940359987,0.8035062719388951,8,82,0.8377617829681232,0.03425551102922808,11.0,0.9662147508901726
TS,16,20250805,20250828,trim_r2_to_r1,TSAL20250805_0830_staticAndStaticFree001,TSAL20250828_0830_interferenceAndInterferenceFree001,0.4575396940359987,0.8035062719388951,9,81,0.8345607069272439,0.03105443498834881,79.0,0.965804824603299
TS,16,20250805,20250828,trim_r2_to_r1,TSAL20250805_0830_staticAndStaticFree001,TSAL20250828_0830_interferenceAndInterferenceFree001,0.4575396940359987,0.8035062719388951,10,80,0.8313714197212871,0.02786514778239202,81.0,0.9605375515625395
TS,16,20250805,20250828,trim_r2_to_r1,TSAL20250805_0830_staticAndStaticFree001,TSAL20250828_0830_interferenceAndInterferenceFree001,0.4575396940359987,0.8035062719388951,11,79,0.8280858279478184,0.024579556008923253,74.0,0.9595094988865672
TS,16,20250805,20250828,trim_r2_to_r1,TSAL20250805_0830_staticAndStaticFree001,TSAL20250828_0830_interferenceAndInterferenceFree001,0.4575396940359987,0.8035062719388951,12,78,0.8249208281552428,0.02141455621634769,78.0,0.9499383199619792
TS,16,20250805,20250828,trim_r2_to_r1,TSAL20250805_0830_staticAndStaticFree001,TSAL20250828_0830_interferenceAndInterferenceFree001,0.4575396940359987,0.8035062719388951,13,77,0.822079905723245,0.01857363378434984,0.0,0.9328758805711543
TS,16,20250805,20250828,trim_r2_to_r1,TSAL20250805_0830_staticAndStaticFree001,TSAL20250828_0830_interferenceAndInterferenceFree001,0.4575396940359987,0.8035062719388951,14,76,0.8192646358761241,0.01575836393722896,67.0,0.9276525249902825
TS,16,20250805,20250828,trim_r2_to_r1,TSAL20250805_0830_staticAndStaticFree001,TSAL20250828_0830_interferenceAndInterferenceFree001,0.4575396940359987,0.8035062719388951,15,75,0.8162065479171008,0.012700275978205666,84.0,0.9324138903599839
TS,16,20250805,20250828,trim_r2_to_r1,TSAL20250805_0830_staticAndStaticFree001,TSAL20250828_0830_interferenceAndInterferenceFree001,0.4575396940359987,0.8035062719388951,16,74,0.8131478586689921,0.009641586730096963,9.0,0.9278487054730683
TS,16,20250805,20250828,trim_r2_to_r1,TSAL20250805_0830_staticAndStaticFree001,TSAL20250828_0830_interferenceAndInterferenceFree001,0.4575396940359987,0.8035062719388951,17,73,0.8101973687494798,0.0066910968105846624,5.0,0.9193654957714394
TS,16,20250805,20250828,trim_r2_to_r1,TSAL20250805_0830_staticAndStaticFree001,TSAL20250828_0830_interferenceAndInterferenceFree001,0.4575396940359987,0.8035062719388951,18,72,0.8071827294104228,0.003676457471527672,77.0,0.9172170652860027
TS,16,20250805,20250828,trim_r2_to_r1,TSAL20250805_0830_staticAndStaticFree001,TSAL20250828_0830_interferenceAndInterferenceFree001,0.4575396940359987,0.8035062719388951,19,71,0.8047817049171032,0.0012754329782080909,12.0,0.8912185866766044
TS,16,20250805,20250828,trim_r2_to_r1,TSAL20250805_0830_staticAndStaticFree001,TSAL20250828_0830_interferenceAndInterferenceFree001,0.4575396940359987,0.8035062719388951,20,70,0.8021921714254303,0.0,18.0,0.8941206103798168
TS,16,20250805,20250828,trim_r1_to_r2,TSAL20250828_0830_interferenceAndInterferenceFree001,TSAL20250805_0830_staticAndStaticFree001,0.6396443499665845,1.0980747470951313,0,78,0.6305229829874469,0.009121366979137568,,
TS,16,20250805,20250828,trim_r1_to_r2,TSAL20250828_0830_interferenceAndInterferenceFree001,TSAL20250805_0830_staticAndStaticFree001,0.6396443499665845,1.0980747470951313,1,77,0.6339032211327972,0.005741128833787301,62.0,0.5020739334641363
TS,16,20250805,20250828,trim_r1_to_r2,TSAL20250828_0830_interferenceAndInterferenceFree001,TSAL20250805_0830_staticAndStaticFree001,0.6396443499665845,1.0980747470951313,2,76,0.6372525684744096,0.0023917814921748937,53.0,0.508302695822332
TS,16,20250805,20250828,trim_r1_to_r2,TSAL20250828_0830_interferenceAndInterferenceFree001,TSAL20250805_0830_staticAndStaticFree001,0.6396443499665845,1.0980747470951313,3,75,0.6404068684317205,0.0,13.0,0.5205434700539106
TS,17,20250805,20250829,trim_r2_to_r1,TSAL20250805_0830_staticAndStaticFree001,TSAL20250829_0830_interferenceAndInterferenceFree001,0.4575396940359987,0.8035062719388951,0,95,0.8623892010399029,0.058882929101007786,,
TS,17,20250805,20250829,trim_r2_to_r1,TSAL20250805_0830_staticAndStaticFree001,TSAL20250829_0830_interferenceAndInterferenceFree001,0.4575396940359987,0.8035062719388951,1,94,0.8463517775985947,0.04284550565969958,44.0,1.6081293910607353
TS,17,20250805,20250829,trim_r2_to_r1,TSAL20250805_0830_staticAndStaticFree001,TSAL20250829_0830_interferenceAndInterferenceFree001,0.4575396940359987,0.8035062719388951,2,93,0.835332684064129,0.03182641212523385,87.0,1.3532300801840176
TS,17,20250805,20250829,trim_r2_to_r1,TSAL20250805_0830_staticAndStaticFree001,TSAL20250829_0830_interferenceAndInterferenceFree001,0.4575396940359987,0.8035062719388951,3,92,0.8274853947329665,0.023979122794071328,93.0,1.1923843486320234
TS,17,20250805,20250829,trim_r2_to_r1,TSAL20250805_0830_staticAndStaticFree001,TSAL20250829_0830_interferenceAndInterferenceFree001,0.4575396940359987,0.8035062719388951,4,91,0.8227301756704767,0.01922390373158156,90.0,1.0414702525450104
TS,17,20250805,20250829,trim_r2_to_r1,TSAL20250805_0830_staticAndStaticFree001,TSAL20250829_0830_interferenceAndInterferenceFree001,0.4575396940359987,0.8035062719388951,5,90,0.8195165976773744,0.01601032573847927,56.0,0.9657343963635234
TS,17,20250805,20250829,trim_r2_to_r1,TSAL20250805_0830_staticAndStaticFree001,TSAL20250829_0830_interferenceAndInterferenceFree001,0.4575396940359987,0.8035062719388951,6,89,0.8167392763065305,0.013233004367635415,43.0,0.9417187379945096
TS,17,20250805,20250829,trim_r2_to_r1,TSAL20250805_0830_staticAndStaticFree001,TSAL20250829_0830_interferenceAndInterferenceFree001,0.4575396940359987,0.8035062719388951,7,88,0.8138707266669979,0.010364454728102768,80.0,0.9415211856261998
TS,17,20250805,20250829,trim_r2_to_r1,TSAL20250805_0830_staticAndStaticFree001,TSAL20250829_0830_interferenceAndInterferenceFree001,0.4575396940359987,0.8035062719388951,8,87,0.8109259834645415,0.007419711525646355,83.0,0.9404946843726187
TS,17,20250805,20250829,trim_r2_to_r1,TSAL20250805_0830_staticAndStaticFree001,TSAL20250829_0830_interferenceAndInterferenceFree001,0.4575396940359987,0.8035062719388951,9,86,0.807766271052302,0.004259999113406909,54.0,0.9452137609847254
TS,17,20250805,20250829,trim_r2_to_r1,TSAL20250805_0830_staticAndStaticFree001,TSAL20250829_0830_interferenceAndInterferenceFree001,0.4575396940359987,0.8035062719388951,10,85,0.8047107806239325,0.0012045086850374087,79.0,0.9360968690438147
TS,17,20250805,20250829,trim_r2_to_r1,TSAL20250805_0830_staticAndStaticFree001,TSAL20250829_0830_interferenceAndInterferenceFree001,0.4575396940359987,0.8035062719388951,11,84,0.8015695640713117,0.0,81.0,0.935071267557698
TS,17,20250805,20250829,trim_r1_to_r2,TSAL20250829_0830_interferenceAndInterferenceFree001,TSAL20250805_0830_staticAndStaticFree001,0.5900149820428311,1.1347634200369747,0,78,0.6305229829874469,0.0,,
TS,18,20250805,20250830,trim_r2_to_r1,TSAL20250805_0830_staticAndStaticFree001,TSAL20250830_0830_interferenceAndInterferenceFree001,0.4575396940359987,0.8035062719388951,0,79,0.7607158166146287,0.0,,
TS,18,20250805,20250830,trim_r1_to_r2,TSAL20250830_0830_interferenceAndInterferenceFree001,TSAL20250805_0830_staticAndStaticFree001,0.5679024532450075,0.9535291799842499,0,78,0.6305229829874469,0.0,,
TS,19,20250806,20250828,trim_r2_to_r1,TSAL20250806_0830_staticAndStaticFree001,TSAL20250828_0830_interferenceAndInterferenceFree001,0.4512077067763002,0.7150352281492659,0,90,0.8688595485308579,0.153824320381592,,
TS,19,20250806,20250828,trim_r2_to_r1,TSAL20250806_0830_staticAndStaticFree001,TSAL20250828_0830_interferenceAndInterferenceFree001,0.4512077067763002,0.7150352281492659,1,89,0.8635199154685065,0.14848468731924058,27.0,1.1038034032743222
TS,19,20250806,20250828,trim_r2_to_r1,TSAL20250806_0830_staticAndStaticFree001,TSAL20250828_0830_interferenceAndInterferenceFree001,0.4512077067763002,0.7150352281492659,2,88,0.8587557585731049,0.14372053042383903,75.0,1.070760740418474
TS,19,20250806,20250828,trim_r2_to_r1,TSAL20250806_0830_staticAndStaticFree001,TSAL20250828_0830_interferenceAndInterferenceFree001,0.4512077067763002,0.7150352281492659,3,87,0.8549141812146666,0.13987895306540066,62.0,1.0239435849859566
TS,19,20250806,20250828,trim_r2_to_r1,TSAL20250806_0830_staticAndStaticFree001,TSAL20250828_0830_interferenceAndInterferenceFree001,0.4512077067763002,0.7150352281492659,4,86,0.8511962011135393,0.13616097296427343,59.0,1.012928335512573
TS,19,20250806,20250828,trim_r2_to_r1,TSAL20250806_0830_staticAndStaticFree001,TSAL20250828_0830_interferenceAndInterferenceFree001,0.4512077067763002,0.7150352281492659,5,85,0.8475493746935528,0.13251414654428695,76.0,1.0043629107529695
TS,19,20250806,20250828,trim_r2_to_r1,TSAL20250806_0830_staticAndStaticFree001,TSAL20250828_0830_interferenceAndInterferenceFree001,0.4512077067763002,0.7150352281492659,6,84,0.8439012952649045,0.12886606711563864,83.0,0.9989446709824561
TS,19,20250806,20250828,trim_r2_to_r1,TSAL20250806_0830_staticAndStaticFree001,TSAL20250828_0830_interferenceAndInterferenceFree001,0.4512077067763002,0.7150352281492659,7,83,0.8408570352072088,0.12582180705794288,10.0,0.9687159576304307
TS,19,20250806,20250828,trim_r2_to_r1,TSAL20250806_0830_staticAndStaticFree001,TSAL20250828_0830_interferenceAndInterferenceFree001,0.4512077067763002,0.7150352281492659,8,82,0.8377617829681232,0.1227265548188573,11.0,0.9662147508901726
TS,19,20250806,20250828,trim_r2_to_r1,TSAL20250806_0830_staticAndStaticFree001,TSAL20250828_0830_interferenceAndInterferenceFree001,0.4512077067763002,0.7150352281492659,9,81,0.8345607069272439,0.11952547877797803,79.0,0.965804824603299
TS,19,20250806,20250828,trim_r2_to_r1,TSAL20250806_0830_staticAndStaticFree001,TSAL20250828_0830_interferenceAndInterferenceFree001,0.4512077067763002,0.7150352281492659,10,80,0.8313714197212871,0.11633619157202124,81.0,0.9605375515625395
TS,19,20250806,20250828,trim_r2_to_r1,TSAL20250806_0830_staticAndStaticFree001,TSAL20250828_0830_interferenceAndInterferenceFree001,0.4512077067763002,0.7150352281492659,11,79,0.8280858279478184,0.11305059979855248,74.0,0.9595094988865672
TS,19,20250806,20250828,trim_r2_to_r1,TSAL20250806_0830_staticAndStaticFree001,TSAL20250828_0830_interferenceAndInterferenceFree001,0.4512077067763002,0.7150352281492659,12,78,0.8249208281552428,0.10988560000597691,78.0,0.9499383199619792
TS,19,20250806,20250828,trim_r2_to_r1,TSAL20250806_0830_staticAndStaticFree001,TSAL20250828_0830_interferenceAndInterferenceFree001,0.4512077067763002,0.7150352281492659,13,77,0.822079905723245,0.10704467757397906,0.0,0.9328758805711543
TS,19,20250806,20250828,trim_r2_to_r1,TSAL20250806_0830_staticAndStaticFree001,TSAL20250828_0830_interferenceAndInterferenceFree001,0.4512077067763002,0.7150352281492659,14,76,0.8192646358761241,0.10422940772685818,67.0,0.9276525249902825
TS,19,20250806,20250828,trim_r2_to_r1,TSAL20250806_0830_staticAndStaticFree001,TSAL20250828_0830_interferenceAndInterferenceFree001,0.4512077067763002,0.7150352281492659,15,75,0.8162065479171008,0.10117131976783489,84.0,0.9324138903599839
TS,19,20250806,20250828,trim_r2_to_r1,TSAL20250806_0830_staticAndStaticFree001,TSAL20250828_0830_interferenceAndInterferenceFree001,0.4512077067763002,0.7150352281492659,16,74,0.8131478586689921,0.09811263051972618,9.0,0.9278487054730683
TS,19,20250806,20250828,trim_r2_to_r1,TSAL20250806_0830_staticAndStaticFree001,TSAL20250828_0830_interferenceAndInterferenceFree001,0.4512077067763002,0.7150352281492659,17,73,0.8101973687494798,0.09516214060021388,5.0,0.9193654957714394
TS,19,20250806,20250828,trim_r2_to_r1,TSAL20250806_0830_staticAndStaticFree001,TSAL20250828_0830_interferenceAndInterferenceFree001,0.4512077067763002,0.7150352281492659,18,72,0.8071827294104228,0.0921475012611569,77.0,0.9172170652860027
TS,19,20250806,20250828,trim_r2_to_r1,TSAL20250806_0830_staticAndStaticFree001,TSAL20250828_0830_interferenceAndInterferenceFree001,0.4512077067763002,0.7150352281492659,19,71,0.8047817049171032,0.08974647676783731,12.0,0.8912185866766044
TS,19,20250806,20250828,trim_r2_to_r1,TSAL20250806_0830_staticAndStaticFree001,TSAL20250828_0830_interferenceAndInterferenceFree001,0.4512077067763002,0.7150352281492659,20,70,0.8021921714254303,0.08715694327616441,18.0,0.8941206103798168
TS,19,20250806,20250828,trim_r2_to_r1,TSAL20250806_0830_staticAndStaticFree001,TSAL20250828_0830_interferenceAndInterferenceFree001,0.4512077067763002,0.7150352281492659,21,69,0.7994267889114345,0.08439156076216858,14.0,0.8962151769012942
TS,19,20250806,20250828,trim_r2_to_r1,TSAL20250806_0830_staticAndStaticFree001,TSAL20250828_0830_interferenceAndInterferenceFree001,0.4512077067763002,0.7150352281492659,22,68,0.7966357416727814,0.0816005135235155,8.0,0.8929268714063134
TS,19,20250806,20250828,trim_r2_to_r1,TSAL20250806_0830_staticAndStaticFree001,TSAL20250828_0830_interferenceAndInterferenceFree001,0.4512077067763002,0.7150352281492659,23,67,0.7937559980710449,0.07872076992177901,2.0,0.8916672805300823
TS,19,20250806,20250828,trim_r2_to_r1,TSAL20250806_0830_staticAndStaticFree001,TSAL20250828_0830_interferenceAndInterferenceFree001,0.4512077067763002,0.7150352281492659,24,66,0.7908452590881438,0.07581003093887795,85.0,0.888355015015328
TS,19,20250806,20250828,trim_r2_to_r1,TSAL20250806_0830_staticAndStaticFree001,TSAL20250828_0830_interferenceAndInterferenceFree001,0.4512077067763002,0.7150352281492659,25,65,0.7878921180792433,0.07285688992997741,19.0,0.8853457713729647
TS,19,20250806,20250828,trim_r2_to_r1,TSAL20250806_0830_staticAndStaticFree001,TSAL20250828_0830_interferenceAndInterferenceFree001,0.4512077067763002,0.7150352281492659,26,64,0.7849042266330847,0.06986899848381878,13.0,0.8820106986332331
TS,19,20250806,20250828,trim_r2_to_r1,TSAL20250806_0830_staticAndStaticFree001,TSAL20250828_0830_interferenceAndInterferenceFree001,0.4512077067763002,0.7150352281492659,27,63,0.7818220377545875,0.06678680960532157,1.0,0.8804520818664984
TS,19,20250806,20250828,trim_r2_to_r1,TSAL20250806_0830_staticAndStaticFree001,TSAL20250828_0830_interferenceAndInterferenceFree001,0.4512077067763002,0.7150352281492659,28,62,0.7786066278992173,0.06357139974995141,7.0,0.879892038343384
TS,19,20250806,20250828,trim_r2_to_r1,TSAL20250806_0830_staticAndStaticFree001,TSAL20250828_0830_interferenceAndInterferenceFree001,0.4512077067763002,0.7150352281492659,29,61,0.775331417871477,0.06029618972221107,22.0,0.8768629287314258
TS,19,20250806,20250828,trim_r2_to_r1,TSAL20250806_0830_staticAndStaticFree001,TSAL20250828_0830_interferenceAndInterferenceFree001,0.4512077067763002,0.7150352281492659,30,60,0.771808423606789,0.05677319545752313,15.0,0.8792597486797697
TS,19,20250806,20250828,trim_r2_to_r1,TSAL20250806_0830_staticAndStaticFree001,TSAL20250828_0830_interferenceAndInterferenceFree001,0.4512077067763002,0.7150352281492659,31,59,0.768327268465665,0.053292040316399114,6.0,0.8727619226993827
TS,19,20250806,20250828,trim_r2_to_r1,TSAL20250806_0830_staticAndStaticFree001,TSAL20250828_0830_interferenceAndInterferenceFree001,0.4512077067763002,0.7150352281492659,32,58,0.7644775440636136,0.04944231591434767,16.0,0.8780444139241316
TS,19,20250806,20250828,trim_r2_to_r1,TSAL20250806_0830_staticAndStaticFree001,TSAL20250828_0830_interferenceAndInterferenceFree001,0.4512077067763002,0.7150352281492659,33,57,0.760387190277881,0.04535196212861514,21.0,0.8790074500641246
TS,19,20250806,20250828,trim_r2_to_r1,TSAL20250806_0830_staticAndStaticFree001,TSAL20250828_0830_interferenceAndInterferenceFree001,0.4512077067763002,0.7150352281492659,34,56,0.7564319298738156,0.04139670172454968,17.0,0.8691568513896865
TS,19,20250806,20250828,trim_r2_to_r1,TSAL20250806_0830_staticAndStaticFree001,TSAL20250828_0830_interferenceAndInterferenceFree001,0.4512077067763002,0.7150352281492659,35,55,0.7524504468263689,0.03741521867710296,23.0,0.8639319721548765
TS,19,20250806,20250828,trim_r2_to_r1,TSAL20250806_0830_staticAndStaticFree001,TSAL20250828_0830_interferenceAndInterferenceFree001,0.4512077067763002,0.7150352281492659,36,54,0.7485182054458804,0.033482977296614536,71.0,0.8566548434093106
TS,19,20250806,20250828,trim_r2_to_r1,TSAL20250806_0830_staticAndStaticFree001,TSAL20250828_0830_interferenceAndInterferenceFree001,0.4512077067763002,0.7150352281492659,37,53,0.7443431151218046,0.02930788697253872,68.0,0.857070553871851
TS,19,20250806,20250828,trim_r2_to_r1,TSAL20250806_0830_staticAndStaticFree001,TSAL20250828_0830_interferenceAndInterferenceFree001,0.4512077067763002,0.7150352281492659,38,52,0.7403135278579084,0.025278299708642482,72.0,0.8470975903511567
TS,19,20250806,20250828,trim_r2_to_r1,TSAL20250806_0830_staticAndStaticFree001,TSAL20250828_0830_interferenceAndInterferenceFree001,0.4512077067763002,0.7150352281492659,39,51,0.7361188281798082,0.021083600030542327,47.0,0.8451810198104147
TS,19,20250806,20250828,trim_r2_to_r1,TSAL20250806_0830_staticAndStaticFree001,TSAL20250828_0830_interferenceAndInterferenceFree001,0.4512077067763002,0.7150352281492659,40,50,0.7319019609011196,0.016866732751853686,87.0,0.8394320765076795
TS,19,20250806,20250828,trim_r2_to_r1,TSAL20250806_0830_staticAndStaticFree001,TSAL20250828_0830_interferenceAndInterferenceFree001,0.4512077067763002,0.7150352281492659,41,49,0.7273187204093728,0.012283492260106943,60.0,0.8418997327030424
TS,19,20250806,20250828,trim_r2_to_r1,TSAL20250806_0830_staticAndStaticFree001,TSAL20250828_0830_interferenceAndInterferenceFree001,0.4512077067763002,0.7150352281492659,42,48,0.7231086930675851,0.008073464918319173,86.0,0.8262543629413841
TS,19,20250806,20250828,trim_r2_to_r1,TSAL20250806_0830_staticAndStaticFree001,TSAL20250828_0830_interferenceAndInterferenceFree001,0.4512077067763002,0.7150352281492659,43,47,0.7185571304900146,0.0035219023407486727,69.0,0.8277946323517075
TS,19,20250806,20250828,trim_r2_to_r1,TSAL20250806_0830_staticAndStaticFree001,TSAL20250828_0830_interferenceAndInterferenceFree001,0.4512077067763002,0.7150352281492659,44,46,0.7137721863030022,0.0,3.0,0.8262183746977938
TS,19,20250806,20250828,trim_r1_to_r2,TSAL20250828_0830_interferenceAndInterferenceFree001,TSAL20250806_0830_staticAndStaticFree001,0.6396443499665845,1.0980747470951313,0,100,0.583121467462783,0.05652288250380144,,
TS,19,20250806,20250828,trim_r1_to_r2,TSAL20250828_0830_interferenceAndInterferenceFree001,TSAL20250806_0830_staticAndStaticFree001,0.6396443499665845,1.0980747470951313,1,99,0.5850309885399848,0.05461336142659967,85.0,0.4895549346798966
TS,19,20250806,20250828,trim_r1_to_r2,TSAL20250828_0830_interferenceAndInterferenceFree001,TSAL20250806_0830_staticAndStaticFree001,0.6396443499665845,1.0980747470951313,2,98,0.5868858501777632,0.0527584997888213,38.0,0.4950701991077383
TS,19,20250806,20250828,trim_r1_to_r2,TSAL20250828_0830_interferenceAndInterferenceFree001,TSAL20250806_0830_staticAndStaticFree001,0.6396443499665845,1.0980747470951313,3,97,0.5887076267539191,0.0509367232126654,21.0,0.4994405745222775
TS,19,20250806,20250828,trim_r1_to_r2,TSAL20250828_0830_interferenceAndInterferenceFree001,TSAL20250806_0830_staticAndStaticFree001,0.6396443499665845,1.0980747470951313,4,96,0.5905493489390495,0.049095001027534946,76.0,0.5012258229602174
TS,19,20250806,20250828,trim_r1_to_r2,TSAL20250828_0830_interferenceAndInterferenceFree001,TSAL20250806_0830_staticAndStaticFree001,0.6396443499665845,1.0980747470951313,5,95,0.5923593011582646,0.04728504880831985,40.0,0.5054815946359399
TS,19,20250806,20250828,trim_r1_to_r2,TSAL20250828_0830_interferenceAndInterferenceFree001,TSAL20250806_0830_staticAndStaticFree001,0.6396443499665845,1.0980747470951313,6,94,0.5940820545173673,0.045562295449217194,52.0,0.512251269959992
TS,19,20250806,20250828,trim_r1_to_r2,TSAL20250828_0830_interferenceAndInterferenceFree001,TSAL20250806_0830_staticAndStaticFree001,0.6396443499665845,1.0980747470951313,7,93,0.5958170461769767,0.04382730378960775,74.0,0.5142724381753341
TS,19,20250806,20250828,trim_r1_to_r2,TSAL20250828_0830_interferenceAndInterferenceFree001,TSAL20250806_0830_staticAndStaticFree001,0.6396443499665845,1.0980747470951313,8,92,0.5974203827802198,0.042223967186364675,73.0,0.5228652307294189
TS,19,20250806,20250828,trim_r1_to_r2,TSAL20250828_0830_interferenceAndInterferenceFree001,TSAL20250806_0830_staticAndStaticFree001,0.6396443499665845,1.0980747470951313,9,91,0.5990596827992857,0.040584667167298805,79.0,0.5236518819222539
TS,19,20250806,20250828,trim_r1_to_r2,TSAL20250828_0830_interferenceAndInterferenceFree001,TSAL20250806_0830_staticAndStaticFree001,0.6396443499665845,1.0980747470951313,10,90,0.6006899238992867,0.03895442606729782,51.0,0.5265139538492498
TS,19,20250806,20250828,trim_r1_to_r2,TSAL20250828_0830_interferenceAndInterferenceFree001,TSAL20250806_0830_staticAndStaticFree001,0.6396443499665845,1.0980747470951313,11,89,0.6023060276516324,0.037338322314952044,42.0,0.5295813587960668
TS,19,20250806,20250828,trim_r1_to_r2,TSAL20250828_0830_interferenceAndInterferenceFree001,TSAL20250806_0830_staticAndStaticFree001,0.6396443499665845,1.0980747470951313,12,88,0.603921505407752,0.035722844558832456,78.0,0.5320327452604336
TS,19,20250806,20250828,trim_r1_to_r2,TSAL20250828_0830_interferenceAndInterferenceFree001,TSAL20250806_0830_staticAndStaticFree001,0.6396443499665845,1.0980747470951313,13,87,0.6055557367275377,0.03408861323904677,47.0,0.5336495586569674
TS,19,20250806,20250828,trim_r1_to_r2,TSAL20250828_0830_interferenceAndInterferenceFree001,TSAL20250806_0830_staticAndStaticFree001,0.6396443499665845,1.0980747470951313,14,86,0.6071951204083798,0.03244922955820473,39.0,0.5358819302917447
TS,19,20250806,20250828,trim_r1_to_r2,TSAL20250828_0830_interferenceAndInterferenceFree001,TSAL20250806_0830_staticAndStaticFree001,0.6396443499665845,1.0980747470951313,15,85,0.6088529582896515,0.03079139167693301,72.0,0.5375659293949706
TS,19,20250806,20250828,trim_r1_to_r2,TSAL20250828_0830_interferenceAndInterferenceFree001,TSAL20250806_0830_staticAndStaticFree001,0.6396443499665845,1.0980747470951313,16,84,0.6104174874075957,0.029226862558988764,34.0,0.543924999894964
TS,19,20250806,20250828,trim_r1_to_r2,TSAL20250828_0830_interferenceAndInterferenceFree001,TSAL20250806_0830_staticAndStaticFree001,0.6396443499665845,1.0980747470951313,17,83,0.6119627561499384,0.027681593816646033,43.0,0.5470614689715435
TS,19,20250806,20250828,trim_r1_to_r2,TSAL20250828_0830_interferenceAndInterferenceFree001,TSAL20250806_0830_staticAndStaticFree001,0.6396443499665845,1.0980747470951313,18,82,0.613480294095867,0.026164055870717462,93.0,0.5505024693398349
TS,19,20250806,20250828,trim_r1_to_r2,TSAL20250828_0830_interferenceAndInterferenceFree001,TSAL20250806_0830_staticAndStaticFree001,0.6396443499665845,1.0980747470951313,19,81,0.6149784199024771,0.024665930064107333,97.0,0.5535552618314598
TS,19,20250806,20250828,trim_r1_to_r2,TSAL20250828_0830_interferenceAndInterferenceFree001,TSAL20250806_0830_staticAndStaticFree001,0.6396443499665845,1.0980747470951313,20,80,0.6164763113861498,0.023168038580434702,68.0,0.5558117062974118
TS,19,20250806,20250828,trim_r1_to_r2,TSAL20250828_0830_interferenceAndInterferenceFree001,TSAL20250806_0830_staticAndStaticFree001,0.6396443499665845,1.0980747470951313,21,79,0.6180013270372982,0.021643022929286326,28.0,0.5570007009913617
TS,19,20250806,20250828,trim_r1_to_r2,TSAL20250828_0830_interferenceAndInterferenceFree001,TSAL20250806_0830_staticAndStaticFree001,0.6396443499665845,1.0980747470951313,22,78,0.6194935168679159,0.020150833098668608,86.0,0.5605520185585187
TS,19,20250806,20250828,trim_r1_to_r2,TSAL20250828_0830_interferenceAndInterferenceFree001,TSAL20250806_0830_staticAndStaticFree001,0.6396443499665845,1.0980747470951313,23,77,0.6210095151639308,0.01863483480265371,50.0,0.5618855816193469
TS,19,20250806,20250828,trim_r1_to_r2,TSAL20250828_0830_interferenceAndInterferenceFree001,TSAL20250806_0830_staticAndStaticFree001,0.6396443499665845,1.0980747470951313,24,76,0.6225570337470726,0.017087316219511872,70.0,0.5629775682961129
TS,19,20250806,20250828,trim_r1_to_r2,TSAL20250828_0830_interferenceAndInterferenceFree001,TSAL20250806_0830_staticAndStaticFree001,0.6396443499665845,1.0980747470951313,25,75,0.624164356910354,0.01547999305623049,77.0,0.5630860767056592
TS,19,20250806,20250828,trim_r1_to_r2,TSAL20250828_0830_interferenceAndInterferenceFree001,TSAL20250806_0830_staticAndStaticFree001,0.6396443499665845,1.0980747470951313,26,74,0.6257014232677386,0.013942926698845892,2.0,0.5680614348658166
TS,19,20250806,20250828,trim_r1_to_r2,TSAL20250828_0830_interferenceAndInterferenceFree001,TSAL20250806_0830_staticAndStaticFree001,0.6396443499665845,1.0980747470951313,27,73,0.6272777763587433,0.012366573607841214,96.0,0.5689527119915678
TS,19,20250806,20250828,trim_r1_to_r2,TSAL20250828_0830_interferenceAndInterferenceFree001,TSAL20250806_0830_staticAndStaticFree001,0.6396443499665845,1.0980747470951313,28,72,0.6289139704904592,0.010730379476125318,0.0,0.5691928846828328
TS,19,20250806,20250828,trim_r1_to_r2,TSAL20250828_0830_interferenceAndInterferenceFree001,TSAL20250806_0830_staticAndStaticFree001,0.6396443499665845,1.0980747470951313,29,71,0.630523493729333,0.009120856237251451,46.0,0.5725806571298697
TS,19,20250806,20250828,trim_r1_to_r2,TSAL20250828_0830_interferenceAndInterferenceFree001,TSAL20250806_0830_staticAndStaticFree001,0.6396443499665845,1.0980747470951313,30,70,0.6321681337839988,0.007476216182585649,94.0,0.5737834118433638
TS,19,20250806,20250828,trim_r1_to_r2,TSAL20250828_0830_interferenceAndInterferenceFree001,TSAL20250806_0830_staticAndStaticFree001,0.6396443499665845,1.0980747470951313,31,69,0.6338755771771049,0.005768772789479626,6.0,0.5741150584183952
TS,19,20250806,20250828,trim_r1_to_r2,TSAL20250828_0830_interferenceAndInterferenceFree001,TSAL20250806_0830_staticAndStaticFree001,0.6396443499665845,1.0980747470951313,32,68,0.6354937194766072,0.004150630489977325,24.0,0.5796678101437797
TS,19,20250806,20250828,trim_r1_to_r2,TSAL20250828_0830_interferenceAndInterferenceFree001,TSAL20250806_0830_staticAndStaticFree001,0.6396443499665845,1.0980747470951313,33,67,0.6372053849408037,0.0024389650257807816,27.0,0.5790087591581197
TS,19,20250806,20250828,trim_r1_to_r2,TSAL20250828_0830_interferenceAndInterferenceFree001,TSAL20250806_0830_staticAndStaticFree001,0.6396443499665845,1.0980747470951313,34,66,0.6389033532174397,0.00074099674914474,3.0,0.5820214159501335
TS,19,20250806,20250828,trim_r1_to_r2,TSAL20250828_0830_interferenceAndInterferenceFree001,TSAL20250806_0830_staticAndStaticFree001,0.6396443499665845,1.0980747470951313,35,65,0.6406760252710708,0.0,71.0,0.582177847501246
TS,20,20250806,20250829,trim_r2_to_r1,TSAL20250806_0830_staticAndStaticFree001,TSAL20250829_0830_interferenceAndInterferenceFree001,0.4512077067763002,0.7150352281492659,0,95,0.8623892010399029,0.147353972890637,,
TS,20,20250806,20250829,trim_r2_to_r1,TSAL20250806_0830_staticAndStaticFree001,TSAL20250829_0830_interferenceAndInterferenceFree001,0.4512077067763002,0.7150352281492659,1,94,0.8463517775985947,0.1313165494493288,44.0,1.6081293910607353
TS,20,20250806,20250829,trim_r2_to_r1,TSAL20250806_0830_staticAndStaticFree001,TSAL20250829_0830_interferenceAndInterferenceFree001,0.4512077067763002,0.7150352281492659,2,93,0.835332684064129,0.12029745591486307,87.0,1.3532300801840176
TS,20,20250806,20250829,trim_r2_to_r1,TSAL20250806_0830_staticAndStaticFree001,TSAL20250829_0830_interferenceAndInterferenceFree001,0.4512077067763002,0.7150352281492659,3,92,0.8274853947329665,0.11245016658370055,93.0,1.1923843486320234
TS,20,20250806,20250829,trim_r2_to_r1,TSAL20250806_0830_staticAndStaticFree001,TSAL20250829_0830_interferenceAndInterferenceFree001,0.4512077067763002,0.7150352281492659,4,91,0.8227301756704767,0.10769494752121078,90.0,1.0414702525450104
TS,20,20250806,20250829,trim_r2_to_r1,TSAL20250806_0830_staticAndStaticFree001,TSAL20250829_0830_interferenceAndInterferenceFree001,0.4512077067763002,0.7150352281492659,5,90,0.8195165976773744,0.10448136952810849,56.0,0.9657343963635234
TS,20,20250806,20250829,trim_r2_to_r1,TSAL20250806_0830_staticAndStaticFree001,TSAL20250829_0830_interferenceAndInterferenceFree001,0.4512077067763002,0.7150352281492659,6,89,0.8167392763065305,0.10170404815726464,43.0,0.9417187379945096
TS,20,20250806,20250829,trim_r2_to_r1,TSAL20250806_0830_staticAndStaticFree001,TSAL20250829_0830_interferenceAndInterferenceFree001,0.4512077067763002,0.7150352281492659,7,88,0.8138707266669979,0.09883549851773199,80.0,0.9415211856261998
TS,20,20250806,20250829,trim_r2_to_r1,TSAL20250806_0830_staticAndStaticFree001,TSAL20250829_0830_interferenceAndInterferenceFree001,0.4512077067763002,0.7150352281492659,8,87,0.8109259834645415,0.09589075531527558,83.0,0.9404946843726187
TS,20,20250806,20250829,trim_r2_to_r1,TSAL20250806_0830_staticAndStaticFree001,TSAL20250829_0830_interferenceAndInterferenceFree001,0.4512077067763002,0.7150352281492659,9,86,0.807766271052302,0.09273104290303613,54.0,0.9452137609847254
TS,20,20250806,20250829,trim_r2_to_r1,TSAL20250806_0830_staticAndStaticFree001,TSAL20250829_0830_interferenceAndInterferenceFree001,0.4512077067763002,0.7150352281492659,10,85,0.8047107806239325,0.08967555247466663,79.0,0.9360968690438147
TS,20,20250806,20250829,trim_r2_to_r1,TSAL20250806_0830_staticAndStaticFree001,TSAL20250829_0830_interferenceAndInterferenceFree001,0.4512077067763002,0.7150352281492659,11,84,0.8015695640713117,0.08653433592204585,81.0,0.935071267557698
TS,20,20250806,20250829,trim_r2_to_r1,TSAL20250806_0830_staticAndStaticFree001,TSAL20250829_0830_interferenceAndInterferenceFree001,0.4512077067763002,0.7150352281492659,12,83,0.7986429219509185,0.08360769380165256,92.0,0.92156189100744
TS,20,20250806,20250829,trim_r2_to_r1,TSAL20250806_0830_staticAndStaticFree001,TSAL20250829_0830_interferenceAndInterferenceFree001,0.4512077067763002,0.7150352281492659,13,82,0.7958035791171044,0.08076835096783852,62.0,0.9136363067203823
TS,20,20250806,20250829,trim_r2_to_r1,TSAL20250806_0830_staticAndStaticFree001,TSAL20250829_0830_interferenceAndInterferenceFree001,0.4512077067763002,0.7150352281492659,14,81,0.7930873976030884,0.07805216945382254,74.0,0.9044508396777416
TS,20,20250806,20250829,trim_r2_to_r1,TSAL20250806_0830_staticAndStaticFree001,TSAL20250829_0830_interferenceAndInterferenceFree001,0.4512077067763002,0.7150352281492659,15,80,0.7903371307396826,0.07530190259041669,69.0,0.9017229387076201
TS,20,20250806,20250829,trim_r2_to_r1,TSAL20250806_0830_staticAndStaticFree001,TSAL20250829_0830_interferenceAndInterferenceFree001,0.4512077067763002,0.7150352281492659,16,79,0.7875377044139552,0.07250247626468931,82.0,0.8995147574430503
TS,20,20250806,20250829,trim_r2_to_r1,TSAL20250806_0830_staticAndStaticFree001,TSAL20250829_0830_interferenceAndInterferenceFree001,0.4512077067763002,0.7150352281492659,17,78,0.7848362109529485,0.06980098280368263,59.0,0.8915452026627136
TS,20,20250806,20250829,trim_r2_to_r1,TSAL20250806_0830_staticAndStaticFree001,TSAL20250829_0830_interferenceAndInterferenceFree001,0.4512077067763002,0.7150352281492659,18,77,0.7821295200933498,0.0670942919440839,89.0,0.8876904636177033
TS,20,20250806,20250829,trim_r2_to_r1,TSAL20250806_0830_staticAndStaticFree001,TSAL20250829_0830_interferenceAndInterferenceFree001,0.4512077067763002,0.7150352281492659,19,76,0.7793530026243749,0.064317774475109,66.0,0.8862489251799076
TS,20,20250806,20250829,trim_r2_to_r1,TSAL20250806_0830_staticAndStaticFree001,TSAL20250829_0830_interferenceAndInterferenceFree001,0.4512077067763002,0.7150352281492659,20,75,0.7763504867357351,0.061315258586469246,78.0,0.8904460905040421
TS,20,20250806,20250829,trim_r2_to_r1,TSAL20250806_0830_staticAndStaticFree001,TSAL20250829_0830_interferenceAndInterferenceFree001,0.4512077067763002,0.7150352281492659,21,74,0.7733139617269001,0.058278733577634245,76.0,0.8871836495582134
TS,20,20250806,20250829,trim_r2_to_r1,TSAL20250806_0830_staticAndStaticFree001,TSAL20250829_0830_interferenceAndInterferenceFree001,0.4512077067763002,0.7150352281492659,22,73,0.770186670512866,0.055151442363600145,48.0,0.8858964454321321
TS,20,20250806,20250829,trim_r2_to_r1,TSAL20250806_0830_staticAndStaticFree001,TSAL20250829_0830_interferenceAndInterferenceFree001,0.4512077067763002,0.7150352281492659,23,72,0.7670548064083125,0.05201957825904657,91.0,0.8813678462245156
TS,20,20250806,20250829,trim_r2_to_r1,TSAL20250806_0830_staticAndStaticFree001,TSAL20250829_0830_interferenceAndInterferenceFree001,0.4512077067763002,0.7150352281492659,24,71,0.7639566229723977,0.04892139482313185,72.0,0.8754912266653292
TS,20,20250806,20250829,trim_r2_to_r1,TSAL20250806_0830_staticAndStaticFree001,TSAL20250829_0830_interferenceAndInterferenceFree001,0.4512077067763002,0.7150352281492659,25,70,0.7607585514068785,0.045723323257612636,85.0,0.8742900919828056
TS,20,20250806,20250829,trim_r2_to_r1,TSAL20250806_0830_staticAndStaticFree001,TSAL20250829_0830_interferenceAndInterferenceFree001,0.4512077067763002,0.7150352281492659,26,69,0.757395713440255,0.042360485290989125,45.0,0.8750950422720816
TS,20,20250806,20250829,trim_r2_to_r1,TSAL20250806_0830_staticAndStaticFree001,TSAL20250829_0830_interferenceAndInterferenceFree001,0.4512077067763002,0.7150352281492659,27,68,0.7539145382816139,0.03887931013234802,94.0,0.8740150812547309
TS,20,20250806,20250829,trim_r2_to_r1,TSAL20250806_0830_staticAndStaticFree001,TSAL20250829_0830_interferenceAndInterferenceFree001,0.4512077067763002,0.7150352281492659,28,67,0.7503054629337076,0.03527023478444169,55.0,0.8730140247625211
TS,20,20250806,20250829,trim_r2_to_r1,TSAL20250806_0830_staticAndStaticFree001,TSAL20250829_0830_interferenceAndInterferenceFree001,0.4512077067763002,0.7150352281492659,29,66,0.7465276848360549,0.03149245668678902,84.0,0.8730832511074187
TS,20,20250806,20250829,trim_r2_to_r1,TSAL20250806_0830_staticAndStaticFree001,TSAL20250829_0830_interferenceAndInterferenceFree001,0.4512077067763002,0.7150352281492659,30,65,0.7425456985709811,0.027510470421715172,42.0,0.8739512453184205
TS,20,20250806,20250829,trim_r2_to_r1,TSAL20250806_0830_staticAndStaticFree001,TSAL20250829_0830_interferenceAndInterferenceFree001,0.4512077067763002,0.7150352281492659,31,64,0.7387336088940298,0.023698380744763936,75.0,0.862626523394946
TS,20,20250806,20250829,trim_r2_to_r1,TSAL20250806_0830_staticAndStaticFree001,TSAL20250829_0830_interferenceAndInterferenceFree001,0.4512077067763002,0.7150352281492659,32,63,0.7350329060864593,0.019997677937193425,77.0,0.8534553959287179
TS,20,20250806,20250829,trim_r2_to_r1,TSAL20250806_0830_staticAndStaticFree001,TSAL20250829_0830_interferenceAndInterferenceFree001,0.4512077067763002,0.7150352281492659,33,62,0.7310924187625932,0.016057190613327332,60.0,0.8552177694643736
TS,20,20250806,20250829,trim_r2_to_r1,TSAL20250806_0830_staticAndStaticFree001,TSAL20250829_0830_interferenceAndInterferenceFree001,0.4512077067763002,0.7150352281492659,34,61,0.726947882782056,0.01191265463279012,53.0,0.8554284981787099
TS,20,20250806,20250829,trim_r2_to_r1,TSAL20250806_0830_staticAndStaticFree001,TSAL20250829_0830_interferenceAndInterferenceFree001,0.4512077067763002,0.7150352281492659,35,60,0.7225611156885683,0.007525887539302389,49.0,0.8563575120399414
TS,20,20250806,20250829,trim_r2_to_r1,TSAL20250806_0830_staticAndStaticFree001,TSAL20250829_0830_interferenceAndInterferenceFree001,0.4512077067763002,0.7150352281492659,36,59,0.7181695684635242,0.0031343403142582993,51.0,0.8499159852148478
TS,20,20250806,20250829,trim_r2_to_r1,TSAL20250806_0830_staticAndStaticFree001,TSAL20250829_0830_interferenceAndInterferenceFree001,0.4512077067763002,0.7150352281492659,37,58,0.7133618688311901,0.0,70.0,0.8551890079850426
TS,20,20250806,20250829,trim_r1_to_r2,TSAL20250829_0830_interferenceAndInterferenceFree001,TSAL20250806_0830_staticAndStaticFree001,0.5900149820428311,1.1347634200369747,0,100,0.583121467462783,0.006893514580048055,,
TS,20,20250806,20250829,trim_r1_to_r2,TSAL20250829_0830_interferenceAndInterferenceFree001,TSAL20250806_0830_staticAndStaticFree001,0.5900149820428311,1.1347634200369747,1,99,0.5850309885399848,0.0049839935028462845,85.0,0.4895549346798966
TS,20,20250806,20250829,trim_r1_to_r2,TSAL20250829_0830_interferenceAndInterferenceFree001,TSAL20250806_0830_staticAndStaticFree001,0.5900149820428311,1.1347634200369747,2,98,0.5868858501777632,0.0031291318650679134,38.0,0.4950701991077383
TS,20,20250806,20250829,trim_r1_to_r2,TSAL20250829_0830_interferenceAndInterferenceFree001,TSAL20250806_0830_staticAndStaticFree001,0.5900149820428311,1.1347634200369747,3,97,0.5887076267539191,0.0013073552889120155,21.0,0.4994405745222775
TS,20,20250806,20250829,trim_r1_to_r2,TSAL20250829_0830_interferenceAndInterferenceFree001,TSAL20250806_0830_staticAndStaticFree001,0.5900149820428311,1.1347634200369747,4,96,0.5905493489390495,0.0,76.0,0.5012258229602174
TS,21,20250806,20250830,trim_r2_to_r1,TSAL20250806_0830_staticAndStaticFree001,TSAL20250830_0830_interferenceAndInterferenceFree001,0.4512077067763002,0.7150352281492659,0,79,0.7607158166146287,0.045680588465362826,,
TS,21,20250806,20250830,trim_r2_to_r1,TSAL20250806_0830_staticAndStaticFree001,TSAL20250830_0830_interferenceAndInterferenceFree001,0.4512077067763002,0.7150352281492659,1,78,0.7532223286927949,0.03818710054352903,15.0,1.0492151016052262
TS,21,20250806,20250830,trim_r2_to_r1,TSAL20250806_0830_staticAndStaticFree001,TSAL20250830_0830_interferenceAndInterferenceFree001,0.4512077067763002,0.7150352281492659,2,77,0.7460769185030802,0.031041690353814322,25.0,1.0247479159019566
TS,21,20250806,20250830,trim_r2_to_r1,TSAL20250806_0830_staticAndStaticFree001,TSAL20250830_0830_interferenceAndInterferenceFree001,0.4512077067763002,0.7150352281492659,3,76,0.7403171660035083,0.025281937854242376,40.0,0.9620676372370269
TS,21,20250806,20250830,trim_r2_to_r1,TSAL20250806_0830_staticAndStaticFree001,TSAL20250830_0830_interferenceAndInterferenceFree001,0.4512077067763002,0.7150352281492659,4,75,0.7352413130706484,0.02020608492138254,62.0,0.9281237245193258
TS,21,20250806,20250830,trim_r2_to_r1,TSAL20250806_0830_staticAndStaticFree001,TSAL20250830_0830_interferenceAndInterferenceFree001,0.4512077067763002,0.7150352281492659,5,74,0.730258068088972,0.015222839939706079,64.0,0.9171297549018407
TS,21,20250806,20250830,trim_r2_to_r1,TSAL20250806_0830_staticAndStaticFree001,TSAL20250830_0830_interferenceAndInterferenceFree001,0.4512077067763002,0.7150352281492659,6,73,0.72523164525366,0.010196417104394118,41.0,0.9112092901601999
TS,21,20250806,20250830,trim_r2_to_r1,TSAL20250806_0830_staticAndStaticFree001,TSAL20250830_0830_interferenceAndInterferenceFree001,0.4512077067763002,0.7150352281492659,7,72,0.7203990243517653,0.005363796202499382,65.0,0.8967896872709239
TS,21,20250806,20250830,trim_r2_to_r1,TSAL20250806_0830_staticAndStaticFree001,TSAL20250830_0830_interferenceAndInterferenceFree001,0.4512077067763002,0.7150352281492659,8,71,0.7156798964163366,0.0006446682670706583,63.0,0.8855685020917664
TS,21,20250806,20250830,trim_r2_to_r1,TSAL20250806_0830_staticAndStaticFree001,TSAL20250830_0830_interferenceAndInterferenceFree001,0.4512077067763002,0.7150352281492659,9,70,0.7107760860815596,0.0,67.0,0.8848613529661441
TS,21,20250806,20250830,trim_r1_to_r2,TSAL20250830_0830_interferenceAndInterferenceFree001,TSAL20250806_0830_staticAndStaticFree001,0.5679024532450075,0.9535291799842499,0,100,0.583121467462783,0.0,,
TS,22,20250807,20250828,trim_r2_to_r1,TSAL20250807_0830_staticAndStaticFree001,TSAL20250828_0830_interferenceAndInterferenceFree001,0.4368247478820401,0.6912896436329881,0,90,0.8688595485308579,0.17756990489786983,,
TS,22,20250807,20250828,trim_r2_to_r1,TSAL20250807_0830_staticAndStaticFree001,TSAL20250828_0830_interferenceAndInterferenceFree001,0.4368247478820401,0.6912896436329881,1,89,0.8635199154685065,0.17223027183551842,27.0,1.1038034032743222
TS,22,20250807,20250828,trim_r2_to_r1,TSAL20250807_0830_staticAndStaticFree001,TSAL20250828_0830_interferenceAndInterferenceFree001,0.4368247478820401,0.6912896436329881,2,88,0.8587557585731049,0.16746611494011687,75.0,1.070760740418474
TS,22,20250807,20250828,trim_r2_to_r1,TSAL20250807_0830_staticAndStaticFree001,TSAL20250828_0830_interferenceAndInterferenceFree001,0.4368247478820401,0.6912896436329881,3,87,0.8549141812146666,0.1636245375816785,62.0,1.0239435849859566
TS,22,20250807,20250828,trim_r2_to_r1,TSAL20250807_0830_staticAndStaticFree001,TSAL20250828_0830_interferenceAndInterferenceFree001,0.4368247478820401,0.6912896436329881,4,86,0.8511962011135393,0.15990655748055127,59.0,1.012928335512573
TS,22,20250807,20250828,trim_r2_to_r1,TSAL20250807_0830_staticAndStaticFree001,TSAL20250828_0830_interferenceAndInterferenceFree001,0.4368247478820401,0.6912896436329881,5,85,0.8475493746935528,0.1562597310605648,76.0,1.0043629107529695
TS,22,20250807,20250828,trim_r2_to_r1,TSAL20250807_0830_staticAndStaticFree001,TSAL20250828_0830_interferenceAndInterferenceFree001,0.4368247478820401,0.6912896436329881,6,84,0.8439012952649045,0.15261165163191648,83.0,0.9989446709824561
TS,22,20250807,20250828,trim_r2_to_r1,TSAL20250807_0830_staticAndStaticFree001,TSAL20250828_0830_interferenceAndInterferenceFree001,0.4368247478820401,0.6912896436329881,7,83,0.8408570352072088,0.14956739157422072,10.0,0.9687159576304307
TS,22,20250807,20250828,trim_r2_to_r1,TSAL20250807_0830_staticAndStaticFree001,TSAL20250828_0830_interferenceAndInterferenceFree001,0.4368247478820401,0.6912896436329881,8,82,0.8377617829681232,0.14647213933513514,11.0,0.9662147508901726
TS,22,20250807,20250828,trim_r2_to_r1,TSAL20250807_0830_staticAndStaticFree001,TSAL20250828_0830_interferenceAndInterferenceFree001,0.4368247478820401,0.6912896436329881,9,81,0.8345607069272439,0.14327106329425587,79.0,0.965804824603299
TS,22,20250807,20250828,trim_r2_to_r1,TSAL20250807_0830_staticAndStaticFree001,TSAL20250828_0830_interferenceAndInterferenceFree001,0.4368247478820401,0.6912896436329881,10,80,0.8313714197212871,0.14008177608829908,81.0,0.9605375515625395
TS,22,20250807,20250828,trim_r2_to_r1,TSAL20250807_0830_staticAndStaticFree001,TSAL20250828_0830_interferenceAndInterferenceFree001,0.4368247478820401,0.6912896436329881,11,79,0.8280858279478184,0.13679618431483032,74.0,0.9595094988865672
TS,22,20250807,20250828,trim_r2_to_r1,TSAL20250807_0830_staticAndStaticFree001,TSAL20250828_0830_interferenceAndInterferenceFree001,0.4368247478820401,0.6912896436329881,12,78,0.8249208281552428,0.13363118452225475,78.0,0.9499383199619792
TS,22,20250807,20250828,trim_r2_to_r1,TSAL20250807_0830_staticAndStaticFree001,TSAL20250828_0830_interferenceAndInterferenceFree001,0.4368247478820401,0.6912896436329881,13,77,0.822079905723245,0.1307902620902569,0.0,0.9328758805711543
TS,22,20250807,20250828,trim_r2_to_r1,TSAL20250807_0830_staticAndStaticFree001,TSAL20250828_0830_interferenceAndInterferenceFree001,0.4368247478820401,0.6912896436329881,14,76,0.8192646358761241,0.12797499224313602,67.0,0.9276525249902825
TS,22,20250807,20250828,trim_r2_to_r1,TSAL20250807_0830_staticAndStaticFree001,TSAL20250828_0830_interferenceAndInterferenceFree001,0.4368247478820401,0.6912896436329881,15,75,0.8162065479171008,0.12491690428411273,84.0,0.9324138903599839
TS,22,20250807,20250828,trim_r2_to_r1,TSAL20250807_0830_staticAndStaticFree001,TSAL20250828_0830_interferenceAndInterferenceFree001,0.4368247478820401,0.6912896436329881,16,74,0.8131478586689921,0.12185821503600403,9.0,0.9278487054730683
TS,22,20250807,20250828,trim_r2_to_r1,TSAL20250807_0830_staticAndStaticFree001,TSAL20250828_0830_interferenceAndInterferenceFree001,0.4368247478820401,0.6912896436329881,17,73,0.8101973687494798,0.11890772511649172,5.0,0.9193654957714394
TS,22,20250807,20250828,trim_r2_to_r1,TSAL20250807_0830_staticAndStaticFree001,TSAL20250828_0830_interferenceAndInterferenceFree001,0.4368247478820401,0.6912896436329881,18,72,0.8071827294104228,0.11589308577743473,77.0,0.9172170652860027
TS,22,20250807,20250828,trim_r2_to_r1,TSAL20250807_0830_staticAndStaticFree001,TSAL20250828_0830_interferenceAndInterferenceFree001,0.4368247478820401,0.6912896436329881,19,71,0.8047817049171032,0.11349206128411515,12.0,0.8912185866766044
TS,22,20250807,20250828,trim_r2_to_r1,TSAL20250807_0830_staticAndStaticFree001,TSAL20250828_0830_interferenceAndInterferenceFree001,0.4368247478820401,0.6912896436329881,20,70,0.8021921714254303,0.11090252779244225,18.0,0.8941206103798168
TS,22,20250807,20250828,trim_r2_to_r1,TSAL20250807_0830_staticAndStaticFree001,TSAL20250828_0830_interferenceAndInterferenceFree001,0.4368247478820401,0.6912896436329881,21,69,0.7994267889114345,0.10813714527844642,14.0,0.8962151769012942
TS,22,20250807,20250828,trim_r2_to_r1,TSAL20250807_0830_staticAndStaticFree001,TSAL20250828_0830_interferenceAndInterferenceFree001,0.4368247478820401,0.6912896436329881,22,68,0.7966357416727814,0.10534609803979333,8.0,0.8929268714063134
TS,22,20250807,20250828,trim_r2_to_r1,TSAL20250807_0830_staticAndStaticFree001,TSAL20250828_0830_interferenceAndInterferenceFree001,0.4368247478820401,0.6912896436329881,23,67,0.7937559980710449,0.10246635443805685,2.0,0.8916672805300823
TS,22,20250807,20250828,trim_r2_to_r1,TSAL20250807_0830_staticAndStaticFree001,TSAL20250828_0830_interferenceAndInterferenceFree001,0.4368247478820401,0.6912896436329881,24,66,0.7908452590881438,0.09955561545515579,85.0,0.888355015015328
TS,22,20250807,20250828,trim_r2_to_r1,TSAL20250807_0830_staticAndStaticFree001,TSAL20250828_0830_interferenceAndInterferenceFree001,0.4368247478820401,0.6912896436329881,25,65,0.7878921180792433,0.09660247444625525,19.0,0.8853457713729647
TS,22,20250807,20250828,trim_r2_to_r1,TSAL20250807_0830_staticAndStaticFree001,TSAL20250828_0830_interferenceAndInterferenceFree001,0.4368247478820401,0.6912896436329881,26,64,0.7849042266330847,0.09361458300009662,13.0,0.8820106986332331
TS,22,20250807,20250828,trim_r2_to_r1,TSAL20250807_0830_staticAndStaticFree001,TSAL20250828_0830_interferenceAndInterferenceFree001,0.4368247478820401,0.6912896436329881,27,63,0.7818220377545875,0.09053239412159941,1.0,0.8804520818664984
TS,22,20250807,20250828,trim_r2_to_r1,TSAL20250807_0830_staticAndStaticFree001,TSAL20250828_0830_interferenceAndInterferenceFree001,0.4368247478820401,0.6912896436329881,28,62,0.7786066278992173,0.08731698426622925,7.0,0.879892038343384
TS,22,20250807,20250828,trim_r2_to_r1,TSAL20250807_0830_staticAndStaticFree001,TSAL20250828_0830_interferenceAndInterferenceFree001,0.4368247478820401,0.6912896436329881,29,61,0.775331417871477,0.08404177423848891,22.0,0.8768629287314258
TS,22,20250807,20250828,trim_r2_to_r1,TSAL20250807_0830_staticAndStaticFree001,TSAL20250828_0830_interferenceAndInterferenceFree001,0.4368247478820401,0.6912896436329881,30,60,0.771808423606789,0.08051877997380097,15.0,0.8792597486797697
TS,22,20250807,20250828,trim_r2_to_r1,TSAL20250807_0830_staticAndStaticFree001,TSAL20250828_0830_interferenceAndInterferenceFree001,0.4368247478820401,0.6912896436329881,31,59,0.768327268465665,0.07703762483267695,6.0,0.8727619226993827
TS,22,20250807,20250828,trim_r2_to_r1,TSAL20250807_0830_staticAndStaticFree001,TSAL20250828_0830_interferenceAndInterferenceFree001,0.4368247478820401,0.6912896436329881,32,58,0.7644775440636136,0.07318790043062551,16.0,0.8780444139241316
TS,22,20250807,20250828,trim_r2_to_r1,TSAL20250807_0830_staticAndStaticFree001,TSAL20250828_0830_interferenceAndInterferenceFree001,0.4368247478820401,0.6912896436329881,33,57,0.760387190277881,0.06909754664489298,21.0,0.8790074500641246
TS,22,20250807,20250828,trim_r2_to_r1,TSAL20250807_0830_staticAndStaticFree001,TSAL20250828_0830_interferenceAndInterferenceFree001,0.4368247478820401,0.6912896436329881,34,56,0.7564319298738156,0.06514228624082752,17.0,0.8691568513896865
TS,22,20250807,20250828,trim_r2_to_r1,TSAL20250807_0830_staticAndStaticFree001,TSAL20250828_0830_interferenceAndInterferenceFree001,0.4368247478820401,0.6912896436329881,35,55,0.7524504468263689,0.0611608031933808,23.0,0.8639319721548765
TS,22,20250807,20250828,trim_r2_to_r1,TSAL20250807_0830_staticAndStaticFree001,TSAL20250828_0830_interferenceAndInterferenceFree001,0.4368247478820401,0.6912896436329881,36,54,0.7485182054458804,0.057228561812892376,71.0,0.8566548434093106
TS,22,20250807,20250828,trim_r2_to_r1,TSAL20250807_0830_staticAndStaticFree001,TSAL20250828_0830_interferenceAndInterferenceFree001,0.4368247478820401,0.6912896436329881,37,53,0.7443431151218046,0.05305347148881656,68.0,0.857070553871851
TS,22,20250807,20250828,trim_r2_to_r1,TSAL20250807_0830_staticAndStaticFree001,TSAL20250828_0830_interferenceAndInterferenceFree001,0.4368247478820401,0.6912896436329881,38,52,0.7403135278579084,0.04902388422492032,72.0,0.8470975903511567
TS,22,20250807,20250828,trim_r2_to_r1,TSAL20250807_0830_staticAndStaticFree001,TSAL20250828_0830_interferenceAndInterferenceFree001,0.4368247478820401,0.6912896436329881,39,51,0.7361188281798082,0.04482918454682017,47.0,0.8451810198104147
TS,22,20250807,20250828,trim_r2_to_r1,TSAL20250807_0830_staticAndStaticFree001,TSAL20250828_0830_interferenceAndInterferenceFree001,0.4368247478820401,0.6912896436329881,40,50,0.7319019609011196,0.040612317268131526,87.0,0.8394320765076795
TS,22,20250807,20250828,trim_r2_to_r1,TSAL20250807_0830_staticAndStaticFree001,TSAL20250828_0830_interferenceAndInterferenceFree001,0.4368247478820401,0.6912896436329881,41,49,0.7273187204093728,0.03602907677638478,60.0,0.8418997327030424
TS,22,20250807,20250828,trim_r2_to_r1,TSAL20250807_0830_staticAndStaticFree001,TSAL20250828_0830_interferenceAndInterferenceFree001,0.4368247478820401,0.6912896436329881,42,48,0.7231086930675851,0.03181904943459701,86.0,0.8262543629413841
TS,22,20250807,20250828,trim_r2_to_r1,TSAL20250807_0830_staticAndStaticFree001,TSAL20250828_0830_interferenceAndInterferenceFree001,0.4368247478820401,0.6912896436329881,43,47,0.7185571304900146,0.027267486857026513,69.0,0.8277946323517075
TS,22,20250807,20250828,trim_r2_to_r1,TSAL20250807_0830_staticAndStaticFree001,TSAL20250828_0830_interferenceAndInterferenceFree001,0.4368247478820401,0.6912896436329881,44,46,0.7137721863030022,0.02248254267001415,3.0,0.8262183746977938
TS,22,20250807,20250828,trim_r2_to_r1,TSAL20250807_0830_staticAndStaticFree001,TSAL20250828_0830_interferenceAndInterferenceFree001,0.4368247478820401,0.6912896436329881,45,45,0.7087561081279314,0.01746646449494338,73.0,0.8241259061545556
TS,22,20250807,20250828,trim_r2_to_r1,TSAL20250807_0830_staticAndStaticFree001,TSAL20250828_0830_interferenceAndInterferenceFree001,0.4368247478820401,0.6912896436329881,46,44,0.7034314586676061,0.012141815034618086,20.0,0.823236071524928
TS,22,20250807,20250828,trim_r2_to_r1,TSAL20250807_0830_staticAndStaticFree001,TSAL20250828_0830_interferenceAndInterferenceFree001,0.4368247478820401,0.6912896436329881,47,43,0.6973368655015837,0.006047221868595631,4.0,0.8314179151540733
TS,22,20250807,20250828,trim_r2_to_r1,TSAL20250807_0830_staticAndStaticFree001,TSAL20250828_0830_interferenceAndInterferenceFree001,0.4368247478820401,0.6912896436329881,48,42,0.691543637167792,0.0002539935348039313,70.0,0.8160980463443158
TS,22,20250807,20250828,trim_r2_to_r1,TSAL20250807_0830_staticAndStaticFree001,TSAL20250828_0830_interferenceAndInterferenceFree001,0.4368247478820401,0.6912896436329881,49,41,0.6850235372621192,0.0,88.0,0.8219456352812506
TS,22,20250807,20250828,trim_r1_to_r2,TSAL20250828_0830_interferenceAndInterferenceFree001,TSAL20250807_0830_staticAndStaticFree001,0.6396443499665845,1.0980747470951313,0,96,0.5640571957575141,0.07558715420907036,,
TS,22,20250807,20250828,trim_r1_to_r2,TSAL20250828_0830_interferenceAndInterferenceFree001,TSAL20250807_0830_staticAndStaticFree001,0.6396443499665845,1.0980747470951313,1,95,0.5661968018514035,0.07344754811518095,21.0,0.4634957093447057
TS,22,20250807,20250828,trim_r1_to_r2,TSAL20250828_0830_interferenceAndInterferenceFree001,TSAL20250807_0830_staticAndStaticFree001,0.6396443499665845,1.0980747470951313,2,94,0.5682312779002842,0.07141307206630032,81.0,0.4715936655784552
TS,22,20250807,20250828,trim_r1_to_r2,TSAL20250828_0830_interferenceAndInterferenceFree001,TSAL20250807_0830_staticAndStaticFree001,0.6396443499665845,1.0980747470951313,3,93,0.5701331459522443,0.06951120401434019,76.0,0.48074534751012027
TS,22,20250807,20250828,trim_r1_to_r2,TSAL20250828_0830_interferenceAndInterferenceFree001,TSAL20250807_0830_staticAndStaticFree001,0.6396443499665845,1.0980747470951313,4,92,0.5720200488373126,0.06762430112927187,78.0,0.48427906468163445
TS,22,20250807,20250828,trim_r1_to_r2,TSAL20250828_0830_interferenceAndInterferenceFree001,TSAL20250807_0830_staticAndStaticFree001,0.6396443499665845,1.0980747470951313,5,91,0.5739045153061293,0.06573983466045519,58.0,0.4872190577405591
TS,22,20250807,20250828,trim_r1_to_r2,TSAL20250828_0830_interferenceAndInterferenceFree001,TSAL20250807_0830_staticAndStaticFree001,0.6396443499665845,1.0980747470951313,6,90,0.5756892431762598,0.06395510679032468,89.0,0.4944841250853302
TS,22,20250807,20250828,trim_r1_to_r2,TSAL20250828_0830_interferenceAndInterferenceFree001,TSAL20250807_0830_staticAndStaticFree001,0.6396443499665845,1.0980747470951313,7,89,0.5774780305086274,0.06216631945795703,65.0,0.4969826005520737
TS,22,20250807,20250828,trim_r1_to_r2,TSAL20250828_0830_interferenceAndInterferenceFree001,TSAL20250807_0830_staticAndStaticFree001,0.6396443499665845,1.0980747470951313,8,88,0.5792739244886903,0.060370425477894174,79.0,0.49935664237590327
TS,22,20250807,20250828,trim_r1_to_r2,TSAL20250828_0830_interferenceAndInterferenceFree001,TSAL20250807_0830_staticAndStaticFree001,0.6396443499665845,1.0980747470951313,9,87,0.5810360159866667,0.058608333979917826,83.0,0.5035039900757037
TS,22,20250807,20250828,trim_r1_to_r2,TSAL20250828_0830_interferenceAndInterferenceFree001,TSAL20250807_0830_staticAndStaticFree001,0.6396443499665845,1.0980747470951313,10,86,0.5828234747040248,0.056820875262559634,59.0,0.505069020498944
TS,22,20250807,20250828,trim_r1_to_r2,TSAL20250828_0830_interferenceAndInterferenceFree001,TSAL20250807_0830_staticAndStaticFree001,0.6396443499665845,1.0980747470951313,11,85,0.584625575594042,0.055018774372542434,75.0,0.5071352373232976
TS,22,20250807,20250828,trim_r1_to_r2,TSAL20250828_0830_interferenceAndInterferenceFree001,TSAL20250807_0830_staticAndStaticFree001,0.6396443499665845,1.0980747470951313,12,84,0.5863844733769215,0.053259876589663024,35.0,0.5116313176045454
TS,22,20250807,20250828,trim_r1_to_r2,TSAL20250828_0830_interferenceAndInterferenceFree001,TSAL20250807_0830_staticAndStaticFree001,0.6396443499665845,1.0980747470951313,13,83,0.5881815172744728,0.051462832692111715,57.0,0.512705673577317
TS,22,20250807,20250828,trim_r1_to_r2,TSAL20250828_0830_interferenceAndInterferenceFree001,TSAL20250807_0830_staticAndStaticFree001,0.6396443499665845,1.0980747470951313,14,82,0.5899800823682241,0.0496642675983604,55.0,0.5153396309775494
TS,22,20250807,20250828,trim_r1_to_r2,TSAL20250828_0830_interferenceAndInterferenceFree001,TSAL20250807_0830_staticAndStaticFree001,0.6396443499665845,1.0980747470951313,15,81,0.5917248831278312,0.047919466838753255,52.0,0.5201880519839376
TS,22,20250807,20250828,trim_r1_to_r2,TSAL20250828_0830_interferenceAndInterferenceFree001,TSAL20250807_0830_staticAndStaticFree001,0.6396443499665845,1.0980747470951313,16,80,0.5935072326196028,0.04613711734698167,93.0,0.5213220782028516
TS,22,20250807,20250828,trim_r1_to_r2,TSAL20250828_0830_interferenceAndInterferenceFree001,TSAL20250807_0830_staticAndStaticFree001,0.6396443499665845,1.0980747470951313,17,79,0.5952580415367954,0.04438630842978908,15.0,0.5252256848490964
TS,22,20250807,20250828,trim_r1_to_r2,TSAL20250828_0830_interferenceAndInterferenceFree001,TSAL20250807_0830_staticAndStaticFree001,0.6396443499665845,1.0980747470951313,18,78,0.5970001850782402,0.04264416488834433,54.0,0.5281855151911702
TS,22,20250807,20250828,trim_r1_to_r2,TSAL20250828_0830_interferenceAndInterferenceFree001,TSAL20250807_0830_staticAndStaticFree001,0.6396443499665845,1.0980747470951313,19,77,0.5987753160450024,0.04086903392158203,82.0,0.5295452083412704
TS,22,20250807,20250828,trim_r1_to_r2,TSAL20250828_0830_interferenceAndInterferenceFree001,TSAL20250807_0830_staticAndStaticFree001,0.6396443499665845,1.0980747470951313,20,76,0.6005734231212313,0.03907092684535318,46.0,0.5313463006864216
TS,22,20250807,20250828,trim_r1_to_r2,TSAL20250828_0830_interferenceAndInterferenceFree001,TSAL20250807_0830_staticAndStaticFree001,0.6396443499665845,1.0980747470951313,21,75,0.6023835910237126,0.03726075894287184,3.0,0.5335972107294223
TS,22,20250807,20250828,trim_r1_to_r2,TSAL20250828_0830_interferenceAndInterferenceFree001,TSAL20250807_0830_staticAndStaticFree001,0.6396443499665845,1.0980747470951313,22,74,0.604181188012407,0.035463161954177425,36.0,0.5367713009363645
TS,22,20250807,20250828,trim_r1_to_r2,TSAL20250828_0830_interferenceAndInterferenceFree001,TSAL20250807_0830_staticAndStaticFree001,0.6396443499665845,1.0980747470951313,23,73,0.6059434803649143,0.03370086960167018,14.0,0.5407386633221484
TS,22,20250807,20250828,trim_r1_to_r2,TSAL20250828_0830_interferenceAndInterferenceFree001,TSAL20250807_0830_staticAndStaticFree001,0.6396443499665845,1.0980747470951313,24,72,0.6077037347716863,0.031940615194898214,77.0,0.5434544489245067
TS,22,20250807,20250828,trim_r1_to_r2,TSAL20250828_0830_interferenceAndInterferenceFree001,TSAL20250807_0830_staticAndStaticFree001,0.6396443499665845,1.0980747470951313,25,71,0.6095143477118553,0.03013000225472917,25.0,0.5443322818657704
TS,22,20250807,20250828,trim_r1_to_r2,TSAL20250828_0830_interferenceAndInterferenceFree001,TSAL20250807_0830_staticAndStaticFree001,0.6396443499665845,1.0980747470951313,26,70,0.6111721984069934,0.02847215155959104,53.0,0.552318498729592
TS,22,20250807,20250828,trim_r1_to_r2,TSAL20250828_0830_interferenceAndInterferenceFree001,TSAL20250807_0830_staticAndStaticFree001,0.6396443499665845,1.0980747470951313,27,69,0.6128178561667782,0.026826493799806284,39.0,0.555219834574309
TS,22,20250807,20250828,trim_r1_to_r2,TSAL20250828_0830_interferenceAndInterferenceFree001,TSAL20250807_0830_staticAndStaticFree001,0.6396443499665845,1.0980747470951313,28,68,0.6145107313905567,0.025133618576027805,33.0,0.5561065361702027
TS,22,20250807,20250828,trim_r1_to_r2,TSAL20250828_0830_interferenceAndInterferenceFree001,TSAL20250807_0830_staticAndStaticFree001,0.6396443499665845,1.0980747470951313,29,67,0.6162411139225361,0.02340323604404837,88.0,0.5574081078352336
TS,22,20250807,20250828,trim_r1_to_r2,TSAL20250828_0830_interferenceAndInterferenceFree001,TSAL20250807_0830_staticAndStaticFree001,0.6396443499665845,1.0980747470951313,30,66,0.6179738975664794,0.021670452400105122,63.0,0.5599256454943813
TS,22,20250807,20250828,trim_r1_to_r2,TSAL20250828_0830_interferenceAndInterferenceFree001,TSAL20250807_0830_staticAndStaticFree001,0.6396443499665845,1.0980747470951313,31,65,0.6197702016247982,0.019874148341786246,2.0,0.560492167700279
TS,22,20250807,20250828,trim_r1_to_r2,TSAL20250828_0830_interferenceAndInterferenceFree001,TSAL20250807_0830_staticAndStaticFree001,0.6396443499665845,1.0980747470951313,32,64,0.6215747250744023,0.018069624892182223,94.0,0.5629277129622666
TS,22,20250807,20250828,trim_r1_to_r2,TSAL20250828_0830_interferenceAndInterferenceFree001,TSAL20250807_0830_staticAndStaticFree001,0.6396443499665845,1.0980747470951313,33,63,0.6234023474888744,0.016242002477710127,70.0,0.5649184302257687
TS,22,20250807,20250828,trim_r1_to_r2,TSAL20250828_0830_interferenceAndInterferenceFree001,TSAL20250807_0830_staticAndStaticFree001,0.6396443499665845,1.0980747470951313,34,62,0.6251718773930373,0.014472472573547224,32.0,0.5694316854119036
TS,22,20250807,20250828,trim_r1_to_r2,TSAL20250828_0830_interferenceAndInterferenceFree001,TSAL20250807_0830_staticAndStaticFree001,0.6396443499665845,1.0980747470951313,35,61,0.6269730997475674,0.01267125021901705,72.0,0.5711352067571325
TS,22,20250807,20250828,trim_r1_to_r2,TSAL20250828_0830_interferenceAndInterferenceFree001,TSAL20250807_0830_staticAndStaticFree001,0.6396443499665845,1.0980747470951313,36,60,0.6287260079231451,0.010918342043439333,7.0,0.5752623085680224
TS,22,20250807,20250828,trim_r1_to_r2,TSAL20250828_0830_interferenceAndInterferenceFree001,TSAL20250807_0830_staticAndStaticFree001,0.6396443499665845,1.0980747470951313,37,59,0.6304680910871164,0.009176258879468047,85.0,0.5782055961679816
TS,22,20250807,20250828,trim_r1_to_r2,TSAL20250828_0830_interferenceAndInterferenceFree001,TSAL20250807_0830_staticAndStaticFree001,0.6396443499665845,1.0980747470951313,38,58,0.6322675630858496,0.0073767868807348425,44.0,0.5791831391232192
TS,22,20250807,20250828,trim_r1_to_r2,TSAL20250828_0830_interferenceAndInterferenceFree001,TSAL20250807_0830_staticAndStaticFree001,0.6396443499665845,1.0980747470951313,39,57,0.6341272025004343,0.005517147466150174,34.0,0.5801976594774818
TS,22,20250807,20250828,trim_r1_to_r2,TSAL20250828_0830_interferenceAndInterferenceFree001,TSAL20250807_0830_staticAndStaticFree001,0.6396443499665845,1.0980747470951313,40,56,0.636025118183571,0.003619231783013488,80.0,0.5819345212141743
TS,22,20250807,20250828,trim_r1_to_r2,TSAL20250828_0830_interferenceAndInterferenceFree001,TSAL20250807_0830_staticAndStaticFree001,0.6396443499665845,1.0980747470951313,41,55,0.637949634017965,0.001694715948619474,38.0,0.5840631906549321
TS,22,20250807,20250828,trim_r1_to_r2,TSAL20250828_0830_interferenceAndInterferenceFree001,TSAL20250807_0830_staticAndStaticFree001,0.6396443499665845,1.0980747470951313,42,54,0.6399294172716885,0.0,17.0,0.5854853777942933
TS,23,20250807,20250829,trim_r2_to_r1,TSAL20250807_0830_staticAndStaticFree001,TSAL20250829_0830_interferenceAndInterferenceFree001,0.4368247478820401,0.6912896436329881,0,95,0.8623892010399029,0.17109955740691485,,
TS,23,20250807,20250829,trim_r2_to_r1,TSAL20250807_0830_staticAndStaticFree001,TSAL20250829_0830_interferenceAndInterferenceFree001,0.4368247478820401,0.6912896436329881,1,94,0.8463517775985947,0.15506213396560664,44.0,1.6081293910607353
TS,23,20250807,20250829,trim_r2_to_r1,TSAL20250807_0830_staticAndStaticFree001,TSAL20250829_0830_interferenceAndInterferenceFree001,0.4368247478820401,0.6912896436329881,2,93,0.835332684064129,0.1440430404311409,87.0,1.3532300801840176
TS,23,20250807,20250829,trim_r2_to_r1,TSAL20250807_0830_staticAndStaticFree001,TSAL20250829_0830_interferenceAndInterferenceFree001,0.4368247478820401,0.6912896436329881,3,92,0.8274853947329665,0.1361957510999784,93.0,1.1923843486320234
TS,23,20250807,20250829,trim_r2_to_r1,TSAL20250807_0830_staticAndStaticFree001,TSAL20250829_0830_interferenceAndInterferenceFree001,0.4368247478820401,0.6912896436329881,4,91,0.8227301756704767,0.13144053203748862,90.0,1.0414702525450104
TS,23,20250807,20250829,trim_r2_to_r1,TSAL20250807_0830_staticAndStaticFree001,TSAL20250829_0830_interferenceAndInterferenceFree001,0.4368247478820401,0.6912896436329881,5,90,0.8195165976773744,0.12822695404438633,56.0,0.9657343963635234
TS,23,20250807,20250829,trim_r2_to_r1,TSAL20250807_0830_staticAndStaticFree001,TSAL20250829_0830_interferenceAndInterferenceFree001,0.4368247478820401,0.6912896436329881,6,89,0.8167392763065305,0.12544963267354248,43.0,0.9417187379945096
TS,23,20250807,20250829,trim_r2_to_r1,TSAL20250807_0830_staticAndStaticFree001,TSAL20250829_0830_interferenceAndInterferenceFree001,0.4368247478820401,0.6912896436329881,7,88,0.8138707266669979,0.12258108303400983,80.0,0.9415211856261998
TS,23,20250807,20250829,trim_r2_to_r1,TSAL20250807_0830_staticAndStaticFree001,TSAL20250829_0830_interferenceAndInterferenceFree001,0.4368247478820401,0.6912896436329881,8,87,0.8109259834645415,0.11963633983155342,83.0,0.9404946843726187
TS,23,20250807,20250829,trim_r2_to_r1,TSAL20250807_0830_staticAndStaticFree001,TSAL20250829_0830_interferenceAndInterferenceFree001,0.4368247478820401,0.6912896436329881,9,86,0.807766271052302,0.11647662741931397,54.0,0.9452137609847254
TS,23,20250807,20250829,trim_r2_to_r1,TSAL20250807_0830_staticAndStaticFree001,TSAL20250829_0830_interferenceAndInterferenceFree001,0.4368247478820401,0.6912896436329881,10,85,0.8047107806239325,0.11342113699094447,79.0,0.9360968690438147
TS,23,20250807,20250829,trim_r2_to_r1,TSAL20250807_0830_staticAndStaticFree001,TSAL20250829_0830_interferenceAndInterferenceFree001,0.4368247478820401,0.6912896436329881,11,84,0.8015695640713117,0.11027992043832369,81.0,0.935071267557698
TS,23,20250807,20250829,trim_r2_to_r1,TSAL20250807_0830_staticAndStaticFree001,TSAL20250829_0830_interferenceAndInterferenceFree001,0.4368247478820401,0.6912896436329881,12,83,0.7986429219509185,0.1073532783179304,92.0,0.92156189100744
TS,23,20250807,20250829,trim_r2_to_r1,TSAL20250807_0830_staticAndStaticFree001,TSAL20250829_0830_interferenceAndInterferenceFree001,0.4368247478820401,0.6912896436329881,13,82,0.7958035791171044,0.10451393548411636,62.0,0.9136363067203823
TS,23,20250807,20250829,trim_r2_to_r1,TSAL20250807_0830_staticAndStaticFree001,TSAL20250829_0830_interferenceAndInterferenceFree001,0.4368247478820401,0.6912896436329881,14,81,0.7930873976030884,0.10179775397010038,74.0,0.9044508396777416
TS,23,20250807,20250829,trim_r2_to_r1,TSAL20250807_0830_staticAndStaticFree001,TSAL20250829_0830_interferenceAndInterferenceFree001,0.4368247478820401,0.6912896436329881,15,80,0.7903371307396826,0.09904748710669453,69.0,0.9017229387076201
TS,23,20250807,20250829,trim_r2_to_r1,TSAL20250807_0830_staticAndStaticFree001,TSAL20250829_0830_interferenceAndInterferenceFree001,0.4368247478820401,0.6912896436329881,16,79,0.7875377044139552,0.09624806078096715,82.0,0.8995147574430503
TS,23,20250807,20250829,trim_r2_to_r1,TSAL20250807_0830_staticAndStaticFree001,TSAL20250829_0830_interferenceAndInterferenceFree001,0.4368247478820401,0.6912896436329881,17,78,0.7848362109529485,0.09354656731996047,59.0,0.8915452026627136
TS,23,20250807,20250829,trim_r2_to_r1,TSAL20250807_0830_staticAndStaticFree001,TSAL20250829_0830_interferenceAndInterferenceFree001,0.4368247478820401,0.6912896436329881,18,77,0.7821295200933498,0.09083987646036173,89.0,0.8876904636177033
TS,23,20250807,20250829,trim_r2_to_r1,TSAL20250807_0830_staticAndStaticFree001,TSAL20250829_0830_interferenceAndInterferenceFree001,0.4368247478820401,0.6912896436329881,19,76,0.7793530026243749,0.08806335899138684,66.0,0.8862489251799076
TS,23,20250807,20250829,trim_r2_to_r1,TSAL20250807_0830_staticAndStaticFree001,TSAL20250829_0830_interferenceAndInterferenceFree001,0.4368247478820401,0.6912896436329881,20,75,0.7763504867357351,0.08506084310274709,78.0,0.8904460905040421
TS,23,20250807,20250829,trim_r2_to_r1,TSAL20250807_0830_staticAndStaticFree001,TSAL20250829_0830_interferenceAndInterferenceFree001,0.4368247478820401,0.6912896436329881,21,74,0.7733139617269001,0.08202431809391209,76.0,0.8871836495582134
TS,23,20250807,20250829,trim_r2_to_r1,TSAL20250807_0830_staticAndStaticFree001,TSAL20250829_0830_interferenceAndInterferenceFree001,0.4368247478820401,0.6912896436329881,22,73,0.770186670512866,0.07889702687987799,48.0,0.8858964454321321
TS,23,20250807,20250829,trim_r2_to_r1,TSAL20250807_0830_staticAndStaticFree001,TSAL20250829_0830_interferenceAndInterferenceFree001,0.4368247478820401,0.6912896436329881,23,72,0.7670548064083125,0.07576516277532441,91.0,0.8813678462245156
TS,23,20250807,20250829,trim_r2_to_r1,TSAL20250807_0830_staticAndStaticFree001,TSAL20250829_0830_interferenceAndInterferenceFree001,0.4368247478820401,0.6912896436329881,24,71,0.7639566229723977,0.07266697933940969,72.0,0.8754912266653292
TS,23,20250807,20250829,trim_r2_to_r1,TSAL20250807_0830_staticAndStaticFree001,TSAL20250829_0830_interferenceAndInterferenceFree001,0.4368247478820401,0.6912896436329881,25,70,0.7607585514068785,0.06946890777389048,85.0,0.8742900919828056
TS,23,20250807,20250829,trim_r2_to_r1,TSAL20250807_0830_staticAndStaticFree001,TSAL20250829_0830_interferenceAndInterferenceFree001,0.4368247478820401,0.6912896436329881,26,69,0.757395713440255,0.06610606980726697,45.0,0.8750950422720816
TS,23,20250807,20250829,trim_r2_to_r1,TSAL20250807_0830_staticAndStaticFree001,TSAL20250829_0830_interferenceAndInterferenceFree001,0.4368247478820401,0.6912896436329881,27,68,0.7539145382816139,0.06262489464862586,94.0,0.8740150812547309
TS,23,20250807,20250829,trim_r2_to_r1,TSAL20250807_0830_staticAndStaticFree001,TSAL20250829_0830_interferenceAndInterferenceFree001,0.4368247478820401,0.6912896436329881,28,67,0.7503054629337076,0.05901581930071953,55.0,0.8730140247625211
TS,23,20250807,20250829,trim_r2_to_r1,TSAL20250807_0830_staticAndStaticFree001,TSAL20250829_0830_interferenceAndInterferenceFree001,0.4368247478820401,0.6912896436329881,29,66,0.7465276848360549,0.05523804120306686,84.0,0.8730832511074187
TS,23,20250807,20250829,trim_r2_to_r1,TSAL20250807_0830_staticAndStaticFree001,TSAL20250829_0830_interferenceAndInterferenceFree001,0.4368247478820401,0.6912896436329881,30,65,0.7425456985709811,0.05125605493799301,42.0,0.8739512453184205
TS,23,20250807,20250829,trim_r2_to_r1,TSAL20250807_0830_staticAndStaticFree001,TSAL20250829_0830_interferenceAndInterferenceFree001,0.4368247478820401,0.6912896436329881,31,64,0.7387336088940298,0.047443965261041776,75.0,0.862626523394946
TS,23,20250807,20250829,trim_r2_to_r1,TSAL20250807_0830_staticAndStaticFree001,TSAL20250829_0830_interferenceAndInterferenceFree001,0.4368247478820401,0.6912896436329881,32,63,0.7350329060864593,0.043743262453471266,77.0,0.8534553959287179
TS,23,20250807,20250829,trim_r2_to_r1,TSAL20250807_0830_staticAndStaticFree001,TSAL20250829_0830_interferenceAndInterferenceFree001,0.4368247478820401,0.6912896436329881,33,62,0.7310924187625932,0.03980277512960517,60.0,0.8552177694643736
TS,23,20250807,20250829,trim_r2_to_r1,TSAL20250807_0830_staticAndStaticFree001,TSAL20250829_0830_interferenceAndInterferenceFree001,0.4368247478820401,0.6912896436329881,34,61,0.726947882782056,0.03565823914906796,53.0,0.8554284981787099
TS,23,20250807,20250829,trim_r2_to_r1,TSAL20250807_0830_staticAndStaticFree001,TSAL20250829_0830_interferenceAndInterferenceFree001,0.4368247478820401,0.6912896436329881,35,60,0.7225611156885683,0.03127147205558023,49.0,0.8563575120399414
TS,23,20250807,20250829,trim_r2_to_r1,TSAL20250807_0830_staticAndStaticFree001,TSAL20250829_0830_interferenceAndInterferenceFree001,0.4368247478820401,0.6912896436329881,36,59,0.7181695684635242,0.02687992483053614,51.0,0.8499159852148478
TS,23,20250807,20250829,trim_r2_to_r1,TSAL20250807_0830_staticAndStaticFree001,TSAL20250829_0830_interferenceAndInterferenceFree001,0.4368247478820401,0.6912896436329881,37,58,0.7133618688311901,0.022072225198202067,70.0,0.8551890079850426
TS,23,20250807,20250829,trim_r2_to_r1,TSAL20250807_0830_staticAndStaticFree001,TSAL20250829_0830_interferenceAndInterferenceFree001,0.4368247478820401,0.6912896436329881,38,57,0.7082223582493323,0.01693271461634427,67.0,0.8572681651232118
TS,23,20250807,20250829,trim_r2_to_r1,TSAL20250807_0830_staticAndStaticFree001,TSAL20250829_0830_interferenceAndInterferenceFree001,0.4368247478820401,0.6912896436329881,39,56,0.7030539472862577,0.011764303653269637,68.0,0.8503536597338835
TS,23,20250807,20250829,trim_r2_to_r1,TSAL20250807_0830_staticAndStaticFree001,TSAL20250829_0830_interferenceAndInterferenceFree001,0.4368247478820401,0.6912896436329881,40,55,0.6982425578159561,0.006952914182968062,46.0,0.8329614629844031
TS,23,20250807,20250829,trim_r2_to_r1,TSAL20250807_0830_staticAndStaticFree001,TSAL20250829_0830_interferenceAndInterferenceFree001,0.4368247478820401,0.6912896436329881,41,54,0.6931148541714216,0.0018252105384335415,86.0,0.834126704396119
TS,23,20250807,20250829,trim_r2_to_r1,TSAL20250807_0830_staticAndStaticFree001,TSAL20250829_0830_interferenceAndInterferenceFree001,0.4368247478820401,0.6912896436329881,42,53,0.6883203731448867,0.0,50.0,0.8177713608613284
TS,23,20250807,20250829,trim_r1_to_r2,TSAL20250829_0830_interferenceAndInterferenceFree001,TSAL20250807_0830_staticAndStaticFree001,0.5900149820428311,1.1347634200369747,0,96,0.5640571957575141,0.025957786285316975,,
TS,23,20250807,20250829,trim_r1_to_r2,TSAL20250829_0830_interferenceAndInterferenceFree001,TSAL20250807_0830_staticAndStaticFree001,0.5900149820428311,1.1347634200369747,1,95,0.5661968018514035,0.023818180191427563,21.0,0.4634957093447057
TS,23,20250807,20250829,trim_r1_to_r2,TSAL20250829_0830_interferenceAndInterferenceFree001,TSAL20250807_0830_staticAndStaticFree001,0.5900149820428311,1.1347634200369747,2,94,0.5682312779002842,0.021783704142546934,81.0,0.4715936655784552
TS,23,20250807,20250829,trim_r1_to_r2,TSAL20250829_0830_interferenceAndInterferenceFree001,TSAL20250807_0830_staticAndStaticFree001,0.5900149820428311,1.1347634200369747,3,93,0.5701331459522443,0.019881836090586802,76.0,0.48074534751012027
TS,23,20250807,20250829,trim_r1_to_r2,TSAL20250829_0830_interferenceAndInterferenceFree001,TSAL20250807_0830_staticAndStaticFree001,0.5900149820428311,1.1347634200369747,4,92,0.5720200488373126,0.017994933205518482,78.0,0.48427906468163445
TS,23,20250807,20250829,trim_r1_to_r2,TSAL20250829_0830_interferenceAndInterferenceFree001,TSAL20250807_0830_staticAndStaticFree001,0.5900149820428311,1.1347634200369747,5,91,0.5739045153061293,0.0161104667367018,58.0,0.4872190577405591
TS,23,20250807,20250829,trim_r1_to_r2,TSAL20250829_0830_interferenceAndInterferenceFree001,TSAL20250807_0830_staticAndStaticFree001,0.5900149820428311,1.1347634200369747,6,90,0.5756892431762598,0.014325738866571291,89.0,0.4944841250853302
TS,23,20250807,20250829,trim_r1_to_r2,TSAL20250829_0830_interferenceAndInterferenceFree001,TSAL20250807_0830_staticAndStaticFree001,0.5900149820428311,1.1347634200369747,7,89,0.5774780305086274,0.012536951534203644,65.0,0.4969826005520737
TS,23,20250807,20250829,trim_r1_to_r2,TSAL20250829_0830_interferenceAndInterferenceFree001,TSAL20250807_0830_staticAndStaticFree001,0.5900149820428311,1.1347634200369747,8,88,0.5792739244886903,0.010741057554140787,79.0,0.49935664237590327
TS,23,20250807,20250829,trim_r1_to_r2,TSAL20250829_0830_interferenceAndInterferenceFree001,TSAL20250807_0830_staticAndStaticFree001,0.5900149820428311,1.1347634200369747,9,87,0.5810360159866667,0.008978966056164439,83.0,0.5035039900757037
TS,23,20250807,20250829,trim_r1_to_r2,TSAL20250829_0830_interferenceAndInterferenceFree001,TSAL20250807_0830_staticAndStaticFree001,0.5900149820428311,1.1347634200369747,10,86,0.5828234747040248,0.007191507338806247,59.0,0.505069020498944
TS,23,20250807,20250829,trim_r1_to_r2,TSAL20250829_0830_interferenceAndInterferenceFree001,TSAL20250807_0830_staticAndStaticFree001,0.5900149820428311,1.1347634200369747,11,85,0.584625575594042,0.005389406448789047,75.0,0.5071352373232976
TS,23,20250807,20250829,trim_r1_to_r2,TSAL20250829_0830_interferenceAndInterferenceFree001,TSAL20250807_0830_staticAndStaticFree001,0.5900149820428311,1.1347634200369747,12,84,0.5863844733769215,0.0036305086659096375,35.0,0.5116313176045454
TS,23,20250807,20250829,trim_r1_to_r2,TSAL20250829_0830_interferenceAndInterferenceFree001,TSAL20250807_0830_staticAndStaticFree001,0.5900149820428311,1.1347634200369747,13,83,0.5881815172744728,0.0018334647683583283,57.0,0.512705673577317
TS,23,20250807,20250829,trim_r1_to_r2,TSAL20250829_0830_interferenceAndInterferenceFree001,TSAL20250807_0830_staticAndStaticFree001,0.5900149820428311,1.1347634200369747,14,82,0.5899800823682241,3.489967460701404e-05,55.0,0.5153396309775494
TS,23,20250807,20250829,trim_r1_to_r2,TSAL20250829_0830_interferenceAndInterferenceFree001,TSAL20250807_0830_staticAndStaticFree001,0.5900149820428311,1.1347634200369747,15,81,0.5917248831278312,0.0,52.0,0.5201880519839376
TS,24,20250807,20250830,trim_r2_to_r1,TSAL20250807_0830_staticAndStaticFree001,TSAL20250830_0830_interferenceAndInterferenceFree001,0.4368247478820401,0.6912896436329881,0,79,0.7607158166146287,0.06942617298164067,,
TS,24,20250807,20250830,trim_r2_to_r1,TSAL20250807_0830_staticAndStaticFree001,TSAL20250830_0830_interferenceAndInterferenceFree001,0.4368247478820401,0.6912896436329881,1,78,0.7532223286927949,0.06193268505980687,15.0,1.0492151016052262
TS,24,20250807,20250830,trim_r2_to_r1,TSAL20250807_0830_staticAndStaticFree001,TSAL20250830_0830_interferenceAndInterferenceFree001,0.4368247478820401,0.6912896436329881,2,77,0.7460769185030802,0.05478727487009216,25.0,1.0247479159019566
TS,24,20250807,20250830,trim_r2_to_r1,TSAL20250807_0830_staticAndStaticFree001,TSAL20250830_0830_interferenceAndInterferenceFree001,0.4368247478820401,0.6912896436329881,3,76,0.7403171660035083,0.049027522370520216,40.0,0.9620676372370269
TS,24,20250807,20250830,trim_r2_to_r1,TSAL20250807_0830_staticAndStaticFree001,TSAL20250830_0830_interferenceAndInterferenceFree001,0.4368247478820401,0.6912896436329881,4,75,0.7352413130706484,0.04395166943766038,62.0,0.9281237245193258
TS,24,20250807,20250830,trim_r2_to_r1,TSAL20250807_0830_staticAndStaticFree001,TSAL20250830_0830_interferenceAndInterferenceFree001,0.4368247478820401,0.6912896436329881,5,74,0.730258068088972,0.03896842445598392,64.0,0.9171297549018407
TS,24,20250807,20250830,trim_r2_to_r1,TSAL20250807_0830_staticAndStaticFree001,TSAL20250830_0830_interferenceAndInterferenceFree001,0.4368247478820401,0.6912896436329881,6,73,0.72523164525366,0.03394200162067196,41.0,0.9112092901601999
TS,24,20250807,20250830,trim_r2_to_r1,TSAL20250807_0830_staticAndStaticFree001,TSAL20250830_0830_interferenceAndInterferenceFree001,0.4368247478820401,0.6912896436329881,7,72,0.7203990243517653,0.029109380718777222,65.0,0.8967896872709239
TS,24,20250807,20250830,trim_r2_to_r1,TSAL20250807_0830_staticAndStaticFree001,TSAL20250830_0830_interferenceAndInterferenceFree001,0.4368247478820401,0.6912896436329881,8,71,0.7156798964163366,0.0243902527833485,63.0,0.8855685020917664
TS,24,20250807,20250830,trim_r2_to_r1,TSAL20250807_0830_staticAndStaticFree001,TSAL20250830_0830_interferenceAndInterferenceFree001,0.4368247478820401,0.6912896436329881,9,70,0.7107760860815596,0.01948644244857156,67.0,0.8848613529661441
TS,24,20250807,20250830,trim_r2_to_r1,TSAL20250807_0830_staticAndStaticFree001,TSAL20250830_0830_interferenceAndInterferenceFree001,0.4368247478820401,0.6912896436329881,10,69,0.7057875242017544,0.01449788056876633,10.0,0.8803871899949374
TS,24,20250807,20250830,trim_r2_to_r1,TSAL20250807_0830_staticAndStaticFree001,TSAL20250830_0830_interferenceAndInterferenceFree001,0.4368247478820401,0.6912896436329881,11,68,0.7009617170816653,0.009672073448677265,66.0,0.8674520627247374
TS,24,20250807,20250830,trim_r2_to_r1,TSAL20250807_0830_staticAndStaticFree001,TSAL20250830_0830_interferenceAndInterferenceFree001,0.4368247478820401,0.6912896436329881,12,67,0.6960882343249117,0.0047985906919236765,78.0,0.8617866480545344
TS,24,20250807,20250830,trim_r2_to_r1,TSAL20250807_0830_staticAndStaticFree001,TSAL20250830_0830_interferenceAndInterferenceFree001,0.4368247478820401,0.6912896436329881,13,66,0.6917449026788705,0.00045525904588239463,71.0,0.8372465128212512
TS,24,20250807,20250830,trim_r2_to_r1,TSAL20250807_0830_staticAndStaticFree001,TSAL20250830_0830_interferenceAndInterferenceFree001,0.4368247478820401,0.6912896436329881,14,65,0.6871077489055665,0.0,76.0,0.8401338234245985
TS,24,20250807,20250830,trim_r1_to_r2,TSAL20250830_0830_interferenceAndInterferenceFree001,TSAL20250807_0830_staticAndStaticFree001,0.5679024532450075,0.9535291799842499,0,96,0.5640571957575141,0.0038452574874934253,,
TS,24,20250807,20250830,trim_r1_to_r2,TSAL20250830_0830_interferenceAndInterferenceFree001,TSAL20250807_0830_staticAndStaticFree001,0.5679024532450075,0.9535291799842499,1,95,0.5661968018514035,0.001705651393604013,21.0,0.4634957093447057
TS,24,20250807,20250830,trim_r1_to_r2,TSAL20250830_0830_interferenceAndInterferenceFree001,TSAL20250807_0830_staticAndStaticFree001,0.5679024532450075,0.9535291799842499,2,94,0.5682312779002842,0.0,81.0,0.4715936655784552
TS,25,20250808,20250828,trim_r2_to_r1,TSAL20250808_0830_staticAndStaticFree001,TSAL20250828_0830_interferenceAndInterferenceFree001,0.39422877717031174,0.612628444502867,0,90,0.8688595485308579,0.2562311040279909,,
TS,25,20250808,20250828,trim_r2_to_r1,TSAL20250808_0830_staticAndStaticFree001,TSAL20250828_0830_interferenceAndInterferenceFree001,0.39422877717031174,0.612628444502867,1,89,0.8635199154685065,0.25089147096563946,27.0,1.1038034032743222
TS,25,20250808,20250828,trim_r2_to_r1,TSAL20250808_0830_staticAndStaticFree001,TSAL20250828_0830_interferenceAndInterferenceFree001,0.39422877717031174,0.612628444502867,2,88,0.8587557585731049,0.2461273140702379,75.0,1.070760740418474
TS,25,20250808,20250828,trim_r2_to_r1,TSAL20250808_0830_staticAndStaticFree001,TSAL20250828_0830_interferenceAndInterferenceFree001,0.39422877717031174,0.612628444502867,3,87,0.8549141812146666,0.24228573671179954,62.0,1.0239435849859566
TS,25,20250808,20250828,trim_r2_to_r1,TSAL20250808_0830_staticAndStaticFree001,TSAL20250828_0830_interferenceAndInterferenceFree001,0.39422877717031174,0.612628444502867,4,86,0.8511962011135393,0.2385677566106723,59.0,1.012928335512573
TS,25,20250808,20250828,trim_r2_to_r1,TSAL20250808_0830_staticAndStaticFree001,TSAL20250828_0830_interferenceAndInterferenceFree001,0.39422877717031174,0.612628444502867,5,85,0.8475493746935528,0.23492093019068583,76.0,1.0043629107529695
TS,25,20250808,20250828,trim_r2_to_r1,TSAL20250808_0830_staticAndStaticFree001,TSAL20250828_0830_interferenceAndInterferenceFree001,0.39422877717031174,0.612628444502867,6,84,0.8439012952649045,0.23127285076203752,83.0,0.9989446709824561
TS,25,20250808,20250828,trim_r2_to_r1,TSAL20250808_0830_staticAndStaticFree001,TSAL20250828_0830_interferenceAndInterferenceFree001,0.39422877717031174,0.612628444502867,7,83,0.8408570352072088,0.22822859070434176,10.0,0.9687159576304307
TS,25,20250808,20250828,trim_r2_to_r1,TSAL20250808_0830_staticAndStaticFree001,TSAL20250828_0830_interferenceAndInterferenceFree001,0.39422877717031174,0.612628444502867,8,82,0.8377617829681232,0.22513333846525618,11.0,0.9662147508901726
TS,25,20250808,20250828,trim_r2_to_r1,TSAL20250808_0830_staticAndStaticFree001,TSAL20250828_0830_interferenceAndInterferenceFree001,0.39422877717031174,0.612628444502867,9,81,0.8345607069272439,0.2219322624243769,79.0,0.965804824603299
TS,25,20250808,20250828,trim_r2_to_r1,TSAL20250808_0830_staticAndStaticFree001,TSAL20250828_0830_interferenceAndInterferenceFree001,0.39422877717031174,0.612628444502867,10,80,0.8313714197212871,0.21874297521842012,81.0,0.9605375515625395
TS,25,20250808,20250828,trim_r2_to_r1,TSAL20250808_0830_staticAndStaticFree001,TSAL20250828_0830_interferenceAndInterferenceFree001,0.39422877717031174,0.612628444502867,11,79,0.8280858279478184,0.21545738344495136,74.0,0.9595094988865672
TS,25,20250808,20250828,trim_r2_to_r1,TSAL20250808_0830_staticAndStaticFree001,TSAL20250828_0830_interferenceAndInterferenceFree001,0.39422877717031174,0.612628444502867,12,78,0.8249208281552428,0.2122923836523758,78.0,0.9499383199619792
TS,25,20250808,20250828,trim_r2_to_r1,TSAL20250808_0830_staticAndStaticFree001,TSAL20250828_0830_interferenceAndInterferenceFree001,0.39422877717031174,0.612628444502867,13,77,0.822079905723245,0.20945146122037794,0.0,0.9328758805711543
TS,25,20250808,20250828,trim_r2_to_r1,TSAL20250808_0830_staticAndStaticFree001,TSAL20250828_0830_interferenceAndInterferenceFree001,0.39422877717031174,0.612628444502867,14,76,0.8192646358761241,0.20663619137325706,67.0,0.9276525249902825
TS,25,20250808,20250828,trim_r2_to_r1,TSAL20250808_0830_staticAndStaticFree001,TSAL20250828_0830_interferenceAndInterferenceFree001,0.39422877717031174,0.612628444502867,15,75,0.8162065479171008,0.20357810341423377,84.0,0.9324138903599839
TS,25,20250808,20250828,trim_r2_to_r1,TSAL20250808_0830_staticAndStaticFree001,TSAL20250828_0830_interferenceAndInterferenceFree001,0.39422877717031174,0.612628444502867,16,74,0.8131478586689921,0.20051941416612507,9.0,0.9278487054730683
TS,25,20250808,20250828,trim_r2_to_r1,TSAL20250808_0830_staticAndStaticFree001,TSAL20250828_0830_interferenceAndInterferenceFree001,0.39422877717031174,0.612628444502867,17,73,0.8101973687494798,0.19756892424661276,5.0,0.9193654957714394
TS,25,20250808,20250828,trim_r2_to_r1,TSAL20250808_0830_staticAndStaticFree001,TSAL20250828_0830_interferenceAndInterferenceFree001,0.39422877717031174,0.612628444502867,18,72,0.8071827294104228,0.19455428490755577,77.0,0.9172170652860027
TS,25,20250808,20250828,trim_r2_to_r1,TSAL20250808_0830_staticAndStaticFree001,TSAL20250828_0830_interferenceAndInterferenceFree001,0.39422877717031174,0.612628444502867,19,71,0.8047817049171032,0.1921532604142362,12.0,0.8912185866766044
TS,25,20250808,20250828,trim_r2_to_r1,TSAL20250808_0830_staticAndStaticFree001,TSAL20250828_0830_interferenceAndInterferenceFree001,0.39422877717031174,0.612628444502867,20,70,0.8021921714254303,0.1895637269225633,18.0,0.8941206103798168
TS,25,20250808,20250828,trim_r2_to_r1,TSAL20250808_0830_staticAndStaticFree001,TSAL20250828_0830_interferenceAndInterferenceFree001,0.39422877717031174,0.612628444502867,21,69,0.7994267889114345,0.18679834440856746,14.0,0.8962151769012942
TS,25,20250808,20250828,trim_r2_to_r1,TSAL20250808_0830_staticAndStaticFree001,TSAL20250828_0830_interferenceAndInterferenceFree001,0.39422877717031174,0.612628444502867,22,68,0.7966357416727814,0.18400729716991437,8.0,0.8929268714063134
TS,25,20250808,20250828,trim_r2_to_r1,TSAL20250808_0830_staticAndStaticFree001,TSAL20250828_0830_interferenceAndInterferenceFree001,0.39422877717031174,0.612628444502867,23,67,0.7937559980710449,0.1811275535681779,2.0,0.8916672805300823
TS,25,20250808,20250828,trim_r2_to_r1,TSAL20250808_0830_staticAndStaticFree001,TSAL20250828_0830_interferenceAndInterferenceFree001,0.39422877717031174,0.612628444502867,24,66,0.7908452590881438,0.17821681458527683,85.0,0.888355015015328
TS,25,20250808,20250828,trim_r2_to_r1,TSAL20250808_0830_staticAndStaticFree001,TSAL20250828_0830_interferenceAndInterferenceFree001,0.39422877717031174,0.612628444502867,25,65,0.7878921180792433,0.1752636735763763,19.0,0.8853457713729647
TS,25,20250808,20250828,trim_r2_to_r1,TSAL20250808_0830_staticAndStaticFree001,TSAL20250828_0830_interferenceAndInterferenceFree001,0.39422877717031174,0.612628444502867,26,64,0.7849042266330847,0.17227578213021766,13.0,0.8820106986332331
TS,25,20250808,20250828,trim_r2_to_r1,TSAL20250808_0830_staticAndStaticFree001,TSAL20250828_0830_interferenceAndInterferenceFree001,0.39422877717031174,0.612628444502867,27,63,0.7818220377545875,0.16919359325172045,1.0,0.8804520818664984
TS,25,20250808,20250828,trim_r2_to_r1,TSAL20250808_0830_staticAndStaticFree001,TSAL20250828_0830_interferenceAndInterferenceFree001,0.39422877717031174,0.612628444502867,28,62,0.7786066278992173,0.1659781833963503,7.0,0.879892038343384
TS,25,20250808,20250828,trim_r2_to_r1,TSAL20250808_0830_staticAndStaticFree001,TSAL20250828_0830_interferenceAndInterferenceFree001,0.39422877717031174,0.612628444502867,29,61,0.775331417871477,0.16270297336860995,22.0,0.8768629287314258
TS,25,20250808,20250828,trim_r2_to_r1,TSAL20250808_0830_staticAndStaticFree001,TSAL20250828_0830_interferenceAndInterferenceFree001,0.39422877717031174,0.612628444502867,30,60,0.771808423606789,0.159179979103922,15.0,0.8792597486797697
TS,25,20250808,20250828,trim_r2_to_r1,TSAL20250808_0830_staticAndStaticFree001,TSAL20250828_0830_interferenceAndInterferenceFree001,0.39422877717031174,0.612628444502867,31,59,0.768327268465665,0.155698823962798,6.0,0.8727619226993827
TS,25,20250808,20250828,trim_r2_to_r1,TSAL20250808_0830_staticAndStaticFree001,TSAL20250828_0830_interferenceAndInterferenceFree001,0.39422877717031174,0.612628444502867,32,58,0.7644775440636136,0.15184909956074655,16.0,0.8780444139241316
TS,25,20250808,20250828,trim_r2_to_r1,TSAL20250808_0830_staticAndStaticFree001,TSAL20250828_0830_interferenceAndInterferenceFree001,0.39422877717031174,0.612628444502867,33,57,0.760387190277881,0.14775874577501402,21.0,0.8790074500641246
TS,25,20250808,20250828,trim_r2_to_r1,TSAL20250808_0830_staticAndStaticFree001,TSAL20250828_0830_interferenceAndInterferenceFree001,0.39422877717031174,0.612628444502867,34,56,0.7564319298738156,0.14380348537094856,17.0,0.8691568513896865
TS,25,20250808,20250828,trim_r2_to_r1,TSAL20250808_0830_staticAndStaticFree001,TSAL20250828_0830_interferenceAndInterferenceFree001,0.39422877717031174,0.612628444502867,35,55,0.7524504468263689,0.13982200232350184,23.0,0.8639319721548765
TS,25,20250808,20250828,trim_r2_to_r1,TSAL20250808_0830_staticAndStaticFree001,TSAL20250828_0830_interferenceAndInterferenceFree001,0.39422877717031174,0.612628444502867,36,54,0.7485182054458804,0.13588976094301342,71.0,0.8566548434093106
TS,25,20250808,20250828,trim_r2_to_r1,TSAL20250808_0830_staticAndStaticFree001,TSAL20250828_0830_interferenceAndInterferenceFree001,0.39422877717031174,0.612628444502867,37,53,0.7443431151218046,0.1317146706189376,68.0,0.857070553871851
TS,25,20250808,20250828,trim_r2_to_r1,TSAL20250808_0830_staticAndStaticFree001,TSAL20250828_0830_interferenceAndInterferenceFree001,0.39422877717031174,0.612628444502867,38,52,0.7403135278579084,0.12768508335504136,72.0,0.8470975903511567
TS,25,20250808,20250828,trim_r2_to_r1,TSAL20250808_0830_staticAndStaticFree001,TSAL20250828_0830_interferenceAndInterferenceFree001,0.39422877717031174,0.612628444502867,39,51,0.7361188281798082,0.1234903836769412,47.0,0.8451810198104147
TS,25,20250808,20250828,trim_r2_to_r1,TSAL20250808_0830_staticAndStaticFree001,TSAL20250828_0830_interferenceAndInterferenceFree001,0.39422877717031174,0.612628444502867,40,50,0.7319019609011196,0.11927351639825257,87.0,0.8394320765076795
TS,25,20250808,20250828,trim_r2_to_r1,TSAL20250808_0830_staticAndStaticFree001,TSAL20250828_0830_interferenceAndInterferenceFree001,0.39422877717031174,0.612628444502867,41,49,0.7273187204093728,0.11469027590650582,60.0,0.8418997327030424
TS,25,20250808,20250828,trim_r2_to_r1,TSAL20250808_0830_staticAndStaticFree001,TSAL20250828_0830_interferenceAndInterferenceFree001,0.39422877717031174,0.612628444502867,42,48,0.7231086930675851,0.11048024856471805,86.0,0.8262543629413841
TS,25,20250808,20250828,trim_r2_to_r1,TSAL20250808_0830_staticAndStaticFree001,TSAL20250828_0830_interferenceAndInterferenceFree001,0.39422877717031174,0.612628444502867,43,47,0.7185571304900146,0.10592868598714755,69.0,0.8277946323517075
TS,25,20250808,20250828,trim_r2_to_r1,TSAL20250808_0830_staticAndStaticFree001,TSAL20250828_0830_interferenceAndInterferenceFree001,0.39422877717031174,0.612628444502867,44,46,0.7137721863030022,0.10114374180013519,3.0,0.8262183746977938
TS,25,20250808,20250828,trim_r2_to_r1,TSAL20250808_0830_staticAndStaticFree001,TSAL20250828_0830_interferenceAndInterferenceFree001,0.39422877717031174,0.612628444502867,45,45,0.7087561081279314,0.09612766362506442,73.0,0.8241259061545556
TS,25,20250808,20250828,trim_r2_to_r1,TSAL20250808_0830_staticAndStaticFree001,TSAL20250828_0830_interferenceAndInterferenceFree001,0.39422877717031174,0.612628444502867,46,44,0.7034314586676061,0.09080301416473913,20.0,0.823236071524928
TS,25,20250808,20250828,trim_r2_to_r1,TSAL20250808_0830_staticAndStaticFree001,TSAL20250828_0830_interferenceAndInterferenceFree001,0.39422877717031174,0.612628444502867,47,43,0.6973368655015837,0.08470842099871667,4.0,0.8314179151540733
TS,25,20250808,20250828,trim_r2_to_r1,TSAL20250808_0830_staticAndStaticFree001,TSAL20250828_0830_interferenceAndInterferenceFree001,0.39422877717031174,0.612628444502867,48,42,0.691543637167792,0.07891519266492497,70.0,0.8160980463443158
TS,25,20250808,20250828,trim_r2_to_r1,TSAL20250808_0830_staticAndStaticFree001,TSAL20250828_0830_interferenceAndInterferenceFree001,0.39422877717031174,0.612628444502867,49,41,0.6850235372621192,0.07239509275925216,88.0,0.8219456352812506
TS,25,20250808,20250828,trim_r2_to_r1,TSAL20250808_0830_staticAndStaticFree001,TSAL20250828_0830_interferenceAndInterferenceFree001,0.39422877717031174,0.612628444502867,50,40,0.6786289350743886,0.06600049057152158,80.0,0.8097182799228628
TS,25,20250808,20250828,trim_r2_to_r1,TSAL20250808_0830_staticAndStaticFree001,TSAL20250828_0830_interferenceAndInterferenceFree001,0.39422877717031174,0.612628444502867,51,39,0.6721615722765246,0.0595331277736576,82.0,0.8015088282338063
TS,25,20250808,20250828,trim_r2_to_r1,TSAL20250808_0830_staticAndStaticFree001,TSAL20250828_0830_interferenceAndInterferenceFree001,0.39422877717031174,0.612628444502867,52,38,0.665130161736084,0.05250171723321695,89.0,0.802242667274677
TS,25,20250808,20250828,trim_r2_to_r1,TSAL20250808_0830_staticAndStaticFree001,TSAL20250828_0830_interferenceAndInterferenceFree001,0.39422877717031174,0.612628444502867,53,37,0.6576281797644614,0.0449997352615944,38.0,0.8001658372252908
TS,25,20250808,20250828,trim_r2_to_r1,TSAL20250808_0830_staticAndStaticFree001,TSAL20250828_0830_interferenceAndInterferenceFree001,0.39422877717031174,0.612628444502867,54,36,0.6507836397659701,0.03815519526310307,24.0,0.7774076297380569
TS,25,20250808,20250828,trim_r2_to_r1,TSAL20250808_0830_staticAndStaticFree001,TSAL20250828_0830_interferenceAndInterferenceFree001,0.39422877717031174,0.612628444502867,55,35,0.6448348199345438,0.032206375431676815,31.0,0.7519135769002167
TS,25,20250808,20250828,trim_r2_to_r1,TSAL20250808_0830_staticAndStaticFree001,TSAL20250828_0830_interferenceAndInterferenceFree001,0.39422877717031174,0.612628444502867,56,34,0.6391653790737426,0.02653693457087558,54.0,0.7383805941377649
TS,25,20250808,20250828,trim_r2_to_r1,TSAL20250808_0830_staticAndStaticFree001,TSAL20250828_0830_interferenceAndInterferenceFree001,0.39422877717031174,0.612628444502867,57,33,0.6334852323895251,0.020856787886658124,52.0,0.730047726021223
TS,25,20250808,20250828,trim_r2_to_r1,TSAL20250808_0830_staticAndStaticFree001,TSAL20250828_0830_interferenceAndInterferenceFree001,0.39422877717031174,0.612628444502867,58,32,0.6275878563774792,0.014959411874612139,63.0,0.7248945605762349
TS,25,20250808,20250828,trim_r2_to_r1,TSAL20250808_0830_staticAndStaticFree001,TSAL20250828_0830_interferenceAndInterferenceFree001,0.39422877717031174,0.612628444502867,59,31,0.6217439544149108,0.009115509912043795,65.0,0.7152463858160074
TS,25,20250808,20250828,trim_r2_to_r1,TSAL20250808_0830_staticAndStaticFree001,TSAL20250828_0830_interferenceAndInterferenceFree001,0.39422877717031174,0.612628444502867,60,30,0.6149699570960323,0.0023415125931652847,64.0,0.7199669155386464
TS,25,20250808,20250828,trim_r2_to_r1,TSAL20250808_0830_staticAndStaticFree001,TSAL20250828_0830_interferenceAndInterferenceFree001,0.39422877717031174,0.612628444502867,61,29,0.6084233235981641,0.0,50.0,0.70662282606619
TS,25,20250808,20250828,trim_r1_to_r2,TSAL20250828_0830_interferenceAndInterferenceFree001,TSAL20250808_0830_staticAndStaticFree001,0.6396443499665845,1.0980747470951313,0,62,0.5034286108365894,0.13621573912999507,,
TS,25,20250808,20250828,trim_r1_to_r2,TSAL20250828_0830_interferenceAndInterferenceFree001,TSAL20250808_0830_staticAndStaticFree001,0.6396443499665845,1.0980747470951313,1,61,0.5062133519737422,0.1334309979928423,44.0,0.4198863767220034
TS,25,20250808,20250828,trim_r1_to_r2,TSAL20250828_0830_interferenceAndInterferenceFree001,TSAL20250808_0830_staticAndStaticFree001,0.6396443499665845,1.0980747470951313,2,60,0.5084159348468787,0.13122841511970573,59.0,0.4412371572162134
TS,25,20250808,20250828,trim_r1_to_r2,TSAL20250828_0830_interferenceAndInterferenceFree001,TSAL20250808_0830_staticAndStaticFree001,0.6396443499665845,1.0980747470951313,3,59,0.5106923365376228,0.12895201342896168,25.0,0.4424002858153051
TS,25,20250808,20250828,trim_r1_to_r2,TSAL20250828_0830_interferenceAndInterferenceFree001,TSAL20250808_0830_staticAndStaticFree001,0.6396443499665845,1.0980747470951313,4,58,0.5129612509927398,0.12668309897384467,24.0,0.44602827456678473
TS,25,20250808,20250828,trim_r1_to_r2,TSAL20250828_0830_interferenceAndInterferenceFree001,TSAL20250808_0830_staticAndStaticFree001,0.6396443499665845,1.0980747470951313,5,57,0.5151170109986295,0.12452733896795498,41.0,0.45259997082782993
TS,25,20250808,20250828,trim_r1_to_r2,TSAL20250828_0830_interferenceAndInterferenceFree001,TSAL20250808_0830_staticAndStaticFree001,0.6396443499665845,1.0980747470951313,6,56,0.5173226037613168,0.1223217462052677,18.0,0.45446321002473183
TS,25,20250808,20250828,trim_r1_to_r2,TSAL20250828_0830_interferenceAndInterferenceFree001,TSAL20250808_0830_staticAndStaticFree001,0.6396443499665845,1.0980747470951313,7,55,0.5196065069389858,0.12003784302759868,53.0,0.45565721796425024
TS,25,20250808,20250828,trim_r1_to_r2,TSAL20250828_0830_interferenceAndInterferenceFree001,TSAL20250808_0830_staticAndStaticFree001,0.6396443499665845,1.0980747470951313,8,54,0.5218408546166693,0.11780349534991519,15.0,0.46039629348037436
TS,25,20250808,20250828,trim_r1_to_r2,TSAL20250828_0830_interferenceAndInterferenceFree001,TSAL20250808_0830_staticAndStaticFree001,0.6396443499665845,1.0980747470951313,9,53,0.5241355684279687,0.11550878153861577,55.0,0.4621782955228846
TS,25,20250808,20250828,trim_r1_to_r2,TSAL20250828_0830_interferenceAndInterferenceFree001,TSAL20250808_0830_staticAndStaticFree001,0.6396443499665845,1.0980747470951313,10,52,0.5264498370398327,0.11319451292675176,51.0,0.46512171882543807
TS,25,20250808,20250828,trim_r1_to_r2,TSAL20250828_0830_interferenceAndInterferenceFree001,TSAL20250808_0830_staticAndStaticFree001,0.6396443499665845,1.0980747470951313,11,51,0.5285952583226579,0.11104909164392662,61.0,0.47281430496920035
TS,25,20250808,20250828,trim_r1_to_r2,TSAL20250828_0830_interferenceAndInterferenceFree001,TSAL20250808_0830_staticAndStaticFree001,0.6396443499665845,1.0980747470951313,12,50,0.5306755565538886,0.10896879341269583,13.0,0.47762795165750616
TS,25,20250808,20250828,trim_r1_to_r2,TSAL20250828_0830_interferenceAndInterferenceFree001,TSAL20250808_0830_staticAndStaticFree001,0.6396443499665845,1.0980747470951313,13,49,0.5328572656669774,0.10678708429960704,49.0,0.4783145378397582
TS,25,20250808,20250828,trim_r1_to_r2,TSAL20250828_0830_interferenceAndInterferenceFree001,TSAL20250808_0830_staticAndStaticFree001,0.6396443499665845,1.0980747470951313,14,48,0.5351239235161297,0.10452042645045478,48.0,0.47959080621189654
TS,25,20250808,20250828,trim_r1_to_r2,TSAL20250828_0830_interferenceAndInterferenceFree001,TSAL20250808_0830_staticAndStaticFree001,0.6396443499665845,1.0980747470951313,15,47,0.5374142119350372,0.10223013803154724,12.0,0.4824472898812573
TS,25,20250808,20250828,trim_r1_to_r2,TSAL20250828_0830_interferenceAndInterferenceFree001,TSAL20250808_0830_staticAndStaticFree001,0.6396443499665845,1.0980747470951313,16,46,0.5396626770286759,0.0999816729379086,58.0,0.48682374732816786
TS,25,20250808,20250828,trim_r1_to_r2,TSAL20250828_0830_interferenceAndInterferenceFree001,TSAL20250808_0830_staticAndStaticFree001,0.6396443499665845,1.0980747470951313,17,45,0.5418142480878793,0.09783010187870522,22.0,0.4923281137262036
TS,25,20250808,20250828,trim_r1_to_r2,TSAL20250828_0830_interferenceAndInterferenceFree001,TSAL20250808_0830_staticAndStaticFree001,0.6396443499665845,1.0980747470951313,18,44,0.543845230176952,0.09579911978963251,0.0,0.4981481331728139
TS,25,20250808,20250828,trim_r1_to_r2,TSAL20250828_0830_interferenceAndInterferenceFree001,TSAL20250808_0830_staticAndStaticFree001,0.6396443499665845,1.0980747470951313,19,43,0.545958467622043,0.09368588234454145,20.0,0.4994672438300402
TS,25,20250808,20250828,trim_r1_to_r2,TSAL20250828_0830_interferenceAndInterferenceFree001,TSAL20250808_0830_staticAndStaticFree001,0.6396443499665845,1.0980747470951313,20,42,0.5480618424487018,0.09158250751788266,2.0,0.5028392836755371
TS,25,20250808,20250828,trim_r1_to_r2,TSAL20250828_0830_interferenceAndInterferenceFree001,TSAL20250808_0830_staticAndStaticFree001,0.6396443499665845,1.0980747470951313,21,41,0.5502682696851278,0.08937608028145672,56.0,0.5039332977201841
TS,25,20250808,20250828,trim_r1_to_r2,TSAL20250828_0830_interferenceAndInterferenceFree001,TSAL20250808_0830_staticAndStaticFree001,0.6396443499665845,1.0980747470951313,22,40,0.5524463243532246,0.08719802561335988,29.0,0.5077962036572391
TS,25,20250808,20250828,trim_r1_to_r2,TSAL20250828_0830_interferenceAndInterferenceFree001,TSAL20250808_0830_staticAndStaticFree001,0.6396443499665845,1.0980747470951313,23,39,0.5545911026879339,0.0850532472786506,36.0,0.5116955359937478
TS,25,20250808,20250828,trim_r1_to_r2,TSAL20250828_0830_interferenceAndInterferenceFree001,TSAL20250808_0830_staticAndStaticFree001,0.6396443499665845,1.0980747470951313,24,38,0.5567185212878321,0.08292582867875242,9.0,0.5152338585898173
TS,25,20250808,20250828,trim_r1_to_r2,TSAL20250828_0830_interferenceAndInterferenceFree001,TSAL20250808_0830_staticAndStaticFree001,0.6396443499665845,1.0980747470951313,25,37,0.5590599412979171,0.08058440866866734,17.0,0.5145729611063011
TS,25,20250808,20250828,trim_r1_to_r2,TSAL20250828_0830_interferenceAndInterferenceFree001,TSAL20250808_0830_staticAndStaticFree001,0.6396443499665845,1.0980747470951313,26,36,0.5613647433196682,0.07827960664691624,38.0,0.5187259059172717
TS,25,20250808,20250828,trim_r1_to_r2,TSAL20250828_0830_interferenceAndInterferenceFree001,TSAL20250808_0830_staticAndStaticFree001,0.6396443499665845,1.0980747470951313,27,35,0.563819987950067,0.07582436201651743,11.0,0.5196255846028901
TS,25,20250808,20250828,trim_r1_to_r2,TSAL20250828_0830_interferenceAndInterferenceFree001,TSAL20250808_0830_staticAndStaticFree001,0.6396443499665845,1.0980747470951313,28,34,0.5661933947407881,0.07345095522579637,42.0,0.52465877590317
TS,25,20250808,20250828,trim_r1_to_r2,TSAL20250828_0830_interferenceAndInterferenceFree001,TSAL20250808_0830_staticAndStaticFree001,0.6396443499665845,1.0980747470951313,29,33,0.5685748590489724,0.07106949091761205,16.0,0.5280899658098394
TS,25,20250808,20250828,trim_r1_to_r2,TSAL20250828_0830_interferenceAndInterferenceFree001,TSAL20250808_0830_staticAndStaticFree001,0.6396443499665845,1.0980747470951313,30,32,0.5709880592281283,0.06865629073845614,30.0,0.5311702562720552
TS,25,20250808,20250828,trim_r1_to_r2,TSAL20250828_0830_interferenceAndInterferenceFree001,TSAL20250808_0830_staticAndStaticFree001,0.6396443499665845,1.0980747470951313,31,31,0.5734822672491672,0.0661620827174173,26.0,0.5335749389125453
TS,25,20250808,20250828,trim_r1_to_r2,TSAL20250828_0830_interferenceAndInterferenceFree001,TSAL20250808_0830_staticAndStaticFree001,0.6396443499665845,1.0980747470951313,32,30,0.5759347122390733,0.06370963772751115,34.0,0.5379218148955281
TS,25,20250808,20250828,trim_r1_to_r2,TSAL20250828_0830_interferenceAndInterferenceFree001,TSAL20250808_0830_staticAndStaticFree001,0.6396443499665845,1.0980747470951313,33,29,0.5784073394063701,0.061237010560214356,60.0,0.5413179318969172
TS,25,20250808,20250828,trim_r1_to_r2,TSAL20250828_0830_interferenceAndInterferenceFree001,TSAL20250808_0830_staticAndStaticFree001,0.6396443499665845,1.0980747470951313,34,28,0.5809398281351857,0.05870452183139874,54.0,0.5442187415673595
TS,25,20250808,20250828,trim_r1_to_r2,TSAL20250828_0830_interferenceAndInterferenceFree001,TSAL20250808_0830_staticAndStaticFree001,0.6396443499665845,1.0980747470951313,35,27,0.5835499172857748,0.056094432680809714,14.0,0.5470086691775294
TS,25,20250808,20250828,trim_r1_to_r2,TSAL20250828_0830_interferenceAndInterferenceFree001,TSAL20250808_0830_staticAndStaticFree001,0.6396443499665845,1.0980747470951313,36,26,0.585901133314425,0.05374321665215953,21.0,0.5541597169276464
TS,25,20250808,20250828,trim_r1_to_r2,TSAL20250828_0830_interferenceAndInterferenceFree001,TSAL20250808_0830_staticAndStaticFree001,0.6396443499665845,1.0980747470951313,37,25,0.5886869165077415,0.05095743345884296,57.0,0.5524717349946274
TS,25,20250808,20250828,trim_r1_to_r2,TSAL20250828_0830_interferenceAndInterferenceFree001,TSAL20250808_0830_staticAndStaticFree001,0.6396443499665845,1.0980747470951313,38,24,0.5914845418863784,0.048159808080206035,23.0,0.5565142246534162
TS,25,20250808,20250828,trim_r1_to_r2,TSAL20250828_0830_interferenceAndInterferenceFree001,TSAL20250808_0830_staticAndStaticFree001,0.6396443499665845,1.0980747470951313,39,23,0.5947226246936491,0.044921725272935364,45.0,0.5558656310064002
TS,25,20250808,20250828,trim_r1_to_r2,TSAL20250828_0830_interferenceAndInterferenceFree001,TSAL20250808_0830_staticAndStaticFree001,0.6396443499665845,1.0980747470951313,40,22,0.5980236143122857,0.0416207356542988,3.0,0.5600622336979664
TS,25,20250808,20250828,trim_r1_to_r2,TSAL20250828_0830_interferenceAndInterferenceFree001,TSAL20250808_0830_staticAndStaticFree001,0.6396443499665845,1.0980747470951313,41,21,0.6015064211496743,0.03813792881691014,1.0,0.5631955459383994
TS,25,20250808,20250828,trim_r1_to_r2,TSAL20250828_0830_interferenceAndInterferenceFree001,TSAL20250808_0830_staticAndStaticFree001,0.6396443499665845,1.0980747470951313,42,20,0.6046370332678479,0.03500731669873658,6.0,0.5717656060270249
TS,25,20250808,20250828,trim_r1_to_r2,TSAL20250828_0830_interferenceAndInterferenceFree001,TSAL20250808_0830_staticAndStaticFree001,0.6396443499665845,1.0980747470951313,43,19,0.6086559767434344,0.030988373223150067,4.0,0.5684665419875694
TS,25,20250808,20250828,trim_r1_to_r2,TSAL20250828_0830_interferenceAndInterferenceFree001,TSAL20250808_0830_staticAndStaticFree001,0.6396443499665845,1.0980747470951313,44,18,0.6122939479094139,0.027350402057170542,52.0,0.5777332218326079
TS,25,20250808,20250828,trim_r1_to_r2,TSAL20250828_0830_interferenceAndInterferenceFree001,TSAL20250808_0830_staticAndStaticFree001,0.6396443499665845,1.0980747470951313,45,17,0.6158925267307048,0.023751823235879654,37.0,0.583505317339088
TS,25,20250808,20250828,trim_r1_to_r2,TSAL20250828_0830_interferenceAndInterferenceFree001,TSAL20250808_0830_staticAndStaticFree001,0.6396443499665845,1.0980747470951313,46,16,0.620372355834403,0.019271994132181502,50.0,0.5822938084529683
TS,25,20250808,20250828,trim_r1_to_r2,TSAL20250828_0830_interferenceAndInterferenceFree001,TSAL20250808_0830_staticAndStaticFree001,0.6396443499665845,1.0980747470951313,47,15,0.6240909976644198,0.015553352302164702,5.0,0.5943418630242859
TS,25,20250808,20250828,trim_r1_to_r2,TSAL20250828_0830_interferenceAndInterferenceFree001,TSAL20250808_0830_staticAndStaticFree001,0.6396443499665845,1.0980747470951313,48,14,0.6287878017558706,0.010856548210713912,39.0,0.5935617710699892
TS,25,20250808,20250828,trim_r1_to_r2,TSAL20250828_0830_interferenceAndInterferenceFree001,TSAL20250808_0830_staticAndStaticFree001,0.6396443499665845,1.0980747470951313,49,13,0.6339347590951342,0.005709590871450287,8.0,0.5979060577202897
TS,25,20250808,20250828,trim_r1_to_r2,TSAL20250828_0830_interferenceAndInterferenceFree001,TSAL20250808_0830_staticAndStaticFree001,0.6396443499665845,1.0980747470951313,50,12,0.639833812231954,0.0,43.0,0.6014899668426247
TS,26,20250808,20250829,trim_r2_to_r1,TSAL20250808_0830_staticAndStaticFree001,TSAL20250829_0830_interferenceAndInterferenceFree001,0.39422877717031174,0.612628444502867,0,95,0.8623892010399029,0.2497607565370359,,
TS,26,20250808,20250829,trim_r2_to_r1,TSAL20250808_0830_staticAndStaticFree001,TSAL20250829_0830_interferenceAndInterferenceFree001,0.39422877717031174,0.612628444502867,1,94,0.8463517775985947,0.23372333309572768,44.0,1.6081293910607353
TS,26,20250808,20250829,trim_r2_to_r1,TSAL20250808_0830_staticAndStaticFree001,TSAL20250829_0830_interferenceAndInterferenceFree001,0.39422877717031174,0.612628444502867,2,93,0.835332684064129,0.22270423956126195,87.0,1.3532300801840176
TS,26,20250808,20250829,trim_r2_to_r1,TSAL20250808_0830_staticAndStaticFree001,TSAL20250829_0830_interferenceAndInterferenceFree001,0.39422877717031174,0.612628444502867,3,92,0.8274853947329665,0.21485695023009943,93.0,1.1923843486320234
TS,26,20250808,20250829,trim_r2_to_r1,TSAL20250808_0830_staticAndStaticFree001,TSAL20250829_0830_interferenceAndInterferenceFree001,0.39422877717031174,0.612628444502867,4,91,0.8227301756704767,0.21010173116760966,90.0,1.0414702525450104
TS,26,20250808,20250829,trim_r2_to_r1,TSAL20250808_0830_staticAndStaticFree001,TSAL20250829_0830_interferenceAndInterferenceFree001,0.39422877717031174,0.612628444502867,5,90,0.8195165976773744,0.20688815317450737,56.0,0.9657343963635234
TS,26,20250808,20250829,trim_r2_to_r1,TSAL20250808_0830_staticAndStaticFree001,TSAL20250829_0830_interferenceAndInterferenceFree001,0.39422877717031174,0.612628444502867,6,89,0.8167392763065305,0.20411083180366352,43.0,0.9417187379945096
TS,26,20250808,20250829,trim_r2_to_r1,TSAL20250808_0830_staticAndStaticFree001,TSAL20250829_0830_interferenceAndInterferenceFree001,0.39422877717031174,0.612628444502867,7,88,0.8138707266669979,0.20124228216413087,80.0,0.9415211856261998
TS,26,20250808,20250829,trim_r2_to_r1,TSAL20250808_0830_staticAndStaticFree001,TSAL20250829_0830_interferenceAndInterferenceFree001,0.39422877717031174,0.612628444502867,8,87,0.8109259834645415,0.19829753896167446,83.0,0.9404946843726187
TS,26,20250808,20250829,trim_r2_to_r1,TSAL20250808_0830_staticAndStaticFree001,TSAL20250829_0830_interferenceAndInterferenceFree001,0.39422877717031174,0.612628444502867,9,86,0.807766271052302,0.195137826549435,54.0,0.9452137609847254
TS,26,20250808,20250829,trim_r2_to_r1,TSAL20250808_0830_staticAndStaticFree001,TSAL20250829_0830_interferenceAndInterferenceFree001,0.39422877717031174,0.612628444502867,10,85,0.8047107806239325,0.1920823361210655,79.0,0.9360968690438147
TS,26,20250808,20250829,trim_r2_to_r1,TSAL20250808_0830_staticAndStaticFree001,TSAL20250829_0830_interferenceAndInterferenceFree001,0.39422877717031174,0.612628444502867,11,84,0.8015695640713117,0.18894111956844473,81.0,0.935071267557698
TS,26,20250808,20250829,trim_r2_to_r1,TSAL20250808_0830_staticAndStaticFree001,TSAL20250829_0830_interferenceAndInterferenceFree001,0.39422877717031174,0.612628444502867,12,83,0.7986429219509185,0.18601447744805144,92.0,0.92156189100744
TS,26,20250808,20250829,trim_r2_to_r1,TSAL20250808_0830_staticAndStaticFree001,TSAL20250829_0830_interferenceAndInterferenceFree001,0.39422877717031174,0.612628444502867,13,82,0.7958035791171044,0.1831751346142374,62.0,0.9136363067203823
TS,26,20250808,20250829,trim_r2_to_r1,TSAL20250808_0830_staticAndStaticFree001,TSAL20250829_0830_interferenceAndInterferenceFree001,0.39422877717031174,0.612628444502867,14,81,0.7930873976030884,0.18045895310022142,74.0,0.9044508396777416
TS,26,20250808,20250829,trim_r2_to_r1,TSAL20250808_0830_staticAndStaticFree001,TSAL20250829_0830_interferenceAndInterferenceFree001,0.39422877717031174,0.612628444502867,15,80,0.7903371307396826,0.17770868623681557,69.0,0.9017229387076201
TS,26,20250808,20250829,trim_r2_to_r1,TSAL20250808_0830_staticAndStaticFree001,TSAL20250829_0830_interferenceAndInterferenceFree001,0.39422877717031174,0.612628444502867,16,79,0.7875377044139552,0.1749092599110882,82.0,0.8995147574430503
TS,26,20250808,20250829,trim_r2_to_r1,TSAL20250808_0830_staticAndStaticFree001,TSAL20250829_0830_interferenceAndInterferenceFree001,0.39422877717031174,0.612628444502867,17,78,0.7848362109529485,0.1722077664500815,59.0,0.8915452026627136
TS,26,20250808,20250829,trim_r2_to_r1,TSAL20250808_0830_staticAndStaticFree001,TSAL20250829_0830_interferenceAndInterferenceFree001,0.39422877717031174,0.612628444502867,18,77,0.7821295200933498,0.16950107559048277,89.0,0.8876904636177033
TS,26,20250808,20250829,trim_r2_to_r1,TSAL20250808_0830_staticAndStaticFree001,TSAL20250829_0830_interferenceAndInterferenceFree001,0.39422877717031174,0.612628444502867,19,76,0.7793530026243749,0.16672455812150788,66.0,0.8862489251799076
TS,26,20250808,20250829,trim_r2_to_r1,TSAL20250808_0830_staticAndStaticFree001,TSAL20250829_0830_interferenceAndInterferenceFree001,0.39422877717031174,0.612628444502867,20,75,0.7763504867357351,0.16372204223286813,78.0,0.8904460905040421
TS,26,20250808,20250829,trim_r2_to_r1,TSAL20250808_0830_staticAndStaticFree001,TSAL20250829_0830_interferenceAndInterferenceFree001,0.39422877717031174,0.612628444502867,21,74,0.7733139617269001,0.16068551722403313,76.0,0.8871836495582134
TS,26,20250808,20250829,trim_r2_to_r1,TSAL20250808_0830_staticAndStaticFree001,TSAL20250829_0830_interferenceAndInterferenceFree001,0.39422877717031174,0.612628444502867,22,73,0.770186670512866,0.15755822600999903,48.0,0.8858964454321321
TS,26,20250808,20250829,trim_r2_to_r1,TSAL20250808_0830_staticAndStaticFree001,TSAL20250829_0830_interferenceAndInterferenceFree001,0.39422877717031174,0.612628444502867,23,72,0.7670548064083125,0.15442636190544545,91.0,0.8813678462245156
TS,26,20250808,20250829,trim_r2_to_r1,TSAL20250808_0830_staticAndStaticFree001,TSAL20250829_0830_interferenceAndInterferenceFree001,0.39422877717031174,0.612628444502867,24,71,0.7639566229723977,0.15132817846953073,72.0,0.8754912266653292
TS,26,20250808,20250829,trim_r2_to_r1,TSAL20250808_0830_staticAndStaticFree001,TSAL20250829_0830_interferenceAndInterferenceFree001,0.39422877717031174,0.612628444502867,25,70,0.7607585514068785,0.14813010690401152,85.0,0.8742900919828056
TS,26,20250808,20250829,trim_r2_to_r1,TSAL20250808_0830_staticAndStaticFree001,TSAL20250829_0830_interferenceAndInterferenceFree001,0.39422877717031174,0.612628444502867,26,69,0.757395713440255,0.144767268937388,45.0,0.8750950422720816
TS,26,20250808,20250829,trim_r2_to_r1,TSAL20250808_0830_staticAndStaticFree001,TSAL20250829_0830_interferenceAndInterferenceFree001,0.39422877717031174,0.612628444502867,27,68,0.7539145382816139,0.1412860937787469,94.0,0.8740150812547309
TS,26,20250808,20250829,trim_r2_to_r1,TSAL20250808_0830_staticAndStaticFree001,TSAL20250829_0830_interferenceAndInterferenceFree001,0.39422877717031174,0.612628444502867,28,67,0.7503054629337076,0.13767701843084057,55.0,0.8730140247625211
TS,26,20250808,20250829,trim_r2_to_r1,TSAL20250808_0830_staticAndStaticFree001,TSAL20250829_0830_interferenceAndInterferenceFree001,0.39422877717031174,0.612628444502867,29,66,0.7465276848360549,0.1338992403331879,84.0,0.8730832511074187
TS,26,20250808,20250829,trim_r2_to_r1,TSAL20250808_0830_staticAndStaticFree001,TSAL20250829_0830_interferenceAndInterferenceFree001,0.39422877717031174,0.612628444502867,30,65,0.7425456985709811,0.12991725406811405,42.0,0.8739512453184205
TS,26,20250808,20250829,trim_r2_to_r1,TSAL20250808_0830_staticAndStaticFree001,TSAL20250829_0830_interferenceAndInterferenceFree001,0.39422877717031174,0.612628444502867,31,64,0.7387336088940298,0.12610516439116282,75.0,0.862626523394946
TS,26,20250808,20250829,trim_r2_to_r1,TSAL20250808_0830_staticAndStaticFree001,TSAL20250829_0830_interferenceAndInterferenceFree001,0.39422877717031174,0.612628444502867,32,63,0.7350329060864593,0.1224044615835923,77.0,0.8534553959287179
TS,26,20250808,20250829,trim_r2_to_r1,TSAL20250808_0830_staticAndStaticFree001,TSAL20250829_0830_interferenceAndInterferenceFree001,0.39422877717031174,0.612628444502867,33,62,0.7310924187625932,0.11846397425972621,60.0,0.8552177694643736
TS,26,20250808,20250829,trim_r2_to_r1,TSAL20250808_0830_staticAndStaticFree001,TSAL20250829_0830_interferenceAndInterferenceFree001,0.39422877717031174,0.612628444502867,34,61,0.726947882782056,0.114319438279189,53.0,0.8554284981787099
TS,26,20250808,20250829,trim_r2_to_r1,TSAL20250808_0830_staticAndStaticFree001,TSAL20250829_0830_interferenceAndInterferenceFree001,0.39422877717031174,0.612628444502867,35,60,0.7225611156885683,0.10993267118570127,49.0,0.8563575120399414
TS,26,20250808,20250829,trim_r2_to_r1,TSAL20250808_0830_staticAndStaticFree001,TSAL20250829_0830_interferenceAndInterferenceFree001,0.39422877717031174,0.612628444502867,36,59,0.7181695684635242,0.10554112396065718,51.0,0.8499159852148478
TS,26,20250808,20250829,trim_r2_to_r1,TSAL20250808_0830_staticAndStaticFree001,TSAL20250829_0830_interferenceAndInterferenceFree001,0.39422877717031174,0.612628444502867,37,58,0.7133618688311901,0.1007334243283231,70.0,0.8551890079850426
TS,26,20250808,20250829,trim_r2_to_r1,TSAL20250808_0830_staticAndStaticFree001,TSAL20250829_0830_interferenceAndInterferenceFree001,0.39422877717031174,0.612628444502867,38,57,0.7082223582493323,0.09559391374646531,67.0,0.8572681651232118
TS,26,20250808,20250829,trim_r2_to_r1,TSAL20250808_0830_staticAndStaticFree001,TSAL20250829_0830_interferenceAndInterferenceFree001,0.39422877717031174,0.612628444502867,39,56,0.7030539472862577,0.09042550278339068,68.0,0.8503536597338835
TS,26,20250808,20250829,trim_r2_to_r1,TSAL20250808_0830_staticAndStaticFree001,TSAL20250829_0830_interferenceAndInterferenceFree001,0.39422877717031174,0.612628444502867,40,55,0.6982425578159561,0.0856141133130891,46.0,0.8329614629844031
TS,26,20250808,20250829,trim_r2_to_r1,TSAL20250808_0830_staticAndStaticFree001,TSAL20250829_0830_interferenceAndInterferenceFree001,0.39422877717031174,0.612628444502867,41,54,0.6931148541714216,0.08048640966855458,86.0,0.834126704396119
TS,26,20250808,20250829,trim_r2_to_r1,TSAL20250808_0830_staticAndStaticFree001,TSAL20250829_0830_interferenceAndInterferenceFree001,0.39422877717031174,0.612628444502867,42,53,0.6883203731448867,0.07569192864201968,50.0,0.8177713608613284
TS,26,20250808,20250829,trim_r2_to_r1,TSAL20250808_0830_staticAndStaticFree001,TSAL20250829_0830_interferenceAndInterferenceFree001,0.39422877717031174,0.612628444502867,43,52,0.6833462913014317,0.07071784679856463,71.0,0.8151594601529918
TS,26,20250808,20250829,trim_r2_to_r1,TSAL20250808_0830_staticAndStaticFree001,TSAL20250829_0830_interferenceAndInterferenceFree001,0.39422877717031174,0.612628444502867,44,51,0.6785197094289619,0.06589126492609487,57.0,0.8040108381131732
TS,26,20250808,20250829,trim_r2_to_r1,TSAL20250808_0830_staticAndStaticFree001,TSAL20250829_0830_interferenceAndInterferenceFree001,0.39422877717031174,0.612628444502867,45,50,0.6732769056491638,0.06064846114629674,88.0,0.8069684020340148
TS,26,20250808,20250829,trim_r2_to_r1,TSAL20250808_0830_staticAndStaticFree001,TSAL20250829_0830_interferenceAndInterferenceFree001,0.39422877717031174,0.612628444502867,46,49,0.6675062025635176,0.05487775806065054,65.0,0.8117737797046728
TS,26,20250808,20250829,trim_r2_to_r1,TSAL20250808_0830_staticAndStaticFree001,TSAL20250829_0830_interferenceAndInterferenceFree001,0.39422877717031174,0.612628444502867,47,48,0.6611243384415909,0.04849589393872389,73.0,0.8174800094287944
TS,26,20250808,20250829,trim_r2_to_r1,TSAL20250808_0830_staticAndStaticFree001,TSAL20250829_0830_interferenceAndInterferenceFree001,0.39422877717031174,0.612628444502867,48,47,0.6552352912559138,0.04260684675304682,63.0,0.7965724237121689
TS,26,20250808,20250829,trim_r2_to_r1,TSAL20250808_0830_staticAndStaticFree001,TSAL20250829_0830_interferenceAndInterferenceFree001,0.39422877717031174,0.612628444502867,49,46,0.6487841792803314,0.036155734777464366,64.0,0.8003853107065153
TS,26,20250808,20250829,trim_r2_to_r1,TSAL20250808_0830_staticAndStaticFree001,TSAL20250829_0830_interferenceAndInterferenceFree001,0.39422877717031174,0.612628444502867,50,45,0.6420467344928763,0.029418289990009283,52.0,0.7970079646043425
TS,26,20250808,20250829,trim_r2_to_r1,TSAL20250808_0830_staticAndStaticFree001,TSAL20250829_0830_interferenceAndInterferenceFree001,0.39422877717031174,0.612628444502867,51,44,0.6353052691969812,0.02267682469411414,61.0,0.7869882383546202
TS,26,20250808,20250829,trim_r2_to_r1,TSAL20250808_0830_staticAndStaticFree001,TSAL20250829_0830_interferenceAndInterferenceFree001,0.39422877717031174,0.612628444502867,52,43,0.6288024117800991,0.016173967277232082,58.0,0.7718652749515069
TS,26,20250808,20250829,trim_r2_to_r1,TSAL20250808_0830_staticAndStaticFree001,TSAL20250829_0830_interferenceAndInterferenceFree001,0.39422877717031174,0.612628444502867,53,42,0.6222279594015852,0.009599514898718131,47.0,0.7635786855396322
TS,26,20250808,20250829,trim_r2_to_r1,TSAL20250808_0830_staticAndStaticFree001,TSAL20250829_0830_interferenceAndInterferenceFree001,0.39422877717031174,0.612628444502867,54,41,0.6171157354312674,0.004487290928400389,38.0,0.7244724388079428
TS,26,20250808,20250829,trim_r2_to_r1,TSAL20250808_0830_staticAndStaticFree001,TSAL20250829_0830_interferenceAndInterferenceFree001,0.39422877717031174,0.612628444502867,55,40,0.6122997163585372,0.0,39.0,0.7110281073495075
TS,26,20250808,20250829,trim_r1_to_r2,TSAL20250829_0830_interferenceAndInterferenceFree001,TSAL20250808_0830_staticAndStaticFree001,0.5900149820428311,1.1347634200369747,0,62,0.5034286108365894,0.08658637120624169,,
TS,26,20250808,20250829,trim_r1_to_r2,TSAL20250829_0830_interferenceAndInterferenceFree001,TSAL20250808_0830_staticAndStaticFree001,0.5900149820428311,1.1347634200369747,1,61,0.5062133519737422,0.08380163006908892,44.0,0.4198863767220034
TS,26,20250808,20250829,trim_r1_to_r2,TSAL20250829_0830_interferenceAndInterferenceFree001,TSAL20250808_0830_staticAndStaticFree001,0.5900149820428311,1.1347634200369747,2,60,0.5084159348468787,0.08159904719595235,59.0,0.4412371572162134
TS,26,20250808,20250829,trim_r1_to_r2,TSAL20250829_0830_interferenceAndInterferenceFree001,TSAL20250808_0830_staticAndStaticFree001,0.5900149820428311,1.1347634200369747,3,59,0.5106923365376228,0.07932264550520829,25.0,0.4424002858153051
TS,26,20250808,20250829,trim_r1_to_r2,TSAL20250829_0830_interferenceAndInterferenceFree001,TSAL20250808_0830_staticAndStaticFree001,0.5900149820428311,1.1347634200369747,4,58,0.5129612509927398,0.07705373105009128,24.0,0.44602827456678473
TS,26,20250808,20250829,trim_r1_to_r2,TSAL20250829_0830_interferenceAndInterferenceFree001,TSAL20250808_0830_staticAndStaticFree001,0.5900149820428311,1.1347634200369747,5,57,0.5151170109986295,0.0748979710442016,41.0,0.45259997082782993
TS,26,20250808,20250829,trim_r1_to_r2,TSAL20250829_0830_interferenceAndInterferenceFree001,TSAL20250808_0830_staticAndStaticFree001,0.5900149820428311,1.1347634200369747,6,56,0.5173226037613168,0.07269237828151431,18.0,0.45446321002473183
TS,26,20250808,20250829,trim_r1_to_r2,TSAL20250829_0830_interferenceAndInterferenceFree001,TSAL20250808_0830_staticAndStaticFree001,0.5900149820428311,1.1347634200369747,7,55,0.5196065069389858,0.07040847510384529,53.0,0.45565721796425024
TS,26,20250808,20250829,trim_r1_to_r2,TSAL20250829_0830_interferenceAndInterferenceFree001,TSAL20250808_0830_staticAndStaticFree001,0.5900149820428311,1.1347634200369747,8,54,0.5218408546166693,0.0681741274261618,15.0,0.46039629348037436
TS,26,20250808,20250829,trim_r1_to_r2,TSAL20250829_0830_interferenceAndInterferenceFree001,TSAL20250808_0830_staticAndStaticFree001,0.5900149820428311,1.1347634200369747,9,53,0.5241355684279687,0.06587941361486238,55.0,0.4621782955228846
TS,26,20250808,20250829,trim_r1_to_r2,TSAL20250829_0830_interferenceAndInterferenceFree001,TSAL20250808_0830_staticAndStaticFree001,0.5900149820428311,1.1347634200369747,10,52,0.5264498370398327,0.06356514500299837,51.0,0.46512171882543807
TS,26,20250808,20250829,trim_r1_to_r2,TSAL20250829_0830_interferenceAndInterferenceFree001,TSAL20250808_0830_staticAndStaticFree001,0.5900149820428311,1.1347634200369747,11,51,0.5285952583226579,0.061419723720173236,61.0,0.47281430496920035
TS,26,20250808,20250829,trim_r1_to_r2,TSAL20250829_0830_interferenceAndInterferenceFree001,TSAL20250808_0830_staticAndStaticFree001,0.5900149820428311,1.1347634200369747,12,50,0.5306755565538886,0.05933942548894244,13.0,0.47762795165750616
TS,26,20250808,20250829,trim_r1_to_r2,TSAL20250829_0830_interferenceAndInterferenceFree001,TSAL20250808_0830_staticAndStaticFree001,0.5900149820428311,1.1347634200369747,13,49,0.5328572656669774,0.05715771637585365,49.0,0.4783145378397582
TS,26,20250808,20250829,trim_r1_to_r2,TSAL20250829_0830_interferenceAndInterferenceFree001,TSAL20250808_0830_staticAndStaticFree001,0.5900149820428311,1.1347634200369747,14,48,0.5351239235161297,0.0548910585267014,48.0,0.47959080621189654
TS,26,20250808,20250829,trim_r1_to_r2,TSAL20250829_0830_interferenceAndInterferenceFree001,TSAL20250808_0830_staticAndStaticFree001,0.5900149820428311,1.1347634200369747,15,47,0.5374142119350372,0.05260077010779385,12.0,0.4824472898812573
TS,26,20250808,20250829,trim_r1_to_r2,TSAL20250829_0830_interferenceAndInterferenceFree001,TSAL20250808_0830_staticAndStaticFree001,0.5900149820428311,1.1347634200369747,16,46,0.5396626770286759,0.05035230501415522,58.0,0.48682374732816786
TS,26,20250808,20250829,trim_r1_to_r2,TSAL20250829_0830_interferenceAndInterferenceFree001,TSAL20250808_0830_staticAndStaticFree001,0.5900149820428311,1.1347634200369747,17,45,0.5418142480878793,0.048200733954951835,22.0,0.4923281137262036
TS,26,20250808,20250829,trim_r1_to_r2,TSAL20250829_0830_interferenceAndInterferenceFree001,TSAL20250808_0830_staticAndStaticFree001,0.5900149820428311,1.1347634200369747,18,44,0.543845230176952,0.04616975186587913,0.0,0.4981481331728139
TS,26,20250808,20250829,trim_r1_to_r2,TSAL20250829_0830_interferenceAndInterferenceFree001,TSAL20250808_0830_staticAndStaticFree001,0.5900149820428311,1.1347634200369747,19,43,0.545958467622043,0.04405651442078806,20.0,0.4994672438300402
TS,26,20250808,20250829,trim_r1_to_r2,TSAL20250829_0830_interferenceAndInterferenceFree001,TSAL20250808_0830_staticAndStaticFree001,0.5900149820428311,1.1347634200369747,20,42,0.5480618424487018,0.041953139594129274,2.0,0.5028392836755371
TS,26,20250808,20250829,trim_r1_to_r2,TSAL20250829_0830_interferenceAndInterferenceFree001,TSAL20250808_0830_staticAndStaticFree001,0.5900149820428311,1.1347634200369747,21,41,0.5502682696851278,0.03974671235770333,56.0,0.5039332977201841
TS,26,20250808,20250829,trim_r1_to_r2,TSAL20250829_0830_interferenceAndInterferenceFree001,TSAL20250808_0830_staticAndStaticFree001,0.5900149820428311,1.1347634200369747,22,40,0.5524463243532246,0.03756865768960649,29.0,0.5077962036572391
TS,26,20250808,20250829,trim_r1_to_r2,TSAL20250829_0830_interferenceAndInterferenceFree001,TSAL20250808_0830_staticAndStaticFree001,0.5900149820428311,1.1347634200369747,23,39,0.5545911026879339,0.035423879354897214,36.0,0.5116955359937478
TS,26,20250808,20250829,trim_r1_to_r2,TSAL20250829_0830_interferenceAndInterferenceFree001,TSAL20250808_0830_staticAndStaticFree001,0.5900149820428311,1.1347634200369747,24,38,0.5567185212878321,0.033296460754999035,9.0,0.5152338585898173
TS,26,20250808,20250829,trim_r1_to_r2,TSAL20250829_0830_interferenceAndInterferenceFree001,TSAL20250808_0830_staticAndStaticFree001,0.5900149820428311,1.1347634200369747,25,37,0.5590599412979171,0.030955040744913953,17.0,0.5145729611063011
TS,26,20250808,20250829,trim_r1_to_r2,TSAL20250829_0830_interferenceAndInterferenceFree001,TSAL20250808_0830_staticAndStaticFree001,0.5900149820428311,1.1347634200369747,26,36,0.5613647433196682,0.028650238723162857,38.0,0.5187259059172717
TS,26,20250808,20250829,trim_r1_to_r2,TSAL20250829_0830_interferenceAndInterferenceFree001,TSAL20250808_0830_staticAndStaticFree001,0.5900149820428311,1.1347634200369747,27,35,0.563819987950067,0.026194994092764046,11.0,0.5196255846028901
TS,26,20250808,20250829,trim_r1_to_r2,TSAL20250829_0830_interferenceAndInterferenceFree001,TSAL20250808_0830_staticAndStaticFree001,0.5900149820428311,1.1347634200369747,28,34,0.5661933947407881,0.02382158730204298,42.0,0.52465877590317
TS,26,20250808,20250829,trim_r1_to_r2,TSAL20250829_0830_interferenceAndInterferenceFree001,TSAL20250808_0830_staticAndStaticFree001,0.5900149820428311,1.1347634200369747,29,33,0.5685748590489724,0.021440122993858668,16.0,0.5280899658098394
TS,26,20250808,20250829,trim_r1_to_r2,TSAL20250829_0830_interferenceAndInterferenceFree001,TSAL20250808_0830_staticAndStaticFree001,0.5900149820428311,1.1347634200369747,30,32,0.5709880592281283,0.01902692281470275,30.0,0.5311702562720552
TS,26,20250808,20250829,trim_r1_to_r2,TSAL20250829_0830_interferenceAndInterferenceFree001,TSAL20250808_0830_staticAndStaticFree001,0.5900149820428311,1.1347634200369747,31,31,0.5734822672491672,0.016532714793663916,26.0,0.5335749389125453
TS,26,20250808,20250829,trim_r1_to_r2,TSAL20250829_0830_interferenceAndInterferenceFree001,TSAL20250808_0830_staticAndStaticFree001,0.5900149820428311,1.1347634200369747,32,30,0.5759347122390733,0.014080269803757761,34.0,0.5379218148955281
TS,26,20250808,20250829,trim_r1_to_r2,TSAL20250829_0830_interferenceAndInterferenceFree001,TSAL20250808_0830_staticAndStaticFree001,0.5900149820428311,1.1347634200369747,33,29,0.5784073394063701,0.011607642636460969,60.0,0.5413179318969172
TS,26,20250808,20250829,trim_r1_to_r2,TSAL20250829_0830_interferenceAndInterferenceFree001,TSAL20250808_0830_staticAndStaticFree001,0.5900149820428311,1.1347634200369747,34,28,0.5809398281351857,0.00907515390764535,54.0,0.5442187415673595
TS,26,20250808,20250829,trim_r1_to_r2,TSAL20250829_0830_interferenceAndInterferenceFree001,TSAL20250808_0830_staticAndStaticFree001,0.5900149820428311,1.1347634200369747,35,27,0.5835499172857748,0.006465064757056327,14.0,0.5470086691775294
TS,26,20250808,20250829,trim_r1_to_r2,TSAL20250829_0830_interferenceAndInterferenceFree001,TSAL20250808_0830_staticAndStaticFree001,0.5900149820428311,1.1347634200369747,36,26,0.585901133314425,0.004113848728406144,21.0,0.5541597169276464
TS,26,20250808,20250829,trim_r1_to_r2,TSAL20250829_0830_interferenceAndInterferenceFree001,TSAL20250808_0830_staticAndStaticFree001,0.5900149820428311,1.1347634200369747,37,25,0.5886869165077415,0.0013280655350895731,57.0,0.5524717349946274
TS,26,20250808,20250829,trim_r1_to_r2,TSAL20250829_0830_interferenceAndInterferenceFree001,TSAL20250808_0830_staticAndStaticFree001,0.5900149820428311,1.1347634200369747,38,24,0.5914845418863784,0.0,23.0,0.5565142246534162
TS,27,20250808,20250830,trim_r2_to_r1,TSAL20250808_0830_staticAndStaticFree001,TSAL20250830_0830_interferenceAndInterferenceFree001,0.39422877717031174,0.612628444502867,0,79,0.7607158166146287,0.1480873721117617,,
TS,27,20250808,20250830,trim_r2_to_r1,TSAL20250808_0830_staticAndStaticFree001,TSAL20250830_0830_interferenceAndInterferenceFree001,0.39422877717031174,0.612628444502867,1,78,0.7532223286927949,0.1405938841899279,15.0,1.0492151016052262
TS,27,20250808,20250830,trim_r2_to_r1,TSAL20250808_0830_staticAndStaticFree001,TSAL20250830_0830_interferenceAndInterferenceFree001,0.39422877717031174,0.612628444502867,2,77,0.7460769185030802,0.1334484740002132,25.0,1.0247479159019566
TS,27,20250808,20250830,trim_r2_to_r1,TSAL20250808_0830_staticAndStaticFree001,TSAL20250830_0830_interferenceAndInterferenceFree001,0.39422877717031174,0.612628444502867,3,76,0.7403171660035083,0.12768872150064126,40.0,0.9620676372370269
TS,27,20250808,20250830,trim_r2_to_r1,TSAL20250808_0830_staticAndStaticFree001,TSAL20250830_0830_interferenceAndInterferenceFree001,0.39422877717031174,0.612628444502867,4,75,0.7352413130706484,0.12261286856778142,62.0,0.9281237245193258
TS,27,20250808,20250830,trim_r2_to_r1,TSAL20250808_0830_staticAndStaticFree001,TSAL20250830_0830_interferenceAndInterferenceFree001,0.39422877717031174,0.612628444502867,5,74,0.730258068088972,0.11762962358610496,64.0,0.9171297549018407
TS,27,20250808,20250830,trim_r2_to_r1,TSAL20250808_0830_staticAndStaticFree001,TSAL20250830_0830_interferenceAndInterferenceFree001,0.39422877717031174,0.612628444502867,6,73,0.72523164525366,0.112603200750793,41.0,0.9112092901601999
TS,27,20250808,20250830,trim_r2_to_r1,TSAL20250808_0830_staticAndStaticFree001,TSAL20250830_0830_interferenceAndInterferenceFree001,0.39422877717031174,0.612628444502867,7,72,0.7203990243517653,0.10777057984889826,65.0,0.8967896872709239
TS,27,20250808,20250830,trim_r2_to_r1,TSAL20250808_0830_staticAndStaticFree001,TSAL20250830_0830_interferenceAndInterferenceFree001,0.39422877717031174,0.612628444502867,8,71,0.7156798964163366,0.10305145191346954,63.0,0.8855685020917664
TS,27,20250808,20250830,trim_r2_to_r1,TSAL20250808_0830_staticAndStaticFree001,TSAL20250830_0830_interferenceAndInterferenceFree001,0.39422877717031174,0.612628444502867,9,70,0.7107760860815596,0.0981476415786926,67.0,0.8848613529661441
TS,27,20250808,20250830,trim_r2_to_r1,TSAL20250808_0830_staticAndStaticFree001,TSAL20250830_0830_interferenceAndInterferenceFree001,0.39422877717031174,0.612628444502867,10,69,0.7057875242017544,0.09315907969888737,10.0,0.8803871899949374
TS,27,20250808,20250830,trim_r2_to_r1,TSAL20250808_0830_staticAndStaticFree001,TSAL20250830_0830_interferenceAndInterferenceFree001,0.39422877717031174,0.612628444502867,11,68,0.7009617170816653,0.0883332725787983,66.0,0.8674520627247374
TS,27,20250808,20250830,trim_r2_to_r1,TSAL20250808_0830_staticAndStaticFree001,TSAL20250830_0830_interferenceAndInterferenceFree001,0.39422877717031174,0.612628444502867,12,67,0.6960882343249117,0.08345978982204472,78.0,0.8617866480545344
TS,27,20250808,20250830,trim_r2_to_r1,TSAL20250808_0830_staticAndStaticFree001,TSAL20250830_0830_interferenceAndInterferenceFree001,0.39422877717031174,0.612628444502867,13,66,0.6917449026788705,0.07911645817600343,71.0,0.8372465128212512
TS,27,20250808,20250830,trim_r2_to_r1,TSAL20250808_0830_staticAndStaticFree001,TSAL20250830_0830_interferenceAndInterferenceFree001,0.39422877717031174,0.612628444502867,14,65,0.6871077489055665,0.07447930440269945,76.0,0.8401338234245985
TS,27,20250808,20250830,trim_r2_to_r1,TSAL20250808_0830_staticAndStaticFree001,TSAL20250830_0830_interferenceAndInterferenceFree001,0.39422877717031174,0.612628444502867,15,64,0.6823638837826677,0.06973543927980064,58.0,0.8365395002768805
TS,27,20250808,20250830,trim_r2_to_r1,TSAL20250808_0830_staticAndStaticFree001,TSAL20250830_0830_interferenceAndInterferenceFree001,0.39422877717031174,0.612628444502867,16,63,0.6779704060752362,0.06534196157236916,50.0,0.8185616927130437
TS,27,20250808,20250830,trim_r2_to_r1,TSAL20250808_0830_staticAndStaticFree001,TSAL20250830_0830_interferenceAndInterferenceFree001,0.39422877717031174,0.612628444502867,17,62,0.6735563195237949,0.06092787502092789,54.0,0.8126000458941938
TS,27,20250808,20250830,trim_r2_to_r1,TSAL20250808_0830_staticAndStaticFree001,TSAL20250830_0830_interferenceAndInterferenceFree001,0.39422877717031174,0.612628444502867,18,61,0.6690581027178631,0.056429658214996126,51.0,0.808502823701752
TS,27,20250808,20250830,trim_r2_to_r1,TSAL20250808_0830_staticAndStaticFree001,TSAL20250830_0830_interferenceAndInterferenceFree001,0.39422877717031174,0.612628444502867,19,60,0.6644839411106535,0.05185549660778643,52.0,0.803995870130546
TS,27,20250808,20250830,trim_r2_to_r1,TSAL20250808_0830_staticAndStaticFree001,TSAL20250830_0830_interferenceAndInterferenceFree001,0.39422877717031174,0.612628444502867,20,59,0.6599345780355929,0.047306133532725836,69.0,0.7964154702874082
TS,27,20250808,20250830,trim_r2_to_r1,TSAL20250808_0830_staticAndStaticFree001,TSAL20250830_0830_interferenceAndInterferenceFree001,0.39422877717031174,0.612628444502867,21,58,0.6552670615078596,0.04263861700499261,70.0,0.7929587990759963
TS,27,20250808,20250830,trim_r2_to_r1,TSAL20250808_0830_staticAndStaticFree001,TSAL20250830_0830_interferenceAndInterferenceFree001,0.39422877717031174,0.612628444502867,22,57,0.65027584363478,0.03764739913191295,75.0,0.7950211619540893
TS,27,20250808,20250830,trim_r2_to_r1,TSAL20250808_0830_staticAndStaticFree001,TSAL20250830_0830_interferenceAndInterferenceFree001,0.39422877717031174,0.612628444502867,23,56,0.6453445825188038,0.03271613801593676,47.0,0.7858855243241208
TS,27,20250808,20250830,trim_r2_to_r1,TSAL20250808_0830_staticAndStaticFree001,TSAL20250830_0830_interferenceAndInterferenceFree001,0.39422877717031174,0.612628444502867,24,55,0.6409062123019392,0.028277767799072207,74.0,0.7651805783741491
TS,27,20250808,20250830,trim_r2_to_r1,TSAL20250808_0830_staticAndStaticFree001,TSAL20250830_0830_interferenceAndInterferenceFree001,0.39422877717031174,0.612628444502867,25,54,0.636272657248497,0.02364421274563,42.0,0.7636954212181557
TS,27,20250808,20250830,trim_r2_to_r1,TSAL20250808_0830_staticAndStaticFree001,TSAL20250830_0830_interferenceAndInterferenceFree001,0.39422877717031174,0.612628444502867,26,53,0.632551646022283,0.019923201519415956,13.0,0.7330189491300624
TS,27,20250808,20250830,trim_r2_to_r1,TSAL20250808_0830_staticAndStaticFree001,TSAL20250830_0830_interferenceAndInterferenceFree001,0.39422877717031174,0.612628444502867,27,52,0.6288401796291824,0.016211735126315352,37.0,0.727194039046351
TS,27,20250808,20250830,trim_r2_to_r1,TSAL20250808_0830_staticAndStaticFree001,TSAL20250830_0830_interferenceAndInterferenceFree001,0.39422877717031174,0.612628444502867,28,51,0.6254257516180678,0.012797307115200773,18.0,0.7142008799070457
TS,27,20250808,20250830,trim_r2_to_r1,TSAL20250808_0830_staticAndStaticFree001,TSAL20250830_0830_interferenceAndInterferenceFree001,0.39422877717031174,0.612628444502867,29,50,0.6224908689647212,0.009862424461854147,20.0,0.6973303766250575
TS,27,20250808,20250830,trim_r2_to_r1,TSAL20250808_0830_staticAndStaticFree001,TSAL20250830_0830_interferenceAndInterferenceFree001,0.39422877717031174,0.612628444502867,30,49,0.6196659791560883,0.007037534653221322,35.0,0.6902882243719108
TS,27,20250808,20250830,trim_r2_to_r1,TSAL20250808_0830_staticAndStaticFree001,TSAL20250830_0830_interferenceAndInterferenceFree001,0.39422877717031174,0.612628444502867,31,48,0.6171202645530779,0.004491820050210871,60.0,0.6794902723268347
TS,27,20250808,20250830,trim_r2_to_r1,TSAL20250808_0830_staticAndStaticFree001,TSAL20250830_0830_interferenceAndInterferenceFree001,0.39422877717031174,0.612628444502867,32,47,0.6143797519139456,0.0017513074110785398,38.0,0.6801520552531221
TS,27,20250808,20250830,trim_r2_to_r1,TSAL20250808_0830_staticAndStaticFree001,TSAL20250830_0830_interferenceAndInterferenceFree001,0.39422877717031174,0.612628444502867,33,46,0.6116165870957057,0.0,33.0,0.676550960324344
TS,27,20250808,20250830,trim_r1_to_r2,TSAL20250830_0830_interferenceAndInterferenceFree001,TSAL20250808_0830_staticAndStaticFree001,0.5679024532450075,0.9535291799842499,0,62,0.5034286108365894,0.06447384240841814,,
TS,27,20250808,20250830,trim_r1_to_r2,TSAL20250830_0830_interferenceAndInterferenceFree001,TSAL20250808_0830_staticAndStaticFree001,0.5679024532450075,0.9535291799842499,1,61,0.5062133519737422,0.06168910127126537,44.0,0.4198863767220034
TS,27,20250808,20250830,trim_r1_to_r2,TSAL20250830_0830_interferenceAndInterferenceFree001,TSAL20250808_0830_staticAndStaticFree001,0.5679024532450075,0.9535291799842499,2,60,0.5084159348468787,0.059486518398128796,59.0,0.4412371572162134
TS,27,20250808,20250830,trim_r1_to_r2,TSAL20250830_0830_interferenceAndInterferenceFree001,TSAL20250808_0830_staticAndStaticFree001,0.5679024532450075,0.9535291799842499,3,59,0.5106923365376228,0.05721011670738474,25.0,0.4424002858153051
TS,27,20250808,20250830,trim_r1_to_r2,TSAL20250830_0830_interferenceAndInterferenceFree001,TSAL20250808_0830_staticAndStaticFree001,0.5679024532450075,0.9535291799842499,4,58,0.5129612509927398,0.05494120225226773,24.0,0.44602827456678473
TS,27,20250808,20250830,trim_r1_to_r2,TSAL20250830_0830_interferenceAndInterferenceFree001,TSAL20250808_0830_staticAndStaticFree001,0.5679024532450075,0.9535291799842499,5,57,0.5151170109986295,0.052785442246378045,41.0,0.45259997082782993
TS,27,20250808,20250830,trim_r1_to_r2,TSAL20250830_0830_interferenceAndInterferenceFree001,TSAL20250808_0830_staticAndStaticFree001,0.5679024532450075,0.9535291799842499,6,56,0.5173226037613168,0.050579849483690764,18.0,0.45446321002473183
TS,27,20250808,20250830,trim_r1_to_r2,TSAL20250830_0830_interferenceAndInterferenceFree001,TSAL20250808_0830_staticAndStaticFree001,0.5679024532450075,0.9535291799842499,7,55,0.5196065069389858,0.04829594630602174,53.0,0.45565721796425024
TS,27,20250808,20250830,trim_r1_to_r2,TSAL20250830_0830_interferenceAndInterferenceFree001,TSAL20250808_0830_staticAndStaticFree001,0.5679024532450075,0.9535291799842499,8,54,0.5218408546166693,0.04606159862833825,15.0,0.46039629348037436
TS,27,20250808,20250830,trim_r1_to_r2,TSAL20250830_0830_interferenceAndInterferenceFree001,TSAL20250808_0830_staticAndStaticFree001,0.5679024532450075,0.9535291799842499,9,53,0.5241355684279687,0.04376688481703883,55.0,0.4621782955228846
TS,27,20250808,20250830,trim_r1_to_r2,TSAL20250830_0830_interferenceAndInterferenceFree001,TSAL20250808_0830_staticAndStaticFree001,0.5679024532450075,0.9535291799842499,10,52,0.5264498370398327,0.04145261620517482,51.0,0.46512171882543807
TS,27,20250808,20250830,trim_r1_to_r2,TSAL20250830_0830_interferenceAndInterferenceFree001,TSAL20250808_0830_staticAndStaticFree001,0.5679024532450075,0.9535291799842499,11,51,0.5285952583226579,0.039307194922349686,61.0,0.47281430496920035
TS,27,20250808,20250830,trim_r1_to_r2,TSAL20250830_0830_interferenceAndInterferenceFree001,TSAL20250808_0830_staticAndStaticFree001,0.5679024532450075,0.9535291799842499,12,50,0.5306755565538886,0.037226896691118894,13.0,0.47762795165750616
TS,27,20250808,20250830,trim_r1_to_r2,TSAL20250830_0830_interferenceAndInterferenceFree001,TSAL20250808_0830_staticAndStaticFree001,0.5679024532450075,0.9535291799842499,13,49,0.5328572656669774,0.0350451875780301,49.0,0.4783145378397582
TS,27,20250808,20250830,trim_r1_to_r2,TSAL20250830_0830_interferenceAndInterferenceFree001,TSAL20250808_0830_staticAndStaticFree001,0.5679024532450075,0.9535291799842499,14,48,0.5351239235161297,0.03277852972887785,48.0,0.47959080621189654
TS,27,20250808,20250830,trim_r1_to_r2,TSAL20250830_0830_interferenceAndInterferenceFree001,TSAL20250808_0830_staticAndStaticFree001,0.5679024532450075,0.9535291799842499,15,47,0.5374142119350372,0.0304882413099703,12.0,0.4824472898812573
TS,27,20250808,20250830,trim_r1_to_r2,TSAL20250830_0830_interferenceAndInterferenceFree001,TSAL20250808_0830_staticAndStaticFree001,0.5679024532450075,0.9535291799842499,16,46,0.5396626770286759,0.02823977621633167,58.0,0.48682374732816786
TS,27,20250808,20250830,trim_r1_to_r2,TSAL20250830_0830_interferenceAndInterferenceFree001,TSAL20250808_0830_staticAndStaticFree001,0.5679024532450075,0.9535291799842499,17,45,0.5418142480878793,0.026088205157128286,22.0,0.4923281137262036
TS,27,20250808,20250830,trim_r1_to_r2,TSAL20250830_0830_interferenceAndInterferenceFree001,TSAL20250808_0830_staticAndStaticFree001,0.5679024532450075,0.9535291799842499,18,44,0.543845230176952,0.024057223068055578,0.0,0.4981481331728139
TS,27,20250808,20250830,trim_r1_to_r2,TSAL20250830_0830_interferenceAndInterferenceFree001,TSAL20250808_0830_staticAndStaticFree001,0.5679024532450075,0.9535291799842499,19,43,0.545958467622043,0.021943985622964512,20.0,0.4994672438300402
TS,27,20250808,20250830,trim_r1_to_r2,TSAL20250830_0830_interferenceAndInterferenceFree001,TSAL20250808_0830_staticAndStaticFree001,0.5679024532450075,0.9535291799842499,20,42,0.5480618424487018,0.019840610796305724,2.0,0.5028392836755371
TS,27,20250808,20250830,trim_r1_to_r2,TSAL20250830_0830_interferenceAndInterferenceFree001,TSAL20250808_0830_staticAndStaticFree001,0.5679024532450075,0.9535291799842499,21,41,0.5502682696851278,0.01763418355987978,56.0,0.5039332977201841
TS,27,20250808,20250830,trim_r1_to_r2,TSAL20250830_0830_interferenceAndInterferenceFree001,TSAL20250808_0830_staticAndStaticFree001,0.5679024532450075,0.9535291799842499,22,40,0.5524463243532246,0.015456128891782939,29.0,0.5077962036572391
TS,27,20250808,20250830,trim_r1_to_r2,TSAL20250830_0830_interferenceAndInterferenceFree001,TSAL20250808_0830_staticAndStaticFree001,0.5679024532450075,0.9535291799842499,23,39,0.5545911026879339,0.013311350557073665,36.0,0.5116955359937478
TS,27,20250808,20250830,trim_r1_to_r2,TSAL20250830_0830_interferenceAndInterferenceFree001,TSAL20250808_0830_staticAndStaticFree001,0.5679024532450075,0.9535291799842499,24,38,0.5567185212878321,0.011183931957175486,9.0,0.5152338585898173
TS,27,20250808,20250830,trim_r1_to_r2,TSAL20250830_0830_interferenceAndInterferenceFree001,TSAL20250808_0830_staticAndStaticFree001,0.5679024532450075,0.9535291799842499,25,37,0.5590599412979171,0.008842511947090403,17.0,0.5145729611063011
TS,27,20250808,20250830,trim_r1_to_r2,TSAL20250830_0830_interferenceAndInterferenceFree001,TSAL20250808_0830_staticAndStaticFree001,0.5679024532450075,0.9535291799842499,26,36,0.5613647433196682,0.006537709925339308,38.0,0.5187259059172717
TS,27,20250808,20250830,trim_r1_to_r2,TSAL20250830_0830_interferenceAndInterferenceFree001,TSAL20250808_0830_staticAndStaticFree001,0.5679024532450075,0.9535291799842499,27,35,0.563819987950067,0.004082465294940496,11.0,0.5196255846028901
TS,27,20250808,20250830,trim_r1_to_r2,TSAL20250830_0830_interferenceAndInterferenceFree001,TSAL20250808_0830_staticAndStaticFree001,0.5679024532450075,0.9535291799842499,28,34,0.5661933947407881,0.0017090585042194295,42.0,0.52465877590317
TS,27,20250808,20250830,trim_r1_to_r2,TSAL20250830_0830_interferenceAndInterferenceFree001,TSAL20250808_0830_staticAndStaticFree001,0.5679024532450075,0.9535291799842499,29,33,0.5685748590489724,0.0,16.0,0.5280899658098394
TS,28,20250809,20250828,trim_r2_to_r1,TSAL20250809_0830_staticAndStaticFree001,TSAL20250828_0830_interferenceAndInterferenceFree001,0.4026557735609508,0.6289253072631674,0,90,0.8688595485308579,0.23993424126769047,,
TS,28,20250809,20250828,trim_r2_to_r1,TSAL20250809_0830_staticAndStaticFree001,TSAL20250828_0830_interferenceAndInterferenceFree001,0.4026557735609508,0.6289253072631674,1,89,0.8635199154685065,0.23459460820533906,27.0,1.1038034032743222
TS,28,20250809,20250828,trim_r2_to_r1,TSAL20250809_0830_staticAndStaticFree001,TSAL20250828_0830_interferenceAndInterferenceFree001,0.4026557735609508,0.6289253072631674,2,88,0.8587557585731049,0.2298304513099375,75.0,1.070760740418474
TS,28,20250809,20250828,trim_r2_to_r1,TSAL20250809_0830_staticAndStaticFree001,TSAL20250828_0830_interferenceAndInterferenceFree001,0.4026557735609508,0.6289253072631674,3,87,0.8549141812146666,0.22598887395149914,62.0,1.0239435849859566
TS,28,20250809,20250828,trim_r2_to_r1,TSAL20250809_0830_staticAndStaticFree001,TSAL20250828_0830_interferenceAndInterferenceFree001,0.4026557735609508,0.6289253072631674,4,86,0.8511962011135393,0.2222708938503719,59.0,1.012928335512573
TS,28,20250809,20250828,trim_r2_to_r1,TSAL20250809_0830_staticAndStaticFree001,TSAL20250828_0830_interferenceAndInterferenceFree001,0.4026557735609508,0.6289253072631674,5,85,0.8475493746935528,0.21862406743038543,76.0,1.0043629107529695
TS,28,20250809,20250828,trim_r2_to_r1,TSAL20250809_0830_staticAndStaticFree001,TSAL20250828_0830_interferenceAndInterferenceFree001,0.4026557735609508,0.6289253072631674,6,84,0.8439012952649045,0.21497598800173712,83.0,0.9989446709824561
TS,28,20250809,20250828,trim_r2_to_r1,TSAL20250809_0830_staticAndStaticFree001,TSAL20250828_0830_interferenceAndInterferenceFree001,0.4026557735609508,0.6289253072631674,7,83,0.8408570352072088,0.21193172794404136,10.0,0.9687159576304307
TS,28,20250809,20250828,trim_r2_to_r1,TSAL20250809_0830_staticAndStaticFree001,TSAL20250828_0830_interferenceAndInterferenceFree001,0.4026557735609508,0.6289253072631674,8,82,0.8377617829681232,0.20883647570495578,11.0,0.9662147508901726
TS,28,20250809,20250828,trim_r2_to_r1,TSAL20250809_0830_staticAndStaticFree001,TSAL20250828_0830_interferenceAndInterferenceFree001,0.4026557735609508,0.6289253072631674,9,81,0.8345607069272439,0.2056353996640765,79.0,0.965804824603299
TS,28,20250809,20250828,trim_r2_to_r1,TSAL20250809_0830_staticAndStaticFree001,TSAL20250828_0830_interferenceAndInterferenceFree001,0.4026557735609508,0.6289253072631674,10,80,0.8313714197212871,0.20244611245811972,81.0,0.9605375515625395
TS,28,20250809,20250828,trim_r2_to_r1,TSAL20250809_0830_staticAndStaticFree001,TSAL20250828_0830_interferenceAndInterferenceFree001,0.4026557735609508,0.6289253072631674,11,79,0.8280858279478184,0.19916052068465095,74.0,0.9595094988865672
TS,28,20250809,20250828,trim_r2_to_r1,TSAL20250809_0830_staticAndStaticFree001,TSAL20250828_0830_interferenceAndInterferenceFree001,0.4026557735609508,0.6289253072631674,12,78,0.8249208281552428,0.1959955208920754,78.0,0.9499383199619792
TS,28,20250809,20250828,trim_r2_to_r1,TSAL20250809_0830_staticAndStaticFree001,TSAL20250828_0830_interferenceAndInterferenceFree001,0.4026557735609508,0.6289253072631674,13,77,0.822079905723245,0.19315459846007754,0.0,0.9328758805711543
TS,28,20250809,20250828,trim_r2_to_r1,TSAL20250809_0830_staticAndStaticFree001,TSAL20250828_0830_interferenceAndInterferenceFree001,0.4026557735609508,0.6289253072631674,14,76,0.8192646358761241,0.19033932861295666,67.0,0.9276525249902825
TS,28,20250809,20250828,trim_r2_to_r1,TSAL20250809_0830_staticAndStaticFree001,TSAL20250828_0830_interferenceAndInterferenceFree001,0.4026557735609508,0.6289253072631674,15,75,0.8162065479171008,0.18728124065393337,84.0,0.9324138903599839
TS,28,20250809,20250828,trim_r2_to_r1,TSAL20250809_0830_staticAndStaticFree001,TSAL20250828_0830_interferenceAndInterferenceFree001,0.4026557735609508,0.6289253072631674,16,74,0.8131478586689921,0.18422255140582466,9.0,0.9278487054730683
TS,28,20250809,20250828,trim_r2_to_r1,TSAL20250809_0830_staticAndStaticFree001,TSAL20250828_0830_interferenceAndInterferenceFree001,0.4026557735609508,0.6289253072631674,17,73,0.8101973687494798,0.18127206148631236,5.0,0.9193654957714394
TS,28,20250809,20250828,trim_r2_to_r1,TSAL20250809_0830_staticAndStaticFree001,TSAL20250828_0830_interferenceAndInterferenceFree001,0.4026557735609508,0.6289253072631674,18,72,0.8071827294104228,0.17825742214725537,77.0,0.9172170652860027
TS,28,20250809,20250828,trim_r2_to_r1,TSAL20250809_0830_staticAndStaticFree001,TSAL20250828_0830_interferenceAndInterferenceFree001,0.4026557735609508,0.6289253072631674,19,71,0.8047817049171032,0.1758563976539358,12.0,0.8912185866766044
TS,28,20250809,20250828,trim_r2_to_r1,TSAL20250809_0830_staticAndStaticFree001,TSAL20250828_0830_interferenceAndInterferenceFree001,0.4026557735609508,0.6289253072631674,20,70,0.8021921714254303,0.1732668641622629,18.0,0.8941206103798168
TS,28,20250809,20250828,trim_r2_to_r1,TSAL20250809_0830_staticAndStaticFree001,TSAL20250828_0830_interferenceAndInterferenceFree001,0.4026557735609508,0.6289253072631674,21,69,0.7994267889114345,0.17050148164826706,14.0,0.8962151769012942
TS,28,20250809,20250828,trim_r2_to_r1,TSAL20250809_0830_staticAndStaticFree001,TSAL20250828_0830_interferenceAndInterferenceFree001,0.4026557735609508,0.6289253072631674,22,68,0.7966357416727814,0.16771043440961397,8.0,0.8929268714063134
TS,28,20250809,20250828,trim_r2_to_r1,TSAL20250809_0830_staticAndStaticFree001,TSAL20250828_0830_interferenceAndInterferenceFree001,0.4026557735609508,0.6289253072631674,23,67,0.7937559980710449,0.1648306908078775,2.0,0.8916672805300823
TS,28,20250809,20250828,trim_r2_to_r1,TSAL20250809_0830_staticAndStaticFree001,TSAL20250828_0830_interferenceAndInterferenceFree001,0.4026557735609508,0.6289253072631674,24,66,0.7908452590881438,0.16191995182497643,85.0,0.888355015015328
TS,28,20250809,20250828,trim_r2_to_r1,TSAL20250809_0830_staticAndStaticFree001,TSAL20250828_0830_interferenceAndInterferenceFree001,0.4026557735609508,0.6289253072631674,25,65,0.7878921180792433,0.1589668108160759,19.0,0.8853457713729647
TS,28,20250809,20250828,trim_r2_to_r1,TSAL20250809_0830_staticAndStaticFree001,TSAL20250828_0830_interferenceAndInterferenceFree001,0.4026557735609508,0.6289253072631674,26,64,0.7849042266330847,0.15597891936991726,13.0,0.8820106986332331
TS,28,20250809,20250828,trim_r2_to_r1,TSAL20250809_0830_staticAndStaticFree001,TSAL20250828_0830_interferenceAndInterferenceFree001,0.4026557735609508,0.6289253072631674,27,63,0.7818220377545875,0.15289673049142005,1.0,0.8804520818664984
TS,28,20250809,20250828,trim_r2_to_r1,TSAL20250809_0830_staticAndStaticFree001,TSAL20250828_0830_interferenceAndInterferenceFree001,0.4026557735609508,0.6289253072631674,28,62,0.7786066278992173,0.14968132063604989,7.0,0.879892038343384
TS,28,20250809,20250828,trim_r2_to_r1,TSAL20250809_0830_staticAndStaticFree001,TSAL20250828_0830_interferenceAndInterferenceFree001,0.4026557735609508,0.6289253072631674,29,61,0.775331417871477,0.14640611060830955,22.0,0.8768629287314258
TS,28,20250809,20250828,trim_r2_to_r1,TSAL20250809_0830_staticAndStaticFree001,TSAL20250828_0830_interferenceAndInterferenceFree001,0.4026557735609508,0.6289253072631674,30,60,0.771808423606789,0.1428831163436216,15.0,0.8792597486797697
TS,28,20250809,20250828,trim_r2_to_r1,TSAL20250809_0830_staticAndStaticFree001,TSAL20250828_0830_interferenceAndInterferenceFree001,0.4026557735609508,0.6289253072631674,31,59,0.768327268465665,0.1394019612024976,6.0,0.8727619226993827
TS,28,20250809,20250828,trim_r2_to_r1,TSAL20250809_0830_staticAndStaticFree001,TSAL20250828_0830_interferenceAndInterferenceFree001,0.4026557735609508,0.6289253072631674,32,58,0.7644775440636136,0.13555223680044615,16.0,0.8780444139241316
TS,28,20250809,20250828,trim_r2_to_r1,TSAL20250809_0830_staticAndStaticFree001,TSAL20250828_0830_interferenceAndInterferenceFree001,0.4026557735609508,0.6289253072631674,33,57,0.760387190277881,0.13146188301471362,21.0,0.8790074500641246
TS,28,20250809,20250828,trim_r2_to_r1,TSAL20250809_0830_staticAndStaticFree001,TSAL20250828_0830_interferenceAndInterferenceFree001,0.4026557735609508,0.6289253072631674,34,56,0.7564319298738156,0.12750662261064816,17.0,0.8691568513896865
TS,28,20250809,20250828,trim_r2_to_r1,TSAL20250809_0830_staticAndStaticFree001,TSAL20250828_0830_interferenceAndInterferenceFree001,0.4026557735609508,0.6289253072631674,35,55,0.7524504468263689,0.12352513956320144,23.0,0.8639319721548765
TS,28,20250809,20250828,trim_r2_to_r1,TSAL20250809_0830_staticAndStaticFree001,TSAL20250828_0830_interferenceAndInterferenceFree001,0.4026557735609508,0.6289253072631674,36,54,0.7485182054458804,0.11959289818271301,71.0,0.8566548434093106
TS,28,20250809,20250828,trim_r2_to_r1,TSAL20250809_0830_staticAndStaticFree001,TSAL20250828_0830_interferenceAndInterferenceFree001,0.4026557735609508,0.6289253072631674,37,53,0.7443431151218046,0.1154178078586372,68.0,0.857070553871851
TS,28,20250809,20250828,trim_r2_to_r1,TSAL20250809_0830_staticAndStaticFree001,TSAL20250828_0830_interferenceAndInterferenceFree001,0.4026557735609508,0.6289253072631674,38,52,0.7403135278579084,0.11138822059474096,72.0,0.8470975903511567
TS,28,20250809,20250828,trim_r2_to_r1,TSAL20250809_0830_staticAndStaticFree001,TSAL20250828_0830_interferenceAndInterferenceFree001,0.4026557735609508,0.6289253072631674,39,51,0.7361188281798082,0.1071935209166408,47.0,0.8451810198104147
TS,28,20250809,20250828,trim_r2_to_r1,TSAL20250809_0830_staticAndStaticFree001,TSAL20250828_0830_interferenceAndInterferenceFree001,0.4026557735609508,0.6289253072631674,40,50,0.7319019609011196,0.10297665363795216,87.0,0.8394320765076795
TS,28,20250809,20250828,trim_r2_to_r1,TSAL20250809_0830_staticAndStaticFree001,TSAL20250828_0830_interferenceAndInterferenceFree001,0.4026557735609508,0.6289253072631674,41,49,0.7273187204093728,0.09839341314620542,60.0,0.8418997327030424
TS,28,20250809,20250828,trim_r2_to_r1,TSAL20250809_0830_staticAndStaticFree001,TSAL20250828_0830_interferenceAndInterferenceFree001,0.4026557735609508,0.6289253072631674,42,48,0.7231086930675851,0.09418338580441765,86.0,0.8262543629413841
TS,28,20250809,20250828,trim_r2_to_r1,TSAL20250809_0830_staticAndStaticFree001,TSAL20250828_0830_interferenceAndInterferenceFree001,0.4026557735609508,0.6289253072631674,43,47,0.7185571304900146,0.08963182322684715,69.0,0.8277946323517075
TS,28,20250809,20250828,trim_r2_to_r1,TSAL20250809_0830_staticAndStaticFree001,TSAL20250828_0830_interferenceAndInterferenceFree001,0.4026557735609508,0.6289253072631674,44,46,0.7137721863030022,0.08484687903983479,3.0,0.8262183746977938
TS,28,20250809,20250828,trim_r2_to_r1,TSAL20250809_0830_staticAndStaticFree001,TSAL20250828_0830_interferenceAndInterferenceFree001,0.4026557735609508,0.6289253072631674,45,45,0.7087561081279314,0.07983080086476402,73.0,0.8241259061545556
TS,28,20250809,20250828,trim_r2_to_r1,TSAL20250809_0830_staticAndStaticFree001,TSAL20250828_0830_interferenceAndInterferenceFree001,0.4026557735609508,0.6289253072631674,46,44,0.7034314586676061,0.07450615140443873,20.0,0.823236071524928
TS,28,20250809,20250828,trim_r2_to_r1,TSAL20250809_0830_staticAndStaticFree001,TSAL20250828_0830_interferenceAndInterferenceFree001,0.4026557735609508,0.6289253072631674,47,43,0.6973368655015837,0.06841155823841627,4.0,0.8314179151540733
TS,28,20250809,20250828,trim_r2_to_r1,TSAL20250809_0830_staticAndStaticFree001,TSAL20250828_0830_interferenceAndInterferenceFree001,0.4026557735609508,0.6289253072631674,48,42,0.691543637167792,0.06261832990462457,70.0,0.8160980463443158
TS,28,20250809,20250828,trim_r2_to_r1,TSAL20250809_0830_staticAndStaticFree001,TSAL20250828_0830_interferenceAndInterferenceFree001,0.4026557735609508,0.6289253072631674,49,41,0.6850235372621192,0.056098229998951754,88.0,0.8219456352812506
TS,28,20250809,20250828,trim_r2_to_r1,TSAL20250809_0830_staticAndStaticFree001,TSAL20250828_0830_interferenceAndInterferenceFree001,0.4026557735609508,0.6289253072631674,50,40,0.6786289350743886,0.049703627811221174,80.0,0.8097182799228628
TS,28,20250809,20250828,trim_r2_to_r1,TSAL20250809_0830_staticAndStaticFree001,TSAL20250828_0830_interferenceAndInterferenceFree001,0.4026557735609508,0.6289253072631674,51,39,0.6721615722765246,0.0432362650133572,82.0,0.8015088282338063
TS,28,20250809,20250828,trim_r2_to_r1,TSAL20250809_0830_staticAndStaticFree001,TSAL20250828_0830_interferenceAndInterferenceFree001,0.4026557735609508,0.6289253072631674,52,38,0.665130161736084,0.03620485447291655,89.0,0.802242667274677
TS,28,20250809,20250828,trim_r2_to_r1,TSAL20250809_0830_staticAndStaticFree001,TSAL20250828_0830_interferenceAndInterferenceFree001,0.4026557735609508,0.6289253072631674,53,37,0.6576281797644614,0.028702872501293997,38.0,0.8001658372252908
TS,28,20250809,20250828,trim_r2_to_r1,TSAL20250809_0830_staticAndStaticFree001,TSAL20250828_0830_interferenceAndInterferenceFree001,0.4026557735609508,0.6289253072631674,54,36,0.6507836397659701,0.02185833250280267,24.0,0.7774076297380569
TS,28,20250809,20250828,trim_r2_to_r1,TSAL20250809_0830_staticAndStaticFree001,TSAL20250828_0830_interferenceAndInterferenceFree001,0.4026557735609508,0.6289253072631674,55,35,0.6448348199345438,0.015909512671376413,31.0,0.7519135769002167
TS,28,20250809,20250828,trim_r2_to_r1,TSAL20250809_0830_staticAndStaticFree001,TSAL20250828_0830_interferenceAndInterferenceFree001,0.4026557735609508,0.6289253072631674,56,34,0.6391653790737426,0.01024007181057518,54.0,0.7383805941377649
TS,28,20250809,20250828,trim_r2_to_r1,TSAL20250809_0830_staticAndStaticFree001,TSAL20250828_0830_interferenceAndInterferenceFree001,0.4026557735609508,0.6289253072631674,57,33,0.6334852323895251,0.004559925126357722,52.0,0.730047726021223
TS,28,20250809,20250828,trim_r2_to_r1,TSAL20250809_0830_staticAndStaticFree001,TSAL20250828_0830_interferenceAndInterferenceFree001,0.4026557735609508,0.6289253072631674,58,32,0.6275878563774792,0.0,63.0,0.7248945605762349
TS,28,20250809,20250828,trim_r1_to_r2,TSAL20250828_0830_interferenceAndInterferenceFree001,TSAL20250809_0830_staticAndStaticFree001,0.6396443499665845,1.0980747470951313,0,61,0.5157905404120591,0.12385380955452541,,
TS,28,20250809,20250828,trim_r1_to_r2,TSAL20250828_0830_interferenceAndInterferenceFree001,TSAL20250809_0830_staticAndStaticFree001,0.6396443499665845,1.0980747470951313,1,60,0.5185544629475074,0.12108988701907708,39.0,0.4342548256163362
TS,28,20250809,20250828,trim_r1_to_r2,TSAL20250828_0830_interferenceAndInterferenceFree001,TSAL20250809_0830_staticAndStaticFree001,0.6396443499665845,1.0980747470951313,2,59,0.5212491110339408,0.1183952389326437,3.0,0.4404096684409363
TS,28,20250809,20250828,trim_r1_to_r2,TSAL20250828_0830_interferenceAndInterferenceFree001,TSAL20250809_0830_staticAndStaticFree001,0.6396443499665845,1.0980747470951313,3,58,0.5238728610095941,0.11577148895699041,40.0,0.4464722367278231
TS,28,20250809,20250828,trim_r1_to_r2,TSAL20250828_0830_interferenceAndInterferenceFree001,TSAL20250809_0830_staticAndStaticFree001,0.6396443499665845,1.0980747470951313,4,57,0.526241566232878,0.11340278373370649,52.0,0.4575491147576446
TS,28,20250809,20250828,trim_r1_to_r2,TSAL20250828_0830_interferenceAndInterferenceFree001,TSAL20250809_0830_staticAndStaticFree001,0.6396443499665845,1.0980747470951313,5,56,0.5286118476028384,0.11103250236374607,27.0,0.46105882855896635
TS,28,20250809,20250828,trim_r1_to_r2,TSAL20250828_0830_interferenceAndInterferenceFree001,TSAL20250809_0830_staticAndStaticFree001,0.6396443499665845,1.0980747470951313,6,55,0.5309984609903219,0.1086458889762626,42.0,0.46417328614078446
TS,28,20250809,20250828,trim_r1_to_r2,TSAL20250828_0830_interferenceAndInterferenceFree001,TSAL20250809_0830_staticAndStaticFree001,0.6396443499665845,1.0980747470951313,7,54,0.5333110299662529,0.10633332000033158,12.0,0.46971538312815064
TS,28,20250809,20250828,trim_r1_to_r2,TSAL20250828_0830_interferenceAndInterferenceFree001,TSAL20250809_0830_staticAndStaticFree001,0.6396443499665845,1.0980747470951313,8,53,0.5355959991593521,0.1040483508072324,29.0,0.47390183094567206
TS,28,20250809,20250828,trim_r1_to_r2,TSAL20250828_0830_interferenceAndInterferenceFree001,TSAL20250809_0830_staticAndStaticFree001,0.6396443499665845,1.0980747470951313,9,52,0.5378665144294443,0.10177783553714015,48.0,0.477697859772002
TS,28,20250809,20250828,trim_r1_to_r2,TSAL20250828_0830_interferenceAndInterferenceFree001,TSAL20250809_0830_staticAndStaticFree001,0.6396443499665845,1.0980747470951313,10,51,0.5401635693894432,0.09948078057714127,4.0,0.48044014042947053
TS,28,20250809,20250828,trim_r1_to_r2,TSAL20250828_0830_interferenceAndInterferenceFree001,TSAL20250809_0830_staticAndStaticFree001,0.6396443499665845,1.0980747470951313,11,50,0.5423823377352639,0.09726201223132058,46.0,0.4858037449168395
TS,28,20250809,20250828,trim_r1_to_r2,TSAL20250828_0830_interferenceAndInterferenceFree001,TSAL20250809_0830_staticAndStaticFree001,0.6396443499665845,1.0980747470951313,12,49,0.5446794524299534,0.09496489753663107,23.0,0.4872515850627144
TS,28,20250809,20250828,trim_r1_to_r2,TSAL20250828_0830_interferenceAndInterferenceFree001,TSAL20250809_0830_staticAndStaticFree001,0.6396443499665845,1.0980747470951313,13,48,0.546970974267123,0.09267337569946144,13.0,0.4908286892564626
TS,28,20250809,20250828,trim_r1_to_r2,TSAL20250828_0830_interferenceAndInterferenceFree001,TSAL20250809_0830_staticAndStaticFree001,0.6396443499665845,1.0980747470951313,14,47,0.549259592477799,0.0903847574887855,24.0,0.4943327554215817
TS,28,20250809,20250828,trim_r1_to_r2,TSAL20250828_0830_interferenceAndInterferenceFree001,TSAL20250809_0830_staticAndStaticFree001,0.6396443499665845,1.0980747470951313,15,46,0.5517039721094591,0.08794037785712538,45.0,0.4942610507654448
TS,28,20250809,20250828,trim_r1_to_r2,TSAL20250828_0830_interferenceAndInterferenceFree001,TSAL20250809_0830_staticAndStaticFree001,0.6396443499665845,1.0980747470951313,16,45,0.5541744778232099,0.08546987214337454,51.0,0.4973528464069381
TS,28,20250809,20250828,trim_r1_to_r2,TSAL20250828_0830_interferenceAndInterferenceFree001,TSAL20250809_0830_staticAndStaticFree001,0.6396443499665845,1.0980747470951313,17,44,0.5566711548193091,0.08297319514727541,8.0,0.5004959224070772
TS,28,20250809,20250828,trim_r1_to_r2,TSAL20250828_0830_interferenceAndInterferenceFree001,TSAL20250809_0830_staticAndStaticFree001,0.6396443499665845,1.0980747470951313,18,43,0.5591332286768464,0.08051112128973803,10.0,0.5049676038110277
TS,28,20250809,20250828,trim_r1_to_r2,TSAL20250828_0830_interferenceAndInterferenceFree001,TSAL20250809_0830_staticAndStaticFree001,0.6396443499665845,1.0980747470951313,19,42,0.5616299589214994,0.07801439104508512,54.0,0.5079502586614618
TS,28,20250809,20250828,trim_r1_to_r2,TSAL20250828_0830_interferenceAndInterferenceFree001,TSAL20250809_0830_staticAndStaticFree001,0.6396443499665845,1.0980747470951313,20,41,0.5642319819527661,0.07541236801381834,31.0,0.5095894982961627
TS,28,20250809,20250828,trim_r1_to_r2,TSAL20250828_0830_interferenceAndInterferenceFree001,TSAL20250809_0830_staticAndStaticFree001,0.6396443499665845,1.0980747470951313,21,40,0.5668117563805185,0.07283259358606597,38.0,0.5139263806115947
TS,28,20250809,20250828,trim_r1_to_r2,TSAL20250828_0830_interferenceAndInterferenceFree001,TSAL20250809_0830_staticAndStaticFree001,0.6396443499665845,1.0980747470951313,22,39,0.5694844184097673,0.07015993155681721,6.0,0.5160311778247945
TS,28,20250809,20250828,trim_r1_to_r2,TSAL20250828_0830_interferenceAndInterferenceFree001,TSAL20250809_0830_staticAndStaticFree001,0.6396443499665845,1.0980747470951313,23,38,0.572209017848866,0.06743533211771846,60.0,0.5190793287864383
TS,28,20250809,20250828,trim_r1_to_r2,TSAL20250828_0830_interferenceAndInterferenceFree001,TSAL20250809_0830_staticAndStaticFree001,0.6396443499665845,1.0980747470951313,24,37,0.5750940936497613,0.0645502563168232,25.0,0.5202776534327517
TS,28,20250809,20250828,trim_r1_to_r2,TSAL20250828_0830_interferenceAndInterferenceFree001,TSAL20250809_0830_staticAndStaticFree001,0.6396443499665845,1.0980747470951313,25,36,0.5781664667419238,0.061477883224660634,21.0,0.5213275645369159
TS,28,20250809,20250828,trim_r1_to_r2,TSAL20250828_0830_interferenceAndInterferenceFree001,TSAL20250809_0830_staticAndStaticFree001,0.6396443499665845,1.0980747470951313,26,35,0.581230558055667,0.058413791910917445,0.0,0.5260769144082915
TS,28,20250809,20250828,trim_r1_to_r2,TSAL20250828_0830_interferenceAndInterferenceFree001,TSAL20250809_0830_staticAndStaticFree001,0.6396443499665845,1.0980747470951313,27,34,0.584322122768144,0.05532222719844049,16.0,0.5302197402997956
TS,28,20250809,20250828,trim_r1_to_r2,TSAL20250828_0830_interferenceAndInterferenceFree001,TSAL20250809_0830_staticAndStaticFree001,0.6396443499665845,1.0980747470951313,28,33,0.587646631790804,0.05199771817578047,41.0,0.5311299784055833
TS,28,20250809,20250828,trim_r1_to_r2,TSAL20250828_0830_interferenceAndInterferenceFree001,TSAL20250809_0830_staticAndStaticFree001,0.6396443499665845,1.0980747470951313,29,32,0.591150531936231,0.048493818030353464,35.0,0.5333361795366853
TS,28,20250809,20250828,trim_r1_to_r2,TSAL20250828_0830_interferenceAndInterferenceFree001,TSAL20250809_0830_staticAndStaticFree001,0.6396443499665845,1.0980747470951313,30,31,0.5943808157292421,0.04526353423734242,28.0,0.5426962750410659
TS,28,20250809,20250828,trim_r1_to_r2,TSAL20250828_0830_interferenceAndInterferenceFree001,TSAL20250809_0830_staticAndStaticFree001,0.6396443499665845,1.0980747470951313,31,30,0.5979949546731693,0.04164939529341516,44.0,0.5419758010422965
TS,28,20250809,20250828,trim_r1_to_r2,TSAL20250828_0830_interferenceAndInterferenceFree001,TSAL20250809_0830_staticAndStaticFree001,0.6396443499665845,1.0980747470951313,32,29,0.6014807052275056,0.03816364473907885,15.0,0.5491944469124623
TS,28,20250809,20250828,trim_r1_to_r2,TSAL20250828_0830_interferenceAndInterferenceFree001,TSAL20250809_0830_staticAndStaticFree001,0.6396443499665845,1.0980747470951313,33,28,0.604964924852282,0.03467942511430244,36.0,0.5544437402930222
TS,28,20250809,20250828,trim_r1_to_r2,TSAL20250828_0830_interferenceAndInterferenceFree001,TSAL20250809_0830_staticAndStaticFree001,0.6396443499665845,1.0980747470951313,34,27,0.6083897046483514,0.031254645318233076,32.0,0.5604427875033818
TS,28,20250809,20250828,trim_r1_to_r2,TSAL20250828_0830_interferenceAndInterferenceFree001,TSAL20250809_0830_staticAndStaticFree001,0.6396443499665845,1.0980747470951313,35,26,0.612348353017986,0.027295996948598522,9.0,0.5589066000279186
TS,28,20250809,20250828,trim_r1_to_r2,TSAL20250828_0830_interferenceAndInterferenceFree001,TSAL20250809_0830_staticAndStaticFree001,0.6396443499665845,1.0980747470951313,36,25,0.6158565789012965,0.023787771065287955,49.0,0.5702496424182594
TS,28,20250809,20250828,trim_r1_to_r2,TSAL20250828_0830_interferenceAndInterferenceFree001,TSAL20250809_0830_staticAndStaticFree001,0.6396443499665845,1.0980747470951313,37,24,0.6195910469973732,0.020053302969211262,57.0,0.5729101957964153
TS,28,20250809,20250828,trim_r1_to_r2,TSAL20250828_0830_interferenceAndInterferenceFree001,TSAL20250809_0830_staticAndStaticFree001,0.6396443499665845,1.0980747470951313,38,23,0.6236986219884881,0.015945727978096347,18.0,0.574407722095109
TS,28,20250809,20250828,trim_r1_to_r2,TSAL20250828_0830_interferenceAndInterferenceFree001,TSAL20250809_0830_staticAndStaticFree001,0.6396443499665845,1.0980747470951313,39,22,0.6278409115576039,0.011803438408980571,2.0,0.5802045815127702
TS,28,20250809,20250828,trim_r1_to_r2,TSAL20250828_0830_interferenceAndInterferenceFree001,TSAL20250809_0830_staticAndStaticFree001,0.6396443499665845,1.0980747470951313,40,21,0.6324192762971521,0.007225073669432369,53.0,0.582057264162124
TS,28,20250809,20250828,trim_r1_to_r2,TSAL20250828_0830_interferenceAndInterferenceFree001,TSAL20250809_0830_staticAndStaticFree001,0.6396443499665845,1.0980747470951313,41,20,0.6368422290913226,0.002802120875261882,22.0,0.5904012247525332
TS,28,20250809,20250828,trim_r1_to_r2,TSAL20250828_0830_interferenceAndInterferenceFree001,TSAL20250809_0830_staticAndStaticFree001,0.6396443499665845,1.0980747470951313,42,19,0.6415585360551013,0.0,1.0,0.5943954664173138
TS,29,20250809,20250829,trim_r2_to_r1,TSAL20250809_0830_staticAndStaticFree001,TSAL20250829_0830_interferenceAndInterferenceFree001,0.4026557735609508,0.6289253072631674,0,95,0.8623892010399029,0.2334638937767355,,
TS,29,20250809,20250829,trim_r2_to_r1,TSAL20250809_0830_staticAndStaticFree001,TSAL20250829_0830_interferenceAndInterferenceFree001,0.4026557735609508,0.6289253072631674,1,94,0.8463517775985947,0.21742647033542728,44.0,1.6081293910607353
TS,29,20250809,20250829,trim_r2_to_r1,TSAL20250809_0830_staticAndStaticFree001,TSAL20250829_0830_interferenceAndInterferenceFree001,0.4026557735609508,0.6289253072631674,2,93,0.835332684064129,0.20640737680096155,87.0,1.3532300801840176
TS,29,20250809,20250829,trim_r2_to_r1,TSAL20250809_0830_staticAndStaticFree001,TSAL20250829_0830_interferenceAndInterferenceFree001,0.4026557735609508,0.6289253072631674,3,92,0.8274853947329665,0.19856008746979903,93.0,1.1923843486320234
TS,29,20250809,20250829,trim_r2_to_r1,TSAL20250809_0830_staticAndStaticFree001,TSAL20250829_0830_interferenceAndInterferenceFree001,0.4026557735609508,0.6289253072631674,4,91,0.8227301756704767,0.19380486840730926,90.0,1.0414702525450104
TS,29,20250809,20250829,trim_r2_to_r1,TSAL20250809_0830_staticAndStaticFree001,TSAL20250829_0830_interferenceAndInterferenceFree001,0.4026557735609508,0.6289253072631674,5,90,0.8195165976773744,0.19059129041420697,56.0,0.9657343963635234
TS,29,20250809,20250829,trim_r2_to_r1,TSAL20250809_0830_staticAndStaticFree001,TSAL20250829_0830_interferenceAndInterferenceFree001,0.4026557735609508,0.6289253072631674,6,89,0.8167392763065305,0.18781396904336312,43.0,0.9417187379945096
TS,29,20250809,20250829,trim_r2_to_r1,TSAL20250809_0830_staticAndStaticFree001,TSAL20250829_0830_interferenceAndInterferenceFree001,0.4026557735609508,0.6289253072631674,7,88,0.8138707266669979,0.18494541940383047,80.0,0.9415211856261998
TS,29,20250809,20250829,trim_r2_to_r1,TSAL20250809_0830_staticAndStaticFree001,TSAL20250829_0830_interferenceAndInterferenceFree001,0.4026557735609508,0.6289253072631674,8,87,0.8109259834645415,0.18200067620137406,83.0,0.9404946843726187
TS,29,20250809,20250829,trim_r2_to_r1,TSAL20250809_0830_staticAndStaticFree001,TSAL20250829_0830_interferenceAndInterferenceFree001,0.4026557735609508,0.6289253072631674,9,86,0.807766271052302,0.1788409637891346,54.0,0.9452137609847254
TS,29,20250809,20250829,trim_r2_to_r1,TSAL20250809_0830_staticAndStaticFree001,TSAL20250829_0830_interferenceAndInterferenceFree001,0.4026557735609508,0.6289253072631674,10,85,0.8047107806239325,0.1757854733607651,79.0,0.9360968690438147
TS,29,20250809,20250829,trim_r2_to_r1,TSAL20250809_0830_staticAndStaticFree001,TSAL20250829_0830_interferenceAndInterferenceFree001,0.4026557735609508,0.6289253072631674,11,84,0.8015695640713117,0.17264425680814433,81.0,0.935071267557698
TS,29,20250809,20250829,trim_r2_to_r1,TSAL20250809_0830_staticAndStaticFree001,TSAL20250829_0830_interferenceAndInterferenceFree001,0.4026557735609508,0.6289253072631674,12,83,0.7986429219509185,0.16971761468775104,92.0,0.92156189100744
TS,29,20250809,20250829,trim_r2_to_r1,TSAL20250809_0830_staticAndStaticFree001,TSAL20250829_0830_interferenceAndInterferenceFree001,0.4026557735609508,0.6289253072631674,13,82,0.7958035791171044,0.166878271853937,62.0,0.9136363067203823
TS,29,20250809,20250829,trim_r2_to_r1,TSAL20250809_0830_staticAndStaticFree001,TSAL20250829_0830_interferenceAndInterferenceFree001,0.4026557735609508,0.6289253072631674,14,81,0.7930873976030884,0.16416209033992102,74.0,0.9044508396777416
TS,29,20250809,20250829,trim_r2_to_r1,TSAL20250809_0830_staticAndStaticFree001,TSAL20250829_0830_interferenceAndInterferenceFree001,0.4026557735609508,0.6289253072631674,15,80,0.7903371307396826,0.16141182347651517,69.0,0.9017229387076201
TS,29,20250809,20250829,trim_r2_to_r1,TSAL20250809_0830_staticAndStaticFree001,TSAL20250829_0830_interferenceAndInterferenceFree001,0.4026557735609508,0.6289253072631674,16,79,0.7875377044139552,0.1586123971507878,82.0,0.8995147574430503
TS,29,20250809,20250829,trim_r2_to_r1,TSAL20250809_0830_staticAndStaticFree001,TSAL20250829_0830_interferenceAndInterferenceFree001,0.4026557735609508,0.6289253072631674,17,78,0.7848362109529485,0.1559109036897811,59.0,0.8915452026627136
TS,29,20250809,20250829,trim_r2_to_r1,TSAL20250809_0830_staticAndStaticFree001,TSAL20250829_0830_interferenceAndInterferenceFree001,0.4026557735609508,0.6289253072631674,18,77,0.7821295200933498,0.15320421283018237,89.0,0.8876904636177033
TS,29,20250809,20250829,trim_r2_to_r1,TSAL20250809_0830_staticAndStaticFree001,TSAL20250829_0830_interferenceAndInterferenceFree001,0.4026557735609508,0.6289253072631674,19,76,0.7793530026243749,0.15042769536120748,66.0,0.8862489251799076
TS,29,20250809,20250829,trim_r2_to_r1,TSAL20250809_0830_staticAndStaticFree001,TSAL20250829_0830_interferenceAndInterferenceFree001,0.4026557735609508,0.6289253072631674,20,75,0.7763504867357351,0.14742517947256772,78.0,0.8904460905040421
TS,29,20250809,20250829,trim_r2_to_r1,TSAL20250809_0830_staticAndStaticFree001,TSAL20250829_0830_interferenceAndInterferenceFree001,0.4026557735609508,0.6289253072631674,21,74,0.7733139617269001,0.14438865446373272,76.0,0.8871836495582134
TS,29,20250809,20250829,trim_r2_to_r1,TSAL20250809_0830_staticAndStaticFree001,TSAL20250829_0830_interferenceAndInterferenceFree001,0.4026557735609508,0.6289253072631674,22,73,0.770186670512866,0.14126136324969862,48.0,0.8858964454321321
TS,29,20250809,20250829,trim_r2_to_r1,TSAL20250809_0830_staticAndStaticFree001,TSAL20250829_0830_interferenceAndInterferenceFree001,0.4026557735609508,0.6289253072631674,23,72,0.7670548064083125,0.13812949914514505,91.0,0.8813678462245156
TS,29,20250809,20250829,trim_r2_to_r1,TSAL20250809_0830_staticAndStaticFree001,TSAL20250829_0830_interferenceAndInterferenceFree001,0.4026557735609508,0.6289253072631674,24,71,0.7639566229723977,0.13503131570923033,72.0,0.8754912266653292
TS,29,20250809,20250829,trim_r2_to_r1,TSAL20250809_0830_staticAndStaticFree001,TSAL20250829_0830_interferenceAndInterferenceFree001,0.4026557735609508,0.6289253072631674,25,70,0.7607585514068785,0.13183324414371111,85.0,0.8742900919828056
TS,29,20250809,20250829,trim_r2_to_r1,TSAL20250809_0830_staticAndStaticFree001,TSAL20250829_0830_interferenceAndInterferenceFree001,0.4026557735609508,0.6289253072631674,26,69,0.757395713440255,0.1284704061770876,45.0,0.8750950422720816
TS,29,20250809,20250829,trim_r2_to_r1,TSAL20250809_0830_staticAndStaticFree001,TSAL20250829_0830_interferenceAndInterferenceFree001,0.4026557735609508,0.6289253072631674,27,68,0.7539145382816139,0.1249892310184465,94.0,0.8740150812547309
TS,29,20250809,20250829,trim_r2_to_r1,TSAL20250809_0830_staticAndStaticFree001,TSAL20250829_0830_interferenceAndInterferenceFree001,0.4026557735609508,0.6289253072631674,28,67,0.7503054629337076,0.12138015567054017,55.0,0.8730140247625211
TS,29,20250809,20250829,trim_r2_to_r1,TSAL20250809_0830_staticAndStaticFree001,TSAL20250829_0830_interferenceAndInterferenceFree001,0.4026557735609508,0.6289253072631674,29,66,0.7465276848360549,0.1176023775728875,84.0,0.8730832511074187
TS,29,20250809,20250829,trim_r2_to_r1,TSAL20250809_0830_staticAndStaticFree001,TSAL20250829_0830_interferenceAndInterferenceFree001,0.4026557735609508,0.6289253072631674,30,65,0.7425456985709811,0.11362039130781365,42.0,0.8739512453184205
TS,29,20250809,20250829,trim_r2_to_r1,TSAL20250809_0830_staticAndStaticFree001,TSAL20250829_0830_interferenceAndInterferenceFree001,0.4026557735609508,0.6289253072631674,31,64,0.7387336088940298,0.10980830163086241,75.0,0.862626523394946
TS,29,20250809,20250829,trim_r2_to_r1,TSAL20250809_0830_staticAndStaticFree001,TSAL20250829_0830_interferenceAndInterferenceFree001,0.4026557735609508,0.6289253072631674,32,63,0.7350329060864593,0.1061075988232919,77.0,0.8534553959287179
TS,29,20250809,20250829,trim_r2_to_r1,TSAL20250809_0830_staticAndStaticFree001,TSAL20250829_0830_interferenceAndInterferenceFree001,0.4026557735609508,0.6289253072631674,33,62,0.7310924187625932,0.10216711149942581,60.0,0.8552177694643736
TS,29,20250809,20250829,trim_r2_to_r1,TSAL20250809_0830_staticAndStaticFree001,TSAL20250829_0830_interferenceAndInterferenceFree001,0.4026557735609508,0.6289253072631674,34,61,0.726947882782056,0.0980225755188886,53.0,0.8554284981787099
TS,29,20250809,20250829,trim_r2_to_r1,TSAL20250809_0830_staticAndStaticFree001,TSAL20250829_0830_interferenceAndInterferenceFree001,0.4026557735609508,0.6289253072631674,35,60,0.7225611156885683,0.09363580842540087,49.0,0.8563575120399414
TS,29,20250809,20250829,trim_r2_to_r1,TSAL20250809_0830_staticAndStaticFree001,TSAL20250829_0830_interferenceAndInterferenceFree001,0.4026557735609508,0.6289253072631674,36,59,0.7181695684635242,0.08924426120035678,51.0,0.8499159852148478
TS,29,20250809,20250829,trim_r2_to_r1,TSAL20250809_0830_staticAndStaticFree001,TSAL20250829_0830_interferenceAndInterferenceFree001,0.4026557735609508,0.6289253072631674,37,58,0.7133618688311901,0.0844365615680227,70.0,0.8551890079850426
TS,29,20250809,20250829,trim_r2_to_r1,TSAL20250809_0830_staticAndStaticFree001,TSAL20250829_0830_interferenceAndInterferenceFree001,0.4026557735609508,0.6289253072631674,38,57,0.7082223582493323,0.07929705098616491,67.0,0.8572681651232118
TS,29,20250809,20250829,trim_r2_to_r1,TSAL20250809_0830_staticAndStaticFree001,TSAL20250829_0830_interferenceAndInterferenceFree001,0.4026557735609508,0.6289253072631674,39,56,0.7030539472862577,0.07412864002309028,68.0,0.8503536597338835
TS,29,20250809,20250829,trim_r2_to_r1,TSAL20250809_0830_staticAndStaticFree001,TSAL20250829_0830_interferenceAndInterferenceFree001,0.4026557735609508,0.6289253072631674,40,55,0.6982425578159561,0.0693172505527887,46.0,0.8329614629844031
TS,29,20250809,20250829,trim_r2_to_r1,TSAL20250809_0830_staticAndStaticFree001,TSAL20250829_0830_interferenceAndInterferenceFree001,0.4026557735609508,0.6289253072631674,41,54,0.6931148541714216,0.06418954690825418,86.0,0.834126704396119
TS,29,20250809,20250829,trim_r2_to_r1,TSAL20250809_0830_staticAndStaticFree001,TSAL20250829_0830_interferenceAndInterferenceFree001,0.4026557735609508,0.6289253072631674,42,53,0.6883203731448867,0.05939506588171928,50.0,0.8177713608613284
TS,29,20250809,20250829,trim_r2_to_r1,TSAL20250809_0830_staticAndStaticFree001,TSAL20250829_0830_interferenceAndInterferenceFree001,0.4026557735609508,0.6289253072631674,43,52,0.6833462913014317,0.05442098403826423,71.0,0.8151594601529918
TS,29,20250809,20250829,trim_r2_to_r1,TSAL20250809_0830_staticAndStaticFree001,TSAL20250829_0830_interferenceAndInterferenceFree001,0.4026557735609508,0.6289253072631674,44,51,0.6785197094289619,0.04959440216579447,57.0,0.8040108381131732
TS,29,20250809,20250829,trim_r2_to_r1,TSAL20250809_0830_staticAndStaticFree001,TSAL20250829_0830_interferenceAndInterferenceFree001,0.4026557735609508,0.6289253072631674,45,50,0.6732769056491638,0.04435159838599634,88.0,0.8069684020340148
TS,29,20250809,20250829,trim_r2_to_r1,TSAL20250809_0830_staticAndStaticFree001,TSAL20250829_0830_interferenceAndInterferenceFree001,0.4026557735609508,0.6289253072631674,46,49,0.6675062025635176,0.03858089530035014,65.0,0.8117737797046728
TS,29,20250809,20250829,trim_r2_to_r1,TSAL20250809_0830_staticAndStaticFree001,TSAL20250829_0830_interferenceAndInterferenceFree001,0.4026557735609508,0.6289253072631674,47,48,0.6611243384415909,0.03219903117842349,73.0,0.8174800094287944
TS,29,20250809,20250829,trim_r2_to_r1,TSAL20250809_0830_staticAndStaticFree001,TSAL20250829_0830_interferenceAndInterferenceFree001,0.4026557735609508,0.6289253072631674,48,47,0.6552352912559138,0.026309983992746422,63.0,0.7965724237121689
TS,29,20250809,20250829,trim_r2_to_r1,TSAL20250809_0830_staticAndStaticFree001,TSAL20250829_0830_interferenceAndInterferenceFree001,0.4026557735609508,0.6289253072631674,49,46,0.6487841792803314,0.019858872017163964,64.0,0.8003853107065153
TS,29,20250809,20250829,trim_r2_to_r1,TSAL20250809_0830_staticAndStaticFree001,TSAL20250829_0830_interferenceAndInterferenceFree001,0.4026557735609508,0.6289253072631674,50,45,0.6420467344928763,0.013121427229708882,52.0,0.7970079646043425
TS,29,20250809,20250829,trim_r2_to_r1,TSAL20250809_0830_staticAndStaticFree001,TSAL20250829_0830_interferenceAndInterferenceFree001,0.4026557735609508,0.6289253072631674,51,44,0.6353052691969812,0.006379961933813738,61.0,0.7869882383546202
TS,29,20250809,20250829,trim_r2_to_r1,TSAL20250809_0830_staticAndStaticFree001,TSAL20250829_0830_interferenceAndInterferenceFree001,0.4026557735609508,0.6289253072631674,52,43,0.6288024117800991,0.0,58.0,0.7718652749515069
TS,29,20250809,20250829,trim_r1_to_r2,TSAL20250829_0830_interferenceAndInterferenceFree001,TSAL20250809_0830_staticAndStaticFree001,0.5900149820428311,1.1347634200369747,0,61,0.5157905404120591,0.07422444163077202,,
TS,29,20250809,20250829,trim_r1_to_r2,TSAL20250829_0830_interferenceAndInterferenceFree001,TSAL20250809_0830_staticAndStaticFree001,0.5900149820428311,1.1347634200369747,1,60,0.5185544629475074,0.0714605190953237,39.0,0.4342548256163362
TS,29,20250809,20250829,trim_r1_to_r2,TSAL20250829_0830_interferenceAndInterferenceFree001,TSAL20250809_0830_staticAndStaticFree001,0.5900149820428311,1.1347634200369747,2,59,0.5212491110339408,0.06876587100889031,3.0,0.4404096684409363
TS,29,20250809,20250829,trim_r1_to_r2,TSAL20250829_0830_interferenceAndInterferenceFree001,TSAL20250809_0830_staticAndStaticFree001,0.5900149820428311,1.1347634200369747,3,58,0.5238728610095941,0.06614212103323702,40.0,0.4464722367278231
TS,29,20250809,20250829,trim_r1_to_r2,TSAL20250829_0830_interferenceAndInterferenceFree001,TSAL20250809_0830_staticAndStaticFree001,0.5900149820428311,1.1347634200369747,4,57,0.526241566232878,0.0637734158099531,52.0,0.4575491147576446
TS,29,20250809,20250829,trim_r1_to_r2,TSAL20250829_0830_interferenceAndInterferenceFree001,TSAL20250809_0830_staticAndStaticFree001,0.5900149820428311,1.1347634200369747,5,56,0.5286118476028384,0.06140313443999268,27.0,0.46105882855896635
TS,29,20250809,20250829,trim_r1_to_r2,TSAL20250829_0830_interferenceAndInterferenceFree001,TSAL20250809_0830_staticAndStaticFree001,0.5900149820428311,1.1347634200369747,6,55,0.5309984609903219,0.05901652105250921,42.0,0.46417328614078446
TS,29,20250809,20250829,trim_r1_to_r2,TSAL20250829_0830_interferenceAndInterferenceFree001,TSAL20250809_0830_staticAndStaticFree001,0.5900149820428311,1.1347634200369747,7,54,0.5333110299662529,0.05670395207657819,12.0,0.46971538312815064
TS,29,20250809,20250829,trim_r1_to_r2,TSAL20250829_0830_interferenceAndInterferenceFree001,TSAL20250809_0830_staticAndStaticFree001,0.5900149820428311,1.1347634200369747,8,53,0.5355959991593521,0.05441898288347902,29.0,0.47390183094567206
TS,29,20250809,20250829,trim_r1_to_r2,TSAL20250829_0830_interferenceAndInterferenceFree001,TSAL20250809_0830_staticAndStaticFree001,0.5900149820428311,1.1347634200369747,9,52,0.5378665144294443,0.05214846761338676,48.0,0.477697859772002
TS,29,20250809,20250829,trim_r1_to_r2,TSAL20250829_0830_interferenceAndInterferenceFree001,TSAL20250809_0830_staticAndStaticFree001,0.5900149820428311,1.1347634200369747,10,51,0.5401635693894432,0.04985141265338788,4.0,0.48044014042947053
TS,29,20250809,20250829,trim_r1_to_r2,TSAL20250829_0830_interferenceAndInterferenceFree001,TSAL20250809_0830_staticAndStaticFree001,0.5900149820428311,1.1347634200369747,11,50,0.5423823377352639,0.047632644307567196,46.0,0.4858037449168395
TS,29,20250809,20250829,trim_r1_to_r2,TSAL20250829_0830_interferenceAndInterferenceFree001,TSAL20250809_0830_staticAndStaticFree001,0.5900149820428311,1.1347634200369747,12,49,0.5446794524299534,0.04533552961287768,23.0,0.4872515850627144
TS,29,20250809,20250829,trim_r1_to_r2,TSAL20250829_0830_interferenceAndInterferenceFree001,TSAL20250809_0830_staticAndStaticFree001,0.5900149820428311,1.1347634200369747,13,48,0.546970974267123,0.04304400777570805,13.0,0.4908286892564626
TS,29,20250809,20250829,trim_r1_to_r2,TSAL20250829_0830_interferenceAndInterferenceFree001,TSAL20250809_0830_staticAndStaticFree001,0.5900149820428311,1.1347634200369747,14,47,0.549259592477799,0.04075538956503211,24.0,0.4943327554215817
TS,29,20250809,20250829,trim_r1_to_r2,TSAL20250829_0830_interferenceAndInterferenceFree001,TSAL20250809_0830_staticAndStaticFree001,0.5900149820428311,1.1347634200369747,15,46,0.5517039721094591,0.038311009933372,45.0,0.4942610507654448
TS,29,20250809,20250829,trim_r1_to_r2,TSAL20250829_0830_interferenceAndInterferenceFree001,TSAL20250809_0830_staticAndStaticFree001,0.5900149820428311,1.1347634200369747,16,45,0.5541744778232099,0.03584050421962115,51.0,0.4973528464069381
TS,29,20250809,20250829,trim_r1_to_r2,TSAL20250829_0830_interferenceAndInterferenceFree001,TSAL20250809_0830_staticAndStaticFree001,0.5900149820428311,1.1347634200369747,17,44,0.5566711548193091,0.03334382722352203,8.0,0.5004959224070772
TS,29,20250809,20250829,trim_r1_to_r2,TSAL20250829_0830_interferenceAndInterferenceFree001,TSAL20250809_0830_staticAndStaticFree001,0.5900149820428311,1.1347634200369747,18,43,0.5591332286768464,0.030881753365984643,10.0,0.5049676038110277
TS,29,20250809,20250829,trim_r1_to_r2,TSAL20250829_0830_interferenceAndInterferenceFree001,TSAL20250809_0830_staticAndStaticFree001,0.5900149820428311,1.1347634200369747,19,42,0.5616299589214994,0.02838502312133173,54.0,0.5079502586614618
TS,29,20250809,20250829,trim_r1_to_r2,TSAL20250829_0830_interferenceAndInterferenceFree001,TSAL20250809_0830_staticAndStaticFree001,0.5900149820428311,1.1347634200369747,20,41,0.5642319819527661,0.025783000090064956,31.0,0.5095894982961627
TS,29,20250809,20250829,trim_r1_to_r2,TSAL20250829_0830_interferenceAndInterferenceFree001,TSAL20250809_0830_staticAndStaticFree001,0.5900149820428311,1.1347634200369747,21,40,0.5668117563805185,0.023203225662312588,38.0,0.5139263806115947
TS,29,20250809,20250829,trim_r1_to_r2,TSAL20250829_0830_interferenceAndInterferenceFree001,TSAL20250809_0830_staticAndStaticFree001,0.5900149820428311,1.1347634200369747,22,39,0.5694844184097673,0.020530563633063825,6.0,0.5160311778247945
TS,29,20250809,20250829,trim_r1_to_r2,TSAL20250829_0830_interferenceAndInterferenceFree001,TSAL20250809_0830_staticAndStaticFree001,0.5900149820428311,1.1347634200369747,23,38,0.572209017848866,0.017805964193965074,60.0,0.5190793287864383
TS,29,20250809,20250829,trim_r1_to_r2,TSAL20250829_0830_interferenceAndInterferenceFree001,TSAL20250809_0830_staticAndStaticFree001,0.5900149820428311,1.1347634200369747,24,37,0.5750940936497613,0.01492088839306982,25.0,0.5202776534327517
TS,29,20250809,20250829,trim_r1_to_r2,TSAL20250829_0830_interferenceAndInterferenceFree001,TSAL20250809_0830_staticAndStaticFree001,0.5900149820428311,1.1347634200369747,25,36,0.5781664667419238,0.011848515300907247,21.0,0.5213275645369159
TS,29,20250809,20250829,trim_r1_to_r2,TSAL20250829_0830_interferenceAndInterferenceFree001,TSAL20250809_0830_staticAndStaticFree001,0.5900149820428311,1.1347634200369747,26,35,0.581230558055667,0.008784423987164058,0.0,0.5260769144082915
TS,29,20250809,20250829,trim_r1_to_r2,TSAL20250829_0830_interferenceAndInterferenceFree001,TSAL20250809_0830_staticAndStaticFree001,0.5900149820428311,1.1347634200369747,27,34,0.584322122768144,0.005692859274687101,16.0,0.5302197402997956
TS,29,20250809,20250829,trim_r1_to_r2,TSAL20250829_0830_interferenceAndInterferenceFree001,TSAL20250809_0830_staticAndStaticFree001,0.5900149820428311,1.1347634200369747,28,33,0.587646631790804,0.002368350252027085,41.0,0.5311299784055833
TS,29,20250809,20250829,trim_r1_to_r2,TSAL20250829_0830_interferenceAndInterferenceFree001,TSAL20250809_0830_staticAndStaticFree001,0.5900149820428311,1.1347634200369747,29,32,0.591150531936231,0.0,35.0,0.5333361795366853
TS,30,20250809,20250830,trim_r2_to_r1,TSAL20250809_0830_staticAndStaticFree001,TSAL20250830_0830_interferenceAndInterferenceFree001,0.4026557735609508,0.6289253072631674,0,79,0.7607158166146287,0.1317905093514613,,
TS,30,20250809,20250830,trim_r2_to_r1,TSAL20250809_0830_staticAndStaticFree001,TSAL20250830_0830_interferenceAndInterferenceFree001,0.4026557735609508,0.6289253072631674,1,78,0.7532223286927949,0.12429702142962751,15.0,1.0492151016052262
TS,30,20250809,20250830,trim_r2_to_r1,TSAL20250809_0830_staticAndStaticFree001,TSAL20250830_0830_interferenceAndInterferenceFree001,0.4026557735609508,0.6289253072631674,2,77,0.7460769185030802,0.1171516112399128,25.0,1.0247479159019566
TS,30,20250809,20250830,trim_r2_to_r1,TSAL20250809_0830_staticAndStaticFree001,TSAL20250830_0830_interferenceAndInterferenceFree001,0.4026557735609508,0.6289253072631674,3,76,0.7403171660035083,0.11139185874034085,40.0,0.9620676372370269
TS,30,20250809,20250830,trim_r2_to_r1,TSAL20250809_0830_staticAndStaticFree001,TSAL20250830_0830_interferenceAndInterferenceFree001,0.4026557735609508,0.6289253072631674,4,75,0.7352413130706484,0.10631600580748102,62.0,0.9281237245193258
TS,30,20250809,20250830,trim_r2_to_r1,TSAL20250809_0830_staticAndStaticFree001,TSAL20250830_0830_interferenceAndInterferenceFree001,0.4026557735609508,0.6289253072631674,5,74,0.730258068088972,0.10133276082580456,64.0,0.9171297549018407
TS,30,20250809,20250830,trim_r2_to_r1,TSAL20250809_0830_staticAndStaticFree001,TSAL20250830_0830_interferenceAndInterferenceFree001,0.4026557735609508,0.6289253072631674,6,73,0.72523164525366,0.0963063379904926,41.0,0.9112092901601999
TS,30,20250809,20250830,trim_r2_to_r1,TSAL20250809_0830_staticAndStaticFree001,TSAL20250830_0830_interferenceAndInterferenceFree001,0.4026557735609508,0.6289253072631674,7,72,0.7203990243517653,0.09147371708859786,65.0,0.8967896872709239
TS,30,20250809,20250830,trim_r2_to_r1,TSAL20250809_0830_staticAndStaticFree001,TSAL20250830_0830_interferenceAndInterferenceFree001,0.4026557735609508,0.6289253072631674,8,71,0.7156798964163366,0.08675458915316914,63.0,0.8855685020917664
TS,30,20250809,20250830,trim_r2_to_r1,TSAL20250809_0830_staticAndStaticFree001,TSAL20250830_0830_interferenceAndInterferenceFree001,0.4026557735609508,0.6289253072631674,9,70,0.7107760860815596,0.0818507788183922,67.0,0.8848613529661441
TS,30,20250809,20250830,trim_r2_to_r1,TSAL20250809_0830_staticAndStaticFree001,TSAL20250830_0830_interferenceAndInterferenceFree001,0.4026557735609508,0.6289253072631674,10,69,0.7057875242017544,0.07686221693858697,10.0,0.8803871899949374
TS,30,20250809,20250830,trim_r2_to_r1,TSAL20250809_0830_staticAndStaticFree001,TSAL20250830_0830_interferenceAndInterferenceFree001,0.4026557735609508,0.6289253072631674,11,68,0.7009617170816653,0.0720364098184979,66.0,0.8674520627247374
TS,30,20250809,20250830,trim_r2_to_r1,TSAL20250809_0830_staticAndStaticFree001,TSAL20250830_0830_interferenceAndInterferenceFree001,0.4026557735609508,0.6289253072631674,12,67,0.6960882343249117,0.06716292706174432,78.0,0.8617866480545344
TS,30,20250809,20250830,trim_r2_to_r1,TSAL20250809_0830_staticAndStaticFree001,TSAL20250830_0830_interferenceAndInterferenceFree001,0.4026557735609508,0.6289253072631674,13,66,0.6917449026788705,0.06281959541570303,71.0,0.8372465128212512
TS,30,20250809,20250830,trim_r2_to_r1,TSAL20250809_0830_staticAndStaticFree001,TSAL20250830_0830_interferenceAndInterferenceFree001,0.4026557735609508,0.6289253072631674,14,65,0.6871077489055665,0.05818244164239905,76.0,0.8401338234245985
TS,30,20250809,20250830,trim_r2_to_r1,TSAL20250809_0830_staticAndStaticFree001,TSAL20250830_0830_interferenceAndInterferenceFree001,0.4026557735609508,0.6289253072631674,15,64,0.6823638837826677,0.053438576519500236,58.0,0.8365395002768805
TS,30,20250809,20250830,trim_r2_to_r1,TSAL20250809_0830_staticAndStaticFree001,TSAL20250830_0830_interferenceAndInterferenceFree001,0.4026557735609508,0.6289253072631674,16,63,0.6779704060752362,0.049045098812068755,50.0,0.8185616927130437
TS,30,20250809,20250830,trim_r2_to_r1,TSAL20250809_0830_staticAndStaticFree001,TSAL20250830_0830_interferenceAndInterferenceFree001,0.4026557735609508,0.6289253072631674,17,62,0.6735563195237949,0.04463101226062749,54.0,0.8126000458941938
TS,30,20250809,20250830,trim_r2_to_r1,TSAL20250809_0830_staticAndStaticFree001,TSAL20250830_0830_interferenceAndInterferenceFree001,0.4026557735609508,0.6289253072631674,18,61,0.6690581027178631,0.040132795454695724,51.0,0.808502823701752
TS,30,20250809,20250830,trim_r2_to_r1,TSAL20250809_0830_staticAndStaticFree001,TSAL20250830_0830_interferenceAndInterferenceFree001,0.4026557735609508,0.6289253072631674,19,60,0.6644839411106535,0.03555863384748603,52.0,0.803995870130546
TS,30,20250809,20250830,trim_r2_to_r1,TSAL20250809_0830_staticAndStaticFree001,TSAL20250830_0830_interferenceAndInterferenceFree001,0.4026557735609508,0.6289253072631674,20,59,0.6599345780355929,0.031009270772425435,69.0,0.7964154702874082
TS,30,20250809,20250830,trim_r2_to_r1,TSAL20250809_0830_staticAndStaticFree001,TSAL20250830_0830_interferenceAndInterferenceFree001,0.4026557735609508,0.6289253072631674,21,58,0.6552670615078596,0.026341754244692206,70.0,0.7929587990759963
TS,30,20250809,20250830,trim_r2_to_r1,TSAL20250809_0830_staticAndStaticFree001,TSAL20250830_0830_interferenceAndInterferenceFree001,0.4026557735609508,0.6289253072631674,22,57,0.65027584363478,0.02135053637161255,75.0,0.7950211619540893
TS,30,20250809,20250830,trim_r2_to_r1,TSAL20250809_0830_staticAndStaticFree001,TSAL20250830_0830_interferenceAndInterferenceFree001,0.4026557735609508,0.6289253072631674,23,56,0.6453445825188038,0.016419275255636356,47.0,0.7858855243241208
TS,30,20250809,20250830,trim_r2_to_r1,TSAL20250809_0830_staticAndStaticFree001,TSAL20250830_0830_interferenceAndInterferenceFree001,0.4026557735609508,0.6289253072631674,24,55,0.6409062123019392,0.011980905038771805,74.0,0.7651805783741491
TS,30,20250809,20250830,trim_r2_to_r1,TSAL20250809_0830_staticAndStaticFree001,TSAL20250830_0830_interferenceAndInterferenceFree001,0.4026557735609508,0.6289253072631674,25,54,0.636272657248497,0.007347349985329599,42.0,0.7636954212181557
TS,30,20250809,20250830,trim_r2_to_r1,TSAL20250809_0830_staticAndStaticFree001,TSAL20250830_0830_interferenceAndInterferenceFree001,0.4026557735609508,0.6289253072631674,26,53,0.632551646022283,0.003626338759115555,13.0,0.7330189491300624
TS,30,20250809,20250830,trim_r2_to_r1,TSAL20250809_0830_staticAndStaticFree001,TSAL20250830_0830_interferenceAndInterferenceFree001,0.4026557735609508,0.6289253072631674,27,52,0.6288401796291824,0.0,37.0,0.727194039046351
TS,30,20250809,20250830,trim_r1_to_r2,TSAL20250830_0830_interferenceAndInterferenceFree001,TSAL20250809_0830_staticAndStaticFree001,0.5679024532450075,0.9535291799842499,0,61,0.5157905404120591,0.05211191283294847,,
TS,30,20250809,20250830,trim_r1_to_r2,TSAL20250830_0830_interferenceAndInterferenceFree001,TSAL20250809_0830_staticAndStaticFree001,0.5679024532450075,0.9535291799842499,1,60,0.5185544629475074,0.049347990297500144,39.0,0.4342548256163362
TS,30,20250809,20250830,trim_r1_to_r2,TSAL20250830_0830_interferenceAndInterferenceFree001,TSAL20250809_0830_staticAndStaticFree001,0.5679024532450075,0.9535291799842499,2,59,0.5212491110339408,0.04665334221106676,3.0,0.4404096684409363
TS,30,20250809,20250830,trim_r1_to_r2,TSAL20250830_0830_interferenceAndInterferenceFree001,TSAL20250809_0830_staticAndStaticFree001,0.5679024532450075,0.9535291799842499,3,58,0.5238728610095941,0.04402959223541347,40.0,0.4464722367278231
TS,30,20250809,20250830,trim_r1_to_r2,TSAL20250830_0830_interferenceAndInterferenceFree001,TSAL20250809_0830_staticAndStaticFree001,0.5679024532450075,0.9535291799842499,4,57,0.526241566232878,0.041660887012129555,52.0,0.4575491147576446
TS,30,20250809,20250830,trim_r1_to_r2,TSAL20250830_0830_interferenceAndInterferenceFree001,TSAL20250809_0830_staticAndStaticFree001,0.5679024532450075,0.9535291799842499,5,56,0.5286118476028384,0.03929060564216913,27.0,0.46105882855896635
TS,30,20250809,20250830,trim_r1_to_r2,TSAL20250830_0830_interferenceAndInterferenceFree001,TSAL20250809_0830_staticAndStaticFree001,0.5679024532450075,0.9535291799842499,6,55,0.5309984609903219,0.03690399225468566,42.0,0.46417328614078446
TS,30,20250809,20250830,trim_r1_to_r2,TSAL20250830_0830_interferenceAndInterferenceFree001,TSAL20250809_0830_staticAndStaticFree001,0.5679024532450075,0.9535291799842499,7,54,0.5333110299662529,0.03459142327875464,12.0,0.46971538312815064
TS,30,20250809,20250830,trim_r1_to_r2,TSAL20250830_0830_interferenceAndInterferenceFree001,TSAL20250809_0830_staticAndStaticFree001,0.5679024532450075,0.9535291799842499,8,53,0.5355959991593521,0.03230645408565547,29.0,0.47390183094567206
TS,30,20250809,20250830,trim_r1_to_r2,TSAL20250830_0830_interferenceAndInterferenceFree001,TSAL20250809_0830_staticAndStaticFree001,0.5679024532450075,0.9535291799842499,9,52,0.5378665144294443,0.030035938815563212,48.0,0.477697859772002
TS,30,20250809,20250830,trim_r1_to_r2,TSAL20250830_0830_interferenceAndInterferenceFree001,TSAL20250809_0830_staticAndStaticFree001,0.5679024532450075,0.9535291799842499,10,51,0.5401635693894432,0.027738883855564334,4.0,0.48044014042947053
TS,30,20250809,20250830,trim_r1_to_r2,TSAL20250830_0830_interferenceAndInterferenceFree001,TSAL20250809_0830_staticAndStaticFree001,0.5679024532450075,0.9535291799842499,11,50,0.5423823377352639,0.025520115509743646,46.0,0.4858037449168395
TS,30,20250809,20250830,trim_r1_to_r2,TSAL20250830_0830_interferenceAndInterferenceFree001,TSAL20250809_0830_staticAndStaticFree001,0.5679024532450075,0.9535291799842499,12,49,0.5446794524299534,0.02322300081505413,23.0,0.4872515850627144
TS,30,20250809,20250830,trim_r1_to_r2,TSAL20250830_0830_interferenceAndInterferenceFree001,TSAL20250809_0830_staticAndStaticFree001,0.5679024532450075,0.9535291799842499,13,48,0.546970974267123,0.0209314789778845,13.0,0.4908286892564626
TS,30,20250809,20250830,trim_r1_to_r2,TSAL20250830_0830_interferenceAndInterferenceFree001,TSAL20250809_0830_staticAndStaticFree001,0.5679024532450075,0.9535291799842499,14,47,0.549259592477799,0.018642860767208558,24.0,0.4943327554215817
TS,30,20250809,20250830,trim_r1_to_r2,TSAL20250830_0830_interferenceAndInterferenceFree001,TSAL20250809_0830_staticAndStaticFree001,0.5679024532450075,0.9535291799842499,15,46,0.5517039721094591,0.016198481135548448,45.0,0.4942610507654448
TS,30,20250809,20250830,trim_r1_to_r2,TSAL20250830_0830_interferenceAndInterferenceFree001,TSAL20250809_0830_staticAndStaticFree001,0.5679024532450075,0.9535291799842499,16,45,0.5541744778232099,0.0137279754217976,51.0,0.4973528464069381
TS,30,20250809,20250830,trim_r1_to_r2,TSAL20250830_0830_interferenceAndInterferenceFree001,TSAL20250809_0830_staticAndStaticFree001,0.5679024532450075,0.9535291799842499,17,44,0.5566711548193091,0.011231298425698477,8.0,0.5004959224070772
TS,30,20250809,20250830,trim_r1_to_r2,TSAL20250830_0830_interferenceAndInterferenceFree001,TSAL20250809_0830_staticAndStaticFree001,0.5679024532450075,0.9535291799842499,18,43,0.5591332286768464,0.008769224568161094,10.0,0.5049676038110277
TS,30,20250809,20250830,trim_r1_to_r2,TSAL20250830_0830_interferenceAndInterferenceFree001,TSAL20250809_0830_staticAndStaticFree001,0.5679024532450075,0.9535291799842499,19,42,0.5616299589214994,0.006272494323508182,54.0,0.5079502586614618
TS,30,20250809,20250830,trim_r1_to_r2,TSAL20250830_0830_interferenceAndInterferenceFree001,TSAL20250809_0830_staticAndStaticFree001,0.5679024532450075,0.9535291799842499,20,41,0.5642319819527661,0.0036704712922414062,31.0,0.5095894982961627
TS,30,20250809,20250830,trim_r1_to_r2,TSAL20250830_0830_interferenceAndInterferenceFree001,TSAL20250809_0830_staticAndStaticFree001,0.5679024532450075,0.9535291799842499,21,40,0.5668117563805185,0.001090696864489038,38.0,0.5139263806115947
TS,30,20250809,20250830,trim_r1_to_r2,TSAL20250830_0830_interferenceAndInterferenceFree001,TSAL20250809_0830_staticAndStaticFree001,0.5679024532450075,0.9535291799842499,22,39,0.5694844184097673,0.0,6.0,0.5160311778247945
TS,31,20250810,20250828,trim_r2_to_r1,TSAL20250810_0830_staticAndStaticFree001,TSAL20250828_0830_interferenceAndInterferenceFree001,0.40232607353193583,0.6208159185674753,0,90,0.8688595485308579,0.24804362996338258,,
TS,31,20250810,20250828,trim_r2_to_r1,TSAL20250810_0830_staticAndStaticFree001,TSAL20250828_0830_interferenceAndInterferenceFree001,0.40232607353193583,0.6208159185674753,1,89,0.8635199154685065,0.24270399690103117,27.0,1.1038034032743222
TS,31,20250810,20250828,trim_r2_to_r1,TSAL20250810_0830_staticAndStaticFree001,TSAL20250828_0830_interferenceAndInterferenceFree001,0.40232607353193583,0.6208159185674753,2,88,0.8587557585731049,0.23793984000562962,75.0,1.070760740418474
TS,31,20250810,20250828,trim_r2_to_r1,TSAL20250810_0830_staticAndStaticFree001,TSAL20250828_0830_interferenceAndInterferenceFree001,0.40232607353193583,0.6208159185674753,3,87,0.8549141812146666,0.23409826264719125,62.0,1.0239435849859566
TS,31,20250810,20250828,trim_r2_to_r1,TSAL20250810_0830_staticAndStaticFree001,TSAL20250828_0830_interferenceAndInterferenceFree001,0.40232607353193583,0.6208159185674753,4,86,0.8511962011135393,0.23038028254606402,59.0,1.012928335512573
TS,31,20250810,20250828,trim_r2_to_r1,TSAL20250810_0830_staticAndStaticFree001,TSAL20250828_0830_interferenceAndInterferenceFree001,0.40232607353193583,0.6208159185674753,5,85,0.8475493746935528,0.22673345612607754,76.0,1.0043629107529695
TS,31,20250810,20250828,trim_r2_to_r1,TSAL20250810_0830_staticAndStaticFree001,TSAL20250828_0830_interferenceAndInterferenceFree001,0.40232607353193583,0.6208159185674753,6,84,0.8439012952649045,0.22308537669742923,83.0,0.9989446709824561
TS,31,20250810,20250828,trim_r2_to_r1,TSAL20250810_0830_staticAndStaticFree001,TSAL20250828_0830_interferenceAndInterferenceFree001,0.40232607353193583,0.6208159185674753,7,83,0.8408570352072088,0.22004111663973347,10.0,0.9687159576304307
TS,31,20250810,20250828,trim_r2_to_r1,TSAL20250810_0830_staticAndStaticFree001,TSAL20250828_0830_interferenceAndInterferenceFree001,0.40232607353193583,0.6208159185674753,8,82,0.8377617829681232,0.2169458644006479,11.0,0.9662147508901726
TS,31,20250810,20250828,trim_r2_to_r1,TSAL20250810_0830_staticAndStaticFree001,TSAL20250828_0830_interferenceAndInterferenceFree001,0.40232607353193583,0.6208159185674753,9,81,0.8345607069272439,0.21374478835976862,79.0,0.965804824603299
TS,31,20250810,20250828,trim_r2_to_r1,TSAL20250810_0830_staticAndStaticFree001,TSAL20250828_0830_interferenceAndInterferenceFree001,0.40232607353193583,0.6208159185674753,10,80,0.8313714197212871,0.21055550115381183,81.0,0.9605375515625395
TS,31,20250810,20250828,trim_r2_to_r1,TSAL20250810_0830_staticAndStaticFree001,TSAL20250828_0830_interferenceAndInterferenceFree001,0.40232607353193583,0.6208159185674753,11,79,0.8280858279478184,0.20726990938034306,74.0,0.9595094988865672
TS,31,20250810,20250828,trim_r2_to_r1,TSAL20250810_0830_staticAndStaticFree001,TSAL20250828_0830_interferenceAndInterferenceFree001,0.40232607353193583,0.6208159185674753,12,78,0.8249208281552428,0.2041049095877675,78.0,0.9499383199619792
TS,31,20250810,20250828,trim_r2_to_r1,TSAL20250810_0830_staticAndStaticFree001,TSAL20250828_0830_interferenceAndInterferenceFree001,0.40232607353193583,0.6208159185674753,13,77,0.822079905723245,0.20126398715576965,0.0,0.9328758805711543
TS,31,20250810,20250828,trim_r2_to_r1,TSAL20250810_0830_staticAndStaticFree001,TSAL20250828_0830_interferenceAndInterferenceFree001,0.40232607353193583,0.6208159185674753,14,76,0.8192646358761241,0.19844871730864877,67.0,0.9276525249902825
TS,31,20250810,20250828,trim_r2_to_r1,TSAL20250810_0830_staticAndStaticFree001,TSAL20250828_0830_interferenceAndInterferenceFree001,0.40232607353193583,0.6208159185674753,15,75,0.8162065479171008,0.19539062934962548,84.0,0.9324138903599839
TS,31,20250810,20250828,trim_r2_to_r1,TSAL20250810_0830_staticAndStaticFree001,TSAL20250828_0830_interferenceAndInterferenceFree001,0.40232607353193583,0.6208159185674753,16,74,0.8131478586689921,0.19233194010151677,9.0,0.9278487054730683
TS,31,20250810,20250828,trim_r2_to_r1,TSAL20250810_0830_staticAndStaticFree001,TSAL20250828_0830_interferenceAndInterferenceFree001,0.40232607353193583,0.6208159185674753,17,73,0.8101973687494798,0.18938145018200447,5.0,0.9193654957714394
TS,31,20250810,20250828,trim_r2_to_r1,TSAL20250810_0830_staticAndStaticFree001,TSAL20250828_0830_interferenceAndInterferenceFree001,0.40232607353193583,0.6208159185674753,18,72,0.8071827294104228,0.18636681084294748,77.0,0.9172170652860027
TS,31,20250810,20250828,trim_r2_to_r1,TSAL20250810_0830_staticAndStaticFree001,TSAL20250828_0830_interferenceAndInterferenceFree001,0.40232607353193583,0.6208159185674753,19,71,0.8047817049171032,0.1839657863496279,12.0,0.8912185866766044
TS,31,20250810,20250828,trim_r2_to_r1,TSAL20250810_0830_staticAndStaticFree001,TSAL20250828_0830_interferenceAndInterferenceFree001,0.40232607353193583,0.6208159185674753,20,70,0.8021921714254303,0.181376252857955,18.0,0.8941206103798168
TS,31,20250810,20250828,trim_r2_to_r1,TSAL20250810_0830_staticAndStaticFree001,TSAL20250828_0830_interferenceAndInterferenceFree001,0.40232607353193583,0.6208159185674753,21,69,0.7994267889114345,0.17861087034395917,14.0,0.8962151769012942
TS,31,20250810,20250828,trim_r2_to_r1,TSAL20250810_0830_staticAndStaticFree001,TSAL20250828_0830_interferenceAndInterferenceFree001,0.40232607353193583,0.6208159185674753,22,68,0.7966357416727814,0.17581982310530608,8.0,0.8929268714063134
TS,31,20250810,20250828,trim_r2_to_r1,TSAL20250810_0830_staticAndStaticFree001,TSAL20250828_0830_interferenceAndInterferenceFree001,0.40232607353193583,0.6208159185674753,23,67,0.7937559980710449,0.1729400795035696,2.0,0.8916672805300823
TS,31,20250810,20250828,trim_r2_to_r1,TSAL20250810_0830_staticAndStaticFree001,TSAL20250828_0830_interferenceAndInterferenceFree001,0.40232607353193583,0.6208159185674753,24,66,0.7908452590881438,0.17002934052066854,85.0,0.888355015015328
TS,31,20250810,20250828,trim_r2_to_r1,TSAL20250810_0830_staticAndStaticFree001,TSAL20250828_0830_interferenceAndInterferenceFree001,0.40232607353193583,0.6208159185674753,25,65,0.7878921180792433,0.167076199511768,19.0,0.8853457713729647
TS,31,20250810,20250828,trim_r2_to_r1,TSAL20250810_0830_staticAndStaticFree001,TSAL20250828_0830_interferenceAndInterferenceFree001,0.40232607353193583,0.6208159185674753,26,64,0.7849042266330847,0.16408830806560937,13.0,0.8820106986332331
TS,31,20250810,20250828,trim_r2_to_r1,TSAL20250810_0830_staticAndStaticFree001,TSAL20250828_0830_interferenceAndInterferenceFree001,0.40232607353193583,0.6208159185674753,27,63,0.7818220377545875,0.16100611918711216,1.0,0.8804520818664984
TS,31,20250810,20250828,trim_r2_to_r1,TSAL20250810_0830_staticAndStaticFree001,TSAL20250828_0830_interferenceAndInterferenceFree001,0.40232607353193583,0.6208159185674753,28,62,0.7786066278992173,0.157790709331742,7.0,0.879892038343384
TS,31,20250810,20250828,trim_r2_to_r1,TSAL20250810_0830_staticAndStaticFree001,TSAL20250828_0830_interferenceAndInterferenceFree001,0.40232607353193583,0.6208159185674753,29,61,0.775331417871477,0.15451549930400166,22.0,0.8768629287314258
TS,31,20250810,20250828,trim_r2_to_r1,TSAL20250810_0830_staticAndStaticFree001,TSAL20250828_0830_interferenceAndInterferenceFree001,0.40232607353193583,0.6208159185674753,30,60,0.771808423606789,0.15099250503931372,15.0,0.8792597486797697
TS,31,20250810,20250828,trim_r2_to_r1,TSAL20250810_0830_staticAndStaticFree001,TSAL20250828_0830_interferenceAndInterferenceFree001,0.40232607353193583,0.6208159185674753,31,59,0.768327268465665,0.1475113498981897,6.0,0.8727619226993827
TS,31,20250810,20250828,trim_r2_to_r1,TSAL20250810_0830_staticAndStaticFree001,TSAL20250828_0830_interferenceAndInterferenceFree001,0.40232607353193583,0.6208159185674753,32,58,0.7644775440636136,0.14366162549613826,16.0,0.8780444139241316
TS,31,20250810,20250828,trim_r2_to_r1,TSAL20250810_0830_staticAndStaticFree001,TSAL20250828_0830_interferenceAndInterferenceFree001,0.40232607353193583,0.6208159185674753,33,57,0.760387190277881,0.13957127171040573,21.0,0.8790074500641246
TS,31,20250810,20250828,trim_r2_to_r1,TSAL20250810_0830_staticAndStaticFree001,TSAL20250828_0830_interferenceAndInterferenceFree001,0.40232607353193583,0.6208159185674753,34,56,0.7564319298738156,0.13561601130634027,17.0,0.8691568513896865
TS,31,20250810,20250828,trim_r2_to_r1,TSAL20250810_0830_staticAndStaticFree001,TSAL20250828_0830_interferenceAndInterferenceFree001,0.40232607353193583,0.6208159185674753,35,55,0.7524504468263689,0.13163452825889355,23.0,0.8639319721548765
TS,31,20250810,20250828,trim_r2_to_r1,TSAL20250810_0830_staticAndStaticFree001,TSAL20250828_0830_interferenceAndInterferenceFree001,0.40232607353193583,0.6208159185674753,36,54,0.7485182054458804,0.12770228687840512,71.0,0.8566548434093106
TS,31,20250810,20250828,trim_r2_to_r1,TSAL20250810_0830_staticAndStaticFree001,TSAL20250828_0830_interferenceAndInterferenceFree001,0.40232607353193583,0.6208159185674753,37,53,0.7443431151218046,0.12352719655432931,68.0,0.857070553871851
TS,31,20250810,20250828,trim_r2_to_r1,TSAL20250810_0830_staticAndStaticFree001,TSAL20250828_0830_interferenceAndInterferenceFree001,0.40232607353193583,0.6208159185674753,38,52,0.7403135278579084,0.11949760929043307,72.0,0.8470975903511567
TS,31,20250810,20250828,trim_r2_to_r1,TSAL20250810_0830_staticAndStaticFree001,TSAL20250828_0830_interferenceAndInterferenceFree001,0.40232607353193583,0.6208159185674753,39,51,0.7361188281798082,0.11530290961233292,47.0,0.8451810198104147
TS,31,20250810,20250828,trim_r2_to_r1,TSAL20250810_0830_staticAndStaticFree001,TSAL20250828_0830_interferenceAndInterferenceFree001,0.40232607353193583,0.6208159185674753,40,50,0.7319019609011196,0.11108604233364427,87.0,0.8394320765076795
TS,31,20250810,20250828,trim_r2_to_r1,TSAL20250810_0830_staticAndStaticFree001,TSAL20250828_0830_interferenceAndInterferenceFree001,0.40232607353193583,0.6208159185674753,41,49,0.7273187204093728,0.10650280184189753,60.0,0.8418997327030424
TS,31,20250810,20250828,trim_r2_to_r1,TSAL20250810_0830_staticAndStaticFree001,TSAL20250828_0830_interferenceAndInterferenceFree001,0.40232607353193583,0.6208159185674753,42,48,0.7231086930675851,0.10229277450010976,86.0,0.8262543629413841
TS,31,20250810,20250828,trim_r2_to_r1,TSAL20250810_0830_staticAndStaticFree001,TSAL20250828_0830_interferenceAndInterferenceFree001,0.40232607353193583,0.6208159185674753,43,47,0.7185571304900146,0.09774121192253926,69.0,0.8277946323517075
TS,31,20250810,20250828,trim_r2_to_r1,TSAL20250810_0830_staticAndStaticFree001,TSAL20250828_0830_interferenceAndInterferenceFree001,0.40232607353193583,0.6208159185674753,44,46,0.7137721863030022,0.0929562677355269,3.0,0.8262183746977938
TS,31,20250810,20250828,trim_r2_to_r1,TSAL20250810_0830_staticAndStaticFree001,TSAL20250828_0830_interferenceAndInterferenceFree001,0.40232607353193583,0.6208159185674753,45,45,0.7087561081279314,0.08794018956045613,73.0,0.8241259061545556
TS,31,20250810,20250828,trim_r2_to_r1,TSAL20250810_0830_staticAndStaticFree001,TSAL20250828_0830_interferenceAndInterferenceFree001,0.40232607353193583,0.6208159185674753,46,44,0.7034314586676061,0.08261554010013084,20.0,0.823236071524928
TS,31,20250810,20250828,trim_r2_to_r1,TSAL20250810_0830_staticAndStaticFree001,TSAL20250828_0830_interferenceAndInterferenceFree001,0.40232607353193583,0.6208159185674753,47,43,0.6973368655015837,0.07652094693410838,4.0,0.8314179151540733
TS,31,20250810,20250828,trim_r2_to_r1,TSAL20250810_0830_staticAndStaticFree001,TSAL20250828_0830_interferenceAndInterferenceFree001,0.40232607353193583,0.6208159185674753,48,42,0.691543637167792,0.07072771860031668,70.0,0.8160980463443158
TS,31,20250810,20250828,trim_r2_to_r1,TSAL20250810_0830_staticAndStaticFree001,TSAL20250828_0830_interferenceAndInterferenceFree001,0.40232607353193583,0.6208159185674753,49,41,0.6850235372621192,0.06420761869464386,88.0,0.8219456352812506
TS,31,20250810,20250828,trim_r2_to_r1,TSAL20250810_0830_staticAndStaticFree001,TSAL20250828_0830_interferenceAndInterferenceFree001,0.40232607353193583,0.6208159185674753,50,40,0.6786289350743886,0.057813016506913284,80.0,0.8097182799228628
TS,31,20250810,20250828,trim_r2_to_r1,TSAL20250810_0830_staticAndStaticFree001,TSAL20250828_0830_interferenceAndInterferenceFree001,0.40232607353193583,0.6208159185674753,51,39,0.6721615722765246,0.05134565370904931,82.0,0.8015088282338063
TS,31,20250810,20250828,trim_r2_to_r1,TSAL20250810_0830_staticAndStaticFree001,TSAL20250828_0830_interferenceAndInterferenceFree001,0.40232607353193583,0.6208159185674753,52,38,0.665130161736084,0.04431424316860866,89.0,0.802242667274677
TS,31,20250810,20250828,trim_r2_to_r1,TSAL20250810_0830_staticAndStaticFree001,TSAL20250828_0830_interferenceAndInterferenceFree001,0.40232607353193583,0.6208159185674753,53,37,0.6576281797644614,0.03681226119698611,38.0,0.8001658372252908
TS,31,20250810,20250828,trim_r2_to_r1,TSAL20250810_0830_staticAndStaticFree001,TSAL20250828_0830_interferenceAndInterferenceFree001,0.40232607353193583,0.6208159185674753,54,36,0.6507836397659701,0.02996772119849478,24.0,0.7774076297380569
TS,31,20250810,20250828,trim_r2_to_r1,TSAL20250810_0830_staticAndStaticFree001,TSAL20250828_0830_interferenceAndInterferenceFree001,0.40232607353193583,0.6208159185674753,55,35,0.6448348199345438,0.024018901367068524,31.0,0.7519135769002167
TS,31,20250810,20250828,trim_r2_to_r1,TSAL20250810_0830_staticAndStaticFree001,TSAL20250828_0830_interferenceAndInterferenceFree001,0.40232607353193583,0.6208159185674753,56,34,0.6391653790737426,0.01834946050626729,54.0,0.7383805941377649
TS,31,20250810,20250828,trim_r2_to_r1,TSAL20250810_0830_staticAndStaticFree001,TSAL20250828_0830_interferenceAndInterferenceFree001,0.40232607353193583,0.6208159185674753,57,33,0.6334852323895251,0.012669313822049832,52.0,0.730047726021223
TS,31,20250810,20250828,trim_r2_to_r1,TSAL20250810_0830_staticAndStaticFree001,TSAL20250828_0830_interferenceAndInterferenceFree001,0.40232607353193583,0.6208159185674753,58,32,0.6275878563774792,0.006771937810003847,63.0,0.7248945605762349
TS,31,20250810,20250828,trim_r2_to_r1,TSAL20250810_0830_staticAndStaticFree001,TSAL20250828_0830_interferenceAndInterferenceFree001,0.40232607353193583,0.6208159185674753,59,31,0.6217439544149108,0.0009280358474355044,65.0,0.7152463858160074
TS,31,20250810,20250828,trim_r2_to_r1,TSAL20250810_0830_staticAndStaticFree001,TSAL20250828_0830_interferenceAndInterferenceFree001,0.40232607353193583,0.6208159185674753,60,30,0.6149699570960323,0.0,64.0,0.7199669155386464
TS,31,20250810,20250828,trim_r1_to_r2,TSAL20250828_0830_interferenceAndInterferenceFree001,TSAL20250810_0830_staticAndStaticFree001,0.6396443499665845,1.0980747470951313,0,83,0.5115709960497056,0.1280733539168789,,
TS,31,20250810,20250828,trim_r1_to_r2,TSAL20250828_0830_interferenceAndInterferenceFree001,TSAL20250810_0830_staticAndStaticFree001,0.6396443499665845,1.0980747470951313,1,82,0.513707081866893,0.12593726809969152,68.0,0.4250595204536149
TS,31,20250810,20250828,trim_r1_to_r2,TSAL20250828_0830_interferenceAndInterferenceFree001,TSAL20250810_0830_staticAndStaticFree001,0.6396443499665845,1.0980747470951313,2,81,0.515703337710833,0.12394101225575149,63.0,0.43385684810929226
TS,31,20250810,20250828,trim_r1_to_r2,TSAL20250828_0830_interferenceAndInterferenceFree001,TSAL20250810_0830_staticAndStaticFree001,0.6396443499665845,1.0980747470951313,3,80,0.5177458450382252,0.1218985049283593,79.0,0.4350242982788382
TS,31,20250810,20250828,trim_r1_to_r2,TSAL20250828_0830_interferenceAndInterferenceFree001,TSAL20250810_0830_staticAndStaticFree001,0.6396443499665845,1.0980747470951313,4,79,0.5197803007319389,0.11986404923464555,64.0,0.4384020729833899
TS,31,20250810,20250828,trim_r1_to_r2,TSAL20250828_0830_interferenceAndInterferenceFree001,TSAL20250810_0830_staticAndStaticFree001,0.6396443499665845,1.0980747470951313,5,78,0.5218165388624609,0.11782781110412355,23.0,0.4413851327068438
TS,31,20250810,20250828,trim_r1_to_r2,TSAL20250828_0830_interferenceAndInterferenceFree001,TSAL20250810_0830_staticAndStaticFree001,0.6396443499665845,1.0980747470951313,6,77,0.5238965598708596,0.11574779009572489,69.0,0.44277574054331165
TS,31,20250810,20250828,trim_r1_to_r2,TSAL20250828_0830_interferenceAndInterferenceFree001,TSAL20250810_0830_staticAndStaticFree001,0.6396443499665845,1.0980747470951313,7,76,0.5258966238935984,0.11374772607298611,80.0,0.4488941590181543
TS,31,20250810,20250828,trim_r1_to_r2,TSAL20250828_0830_interferenceAndInterferenceFree001,TSAL20250810_0830_staticAndStaticFree001,0.6396443499665845,1.0980747470951313,8,75,0.5276684078816352,0.11197594208494932,26.0,0.46034061633623535
TS,31,20250810,20250828,trim_r1_to_r2,TSAL20250828_0830_interferenceAndInterferenceFree001,TSAL20250810_0830_staticAndStaticFree001,0.6396443499665845,1.0980747470951313,9,74,0.5294214281711452,0.11022292179543924,48.0,0.46368316731451936
TS,31,20250810,20250828,trim_r1_to_r2,TSAL20250828_0830_interferenceAndInterferenceFree001,TSAL20250810_0830_staticAndStaticFree001,0.6396443499665845,1.0980747470951313,10,73,0.5311744872094829,0.10846986275710158,60.0,0.4663113027909882
TS,31,20250810,20250828,trim_r1_to_r2,TSAL20250828_0830_interferenceAndInterferenceFree001,TSAL20250810_0830_staticAndStaticFree001,0.6396443499665845,1.0980747470951313,11,72,0.5329583048655516,0.10668604510103286,75.0,0.46784896041904467
TS,31,20250810,20250828,trim_r1_to_r2,TSAL20250828_0830_interferenceAndInterferenceFree001,TSAL20250810_0830_staticAndStaticFree001,0.6396443499665845,1.0980747470951313,12,71,0.5347555667466181,0.10488878321996642,41.0,0.4700541390282266
TS,31,20250810,20250828,trim_r1_to_r2,TSAL20250828_0830_interferenceAndInterferenceFree001,TSAL20250810_0830_staticAndStaticFree001,0.6396443499665845,1.0980747470951313,13,70,0.5363345618527543,0.10330978811383018,38.0,0.48028023558491606
TS,31,20250810,20250828,trim_r1_to_r2,TSAL20250828_0830_interferenceAndInterferenceFree001,TSAL20250810_0830_staticAndStaticFree001,0.6396443499665845,1.0980747470951313,14,69,0.5378577105953426,0.10178663937124188,49.0,0.4845475046047528
TS,31,20250810,20250828,trim_r1_to_r2,TSAL20250828_0830_interferenceAndInterferenceFree001,TSAL20250810_0830_staticAndStaticFree001,0.6396443499665845,1.0980747470951313,15,68,0.5394001180015233,0.10024423196506116,55.0,0.48618706248828664
TS,31,20250810,20250828,trim_r1_to_r2,TSAL20250828_0830_interferenceAndInterferenceFree001,TSAL20250810_0830_staticAndStaticFree001,0.6396443499665845,1.0980747470951313,16,67,0.5409331902168246,0.09871115974975986,7.0,0.4888087348965823
TS,31,20250810,20250828,trim_r1_to_r2,TSAL20250828_0830_interferenceAndInterferenceFree001,TSAL20250810_0830_staticAndStaticFree001,0.6396443499665845,1.0980747470951313,17,66,0.5425276490692532,0.09711670089733127,67.0,0.48911327751289224
TS,31,20250810,20250828,trim_r1_to_r2,TSAL20250828_0830_interferenceAndInterferenceFree001,TSAL20250810_0830_staticAndStaticFree001,0.6396443499665845,1.0980747470951313,18,65,0.5441049948282153,0.0955393551383692,10.0,0.49205258478246866
TS,31,20250810,20250828,trim_r1_to_r2,TSAL20250828_0830_interferenceAndInterferenceFree001,TSAL20250810_0830_staticAndStaticFree001,0.6396443499665845,1.0980747470951313,19,64,0.5456661867487108,0.09397816321787367,70.0,0.49492744933260746
TS,31,20250810,20250828,trim_r1_to_r2,TSAL20250828_0830_interferenceAndInterferenceFree001,TSAL20250810_0830_staticAndStaticFree001,0.6396443499665845,1.0980747470951313,20,63,0.5472805602456099,0.09236378972097459,25.0,0.4956206083448382
TS,31,20250810,20250828,trim_r1_to_r2,TSAL20250828_0830_interferenceAndInterferenceFree001,TSAL20250810_0830_staticAndStaticFree001,0.6396443499665845,1.0980747470951313,21,62,0.5489406673789917,0.09070368258759276,61.0,0.49664729267746344
TS,31,20250810,20250828,trim_r1_to_r2,TSAL20250828_0830_interferenceAndInterferenceFree001,TSAL20250810_0830_staticAndStaticFree001,0.6396443499665845,1.0980747470951313,22,61,0.5505345230208754,0.08910982694570913,62.0,0.5011249981224839
TS,31,20250810,20250828,trim_r1_to_r2,TSAL20250828_0830_interferenceAndInterferenceFree001,TSAL20250810_0830_staticAndStaticFree001,0.6396443499665845,1.0980747470951313,23,60,0.5521943716257698,0.0874499783408147,27.0,0.5015689891764921
TS,31,20250810,20250828,trim_r1_to_r2,TSAL20250828_0830_interferenceAndInterferenceFree001,TSAL20250810_0830_staticAndStaticFree001,0.6396443499665845,1.0980747470951313,24,59,0.5537943324608503,0.08585001750573418,37.0,0.5057955074084328
TS,31,20250810,20250828,trim_r1_to_r2,TSAL20250828_0830_interferenceAndInterferenceFree001,TSAL20250810_0830_staticAndStaticFree001,0.6396443499665845,1.0980747470951313,25,58,0.5554952044065242,0.08414914556006026,33.0,0.505319482009144
TS,31,20250810,20250828,trim_r1_to_r2,TSAL20250828_0830_interferenceAndInterferenceFree001,TSAL20250810_0830_staticAndStaticFree001,0.6396443499665845,1.0980747470951313,26,57,0.5571706026971927,0.08247374726939183,2.0,0.5085840522678096
TS,31,20250810,20250828,trim_r1_to_r2,TSAL20250828_0830_interferenceAndInterferenceFree001,TSAL20250810_0830_staticAndStaticFree001,0.6396443499665845,1.0980747470951313,27,56,0.5588159517688394,0.08082839819774512,52.0,0.511923503226908
TS,31,20250810,20250828,trim_r1_to_r2,TSAL20250828_0830_interferenceAndInterferenceFree001,TSAL20250810_0830_staticAndStaticFree001,0.6396443499665845,1.0980747470951313,28,55,0.5604410261863892,0.07920332378019523,81.0,0.514938942494991
TS,31,20250810,20250828,trim_r1_to_r2,TSAL20250828_0830_interferenceAndInterferenceFree001,TSAL20250810_0830_staticAndStaticFree001,0.6396443499665845,1.0980747470951313,29,54,0.5621343402884419,0.07751000967814259,31.0,0.5155682024819929
TS,31,20250810,20250828,trim_r1_to_r2,TSAL20250828_0830_interferenceAndInterferenceFree001,TSAL20250810_0830_staticAndStaticFree001,0.6396443499665845,1.0980747470951313,30,53,0.5639080266576392,0.07573632330894531,4.0,0.516018494689315
TS,31,20250810,20250828,trim_r1_to_r2,TSAL20250828_0830_interferenceAndInterferenceFree001,TSAL20250810_0830_staticAndStaticFree001,0.6396443499665845,1.0980747470951313,31,52,0.5656144950626106,0.07402985490397385,24.0,0.5203930823308652
TS,31,20250810,20250828,trim_r1_to_r2,TSAL20250828_0830_interferenceAndInterferenceFree001,TSAL20250810_0830_staticAndStaticFree001,0.6396443499665845,1.0980747470951313,32,51,0.5672821069755278,0.07236224299105665,6.0,0.5239241972396796
TS,31,20250810,20250828,trim_r1_to_r2,TSAL20250828_0830_interferenceAndInterferenceFree001,TSAL20250810_0830_staticAndStaticFree001,0.6396443499665845,1.0980747470951313,33,50,0.5691005707983849,0.07054377916819954,45.0,0.5227297433155302
TS,31,20250810,20250828,trim_r1_to_r2,TSAL20250828_0830_interferenceAndInterferenceFree001,TSAL20250810_0830_staticAndStaticFree001,0.6396443499665845,1.0980747470951313,34,49,0.5708002122825774,0.0688441376840071,44.0,0.5283091751777673
TS,31,20250810,20250828,trim_r1_to_r2,TSAL20250828_0830_interferenceAndInterferenceFree001,TSAL20250810_0830_staticAndStaticFree001,0.6396443499665845,1.0980747470951313,35,48,0.572585529097716,0.0670588208688685,14.0,0.5288452671268206
TS,31,20250810,20250828,trim_r1_to_r2,TSAL20250828_0830_interferenceAndInterferenceFree001,TSAL20250810_0830_staticAndStaticFree001,0.6396443499665845,1.0980747470951313,36,47,0.5743807852489434,0.06526356471764105,22.0,0.5312946376194821
TS,31,20250810,20250828,trim_r1_to_r2,TSAL20250828_0830_interferenceAndInterferenceFree001,TSAL20250810_0830_staticAndStaticFree001,0.6396443499665845,1.0980747470951313,37,46,0.5761500532078714,0.0634942967587131,13.0,0.5345722561730659
TS,31,20250810,20250828,trim_r1_to_r2,TSAL20250828_0830_interferenceAndInterferenceFree001,TSAL20250810_0830_staticAndStaticFree001,0.6396443499665845,1.0980747470951313,38,45,0.5779102575401743,0.06173409242641015,21.0,0.5374255578972065
TS,31,20250810,20250828,trim_r1_to_r2,TSAL20250828_0830_interferenceAndInterferenceFree001,TSAL20250810_0830_staticAndStaticFree001,0.6396443499665845,1.0980747470951313,39,44,0.5796564283141784,0.05998792165240607,5.0,0.5403675858990864
TS,31,20250810,20250828,trim_r1_to_r2,TSAL20250828_0830_interferenceAndInterferenceFree001,TSAL20250810_0830_staticAndStaticFree001,0.6396443499665845,1.0980747470951313,40,43,0.58120641758454,0.05843793238204453,51.0,0.5471066536365865
TS,31,20250810,20250828,trim_r1_to_r2,TSAL20250828_0830_interferenceAndInterferenceFree001,TSAL20250810_0830_staticAndStaticFree001,0.6396443499665845,1.0980747470951313,41,42,0.5827872414680307,0.05685710849855374,16.0,0.5487995279729793
TS,31,20250810,20250828,trim_r1_to_r2,TSAL20250828_0830_interferenceAndInterferenceFree001,TSAL20250810_0830_staticAndStaticFree001,0.6396443499665845,1.0980747470951313,42,41,0.5844596296909288,0.055184720275655685,18.0,0.5493394770100684
TS,31,20250810,20250828,trim_r1_to_r2,TSAL20250828_0830_interferenceAndInterferenceFree001,TSAL20250810_0830_staticAndStaticFree001,0.6396443499665845,1.0980747470951313,43,40,0.5862112250033015,0.05343312496328301,35.0,0.5503035210996641
TS,31,20250810,20250828,trim_r1_to_r2,TSAL20250828_0830_interferenceAndInterferenceFree001,TSAL20250810_0830_staticAndStaticFree001,0.6396443499665845,1.0980747470951313,44,39,0.5877972899779623,0.05184705998862216,47.0,0.5560759904847437
TS,31,20250810,20250828,trim_r1_to_r2,TSAL20250828_0830_interferenceAndInterferenceFree001,TSAL20250810_0830_staticAndStaticFree001,0.6396443499665845,1.0980747470951313,45,38,0.5896253077206632,0.05001904224592124,17.0,0.553978961737994
TS,31,20250810,20250828,trim_r1_to_r2,TSAL20250828_0830_interferenceAndInterferenceFree001,TSAL20250810_0830_staticAndStaticFree001,0.6396443499665845,1.0980747470951313,46,37,0.5913368809854086,0.04830746898117588,46.0,0.5588169889552466
TS,31,20250810,20250828,trim_r1_to_r2,TSAL20250828_0830_interferenceAndInterferenceFree001,TSAL20250810_0830_staticAndStaticFree001,0.6396443499665845,1.0980747470951313,47,36,0.5932359914898669,0.04640835847671754,57.0,0.5581024471573872
TS,31,20250810,20250828,trim_r1_to_r2,TSAL20250828_0830_interferenceAndInterferenceFree001,TSAL20250810_0830_staticAndStaticFree001,0.6396443499665845,1.0980747470951313,48,35,0.595075900633603,0.04456844933298143,34.0,0.5619575360463547
TS,31,20250810,20250828,trim_r1_to_r2,TSAL20250828_0830_interferenceAndInterferenceFree001,TSAL20250810_0830_staticAndStaticFree001,0.6396443499665845,1.0980747470951313,49,34,0.5971525113282744,0.042491838638310075,0.0,0.5608118241715252
TS,31,20250810,20250828,trim_r1_to_r2,TSAL20250828_0830_interferenceAndInterferenceFree001,TSAL20250810_0830_staticAndStaticFree001,0.6396443499665845,1.0980747470951313,50,33,0.5991049845877537,0.04053936537883074,58.0,0.5659129391766049
TS,31,20250810,20250828,trim_r1_to_r2,TSAL20250828_0830_interferenceAndInterferenceFree001,TSAL20250810_0830_staticAndStaticFree001,0.6396443499665845,1.0980747470951313,51,32,0.6012923193539514,0.03835203061263304,73.0,0.5652012957116899
TS,31,20250810,20250828,trim_r1_to_r2,TSAL20250828_0830_interferenceAndInterferenceFree001,TSAL20250810_0830_staticAndStaticFree001,0.6396443499665845,1.0980747470951313,52,31,0.6035085648934482,0.036135785073136306,8.0,0.5680486362615007
TS,31,20250810,20250828,trim_r1_to_r2,TSAL20250828_0830_interferenceAndInterferenceFree001,TSAL20250810_0830_staticAndStaticFree001,0.6396443499665845,1.0980747470951313,53,30,0.6051757788213431,0.03446857114524138,77.0,0.5793339629389717
TS,31,20250810,20250828,trim_r1_to_r2,TSAL20250828_0830_interferenceAndInterferenceFree001,TSAL20250810_0830_staticAndStaticFree001,0.6396443499665845,1.0980747470951313,54,29,0.6069451252323697,0.03269922473421483,82.0,0.5804049290669713
TS,31,20250810,20250828,trim_r1_to_r2,TSAL20250828_0830_interferenceAndInterferenceFree001,TSAL20250810_0830_staticAndStaticFree001,0.6396443499665845,1.0980747470951313,55,28,0.6087685455263753,0.03087580444020921,12.0,0.5823289512632931
TS,31,20250810,20250828,trim_r1_to_r2,TSAL20250828_0830_interferenceAndInterferenceFree001,TSAL20250810_0830_staticAndStaticFree001,0.6396443499665845,1.0980747470951313,56,27,0.6106103911929116,0.029033958773672874,39.0,0.584824551861405
TS,31,20250810,20250828,trim_r1_to_r2,TSAL20250828_0830_interferenceAndInterferenceFree001,TSAL20250810_0830_staticAndStaticFree001,0.6396443499665845,1.0980747470951313,57,26,0.6126507617762429,0.02699358819034159,56.0,0.5851057589012689
TS,31,20250810,20250828,trim_r1_to_r2,TSAL20250828_0830_interferenceAndInterferenceFree001,TSAL20250810_0830_staticAndStaticFree001,0.6396443499665845,1.0980747470951313,58,25,0.6147785893617408,0.02486576060484369,78.0,0.5871168307502674
TS,31,20250810,20250828,trim_r1_to_r2,TSAL20250828_0830_interferenceAndInterferenceFree001,TSAL20250810_0830_staticAndStaticFree001,0.6396443499665845,1.0980747470951313,59,24,0.6168937478524246,0.022750602114159912,29.0,0.5904542667188796
TS,31,20250810,20250828,trim_r1_to_r2,TSAL20250828_0830_interferenceAndInterferenceFree001,TSAL20250810_0830_staticAndStaticFree001,0.6396443499665845,1.0980747470951313,60,23,0.6194571663503989,0.020187183616185544,66.0,0.5886961443747056
TS,31,20250810,20250828,trim_r1_to_r2,TSAL20250828_0830_interferenceAndInterferenceFree001,TSAL20250810_0830_staticAndStaticFree001,0.6396443499665845,1.0980747470951313,61,22,0.6220070486729504,0.017637301293634056,9.0,0.5926834019636064
TS,31,20250810,20250828,trim_r1_to_r2,TSAL20250828_0830_interferenceAndInterferenceFree001,TSAL20250810_0830_staticAndStaticFree001,0.6396443499665845,1.0980747470951313,62,21,0.6247203115999379,0.014924038366646575,40.0,0.5948744194030773
TS,31,20250810,20250828,trim_r1_to_r2,TSAL20250828_0830_interferenceAndInterferenceFree001,TSAL20250810_0830_staticAndStaticFree001,0.6396443499665845,1.0980747470951313,63,20,0.6272626268629531,0.012381723103631392,36.0,0.600568316601293
TS,31,20250810,20250828,trim_r1_to_r2,TSAL20250828_0830_interferenceAndInterferenceFree001,TSAL20250810_0830_staticAndStaticFree001,0.6396443499665845,1.0980747470951313,64,19,0.6304133221083456,0.009231027858238927,59.0,0.598906369654421
TS,31,20250810,20250828,trim_r1_to_r2,TSAL20250828_0830_interferenceAndInterferenceFree001,TSAL20250810_0830_staticAndStaticFree001,0.6396443499665845,1.0980747470951313,65,18,0.6340123011632793,0.005632048803305145,32.0,0.5998220001414084
TS,31,20250810,20250828,trim_r1_to_r2,TSAL20250828_0830_interferenceAndInterferenceFree001,TSAL20250810_0830_staticAndStaticFree001,0.6396443499665845,1.0980747470951313,66,17,0.6383378187571975,0.0013065312093869519,3.0,0.5994081604119339
TS,31,20250810,20250828,trim_r1_to_r2,TSAL20250828_0830_interferenceAndInterferenceFree001,TSAL20250810_0830_staticAndStaticFree001,0.6396443499665845,1.0980747470951313,67,16,0.6422453752378389,0.0,1.0,0.6090311451523867
TS,32,20250810,20250829,trim_r2_to_r1,TSAL20250810_0830_staticAndStaticFree001,TSAL20250829_0830_interferenceAndInterferenceFree001,0.40232607353193583,0.6208159185674753,0,95,0.8623892010399029,0.2415732824724276,,
TS,32,20250810,20250829,trim_r2_to_r1,TSAL20250810_0830_staticAndStaticFree001,TSAL20250829_0830_interferenceAndInterferenceFree001,0.40232607353193583,0.6208159185674753,1,94,0.8463517775985947,0.2255358590311194,44.0,1.6081293910607353
TS,32,20250810,20250829,trim_r2_to_r1,TSAL20250810_0830_staticAndStaticFree001,TSAL20250829_0830_interferenceAndInterferenceFree001,0.40232607353193583,0.6208159185674753,2,93,0.835332684064129,0.21451676549665366,87.0,1.3532300801840176
TS,32,20250810,20250829,trim_r2_to_r1,TSAL20250810_0830_staticAndStaticFree001,TSAL20250829_0830_interferenceAndInterferenceFree001,0.40232607353193583,0.6208159185674753,3,92,0.8274853947329665,0.20666947616549114,93.0,1.1923843486320234
TS,32,20250810,20250829,trim_r2_to_r1,TSAL20250810_0830_staticAndStaticFree001,TSAL20250829_0830_interferenceAndInterferenceFree001,0.40232607353193583,0.6208159185674753,4,91,0.8227301756704767,0.20191425710300137,90.0,1.0414702525450104
TS,32,20250810,20250829,trim_r2_to_r1,TSAL20250810_0830_staticAndStaticFree001,TSAL20250829_0830_interferenceAndInterferenceFree001,0.40232607353193583,0.6208159185674753,5,90,0.8195165976773744,0.19870067910989908,56.0,0.9657343963635234
TS,32,20250810,20250829,trim_r2_to_r1,TSAL20250810_0830_staticAndStaticFree001,TSAL20250829_0830_interferenceAndInterferenceFree001,0.40232607353193583,0.6208159185674753,6,89,0.8167392763065305,0.19592335773905523,43.0,0.9417187379945096
TS,32,20250810,20250829,trim_r2_to_r1,TSAL20250810_0830_staticAndStaticFree001,TSAL20250829_0830_interferenceAndInterferenceFree001,0.40232607353193583,0.6208159185674753,7,88,0.8138707266669979,0.19305480809952258,80.0,0.9415211856261998
TS,32,20250810,20250829,trim_r2_to_r1,TSAL20250810_0830_staticAndStaticFree001,TSAL20250829_0830_interferenceAndInterferenceFree001,0.40232607353193583,0.6208159185674753,8,87,0.8109259834645415,0.19011006489706617,83.0,0.9404946843726187
TS,32,20250810,20250829,trim_r2_to_r1,TSAL20250810_0830_staticAndStaticFree001,TSAL20250829_0830_interferenceAndInterferenceFree001,0.40232607353193583,0.6208159185674753,9,86,0.807766271052302,0.18695035248482672,54.0,0.9452137609847254
TS,32,20250810,20250829,trim_r2_to_r1,TSAL20250810_0830_staticAndStaticFree001,TSAL20250829_0830_interferenceAndInterferenceFree001,0.40232607353193583,0.6208159185674753,10,85,0.8047107806239325,0.18389486205645722,79.0,0.9360968690438147
TS,32,20250810,20250829,trim_r2_to_r1,TSAL20250810_0830_staticAndStaticFree001,TSAL20250829_0830_interferenceAndInterferenceFree001,0.40232607353193583,0.6208159185674753,11,84,0.8015695640713117,0.18075364550383644,81.0,0.935071267557698
TS,32,20250810,20250829,trim_r2_to_r1,TSAL20250810_0830_staticAndStaticFree001,TSAL20250829_0830_interferenceAndInterferenceFree001,0.40232607353193583,0.6208159185674753,12,83,0.7986429219509185,0.17782700338344315,92.0,0.92156189100744
TS,32,20250810,20250829,trim_r2_to_r1,TSAL20250810_0830_staticAndStaticFree001,TSAL20250829_0830_interferenceAndInterferenceFree001,0.40232607353193583,0.6208159185674753,13,82,0.7958035791171044,0.1749876605496291,62.0,0.9136363067203823
TS,32,20250810,20250829,trim_r2_to_r1,TSAL20250810_0830_staticAndStaticFree001,TSAL20250829_0830_interferenceAndInterferenceFree001,0.40232607353193583,0.6208159185674753,14,81,0.7930873976030884,0.17227147903561313,74.0,0.9044508396777416
TS,32,20250810,20250829,trim_r2_to_r1,TSAL20250810_0830_staticAndStaticFree001,TSAL20250829_0830_interferenceAndInterferenceFree001,0.40232607353193583,0.6208159185674753,15,80,0.7903371307396826,0.16952121217220728,69.0,0.9017229387076201
TS,32,20250810,20250829,trim_r2_to_r1,TSAL20250810_0830_staticAndStaticFree001,TSAL20250829_0830_interferenceAndInterferenceFree001,0.40232607353193583,0.6208159185674753,16,79,0.7875377044139552,0.1667217858464799,82.0,0.8995147574430503
TS,32,20250810,20250829,trim_r2_to_r1,TSAL20250810_0830_staticAndStaticFree001,TSAL20250829_0830_interferenceAndInterferenceFree001,0.40232607353193583,0.6208159185674753,17,78,0.7848362109529485,0.16402029238547322,59.0,0.8915452026627136
TS,32,20250810,20250829,trim_r2_to_r1,TSAL20250810_0830_staticAndStaticFree001,TSAL20250829_0830_interferenceAndInterferenceFree001,0.40232607353193583,0.6208159185674753,18,77,0.7821295200933498,0.16131360152587448,89.0,0.8876904636177033
TS,32,20250810,20250829,trim_r2_to_r1,TSAL20250810_0830_staticAndStaticFree001,TSAL20250829_0830_interferenceAndInterferenceFree001,0.40232607353193583,0.6208159185674753,19,76,0.7793530026243749,0.1585370840568996,66.0,0.8862489251799076
TS,32,20250810,20250829,trim_r2_to_r1,TSAL20250810_0830_staticAndStaticFree001,TSAL20250829_0830_interferenceAndInterferenceFree001,0.40232607353193583,0.6208159185674753,20,75,0.7763504867357351,0.15553456816825983,78.0,0.8904460905040421
TS,32,20250810,20250829,trim_r2_to_r1,TSAL20250810_0830_staticAndStaticFree001,TSAL20250829_0830_interferenceAndInterferenceFree001,0.40232607353193583,0.6208159185674753,21,74,0.7733139617269001,0.15249804315942483,76.0,0.8871836495582134
TS,32,20250810,20250829,trim_r2_to_r1,TSAL20250810_0830_staticAndStaticFree001,TSAL20250829_0830_interferenceAndInterferenceFree001,0.40232607353193583,0.6208159185674753,22,73,0.770186670512866,0.14937075194539073,48.0,0.8858964454321321
TS,32,20250810,20250829,trim_r2_to_r1,TSAL20250810_0830_staticAndStaticFree001,TSAL20250829_0830_interferenceAndInterferenceFree001,0.40232607353193583,0.6208159185674753,23,72,0.7670548064083125,0.14623888784083716,91.0,0.8813678462245156
TS,32,20250810,20250829,trim_r2_to_r1,TSAL20250810_0830_staticAndStaticFree001,TSAL20250829_0830_interferenceAndInterferenceFree001,0.40232607353193583,0.6208159185674753,24,71,0.7639566229723977,0.14314070440492244,72.0,0.8754912266653292
TS,32,20250810,20250829,trim_r2_to_r1,TSAL20250810_0830_staticAndStaticFree001,TSAL20250829_0830_interferenceAndInterferenceFree001,0.40232607353193583,0.6208159185674753,25,70,0.7607585514068785,0.13994263283940322,85.0,0.8742900919828056
TS,32,20250810,20250829,trim_r2_to_r1,TSAL20250810_0830_staticAndStaticFree001,TSAL20250829_0830_interferenceAndInterferenceFree001,0.40232607353193583,0.6208159185674753,26,69,0.757395713440255,0.13657979487277971,45.0,0.8750950422720816
TS,32,20250810,20250829,trim_r2_to_r1,TSAL20250810_0830_staticAndStaticFree001,TSAL20250829_0830_interferenceAndInterferenceFree001,0.40232607353193583,0.6208159185674753,27,68,0.7539145382816139,0.1330986197141386,94.0,0.8740150812547309
TS,32,20250810,20250829,trim_r2_to_r1,TSAL20250810_0830_staticAndStaticFree001,TSAL20250829_0830_interferenceAndInterferenceFree001,0.40232607353193583,0.6208159185674753,28,67,0.7503054629337076,0.12948954436623228,55.0,0.8730140247625211
TS,32,20250810,20250829,trim_r2_to_r1,TSAL20250810_0830_staticAndStaticFree001,TSAL20250829_0830_interferenceAndInterferenceFree001,0.40232607353193583,0.6208159185674753,29,66,0.7465276848360549,0.1257117662685796,84.0,0.8730832511074187
TS,32,20250810,20250829,trim_r2_to_r1,TSAL20250810_0830_staticAndStaticFree001,TSAL20250829_0830_interferenceAndInterferenceFree001,0.40232607353193583,0.6208159185674753,30,65,0.7425456985709811,0.12172978000350576,42.0,0.8739512453184205
TS,32,20250810,20250829,trim_r2_to_r1,TSAL20250810_0830_staticAndStaticFree001,TSAL20250829_0830_interferenceAndInterferenceFree001,0.40232607353193583,0.6208159185674753,31,64,0.7387336088940298,0.11791769032655453,75.0,0.862626523394946
TS,32,20250810,20250829,trim_r2_to_r1,TSAL20250810_0830_staticAndStaticFree001,TSAL20250829_0830_interferenceAndInterferenceFree001,0.40232607353193583,0.6208159185674753,32,63,0.7350329060864593,0.11421698751898401,77.0,0.8534553959287179
TS,32,20250810,20250829,trim_r2_to_r1,TSAL20250810_0830_staticAndStaticFree001,TSAL20250829_0830_interferenceAndInterferenceFree001,0.40232607353193583,0.6208159185674753,33,62,0.7310924187625932,0.11027650019511792,60.0,0.8552177694643736
TS,32,20250810,20250829,trim_r2_to_r1,TSAL20250810_0830_staticAndStaticFree001,TSAL20250829_0830_interferenceAndInterferenceFree001,0.40232607353193583,0.6208159185674753,34,61,0.726947882782056,0.10613196421458071,53.0,0.8554284981787099
TS,32,20250810,20250829,trim_r2_to_r1,TSAL20250810_0830_staticAndStaticFree001,TSAL20250829_0830_interferenceAndInterferenceFree001,0.40232607353193583,0.6208159185674753,35,60,0.7225611156885683,0.10174519712109298,49.0,0.8563575120399414
TS,32,20250810,20250829,trim_r2_to_r1,TSAL20250810_0830_staticAndStaticFree001,TSAL20250829_0830_interferenceAndInterferenceFree001,0.40232607353193583,0.6208159185674753,36,59,0.7181695684635242,0.09735364989604889,51.0,0.8499159852148478
TS,32,20250810,20250829,trim_r2_to_r1,TSAL20250810_0830_staticAndStaticFree001,TSAL20250829_0830_interferenceAndInterferenceFree001,0.40232607353193583,0.6208159185674753,37,58,0.7133618688311901,0.09254595026371482,70.0,0.8551890079850426
TS,32,20250810,20250829,trim_r2_to_r1,TSAL20250810_0830_staticAndStaticFree001,TSAL20250829_0830_interferenceAndInterferenceFree001,0.40232607353193583,0.6208159185674753,38,57,0.7082223582493323,0.08740643968185702,67.0,0.8572681651232118
TS,32,20250810,20250829,trim_r2_to_r1,TSAL20250810_0830_staticAndStaticFree001,TSAL20250829_0830_interferenceAndInterferenceFree001,0.40232607353193583,0.6208159185674753,39,56,0.7030539472862577,0.08223802871878239,68.0,0.8503536597338835
TS,32,20250810,20250829,trim_r2_to_r1,TSAL20250810_0830_staticAndStaticFree001,TSAL20250829_0830_interferenceAndInterferenceFree001,0.40232607353193583,0.6208159185674753,40,55,0.6982425578159561,0.07742663924848081,46.0,0.8329614629844031
TS,32,20250810,20250829,trim_r2_to_r1,TSAL20250810_0830_staticAndStaticFree001,TSAL20250829_0830_interferenceAndInterferenceFree001,0.40232607353193583,0.6208159185674753,41,54,0.6931148541714216,0.07229893560394629,86.0,0.834126704396119
TS,32,20250810,20250829,trim_r2_to_r1,TSAL20250810_0830_staticAndStaticFree001,TSAL20250829_0830_interferenceAndInterferenceFree001,0.40232607353193583,0.6208159185674753,42,53,0.6883203731448867,0.06750445457741139,50.0,0.8177713608613284
TS,32,20250810,20250829,trim_r2_to_r1,TSAL20250810_0830_staticAndStaticFree001,TSAL20250829_0830_interferenceAndInterferenceFree001,0.40232607353193583,0.6208159185674753,43,52,0.6833462913014317,0.06253037273395634,71.0,0.8151594601529918
TS,32,20250810,20250829,trim_r2_to_r1,TSAL20250810_0830_staticAndStaticFree001,TSAL20250829_0830_interferenceAndInterferenceFree001,0.40232607353193583,0.6208159185674753,44,51,0.6785197094289619,0.05770379086148658,57.0,0.8040108381131732
TS,32,20250810,20250829,trim_r2_to_r1,TSAL20250810_0830_staticAndStaticFree001,TSAL20250829_0830_interferenceAndInterferenceFree001,0.40232607353193583,0.6208159185674753,45,50,0.6732769056491638,0.05246098708168845,88.0,0.8069684020340148
TS,32,20250810,20250829,trim_r2_to_r1,TSAL20250810_0830_staticAndStaticFree001,TSAL20250829_0830_interferenceAndInterferenceFree001,0.40232607353193583,0.6208159185674753,46,49,0.6675062025635176,0.04669028399604225,65.0,0.8117737797046728
TS,32,20250810,20250829,trim_r2_to_r1,TSAL20250810_0830_staticAndStaticFree001,TSAL20250829_0830_interferenceAndInterferenceFree001,0.40232607353193583,0.6208159185674753,47,48,0.6611243384415909,0.0403084198741156,73.0,0.8174800094287944
TS,32,20250810,20250829,trim_r2_to_r1,TSAL20250810_0830_staticAndStaticFree001,TSAL20250829_0830_interferenceAndInterferenceFree001,0.40232607353193583,0.6208159185674753,48,47,0.6552352912559138,0.03441937268843853,63.0,0.7965724237121689
TS,32,20250810,20250829,trim_r2_to_r1,TSAL20250810_0830_staticAndStaticFree001,TSAL20250829_0830_interferenceAndInterferenceFree001,0.40232607353193583,0.6208159185674753,49,46,0.6487841792803314,0.027968260712856075,64.0,0.8003853107065153
TS,32,20250810,20250829,trim_r2_to_r1,TSAL20250810_0830_staticAndStaticFree001,TSAL20250829_0830_interferenceAndInterferenceFree001,0.40232607353193583,0.6208159185674753,50,45,0.6420467344928763,0.021230815925400992,52.0,0.7970079646043425
TS,32,20250810,20250829,trim_r2_to_r1,TSAL20250810_0830_staticAndStaticFree001,TSAL20250829_0830_interferenceAndInterferenceFree001,0.40232607353193583,0.6208159185674753,51,44,0.6353052691969812,0.014489350629505848,61.0,0.7869882383546202
TS,32,20250810,20250829,trim_r2_to_r1,TSAL20250810_0830_staticAndStaticFree001,TSAL20250829_0830_interferenceAndInterferenceFree001,0.40232607353193583,0.6208159185674753,52,43,0.6288024117800991,0.00798649321262379,58.0,0.7718652749515069
TS,32,20250810,20250829,trim_r2_to_r1,TSAL20250810_0830_staticAndStaticFree001,TSAL20250829_0830_interferenceAndInterferenceFree001,0.40232607353193583,0.6208159185674753,53,42,0.6222279594015852,0.00141204083410984,47.0,0.7635786855396322
TS,32,20250810,20250829,trim_r2_to_r1,TSAL20250810_0830_staticAndStaticFree001,TSAL20250829_0830_interferenceAndInterferenceFree001,0.40232607353193583,0.6208159185674753,54,41,0.6171157354312674,0.0,38.0,0.7244724388079428
TS,32,20250810,20250829,trim_r1_to_r2,TSAL20250829_0830_interferenceAndInterferenceFree001,TSAL20250810_0830_staticAndStaticFree001,0.5900149820428311,1.1347634200369747,0,83,0.5115709960497056,0.07844398599312552,,
TS,32,20250810,20250829,trim_r1_to_r2,TSAL20250829_0830_interferenceAndInterferenceFree001,TSAL20250810_0830_staticAndStaticFree001,0.5900149820428311,1.1347634200369747,1,82,0.513707081866893,0.07630790017593814,68.0,0.4250595204536149
TS,32,20250810,20250829,trim_r1_to_r2,TSAL20250829_0830_interferenceAndInterferenceFree001,TSAL20250810_0830_staticAndStaticFree001,0.5900149820428311,1.1347634200369747,2,81,0.515703337710833,0.0743116443319981,63.0,0.43385684810929226
TS,32,20250810,20250829,trim_r1_to_r2,TSAL20250829_0830_interferenceAndInterferenceFree001,TSAL20250810_0830_staticAndStaticFree001,0.5900149820428311,1.1347634200369747,3,80,0.5177458450382252,0.07226913700460591,79.0,0.4350242982788382
TS,32,20250810,20250829,trim_r1_to_r2,TSAL20250829_0830_interferenceAndInterferenceFree001,TSAL20250810_0830_staticAndStaticFree001,0.5900149820428311,1.1347634200369747,4,79,0.5197803007319389,0.07023468131089217,64.0,0.4384020729833899
TS,32,20250810,20250829,trim_r1_to_r2,TSAL20250829_0830_interferenceAndInterferenceFree001,TSAL20250810_0830_staticAndStaticFree001,0.5900149820428311,1.1347634200369747,5,78,0.5218165388624609,0.06819844318037016,23.0,0.4413851327068438
TS,32,20250810,20250829,trim_r1_to_r2,TSAL20250829_0830_interferenceAndInterferenceFree001,TSAL20250810_0830_staticAndStaticFree001,0.5900149820428311,1.1347634200369747,6,77,0.5238965598708596,0.0661184221719715,69.0,0.44277574054331165
TS,32,20250810,20250829,trim_r1_to_r2,TSAL20250829_0830_interferenceAndInterferenceFree001,TSAL20250810_0830_staticAndStaticFree001,0.5900149820428311,1.1347634200369747,7,76,0.5258966238935984,0.06411835814923272,80.0,0.4488941590181543
TS,32,20250810,20250829,trim_r1_to_r2,TSAL20250829_0830_interferenceAndInterferenceFree001,TSAL20250810_0830_staticAndStaticFree001,0.5900149820428311,1.1347634200369747,8,75,0.5276684078816352,0.06234657416119593,26.0,0.46034061633623535
TS,32,20250810,20250829,trim_r1_to_r2,TSAL20250829_0830_interferenceAndInterferenceFree001,TSAL20250810_0830_staticAndStaticFree001,0.5900149820428311,1.1347634200369747,9,74,0.5294214281711452,0.06059355387168586,48.0,0.46368316731451936
TS,32,20250810,20250829,trim_r1_to_r2,TSAL20250829_0830_interferenceAndInterferenceFree001,TSAL20250810_0830_staticAndStaticFree001,0.5900149820428311,1.1347634200369747,10,73,0.5311744872094829,0.05884049483334819,60.0,0.4663113027909882
TS,32,20250810,20250829,trim_r1_to_r2,TSAL20250829_0830_interferenceAndInterferenceFree001,TSAL20250810_0830_staticAndStaticFree001,0.5900149820428311,1.1347634200369747,11,72,0.5329583048655516,0.05705667717727947,75.0,0.46784896041904467
TS,32,20250810,20250829,trim_r1_to_r2,TSAL20250829_0830_interferenceAndInterferenceFree001,TSAL20250810_0830_staticAndStaticFree001,0.5900149820428311,1.1347634200369747,12,71,0.5347555667466181,0.05525941529621303,41.0,0.4700541390282266
TS,32,20250810,20250829,trim_r1_to_r2,TSAL20250829_0830_interferenceAndInterferenceFree001,TSAL20250810_0830_staticAndStaticFree001,0.5900149820428311,1.1347634200369747,13,70,0.5363345618527543,0.053680420190076794,38.0,0.48028023558491606
TS,32,20250810,20250829,trim_r1_to_r2,TSAL20250829_0830_interferenceAndInterferenceFree001,TSAL20250810_0830_staticAndStaticFree001,0.5900149820428311,1.1347634200369747,14,69,0.5378577105953426,0.052157271447488496,49.0,0.4845475046047528
TS,32,20250810,20250829,trim_r1_to_r2,TSAL20250829_0830_interferenceAndInterferenceFree001,TSAL20250810_0830_staticAndStaticFree001,0.5900149820428311,1.1347634200369747,15,68,0.5394001180015233,0.05061486404130777,55.0,0.48618706248828664
TS,32,20250810,20250829,trim_r1_to_r2,TSAL20250829_0830_interferenceAndInterferenceFree001,TSAL20250810_0830_staticAndStaticFree001,0.5900149820428311,1.1347634200369747,16,67,0.5409331902168246,0.04908179182600647,7.0,0.4888087348965823
TS,32,20250810,20250829,trim_r1_to_r2,TSAL20250829_0830_interferenceAndInterferenceFree001,TSAL20250810_0830_staticAndStaticFree001,0.5900149820428311,1.1347634200369747,17,66,0.5425276490692532,0.04748733297357788,67.0,0.48911327751289224
TS,32,20250810,20250829,trim_r1_to_r2,TSAL20250829_0830_interferenceAndInterferenceFree001,TSAL20250810_0830_staticAndStaticFree001,0.5900149820428311,1.1347634200369747,18,65,0.5441049948282153,0.04590998721461581,10.0,0.49205258478246866
TS,32,20250810,20250829,trim_r1_to_r2,TSAL20250829_0830_interferenceAndInterferenceFree001,TSAL20250810_0830_staticAndStaticFree001,0.5900149820428311,1.1347634200369747,19,64,0.5456661867487108,0.04434879529412028,70.0,0.49492744933260746
TS,32,20250810,20250829,trim_r1_to_r2,TSAL20250829_0830_interferenceAndInterferenceFree001,TSAL20250810_0830_staticAndStaticFree001,0.5900149820428311,1.1347634200369747,20,63,0.5472805602456099,0.0427344217972212,25.0,0.4956206083448382
TS,32,20250810,20250829,trim_r1_to_r2,TSAL20250829_0830_interferenceAndInterferenceFree001,TSAL20250810_0830_staticAndStaticFree001,0.5900149820428311,1.1347634200369747,21,62,0.5489406673789917,0.04107431466383937,61.0,0.49664729267746344
TS,32,20250810,20250829,trim_r1_to_r2,TSAL20250829_0830_interferenceAndInterferenceFree001,TSAL20250810_0830_staticAndStaticFree001,0.5900149820428311,1.1347634200369747,22,61,0.5505345230208754,0.03948045902195574,62.0,0.5011249981224839
TS,32,20250810,20250829,trim_r1_to_r2,TSAL20250829_0830_interferenceAndInterferenceFree001,TSAL20250810_0830_staticAndStaticFree001,0.5900149820428311,1.1347634200369747,23,60,0.5521943716257698,0.03782061041706131,27.0,0.5015689891764921
TS,32,20250810,20250829,trim_r1_to_r2,TSAL20250829_0830_interferenceAndInterferenceFree001,TSAL20250810_0830_staticAndStaticFree001,0.5900149820428311,1.1347634200369747,24,59,0.5537943324608503,0.03622064958198079,37.0,0.5057955074084328
TS,32,20250810,20250829,trim_r1_to_r2,TSAL20250829_0830_interferenceAndInterferenceFree001,TSAL20250810_0830_staticAndStaticFree001,0.5900149820428311,1.1347634200369747,25,58,0.5554952044065242,0.03451977763630687,33.0,0.505319482009144
TS,32,20250810,20250829,trim_r1_to_r2,TSAL20250829_0830_interferenceAndInterferenceFree001,TSAL20250810_0830_staticAndStaticFree001,0.5900149820428311,1.1347634200369747,26,57,0.5571706026971927,0.03284437934563844,2.0,0.5085840522678096
TS,32,20250810,20250829,trim_r1_to_r2,TSAL20250829_0830_interferenceAndInterferenceFree001,TSAL20250810_0830_staticAndStaticFree001,0.5900149820428311,1.1347634200369747,27,56,0.5588159517688394,0.031199030273991735,52.0,0.511923503226908
TS,32,20250810,20250829,trim_r1_to_r2,TSAL20250829_0830_interferenceAndInterferenceFree001,TSAL20250810_0830_staticAndStaticFree001,0.5900149820428311,1.1347634200369747,28,55,0.5604410261863892,0.029573955856441847,81.0,0.514938942494991
TS,32,20250810,20250829,trim_r1_to_r2,TSAL20250829_0830_interferenceAndInterferenceFree001,TSAL20250810_0830_staticAndStaticFree001,0.5900149820428311,1.1347634200369747,29,54,0.5621343402884419,0.0278806417543892,31.0,0.5155682024819929
TS,32,20250810,20250829,trim_r1_to_r2,TSAL20250829_0830_interferenceAndInterferenceFree001,TSAL20250810_0830_staticAndStaticFree001,0.5900149820428311,1.1347634200369747,30,53,0.5639080266576392,0.02610695538519192,4.0,0.516018494689315
TS,32,20250810,20250829,trim_r1_to_r2,TSAL20250829_0830_interferenceAndInterferenceFree001,TSAL20250810_0830_staticAndStaticFree001,0.5900149820428311,1.1347634200369747,31,52,0.5656144950626106,0.02440048698022046,24.0,0.5203930823308652
TS,32,20250810,20250829,trim_r1_to_r2,TSAL20250829_0830_interferenceAndInterferenceFree001,TSAL20250810_0830_staticAndStaticFree001,0.5900149820428311,1.1347634200369747,32,51,0.5672821069755278,0.02273287506730326,6.0,0.5239241972396796
TS,32,20250810,20250829,trim_r1_to_r2,TSAL20250829_0830_interferenceAndInterferenceFree001,TSAL20250810_0830_staticAndStaticFree001,0.5900149820428311,1.1347634200369747,33,50,0.5691005707983849,0.02091441124444615,45.0,0.5227297433155302
TS,32,20250810,20250829,trim_r1_to_r2,TSAL20250829_0830_interferenceAndInterferenceFree001,TSAL20250810_0830_staticAndStaticFree001,0.5900149820428311,1.1347634200369747,34,49,0.5708002122825774,0.019214769760253714,44.0,0.5283091751777673
TS,32,20250810,20250829,trim_r1_to_r2,TSAL20250829_0830_interferenceAndInterferenceFree001,TSAL20250810_0830_staticAndStaticFree001,0.5900149820428311,1.1347634200369747,35,48,0.572585529097716,0.01742945294511511,14.0,0.5288452671268206
TS,32,20250810,20250829,trim_r1_to_r2,TSAL20250829_0830_interferenceAndInterferenceFree001,TSAL20250810_0830_staticAndStaticFree001,0.5900149820428311,1.1347634200369747,36,47,0.5743807852489434,0.015634196793887667,22.0,0.5312946376194821
TS,32,20250810,20250829,trim_r1_to_r2,TSAL20250829_0830_interferenceAndInterferenceFree001,TSAL20250810_0830_staticAndStaticFree001,0.5900149820428311,1.1347634200369747,37,46,0.5761500532078714,0.013864928834959711,13.0,0.5345722561730659
TS,32,20250810,20250829,trim_r1_to_r2,TSAL20250829_0830_interferenceAndInterferenceFree001,TSAL20250810_0830_staticAndStaticFree001,0.5900149820428311,1.1347634200369747,38,45,0.5779102575401743,0.01210472450265676,21.0,0.5374255578972065
TS,32,20250810,20250829,trim_r1_to_r2,TSAL20250829_0830_interferenceAndInterferenceFree001,TSAL20250810_0830_staticAndStaticFree001,0.5900149820428311,1.1347634200369747,39,44,0.5796564283141784,0.010358553728652686,5.0,0.5403675858990864
TS,32,20250810,20250829,trim_r1_to_r2,TSAL20250829_0830_interferenceAndInterferenceFree001,TSAL20250810_0830_staticAndStaticFree001,0.5900149820428311,1.1347634200369747,40,43,0.58120641758454,0.008808564458291146,51.0,0.5471066536365865
TS,32,20250810,20250829,trim_r1_to_r2,TSAL20250829_0830_interferenceAndInterferenceFree001,TSAL20250810_0830_staticAndStaticFree001,0.5900149820428311,1.1347634200369747,41,42,0.5827872414680307,0.0072277405748003565,16.0,0.5487995279729793
TS,32,20250810,20250829,trim_r1_to_r2,TSAL20250829_0830_interferenceAndInterferenceFree001,TSAL20250810_0830_staticAndStaticFree001,0.5900149820428311,1.1347634200369747,42,41,0.5844596296909288,0.0055553523519022985,18.0,0.5493394770100684
TS,32,20250810,20250829,trim_r1_to_r2,TSAL20250829_0830_interferenceAndInterferenceFree001,TSAL20250810_0830_staticAndStaticFree001,0.5900149820428311,1.1347634200369747,43,40,0.5862112250033015,0.0038037570395296205,35.0,0.5503035210996641
TS,32,20250810,20250829,trim_r1_to_r2,TSAL20250829_0830_interferenceAndInterferenceFree001,TSAL20250810_0830_staticAndStaticFree001,0.5900149820428311,1.1347634200369747,44,39,0.5877972899779623,0.0022176920648687704,47.0,0.5560759904847437
TS,32,20250810,20250829,trim_r1_to_r2,TSAL20250829_0830_interferenceAndInterferenceFree001,TSAL20250810_0830_staticAndStaticFree001,0.5900149820428311,1.1347634200369747,45,38,0.5896253077206632,0.00038967432216785447,17.0,0.553978961737994
TS,32,20250810,20250829,trim_r1_to_r2,TSAL20250829_0830_interferenceAndInterferenceFree001,TSAL20250810_0830_staticAndStaticFree001,0.5900149820428311,1.1347634200369747,46,37,0.5913368809854086,0.0,46.0,0.5588169889552466
TS,33,20250810,20250830,trim_r2_to_r1,TSAL20250810_0830_staticAndStaticFree001,TSAL20250830_0830_interferenceAndInterferenceFree001,0.40232607353193583,0.6208159185674753,0,79,0.7607158166146287,0.13989989804715341,,
TS,33,20250810,20250830,trim_r2_to_r1,TSAL20250810_0830_staticAndStaticFree001,TSAL20250830_0830_interferenceAndInterferenceFree001,0.40232607353193583,0.6208159185674753,1,78,0.7532223286927949,0.13240641012531962,15.0,1.0492151016052262
TS,33,20250810,20250830,trim_r2_to_r1,TSAL20250810_0830_staticAndStaticFree001,TSAL20250830_0830_interferenceAndInterferenceFree001,0.40232607353193583,0.6208159185674753,2,77,0.7460769185030802,0.1252609999356049,25.0,1.0247479159019566
TS,33,20250810,20250830,trim_r2_to_r1,TSAL20250810_0830_staticAndStaticFree001,TSAL20250830_0830_interferenceAndInterferenceFree001,0.40232607353193583,0.6208159185674753,3,76,0.7403171660035083,0.11950124743603296,40.0,0.9620676372370269
TS,33,20250810,20250830,trim_r2_to_r1,TSAL20250810_0830_staticAndStaticFree001,TSAL20250830_0830_interferenceAndInterferenceFree001,0.40232607353193583,0.6208159185674753,4,75,0.7352413130706484,0.11442539450317313,62.0,0.9281237245193258
TS,33,20250810,20250830,trim_r2_to_r1,TSAL20250810_0830_staticAndStaticFree001,TSAL20250830_0830_interferenceAndInterferenceFree001,0.40232607353193583,0.6208159185674753,5,74,0.730258068088972,0.10944214952149667,64.0,0.9171297549018407
TS,33,20250810,20250830,trim_r2_to_r1,TSAL20250810_0830_staticAndStaticFree001,TSAL20250830_0830_interferenceAndInterferenceFree001,0.40232607353193583,0.6208159185674753,6,73,0.72523164525366,0.1044157266861847,41.0,0.9112092901601999
TS,33,20250810,20250830,trim_r2_to_r1,TSAL20250810_0830_staticAndStaticFree001,TSAL20250830_0830_interferenceAndInterferenceFree001,0.40232607353193583,0.6208159185674753,7,72,0.7203990243517653,0.09958310578428997,65.0,0.8967896872709239
TS,33,20250810,20250830,trim_r2_to_r1,TSAL20250810_0830_staticAndStaticFree001,TSAL20250830_0830_interferenceAndInterferenceFree001,0.40232607353193583,0.6208159185674753,8,71,0.7156798964163366,0.09486397784886125,63.0,0.8855685020917664
TS,33,20250810,20250830,trim_r2_to_r1,TSAL20250810_0830_staticAndStaticFree001,TSAL20250830_0830_interferenceAndInterferenceFree001,0.40232607353193583,0.6208159185674753,9,70,0.7107760860815596,0.08996016751408431,67.0,0.8848613529661441
TS,33,20250810,20250830,trim_r2_to_r1,TSAL20250810_0830_staticAndStaticFree001,TSAL20250830_0830_interferenceAndInterferenceFree001,0.40232607353193583,0.6208159185674753,10,69,0.7057875242017544,0.08497160563427908,10.0,0.8803871899949374
TS,33,20250810,20250830,trim_r2_to_r1,TSAL20250810_0830_staticAndStaticFree001,TSAL20250830_0830_interferenceAndInterferenceFree001,0.40232607353193583,0.6208159185674753,11,68,0.7009617170816653,0.08014579851419001,66.0,0.8674520627247374
TS,33,20250810,20250830,trim_r2_to_r1,TSAL20250810_0830_staticAndStaticFree001,TSAL20250830_0830_interferenceAndInterferenceFree001,0.40232607353193583,0.6208159185674753,12,67,0.6960882343249117,0.07527231575743643,78.0,0.8617866480545344
TS,33,20250810,20250830,trim_r2_to_r1,TSAL20250810_0830_staticAndStaticFree001,TSAL20250830_0830_interferenceAndInterferenceFree001,0.40232607353193583,0.6208159185674753,13,66,0.6917449026788705,0.07092898411139514,71.0,0.8372465128212512
TS,33,20250810,20250830,trim_r2_to_r1,TSAL20250810_0830_staticAndStaticFree001,TSAL20250830_0830_interferenceAndInterferenceFree001,0.40232607353193583,0.6208159185674753,14,65,0.6871077489055665,0.06629183033809116,76.0,0.8401338234245985
TS,33,20250810,20250830,trim_r2_to_r1,TSAL20250810_0830_staticAndStaticFree001,TSAL20250830_0830_interferenceAndInterferenceFree001,0.40232607353193583,0.6208159185674753,15,64,0.6823638837826677,0.061547965215192346,58.0,0.8365395002768805
TS,33,20250810,20250830,trim_r2_to_r1,TSAL20250810_0830_staticAndStaticFree001,TSAL20250830_0830_interferenceAndInterferenceFree001,0.40232607353193583,0.6208159185674753,16,63,0.6779704060752362,0.057154487507760865,50.0,0.8185616927130437
TS,33,20250810,20250830,trim_r2_to_r1,TSAL20250810_0830_staticAndStaticFree001,TSAL20250830_0830_interferenceAndInterferenceFree001,0.40232607353193583,0.6208159185674753,17,62,0.6735563195237949,0.0527404009563196,54.0,0.8126000458941938
TS,33,20250810,20250830,trim_r2_to_r1,TSAL20250810_0830_staticAndStaticFree001,TSAL20250830_0830_interferenceAndInterferenceFree001,0.40232607353193583,0.6208159185674753,18,61,0.6690581027178631,0.048242184150387835,51.0,0.808502823701752
TS,33,20250810,20250830,trim_r2_to_r1,TSAL20250810_0830_staticAndStaticFree001,TSAL20250830_0830_interferenceAndInterferenceFree001,0.40232607353193583,0.6208159185674753,19,60,0.6644839411106535,0.04366802254317814,52.0,0.803995870130546
TS,33,20250810,20250830,trim_r2_to_r1,TSAL20250810_0830_staticAndStaticFree001,TSAL20250830_0830_interferenceAndInterferenceFree001,0.40232607353193583,0.6208159185674753,20,59,0.6599345780355929,0.039118659468117545,69.0,0.7964154702874082
TS,33,20250810,20250830,trim_r2_to_r1,TSAL20250810_0830_staticAndStaticFree001,TSAL20250830_0830_interferenceAndInterferenceFree001,0.40232607353193583,0.6208159185674753,21,58,0.6552670615078596,0.034451142940384316,70.0,0.7929587990759963
TS,33,20250810,20250830,trim_r2_to_r1,TSAL20250810_0830_staticAndStaticFree001,TSAL20250830_0830_interferenceAndInterferenceFree001,0.40232607353193583,0.6208159185674753,22,57,0.65027584363478,0.02945992506730466,75.0,0.7950211619540893
TS,33,20250810,20250830,trim_r2_to_r1,TSAL20250810_0830_staticAndStaticFree001,TSAL20250830_0830_interferenceAndInterferenceFree001,0.40232607353193583,0.6208159185674753,23,56,0.6453445825188038,0.024528663951328467,47.0,0.7858855243241208
TS,33,20250810,20250830,trim_r2_to_r1,TSAL20250810_0830_staticAndStaticFree001,TSAL20250830_0830_interferenceAndInterferenceFree001,0.40232607353193583,0.6208159185674753,24,55,0.6409062123019392,0.020090293734463915,74.0,0.7651805783741491
TS,33,20250810,20250830,trim_r2_to_r1,TSAL20250810_0830_staticAndStaticFree001,TSAL20250830_0830_interferenceAndInterferenceFree001,0.40232607353193583,0.6208159185674753,25,54,0.636272657248497,0.015456738681021709,42.0,0.7636954212181557
TS,33,20250810,20250830,trim_r2_to_r1,TSAL20250810_0830_staticAndStaticFree001,TSAL20250830_0830_interferenceAndInterferenceFree001,0.40232607353193583,0.6208159185674753,26,53,0.632551646022283,0.011735727454807665,13.0,0.7330189491300624
TS,33,20250810,20250830,trim_r2_to_r1,TSAL20250810_0830_staticAndStaticFree001,TSAL20250830_0830_interferenceAndInterferenceFree001,0.40232607353193583,0.6208159185674753,27,52,0.6288401796291824,0.008024261061707061,37.0,0.727194039046351
TS,33,20250810,20250830,trim_r2_to_r1,TSAL20250810_0830_staticAndStaticFree001,TSAL20250830_0830_interferenceAndInterferenceFree001,0.40232607353193583,0.6208159185674753,28,51,0.6254257516180678,0.004609833050592482,18.0,0.7142008799070457
TS,33,20250810,20250830,trim_r2_to_r1,TSAL20250810_0830_staticAndStaticFree001,TSAL20250830_0830_interferenceAndInterferenceFree001,0.40232607353193583,0.6208159185674753,29,50,0.6224908689647212,0.0016749503972458557,20.0,0.6973303766250575
TS,33,20250810,20250830,trim_r2_to_r1,TSAL20250810_0830_staticAndStaticFree001,TSAL20250830_0830_interferenceAndInterferenceFree001,0.40232607353193583,0.6208159185674753,30,49,0.6196659791560883,0.0,35.0,0.6902882243719108
TS,33,20250810,20250830,trim_r1_to_r2,TSAL20250830_0830_interferenceAndInterferenceFree001,TSAL20250810_0830_staticAndStaticFree001,0.5679024532450075,0.9535291799842499,0,83,0.5115709960497056,0.05633145719530197,,
TS,33,20250810,20250830,trim_r1_to_r2,TSAL20250830_0830_interferenceAndInterferenceFree001,TSAL20250810_0830_staticAndStaticFree001,0.5679024532450075,0.9535291799842499,1,82,0.513707081866893,0.05419537137811459,68.0,0.4250595204536149
TS,33,20250810,20250830,trim_r1_to_r2,TSAL20250830_0830_interferenceAndInterferenceFree001,TSAL20250810_0830_staticAndStaticFree001,0.5679024532450075,0.9535291799842499,2,81,0.515703337710833,0.052199115534174556,63.0,0.43385684810929226
TS,33,20250810,20250830,trim_r1_to_r2,TSAL20250830_0830_interferenceAndInterferenceFree001,TSAL20250810_0830_staticAndStaticFree001,0.5679024532450075,0.9535291799842499,3,80,0.5177458450382252,0.05015660820678236,79.0,0.4350242982788382
TS,33,20250810,20250830,trim_r1_to_r2,TSAL20250830_0830_interferenceAndInterferenceFree001,TSAL20250810_0830_staticAndStaticFree001,0.5679024532450075,0.9535291799842499,4,79,0.5197803007319389,0.04812215251306862,64.0,0.4384020729833899
TS,33,20250810,20250830,trim_r1_to_r2,TSAL20250830_0830_interferenceAndInterferenceFree001,TSAL20250810_0830_staticAndStaticFree001,0.5679024532450075,0.9535291799842499,5,78,0.5218165388624609,0.04608591438254661,23.0,0.4413851327068438
TS,33,20250810,20250830,trim_r1_to_r2,TSAL20250830_0830_interferenceAndInterferenceFree001,TSAL20250810_0830_staticAndStaticFree001,0.5679024532450075,0.9535291799842499,6,77,0.5238965598708596,0.04400589337414795,69.0,0.44277574054331165
TS,33,20250810,20250830,trim_r1_to_r2,TSAL20250830_0830_interferenceAndInterferenceFree001,TSAL20250810_0830_staticAndStaticFree001,0.5679024532450075,0.9535291799842499,7,76,0.5258966238935984,0.042005829351409174,80.0,0.4488941590181543
TS,33,20250810,20250830,trim_r1_to_r2,TSAL20250830_0830_interferenceAndInterferenceFree001,TSAL20250810_0830_staticAndStaticFree001,0.5679024532450075,0.9535291799842499,8,75,0.5276684078816352,0.040234045363372384,26.0,0.46034061633623535
TS,33,20250810,20250830,trim_r1_to_r2,TSAL20250830_0830_interferenceAndInterferenceFree001,TSAL20250810_0830_staticAndStaticFree001,0.5679024532450075,0.9535291799842499,9,74,0.5294214281711452,0.03848102507386231,48.0,0.46368316731451936
TS,33,20250810,20250830,trim_r1_to_r2,TSAL20250830_0830_interferenceAndInterferenceFree001,TSAL20250810_0830_staticAndStaticFree001,0.5679024532450075,0.9535291799842499,10,73,0.5311744872094829,0.03672796603552464,60.0,0.4663113027909882
TS,33,20250810,20250830,trim_r1_to_r2,TSAL20250830_0830_interferenceAndInterferenceFree001,TSAL20250810_0830_staticAndStaticFree001,0.5679024532450075,0.9535291799842499,11,72,0.5329583048655516,0.03494414837945592,75.0,0.46784896041904467
TS,33,20250810,20250830,trim_r1_to_r2,TSAL20250830_0830_interferenceAndInterferenceFree001,TSAL20250810_0830_staticAndStaticFree001,0.5679024532450075,0.9535291799842499,12,71,0.5347555667466181,0.03314688649838948,41.0,0.4700541390282266
TS,33,20250810,20250830,trim_r1_to_r2,TSAL20250830_0830_interferenceAndInterferenceFree001,TSAL20250810_0830_staticAndStaticFree001,0.5679024532450075,0.9535291799842499,13,70,0.5363345618527543,0.031567891392253244,38.0,0.48028023558491606
TS,33,20250810,20250830,trim_r1_to_r2,TSAL20250830_0830_interferenceAndInterferenceFree001,TSAL20250810_0830_staticAndStaticFree001,0.5679024532450075,0.9535291799842499,14,69,0.5378577105953426,0.030044742649664946,49.0,0.4845475046047528
TS,33,20250810,20250830,trim_r1_to_r2,TSAL20250830_0830_interferenceAndInterferenceFree001,TSAL20250810_0830_staticAndStaticFree001,0.5679024532450075,0.9535291799842499,15,68,0.5394001180015233,0.028502335243484223,55.0,0.48618706248828664
TS,33,20250810,20250830,trim_r1_to_r2,TSAL20250830_0830_interferenceAndInterferenceFree001,TSAL20250810_0830_staticAndStaticFree001,0.5679024532450075,0.9535291799842499,16,67,0.5409331902168246,0.02696926302818292,7.0,0.4888087348965823
TS,33,20250810,20250830,trim_r1_to_r2,TSAL20250830_0830_interferenceAndInterferenceFree001,TSAL20250810_0830_staticAndStaticFree001,0.5679024532450075,0.9535291799842499,17,66,0.5425276490692532,0.02537480417575433,67.0,0.48911327751289224
TS,33,20250810,20250830,trim_r1_to_r2,TSAL20250830_0830_interferenceAndInterferenceFree001,TSAL20250810_0830_staticAndStaticFree001,0.5679024532450075,0.9535291799842499,18,65,0.5441049948282153,0.02379745841679226,10.0,0.49205258478246866
TS,33,20250810,20250830,trim_r1_to_r2,TSAL20250830_0830_interferenceAndInterferenceFree001,TSAL20250810_0830_staticAndStaticFree001,0.5679024532450075,0.9535291799842499,19,64,0.5456661867487108,0.02223626649629673,70.0,0.49492744933260746
TS,33,20250810,20250830,trim_r1_to_r2,TSAL20250830_0830_interferenceAndInterferenceFree001,TSAL20250810_0830_staticAndStaticFree001,0.5679024532450075,0.9535291799842499,20,63,0.5472805602456099,0.02062189299939765,25.0,0.4956206083448382
TS,33,20250810,20250830,trim_r1_to_r2,TSAL20250830_0830_interferenceAndInterferenceFree001,TSAL20250810_0830_staticAndStaticFree001,0.5679024532450075,0.9535291799842499,21,62,0.5489406673789917,0.018961785866015823,61.0,0.49664729267746344
TS,33,20250810,20250830,trim_r1_to_r2,TSAL20250830_0830_interferenceAndInterferenceFree001,TSAL20250810_0830_staticAndStaticFree001,0.5679024532450075,0.9535291799842499,22,61,0.5505345230208754,0.01736793022413219,62.0,0.5011249981224839
TS,33,20250810,20250830,trim_r1_to_r2,TSAL20250830_0830_interferenceAndInterferenceFree001,TSAL20250810_0830_staticAndStaticFree001,0.5679024532450075,0.9535291799842499,23,60,0.5521943716257698,0.015708081619237757,27.0,0.5015689891764921
TS,33,20250810,20250830,trim_r1_to_r2,TSAL20250830_0830_interferenceAndInterferenceFree001,TSAL20250810_0830_staticAndStaticFree001,0.5679024532450075,0.9535291799842499,24,59,0.5537943324608503,0.014108120784157241,37.0,0.5057955074084328
TS,33,20250810,20250830,trim_r1_to_r2,TSAL20250830_0830_interferenceAndInterferenceFree001,TSAL20250810_0830_staticAndStaticFree001,0.5679024532450075,0.9535291799842499,25,58,0.5554952044065242,0.01240724883848332,33.0,0.505319482009144
TS,33,20250810,20250830,trim_r1_to_r2,TSAL20250830_0830_interferenceAndInterferenceFree001,TSAL20250810_0830_staticAndStaticFree001,0.5679024532450075,0.9535291799842499,26,57,0.5571706026971927,0.010731850547814892,2.0,0.5085840522678096
TS,33,20250810,20250830,trim_r1_to_r2,TSAL20250830_0830_interferenceAndInterferenceFree001,TSAL20250810_0830_staticAndStaticFree001,0.5679024532450075,0.9535291799842499,27,56,0.5588159517688394,0.009086501476168185,52.0,0.511923503226908
TS,33,20250810,20250830,trim_r1_to_r2,TSAL20250830_0830_interferenceAndInterferenceFree001,TSAL20250810_0830_staticAndStaticFree001,0.5679024532450075,0.9535291799842499,28,55,0.5604410261863892,0.007461427058618297,81.0,0.514938942494991
TS,33,20250810,20250830,trim_r1_to_r2,TSAL20250830_0830_interferenceAndInterferenceFree001,TSAL20250810_0830_staticAndStaticFree001,0.5679024532450075,0.9535291799842499,29,54,0.5621343402884419,0.005768112956565652,31.0,0.5155682024819929
TS,33,20250810,20250830,trim_r1_to_r2,TSAL20250830_0830_interferenceAndInterferenceFree001,TSAL20250810_0830_staticAndStaticFree001,0.5679024532450075,0.9535291799842499,30,53,0.5639080266576392,0.0039944265873683715,4.0,0.516018494689315
TS,33,20250810,20250830,trim_r1_to_r2,TSAL20250830_0830_interferenceAndInterferenceFree001,TSAL20250810_0830_staticAndStaticFree001,0.5679024532450075,0.9535291799842499,31,52,0.5656144950626106,0.0022879581823969097,24.0,0.5203930823308652
TS,33,20250810,20250830,trim_r1_to_r2,TSAL20250830_0830_interferenceAndInterferenceFree001,TSAL20250810_0830_staticAndStaticFree001,0.5679024532450075,0.9535291799842499,32,51,0.5672821069755278,0.0006203462694797102,6.0,0.5239241972396796
TS,33,20250810,20250830,trim_r1_to_r2,TSAL20250830_0830_interferenceAndInterferenceFree001,TSAL20250810_0830_staticAndStaticFree001,0.5679024532450075,0.9535291799842499,33,50,0.5691005707983849,0.0,45.0,0.5227297433155302
TS,34,20250811,20250828,trim_r2_to_r1,TSAL20250811_0830_staticAndStaticFree001,TSAL20250828_0830_interferenceAndInterferenceFree001,0.3936041682084908,0.6352177320824233,0,90,0.8688595485308579,0.23364181644843462,,
TS,34,20250811,20250828,trim_r2_to_r1,TSAL20250811_0830_staticAndStaticFree001,TSAL20250828_0830_interferenceAndInterferenceFree001,0.3936041682084908,0.6352177320824233,1,89,0.8635199154685065,0.2283021833860832,27.0,1.1038034032743222
TS,34,20250811,20250828,trim_r2_to_r1,TSAL20250811_0830_staticAndStaticFree001,TSAL20250828_0830_interferenceAndInterferenceFree001,0.3936041682084908,0.6352177320824233,2,88,0.8587557585731049,0.22353802649068166,75.0,1.070760740418474
TS,34,20250811,20250828,trim_r2_to_r1,TSAL20250811_0830_staticAndStaticFree001,TSAL20250828_0830_interferenceAndInterferenceFree001,0.3936041682084908,0.6352177320824233,3,87,0.8549141812146666,0.2196964491322433,62.0,1.0239435849859566
TS,34,20250811,20250828,trim_r2_to_r1,TSAL20250811_0830_staticAndStaticFree001,TSAL20250828_0830_interferenceAndInterferenceFree001,0.3936041682084908,0.6352177320824233,4,86,0.8511962011135393,0.21597846903111606,59.0,1.012928335512573
TS,34,20250811,20250828,trim_r2_to_r1,TSAL20250811_0830_staticAndStaticFree001,TSAL20250828_0830_interferenceAndInterferenceFree001,0.3936041682084908,0.6352177320824233,5,85,0.8475493746935528,0.21233164261112958,76.0,1.0043629107529695
TS,34,20250811,20250828,trim_r2_to_r1,TSAL20250811_0830_staticAndStaticFree001,TSAL20250828_0830_interferenceAndInterferenceFree001,0.3936041682084908,0.6352177320824233,6,84,0.8439012952649045,0.20868356318248127,83.0,0.9989446709824561
TS,34,20250811,20250828,trim_r2_to_r1,TSAL20250811_0830_staticAndStaticFree001,TSAL20250828_0830_interferenceAndInterferenceFree001,0.3936041682084908,0.6352177320824233,7,83,0.8408570352072088,0.2056393031247855,10.0,0.9687159576304307
TS,34,20250811,20250828,trim_r2_to_r1,TSAL20250811_0830_staticAndStaticFree001,TSAL20250828_0830_interferenceAndInterferenceFree001,0.3936041682084908,0.6352177320824233,8,82,0.8377617829681232,0.20254405088569993,11.0,0.9662147508901726
TS,34,20250811,20250828,trim_r2_to_r1,TSAL20250811_0830_staticAndStaticFree001,TSAL20250828_0830_interferenceAndInterferenceFree001,0.3936041682084908,0.6352177320824233,9,81,0.8345607069272439,0.19934297484482066,79.0,0.965804824603299
TS,34,20250811,20250828,trim_r2_to_r1,TSAL20250811_0830_staticAndStaticFree001,TSAL20250828_0830_interferenceAndInterferenceFree001,0.3936041682084908,0.6352177320824233,10,80,0.8313714197212871,0.19615368763886387,81.0,0.9605375515625395
TS,34,20250811,20250828,trim_r2_to_r1,TSAL20250811_0830_staticAndStaticFree001,TSAL20250828_0830_interferenceAndInterferenceFree001,0.3936041682084908,0.6352177320824233,11,79,0.8280858279478184,0.1928680958653951,74.0,0.9595094988865672
TS,34,20250811,20250828,trim_r2_to_r1,TSAL20250811_0830_staticAndStaticFree001,TSAL20250828_0830_interferenceAndInterferenceFree001,0.3936041682084908,0.6352177320824233,12,78,0.8249208281552428,0.18970309607281954,78.0,0.9499383199619792
TS,34,20250811,20250828,trim_r2_to_r1,TSAL20250811_0830_staticAndStaticFree001,TSAL20250828_0830_interferenceAndInterferenceFree001,0.3936041682084908,0.6352177320824233,13,77,0.822079905723245,0.1868621736408217,0.0,0.9328758805711543
TS,34,20250811,20250828,trim_r2_to_r1,TSAL20250811_0830_staticAndStaticFree001,TSAL20250828_0830_interferenceAndInterferenceFree001,0.3936041682084908,0.6352177320824233,14,76,0.8192646358761241,0.1840469037937008,67.0,0.9276525249902825
TS,34,20250811,20250828,trim_r2_to_r1,TSAL20250811_0830_staticAndStaticFree001,TSAL20250828_0830_interferenceAndInterferenceFree001,0.3936041682084908,0.6352177320824233,15,75,0.8162065479171008,0.18098881583467752,84.0,0.9324138903599839
TS,34,20250811,20250828,trim_r2_to_r1,TSAL20250811_0830_staticAndStaticFree001,TSAL20250828_0830_interferenceAndInterferenceFree001,0.3936041682084908,0.6352177320824233,16,74,0.8131478586689921,0.17793012658656882,9.0,0.9278487054730683
TS,34,20250811,20250828,trim_r2_to_r1,TSAL20250811_0830_staticAndStaticFree001,TSAL20250828_0830_interferenceAndInterferenceFree001,0.3936041682084908,0.6352177320824233,17,73,0.8101973687494798,0.17497963666705652,5.0,0.9193654957714394
TS,34,20250811,20250828,trim_r2_to_r1,TSAL20250811_0830_staticAndStaticFree001,TSAL20250828_0830_interferenceAndInterferenceFree001,0.3936041682084908,0.6352177320824233,18,72,0.8071827294104228,0.17196499732799952,77.0,0.9172170652860027
TS,34,20250811,20250828,trim_r2_to_r1,TSAL20250811_0830_staticAndStaticFree001,TSAL20250828_0830_interferenceAndInterferenceFree001,0.3936041682084908,0.6352177320824233,19,71,0.8047817049171032,0.16956397283467994,12.0,0.8912185866766044
TS,34,20250811,20250828,trim_r2_to_r1,TSAL20250811_0830_staticAndStaticFree001,TSAL20250828_0830_interferenceAndInterferenceFree001,0.3936041682084908,0.6352177320824233,20,70,0.8021921714254303,0.16697443934300704,18.0,0.8941206103798168
TS,34,20250811,20250828,trim_r2_to_r1,TSAL20250811_0830_staticAndStaticFree001,TSAL20250828_0830_interferenceAndInterferenceFree001,0.3936041682084908,0.6352177320824233,21,69,0.7994267889114345,0.1642090568290112,14.0,0.8962151769012942
TS,34,20250811,20250828,trim_r2_to_r1,TSAL20250811_0830_staticAndStaticFree001,TSAL20250828_0830_interferenceAndInterferenceFree001,0.3936041682084908,0.6352177320824233,22,68,0.7966357416727814,0.16141800959035812,8.0,0.8929268714063134
TS,34,20250811,20250828,trim_r2_to_r1,TSAL20250811_0830_staticAndStaticFree001,TSAL20250828_0830_interferenceAndInterferenceFree001,0.3936041682084908,0.6352177320824233,23,67,0.7937559980710449,0.15853826598862164,2.0,0.8916672805300823
TS,34,20250811,20250828,trim_r2_to_r1,TSAL20250811_0830_staticAndStaticFree001,TSAL20250828_0830_interferenceAndInterferenceFree001,0.3936041682084908,0.6352177320824233,24,66,0.7908452590881438,0.15562752700572058,85.0,0.888355015015328
TS,34,20250811,20250828,trim_r2_to_r1,TSAL20250811_0830_staticAndStaticFree001,TSAL20250828_0830_interferenceAndInterferenceFree001,0.3936041682084908,0.6352177320824233,25,65,0.7878921180792433,0.15267438599682004,19.0,0.8853457713729647
TS,34,20250811,20250828,trim_r2_to_r1,TSAL20250811_0830_staticAndStaticFree001,TSAL20250828_0830_interferenceAndInterferenceFree001,0.3936041682084908,0.6352177320824233,26,64,0.7849042266330847,0.1496864945506614,13.0,0.8820106986332331
TS,34,20250811,20250828,trim_r2_to_r1,TSAL20250811_0830_staticAndStaticFree001,TSAL20250828_0830_interferenceAndInterferenceFree001,0.3936041682084908,0.6352177320824233,27,63,0.7818220377545875,0.1466043056721642,1.0,0.8804520818664984
TS,34,20250811,20250828,trim_r2_to_r1,TSAL20250811_0830_staticAndStaticFree001,TSAL20250828_0830_interferenceAndInterferenceFree001,0.3936041682084908,0.6352177320824233,28,62,0.7786066278992173,0.14338889581679404,7.0,0.879892038343384
TS,34,20250811,20250828,trim_r2_to_r1,TSAL20250811_0830_staticAndStaticFree001,TSAL20250828_0830_interferenceAndInterferenceFree001,0.3936041682084908,0.6352177320824233,29,61,0.775331417871477,0.1401136857890537,22.0,0.8768629287314258
TS,34,20250811,20250828,trim_r2_to_r1,TSAL20250811_0830_staticAndStaticFree001,TSAL20250828_0830_interferenceAndInterferenceFree001,0.3936041682084908,0.6352177320824233,30,60,0.771808423606789,0.13659069152436576,15.0,0.8792597486797697
TS,34,20250811,20250828,trim_r2_to_r1,TSAL20250811_0830_staticAndStaticFree001,TSAL20250828_0830_interferenceAndInterferenceFree001,0.3936041682084908,0.6352177320824233,31,59,0.768327268465665,0.13310953638324174,6.0,0.8727619226993827
TS,34,20250811,20250828,trim_r2_to_r1,TSAL20250811_0830_staticAndStaticFree001,TSAL20250828_0830_interferenceAndInterferenceFree001,0.3936041682084908,0.6352177320824233,32,58,0.7644775440636136,0.1292598119811903,16.0,0.8780444139241316
TS,34,20250811,20250828,trim_r2_to_r1,TSAL20250811_0830_staticAndStaticFree001,TSAL20250828_0830_interferenceAndInterferenceFree001,0.3936041682084908,0.6352177320824233,33,57,0.760387190277881,0.12516945819545777,21.0,0.8790074500641246
TS,34,20250811,20250828,trim_r2_to_r1,TSAL20250811_0830_staticAndStaticFree001,TSAL20250828_0830_interferenceAndInterferenceFree001,0.3936041682084908,0.6352177320824233,34,56,0.7564319298738156,0.12121419779139231,17.0,0.8691568513896865
TS,34,20250811,20250828,trim_r2_to_r1,TSAL20250811_0830_staticAndStaticFree001,TSAL20250828_0830_interferenceAndInterferenceFree001,0.3936041682084908,0.6352177320824233,35,55,0.7524504468263689,0.11723271474394559,23.0,0.8639319721548765
TS,34,20250811,20250828,trim_r2_to_r1,TSAL20250811_0830_staticAndStaticFree001,TSAL20250828_0830_interferenceAndInterferenceFree001,0.3936041682084908,0.6352177320824233,36,54,0.7485182054458804,0.11330047336345717,71.0,0.8566548434093106
TS,34,20250811,20250828,trim_r2_to_r1,TSAL20250811_0830_staticAndStaticFree001,TSAL20250828_0830_interferenceAndInterferenceFree001,0.3936041682084908,0.6352177320824233,37,53,0.7443431151218046,0.10912538303938135,68.0,0.857070553871851
TS,34,20250811,20250828,trim_r2_to_r1,TSAL20250811_0830_staticAndStaticFree001,TSAL20250828_0830_interferenceAndInterferenceFree001,0.3936041682084908,0.6352177320824233,38,52,0.7403135278579084,0.10509579577548511,72.0,0.8470975903511567
TS,34,20250811,20250828,trim_r2_to_r1,TSAL20250811_0830_staticAndStaticFree001,TSAL20250828_0830_interferenceAndInterferenceFree001,0.3936041682084908,0.6352177320824233,39,51,0.7361188281798082,0.10090109609738496,47.0,0.8451810198104147
TS,34,20250811,20250828,trim_r2_to_r1,TSAL20250811_0830_staticAndStaticFree001,TSAL20250828_0830_interferenceAndInterferenceFree001,0.3936041682084908,0.6352177320824233,40,50,0.7319019609011196,0.09668422881869632,87.0,0.8394320765076795
TS,34,20250811,20250828,trim_r2_to_r1,TSAL20250811_0830_staticAndStaticFree001,TSAL20250828_0830_interferenceAndInterferenceFree001,0.3936041682084908,0.6352177320824233,41,49,0.7273187204093728,0.09210098832694957,60.0,0.8418997327030424
TS,34,20250811,20250828,trim_r2_to_r1,TSAL20250811_0830_staticAndStaticFree001,TSAL20250828_0830_interferenceAndInterferenceFree001,0.3936041682084908,0.6352177320824233,42,48,0.7231086930675851,0.0878909609851618,86.0,0.8262543629413841
TS,34,20250811,20250828,trim_r2_to_r1,TSAL20250811_0830_staticAndStaticFree001,TSAL20250828_0830_interferenceAndInterferenceFree001,0.3936041682084908,0.6352177320824233,43,47,0.7185571304900146,0.0833393984075913,69.0,0.8277946323517075
TS,34,20250811,20250828,trim_r2_to_r1,TSAL20250811_0830_staticAndStaticFree001,TSAL20250828_0830_interferenceAndInterferenceFree001,0.3936041682084908,0.6352177320824233,44,46,0.7137721863030022,0.07855445422057894,3.0,0.8262183746977938
TS,34,20250811,20250828,trim_r2_to_r1,TSAL20250811_0830_staticAndStaticFree001,TSAL20250828_0830_interferenceAndInterferenceFree001,0.3936041682084908,0.6352177320824233,45,45,0.7087561081279314,0.07353837604550817,73.0,0.8241259061545556
TS,34,20250811,20250828,trim_r2_to_r1,TSAL20250811_0830_staticAndStaticFree001,TSAL20250828_0830_interferenceAndInterferenceFree001,0.3936041682084908,0.6352177320824233,46,44,0.7034314586676061,0.06821372658518288,20.0,0.823236071524928
TS,34,20250811,20250828,trim_r2_to_r1,TSAL20250811_0830_staticAndStaticFree001,TSAL20250828_0830_interferenceAndInterferenceFree001,0.3936041682084908,0.6352177320824233,47,43,0.6973368655015837,0.06211913341916042,4.0,0.8314179151540733
TS,34,20250811,20250828,trim_r2_to_r1,TSAL20250811_0830_staticAndStaticFree001,TSAL20250828_0830_interferenceAndInterferenceFree001,0.3936041682084908,0.6352177320824233,48,42,0.691543637167792,0.05632590508536872,70.0,0.8160980463443158
TS,34,20250811,20250828,trim_r2_to_r1,TSAL20250811_0830_staticAndStaticFree001,TSAL20250828_0830_interferenceAndInterferenceFree001,0.3936041682084908,0.6352177320824233,49,41,0.6850235372621192,0.049805805179695906,88.0,0.8219456352812506
TS,34,20250811,20250828,trim_r2_to_r1,TSAL20250811_0830_staticAndStaticFree001,TSAL20250828_0830_interferenceAndInterferenceFree001,0.3936041682084908,0.6352177320824233,50,40,0.6786289350743886,0.043411202991965325,80.0,0.8097182799228628
TS,34,20250811,20250828,trim_r2_to_r1,TSAL20250811_0830_staticAndStaticFree001,TSAL20250828_0830_interferenceAndInterferenceFree001,0.3936041682084908,0.6352177320824233,51,39,0.6721615722765246,0.03694384019410135,82.0,0.8015088282338063
TS,34,20250811,20250828,trim_r2_to_r1,TSAL20250811_0830_staticAndStaticFree001,TSAL20250828_0830_interferenceAndInterferenceFree001,0.3936041682084908,0.6352177320824233,52,38,0.665130161736084,0.0299124296536607,89.0,0.802242667274677
TS,34,20250811,20250828,trim_r2_to_r1,TSAL20250811_0830_staticAndStaticFree001,TSAL20250828_0830_interferenceAndInterferenceFree001,0.3936041682084908,0.6352177320824233,53,37,0.6576281797644614,0.022410447682038148,38.0,0.8001658372252908
TS,34,20250811,20250828,trim_r2_to_r1,TSAL20250811_0830_staticAndStaticFree001,TSAL20250828_0830_interferenceAndInterferenceFree001,0.3936041682084908,0.6352177320824233,54,36,0.6507836397659701,0.01556590768354682,24.0,0.7774076297380569
TS,34,20250811,20250828,trim_r2_to_r1,TSAL20250811_0830_staticAndStaticFree001,TSAL20250828_0830_interferenceAndInterferenceFree001,0.3936041682084908,0.6352177320824233,55,35,0.6448348199345438,0.009617087852120565,31.0,0.7519135769002167
TS,34,20250811,20250828,trim_r2_to_r1,TSAL20250811_0830_staticAndStaticFree001,TSAL20250828_0830_interferenceAndInterferenceFree001,0.3936041682084908,0.6352177320824233,56,34,0.6391653790737426,0.003947646991319331,54.0,0.7383805941377649
TS,34,20250811,20250828,trim_r2_to_r1,TSAL20250811_0830_staticAndStaticFree001,TSAL20250828_0830_interferenceAndInterferenceFree001,0.3936041682084908,0.6352177320824233,57,33,0.6334852323895251,0.0,52.0,0.730047726021223
TS,34,20250811,20250828,trim_r1_to_r2,TSAL20250828_0830_interferenceAndInterferenceFree001,TSAL20250811_0830_staticAndStaticFree001,0.6396443499665845,1.0980747470951313,0,86,0.514410950145457,0.12523339982112747,,
TS,34,20250811,20250828,trim_r1_to_r2,TSAL20250828_0830_interferenceAndInterferenceFree001,TSAL20250811_0830_staticAndStaticFree001,0.6396443499665845,1.0980747470951313,1,85,0.5162600397639804,0.1233843102026041,37.0,0.43674918616747815
TS,34,20250811,20250828,trim_r1_to_r2,TSAL20250828_0830_interferenceAndInterferenceFree001,TSAL20250811_0830_staticAndStaticFree001,0.6396443499665845,1.0980747470951313,2,84,0.5181019569097431,0.12154239305684134,38.0,0.4398204782148239
TS,34,20250811,20250828,trim_r1_to_r2,TSAL20250828_0830_interferenceAndInterferenceFree001,TSAL20250811_0830_staticAndStaticFree001,0.6396443499665845,1.0980747470951313,3,83,0.5199477215589702,0.1196966284076143,17.0,0.44242560629143246
TS,34,20250811,20250828,trim_r1_to_r2,TSAL20250828_0830_interferenceAndInterferenceFree001,TSAL20250811_0830_staticAndStaticFree001,0.6396443499665845,1.0980747470951313,4,82,0.5217882779331374,0.11785607203344706,27.0,0.44540518840519794
TS,34,20250811,20250828,trim_r1_to_r2,TSAL20250828_0830_interferenceAndInterferenceFree001,TSAL20250811_0830_staticAndStaticFree001,0.6396443499665845,1.0980747470951313,5,81,0.5236371972783275,0.11600715268825701,54.0,0.44783150412553696
TS,34,20250811,20250828,trim_r1_to_r2,TSAL20250828_0830_interferenceAndInterferenceFree001,TSAL20250811_0830_staticAndStaticFree001,0.6396443499665845,1.0980747470951313,6,80,0.5255284551864353,0.11411589478014916,59.0,0.448932509908067
TS,34,20250811,20250828,trim_r1_to_r2,TSAL20250828_0830_interferenceAndInterferenceFree001,TSAL20250811_0830_staticAndStaticFree001,0.6396443499665845,1.0980747470951313,7,79,0.5274352033518986,0.11220914661468584,42.0,0.45116527673336543
TS,34,20250811,20250828,trim_r1_to_r2,TSAL20250828_0830_interferenceAndInterferenceFree001,TSAL20250811_0830_staticAndStaticFree001,0.6396443499665845,1.0980747470951313,8,78,0.529328817273351,0.11031553269323346,29.0,0.4545310673759816
TS,34,20250811,20250828,trim_r1_to_r2,TSAL20250828_0830_interferenceAndInterferenceFree001,TSAL20250811_0830_staticAndStaticFree001,0.6396443499665845,1.0980747470951313,9,77,0.5311724003571795,0.10847194960940498,13.0,0.4592726600878686
TS,34,20250811,20250828,trim_r1_to_r2,TSAL20250828_0830_interferenceAndInterferenceFree001,TSAL20250811_0830_staticAndStaticFree001,0.6396443499665845,1.0980747470951313,10,76,0.5330375833327119,0.10660676663387259,71.0,0.46122803877471846
TS,34,20250811,20250828,trim_r1_to_r2,TSAL20250828_0830_interferenceAndInterferenceFree001,TSAL20250811_0830_staticAndStaticFree001,0.6396443499665845,1.0980747470951313,11,75,0.534946781022054,0.10469756894453053,30.0,0.46239726882705146
TS,34,20250811,20250828,trim_r1_to_r2,TSAL20250828_0830_interferenceAndInterferenceFree001,TSAL20250811_0830_staticAndStaticFree001,0.6396443499665845,1.0980747470951313,12,74,0.5368708730136141,0.10277347695297034,16.0,0.46471742333010646
TS,34,20250811,20250828,trim_r1_to_r2,TSAL20250828_0830_interferenceAndInterferenceFree001,TSAL20250811_0830_staticAndStaticFree001,0.6396443499665845,1.0980747470951313,13,73,0.5387895056284732,0.10085484433811132,15.0,0.46780009887869006
TS,34,20250811,20250828,trim_r1_to_r2,TSAL20250828_0830_interferenceAndInterferenceFree001,TSAL20250811_0830_staticAndStaticFree001,0.6396443499665845,1.0980747470951313,14,72,0.5406476198181076,0.09899673014847687,40.0,0.4728264518964497
TS,34,20250811,20250828,trim_r1_to_r2,TSAL20250828_0830_interferenceAndInterferenceFree001,TSAL20250811_0830_staticAndStaticFree001,0.6396443499665845,1.0980747470951313,15,71,0.5425597947769415,0.09708455518964298,75.0,0.4737214962589242
TS,34,20250811,20250828,trim_r1_to_r2,TSAL20250828_0830_interferenceAndInterferenceFree001,TSAL20250811_0830_staticAndStaticFree001,0.6396443499665845,1.0980747470951313,16,70,0.5445212334303042,0.09512311653628025,60.0,0.4748901612359262
TS,34,20250811,20250828,trim_r1_to_r2,TSAL20250828_0830_interferenceAndInterferenceFree001,TSAL20250811_0830_staticAndStaticFree001,0.6396443499665845,1.0980747470951313,17,69,0.546423141178948,0.09322120878763651,74.0,0.47985636997641556
TS,34,20250811,20250828,trim_r1_to_r2,TSAL20250828_0830_interferenceAndInterferenceFree001,TSAL20250811_0830_staticAndStaticFree001,0.6396443499665845,1.0980747470951313,18,68,0.5483463684654746,0.0912979815011099,5.0,0.4819950270803074
TS,34,20250811,20250828,trim_r1_to_r2,TSAL20250828_0830_interferenceAndInterferenceFree001,TSAL20250811_0830_staticAndStaticFree001,0.6396443499665845,1.0980747470951313,19,67,0.550289952169363,0.08935439779722143,76.0,0.4842081062371527
TS,34,20250811,20250828,trim_r1_to_r2,TSAL20250828_0830_interferenceAndInterferenceFree001,TSAL20250811_0830_staticAndStaticFree001,0.6396443499665845,1.0980747470951313,20,66,0.5522387327962216,0.08740561717036288,6.0,0.4869545817964641
TS,34,20250811,20250828,trim_r1_to_r2,TSAL20250828_0830_interferenceAndInterferenceFree001,TSAL20250811_0830_staticAndStaticFree001,0.6396443499665845,1.0980747470951313,21,65,0.5541650308214129,0.0854793191451716,65.0,0.4905971959900961
TS,34,20250811,20250828,trim_r1_to_r2,TSAL20250828_0830_interferenceAndInterferenceFree001,TSAL20250811_0830_staticAndStaticFree001,0.6396443499665845,1.0980747470951313,22,64,0.5560916880781706,0.08355266188841393,43.0,0.4934753272335473
TS,34,20250811,20250828,trim_r1_to_r2,TSAL20250828_0830_interferenceAndInterferenceFree001,TSAL20250811_0830_staticAndStaticFree001,0.6396443499665845,1.0980747470951313,23,63,0.5580562815777913,0.08158806838879318,21.0,0.49518928958993014
TS,34,20250811,20250828,trim_r1_to_r2,TSAL20250828_0830_interferenceAndInterferenceFree001,TSAL20250811_0830_staticAndStaticFree001,0.6396443499665845,1.0980747470951313,24,62,0.559982445118828,0.07966190484775648,80.0,0.49930829357617396
TS,34,20250811,20250828,trim_r1_to_r2,TSAL20250828_0830_interferenceAndInterferenceFree001,TSAL20250811_0830_staticAndStaticFree001,0.6396443499665845,1.0980747470951313,25,61,0.5618627395435615,0.077781610423023,33.0,0.503573612376821
TS,34,20250811,20250828,trim_r1_to_r2,TSAL20250828_0830_interferenceAndInterferenceFree001,TSAL20250811_0830_staticAndStaticFree001,0.6396443499665845,1.0980747470951313,26,60,0.5638612813854181,0.07578306858116635,70.0,0.5029057552087911
TS,34,20250811,20250828,trim_r1_to_r2,TSAL20250828_0830_interferenceAndInterferenceFree001,TSAL20250811_0830_staticAndStaticFree001,0.6396443499665845,1.0980747470951313,27,59,0.5658869687246444,0.07375738124194009,41.0,0.5051163485478536
TS,34,20250811,20250828,trim_r1_to_r2,TSAL20250828_0830_interferenceAndInterferenceFree001,TSAL20250811_0830_staticAndStaticFree001,0.6396443499665845,1.0980747470951313,28,58,0.5678443340841195,0.07180001588246498,84.0,0.5101020559796077
TS,34,20250811,20250828,trim_r1_to_r2,TSAL20250828_0830_interferenceAndInterferenceFree001,TSAL20250811_0830_staticAndStaticFree001,0.6396443499665845,1.0980747470951313,29,57,0.5698973186334686,0.06974703133311588,32.0,0.5103607667023448
TS,34,20250811,20250828,trim_r1_to_r2,TSAL20250828_0830_interferenceAndInterferenceFree001,TSAL20250811_0830_staticAndStaticFree001,0.6396443499665845,1.0980747470951313,30,56,0.5718866812079224,0.06775766875866207,4.0,0.515189847835987
TS,34,20250811,20250828,trim_r1_to_r2,TSAL20250828_0830_interferenceAndInterferenceFree001,TSAL20250811_0830_staticAndStaticFree001,0.6396443499665845,1.0980747470951313,31,55,0.5739290550238467,0.06571529494273776,20.0,0.5167425881779657
TS,34,20250811,20250828,trim_r1_to_r2,TSAL20250828_0830_interferenceAndInterferenceFree001,TSAL20250811_0830_staticAndStaticFree001,0.6396443499665845,1.0980747470951313,32,54,0.5760610225023105,0.06358332746427398,44.0,0.5174319168445572
TS,34,20250811,20250828,trim_r1_to_r2,TSAL20250828_0830_interferenceAndInterferenceFree001,TSAL20250811_0830_staticAndStaticFree001,0.6396443499665845,1.0980747470951313,33,53,0.5781632033886024,0.06148114657798209,57.0,0.5214043194587218
TS,34,20250811,20250828,trim_r1_to_r2,TSAL20250828_0830_interferenceAndInterferenceFree001,TSAL20250811_0830_staticAndStaticFree001,0.6396443499665845,1.0980747470951313,34,52,0.5802496490588285,0.059394700907756004,3.0,0.5249588387978374
TS,34,20250811,20250828,trim_r1_to_r2,TSAL20250828_0830_interferenceAndInterferenceFree001,TSAL20250811_0830_staticAndStaticFree001,0.6396443499665845,1.0980747470951313,35,51,0.5824445624485457,0.05719978751803878,73.0,0.5253768143158963
TS,34,20250811,20250828,trim_r1_to_r2,TSAL20250828_0830_interferenceAndInterferenceFree001,TSAL20250811_0830_staticAndStaticFree001,0.6396443499665845,1.0980747470951313,36,50,0.5845748765090967,0.055069473457487805,39.0,0.5302518679650462
TS,34,20250811,20250828,trim_r1_to_r2,TSAL20250828_0830_interferenceAndInterferenceFree001,TSAL20250811_0830_staticAndStaticFree001,0.6396443499665845,1.0980747470951313,37,49,0.5866855819374356,0.052958768029148895,31.0,0.5339179462289654
TS,34,20250811,20250828,trim_r1_to_r2,TSAL20250828_0830_interferenceAndInterferenceFree001,TSAL20250811_0830_staticAndStaticFree001,0.6396443499665845,1.0980747470951313,38,48,0.5888668280511221,0.050777521915462365,63.0,0.5354262982658003
TS,34,20250811,20250828,trim_r1_to_r2,TSAL20250828_0830_interferenceAndInterferenceFree001,TSAL20250811_0830_staticAndStaticFree001,0.6396443499665845,1.0980747470951313,39,47,0.5910799352729017,0.04856441469368278,58.0,0.5379653619501903
TS,34,20250811,20250828,trim_r1_to_r2,TSAL20250828_0830_interferenceAndInterferenceFree001,TSAL20250811_0830_staticAndStaticFree001,0.6396443499665845,1.0980747470951313,40,46,0.5933321872185093,0.04631216274807515,67.0,0.5404042664967313
TS,34,20250811,20250828,trim_r1_to_r2,TSAL20250828_0830_interferenceAndInterferenceFree001,TSAL20250811_0830_staticAndStaticFree001,0.6396443499665845,1.0980747470951313,41,45,0.5956590205306689,0.0439853294359156,26.0,0.5421418543509989
TS,34,20250811,20250828,trim_r1_to_r2,TSAL20250828_0830_interferenceAndInterferenceFree001,TSAL20250811_0830_staticAndStaticFree001,0.6396443499665845,1.0980747470951313,42,44,0.5979827033376952,0.04166164662888927,34.0,0.5456998401796036
TS,34,20250811,20250828,trim_r1_to_r2,TSAL20250828_0830_interferenceAndInterferenceFree001,TSAL20250811_0830_staticAndStaticFree001,0.6396443499665845,1.0980747470951313,43,43,0.6004678507859237,0.039176499180660795,23.0,0.5457946069248958
TS,34,20250811,20250828,trim_r1_to_r2,TSAL20250828_0830_interferenceAndInterferenceFree001,TSAL20250811_0830_staticAndStaticFree001,0.6396443499665845,1.0980747470951313,44,42,0.6028966137537891,0.03674773621279537,48.0,0.5506782099446819
TS,34,20250811,20250828,trim_r1_to_r2,TSAL20250828_0830_interferenceAndInterferenceFree001,TSAL20250811_0830_staticAndStaticFree001,0.6396443499665845,1.0980747470951313,45,41,0.605220816593475,0.03442353337310944,18.0,0.5564125569600729
TS,34,20250811,20250828,trim_r1_to_r2,TSAL20250828_0830_interferenceAndInterferenceFree001,TSAL20250811_0830_staticAndStaticFree001,0.6396443499665845,1.0980747470951313,46,40,0.6076228700233562,0.03202147994322824,28.0,0.5583807747107897
TS,34,20250811,20250828,trim_r1_to_r2,TSAL20250828_0830_interferenceAndInterferenceFree001,TSAL20250811_0830_staticAndStaticFree001,0.6396443499665845,1.0980747470951313,47,39,0.6100035893748821,0.029640760591702398,22.0,0.5623892023443672
TS,34,20250811,20250828,trim_r1_to_r2,TSAL20250828_0830_interferenceAndInterferenceFree001,TSAL20250811_0830_staticAndStaticFree001,0.6396443499665845,1.0980747470951313,48,38,0.6122890166156878,0.027355333350896682,51.0,0.5677231854199762
TS,34,20250811,20250828,trim_r1_to_r2,TSAL20250828_0830_interferenceAndInterferenceFree001,TSAL20250811_0830_staticAndStaticFree001,0.6396443499665845,1.0980747470951313,49,37,0.6147457879096683,0.024898562056916207,79.0,0.5680671333240378
TS,34,20250811,20250828,trim_r1_to_r2,TSAL20250828_0830_interferenceAndInterferenceFree001,TSAL20250811_0830_staticAndStaticFree001,0.6396443499665845,1.0980747470951313,50,36,0.6174085090593776,0.022235840907206872,47.0,0.5681481677897562
TS,34,20250811,20250828,trim_r1_to_r2,TSAL20250828_0830_interferenceAndInterferenceFree001,TSAL20250811_0830_staticAndStaticFree001,0.6396443499665845,1.0980747470951313,51,35,0.6199909599677786,0.019653389998805837,25.0,0.5735068436165613
TS,34,20250811,20250828,trim_r1_to_r2,TSAL20250828_0830_interferenceAndInterferenceFree001,TSAL20250811_0830_staticAndStaticFree001,0.6396443499665845,1.0980747470951313,52,34,0.6226195652386578,0.01702478472792668,82.0,0.5766189729982705
TS,34,20250811,20250828,trim_r1_to_r2,TSAL20250828_0830_interferenceAndInterferenceFree001,TSAL20250811_0830_staticAndStaticFree001,0.6396443499665845,1.0980747470951313,53,33,0.6251129986816694,0.014531351284915117,52.0,0.5827246301504745
TS,34,20250811,20250828,trim_r1_to_r2,TSAL20250828_0830_interferenceAndInterferenceFree001,TSAL20250811_0830_staticAndStaticFree001,0.6396443499665845,1.0980747470951313,54,32,0.6276836743505612,0.01196067561602332,85.0,0.5852675258138447
TS,34,20250811,20250828,trim_r1_to_r2,TSAL20250828_0830_interferenceAndInterferenceFree001,TSAL20250811_0830_staticAndStaticFree001,0.6396443499665845,1.0980747470951313,55,31,0.6305072854032965,0.009137064563288,10.0,0.5853295085595307
TS,34,20250811,20250828,trim_r1_to_r2,TSAL20250828_0830_interferenceAndInterferenceFree001,TSAL20250811_0830_staticAndStaticFree001,0.6396443499665845,1.0980747470951313,56,30,0.6330424336731254,0.006601916293459076,62.0,0.5937476354907772
TS,34,20250811,20250828,trim_r1_to_r2,TSAL20250828_0830_interferenceAndInterferenceFree001,TSAL20250811_0830_staticAndStaticFree001,0.6396443499665845,1.0980747470951313,57,29,0.6358931447009313,0.0037512052656532013,61.0,0.5931324792838455
TS,34,20250811,20250828,trim_r1_to_r2,TSAL20250828_0830_interferenceAndInterferenceFree001,TSAL20250811_0830_staticAndStaticFree001,0.6396443499665845,1.0980747470951313,58,28,0.6387076339809642,0.0009367159856202845,53.0,0.5978975394204847
TS,34,20250811,20250828,trim_r1_to_r2,TSAL20250828_0830_interferenceAndInterferenceFree001,TSAL20250811_0830_staticAndStaticFree001,0.6396443499665845,1.0980747470951313,59,27,0.6416760998424346,0.0,66.0,0.6001175777818503
TS,35,20250811,20250829,trim_r2_to_r1,TSAL20250811_0830_staticAndStaticFree001,TSAL20250829_0830_interferenceAndInterferenceFree001,0.3936041682084908,0.6352177320824233,0,95,0.8623892010399029,0.22717146895747964,,
TS,35,20250811,20250829,trim_r2_to_r1,TSAL20250811_0830_staticAndStaticFree001,TSAL20250829_0830_interferenceAndInterferenceFree001,0.3936041682084908,0.6352177320824233,1,94,0.8463517775985947,0.21113404551617143,44.0,1.6081293910607353
TS,35,20250811,20250829,trim_r2_to_r1,TSAL20250811_0830_staticAndStaticFree001,TSAL20250829_0830_interferenceAndInterferenceFree001,0.3936041682084908,0.6352177320824233,2,93,0.835332684064129,0.2001149519817057,87.0,1.3532300801840176
TS,35,20250811,20250829,trim_r2_to_r1,TSAL20250811_0830_staticAndStaticFree001,TSAL20250829_0830_interferenceAndInterferenceFree001,0.3936041682084908,0.6352177320824233,3,92,0.8274853947329665,0.19226766265054318,93.0,1.1923843486320234
TS,35,20250811,20250829,trim_r2_to_r1,TSAL20250811_0830_staticAndStaticFree001,TSAL20250829_0830_interferenceAndInterferenceFree001,0.3936041682084908,0.6352177320824233,4,91,0.8227301756704767,0.1875124435880534,90.0,1.0414702525450104
TS,35,20250811,20250829,trim_r2_to_r1,TSAL20250811_0830_staticAndStaticFree001,TSAL20250829_0830_interferenceAndInterferenceFree001,0.3936041682084908,0.6352177320824233,5,90,0.8195165976773744,0.18429886559495112,56.0,0.9657343963635234
TS,35,20250811,20250829,trim_r2_to_r1,TSAL20250811_0830_staticAndStaticFree001,TSAL20250829_0830_interferenceAndInterferenceFree001,0.3936041682084908,0.6352177320824233,6,89,0.8167392763065305,0.18152154422410727,43.0,0.9417187379945096
TS,35,20250811,20250829,trim_r2_to_r1,TSAL20250811_0830_staticAndStaticFree001,TSAL20250829_0830_interferenceAndInterferenceFree001,0.3936041682084908,0.6352177320824233,7,88,0.8138707266669979,0.17865299458457462,80.0,0.9415211856261998
TS,35,20250811,20250829,trim_r2_to_r1,TSAL20250811_0830_staticAndStaticFree001,TSAL20250829_0830_interferenceAndInterferenceFree001,0.3936041682084908,0.6352177320824233,8,87,0.8109259834645415,0.1757082513821182,83.0,0.9404946843726187
TS,35,20250811,20250829,trim_r2_to_r1,TSAL20250811_0830_staticAndStaticFree001,TSAL20250829_0830_interferenceAndInterferenceFree001,0.3936041682084908,0.6352177320824233,9,86,0.807766271052302,0.17254853896987876,54.0,0.9452137609847254
TS,35,20250811,20250829,trim_r2_to_r1,TSAL20250811_0830_staticAndStaticFree001,TSAL20250829_0830_interferenceAndInterferenceFree001,0.3936041682084908,0.6352177320824233,10,85,0.8047107806239325,0.16949304854150926,79.0,0.9360968690438147
TS,35,20250811,20250829,trim_r2_to_r1,TSAL20250811_0830_staticAndStaticFree001,TSAL20250829_0830_interferenceAndInterferenceFree001,0.3936041682084908,0.6352177320824233,11,84,0.8015695640713117,0.16635183198888848,81.0,0.935071267557698
TS,35,20250811,20250829,trim_r2_to_r1,TSAL20250811_0830_staticAndStaticFree001,TSAL20250829_0830_interferenceAndInterferenceFree001,0.3936041682084908,0.6352177320824233,12,83,0.7986429219509185,0.1634251898684952,92.0,0.92156189100744
TS,35,20250811,20250829,trim_r2_to_r1,TSAL20250811_0830_staticAndStaticFree001,TSAL20250829_0830_interferenceAndInterferenceFree001,0.3936041682084908,0.6352177320824233,13,82,0.7958035791171044,0.16058584703468115,62.0,0.9136363067203823
TS,35,20250811,20250829,trim_r2_to_r1,TSAL20250811_0830_staticAndStaticFree001,TSAL20250829_0830_interferenceAndInterferenceFree001,0.3936041682084908,0.6352177320824233,14,81,0.7930873976030884,0.15786966552066517,74.0,0.9044508396777416
TS,35,20250811,20250829,trim_r2_to_r1,TSAL20250811_0830_staticAndStaticFree001,TSAL20250829_0830_interferenceAndInterferenceFree001,0.3936041682084908,0.6352177320824233,15,80,0.7903371307396826,0.15511939865725932,69.0,0.9017229387076201
TS,35,20250811,20250829,trim_r2_to_r1,TSAL20250811_0830_staticAndStaticFree001,TSAL20250829_0830_interferenceAndInterferenceFree001,0.3936041682084908,0.6352177320824233,16,79,0.7875377044139552,0.15231997233153194,82.0,0.8995147574430503
TS,35,20250811,20250829,trim_r2_to_r1,TSAL20250811_0830_staticAndStaticFree001,TSAL20250829_0830_interferenceAndInterferenceFree001,0.3936041682084908,0.6352177320824233,17,78,0.7848362109529485,0.14961847887052526,59.0,0.8915452026627136
TS,35,20250811,20250829,trim_r2_to_r1,TSAL20250811_0830_staticAndStaticFree001,TSAL20250829_0830_interferenceAndInterferenceFree001,0.3936041682084908,0.6352177320824233,18,77,0.7821295200933498,0.14691178801092653,89.0,0.8876904636177033
TS,35,20250811,20250829,trim_r2_to_r1,TSAL20250811_0830_staticAndStaticFree001,TSAL20250829_0830_interferenceAndInterferenceFree001,0.3936041682084908,0.6352177320824233,19,76,0.7793530026243749,0.14413527054195163,66.0,0.8862489251799076
TS,35,20250811,20250829,trim_r2_to_r1,TSAL20250811_0830_staticAndStaticFree001,TSAL20250829_0830_interferenceAndInterferenceFree001,0.3936041682084908,0.6352177320824233,20,75,0.7763504867357351,0.14113275465331188,78.0,0.8904460905040421
TS,35,20250811,20250829,trim_r2_to_r1,TSAL20250811_0830_staticAndStaticFree001,TSAL20250829_0830_interferenceAndInterferenceFree001,0.3936041682084908,0.6352177320824233,21,74,0.7733139617269001,0.13809622964447688,76.0,0.8871836495582134
TS,35,20250811,20250829,trim_r2_to_r1,TSAL20250811_0830_staticAndStaticFree001,TSAL20250829_0830_interferenceAndInterferenceFree001,0.3936041682084908,0.6352177320824233,22,73,0.770186670512866,0.13496893843044278,48.0,0.8858964454321321
TS,35,20250811,20250829,trim_r2_to_r1,TSAL20250811_0830_staticAndStaticFree001,TSAL20250829_0830_interferenceAndInterferenceFree001,0.3936041682084908,0.6352177320824233,23,72,0.7670548064083125,0.1318370743258892,91.0,0.8813678462245156
TS,35,20250811,20250829,trim_r2_to_r1,TSAL20250811_0830_staticAndStaticFree001,TSAL20250829_0830_interferenceAndInterferenceFree001,0.3936041682084908,0.6352177320824233,24,71,0.7639566229723977,0.12873889088997448,72.0,0.8754912266653292
TS,35,20250811,20250829,trim_r2_to_r1,TSAL20250811_0830_staticAndStaticFree001,TSAL20250829_0830_interferenceAndInterferenceFree001,0.3936041682084908,0.6352177320824233,25,70,0.7607585514068785,0.12554081932445527,85.0,0.8742900919828056
TS,35,20250811,20250829,trim_r2_to_r1,TSAL20250811_0830_staticAndStaticFree001,TSAL20250829_0830_interferenceAndInterferenceFree001,0.3936041682084908,0.6352177320824233,26,69,0.757395713440255,0.12217798135783176,45.0,0.8750950422720816
TS,35,20250811,20250829,trim_r2_to_r1,TSAL20250811_0830_staticAndStaticFree001,TSAL20250829_0830_interferenceAndInterferenceFree001,0.3936041682084908,0.6352177320824233,27,68,0.7539145382816139,0.11869680619919065,94.0,0.8740150812547309
TS,35,20250811,20250829,trim_r2_to_r1,TSAL20250811_0830_staticAndStaticFree001,TSAL20250829_0830_interferenceAndInterferenceFree001,0.3936041682084908,0.6352177320824233,28,67,0.7503054629337076,0.11508773085128432,55.0,0.8730140247625211
TS,35,20250811,20250829,trim_r2_to_r1,TSAL20250811_0830_staticAndStaticFree001,TSAL20250829_0830_interferenceAndInterferenceFree001,0.3936041682084908,0.6352177320824233,29,66,0.7465276848360549,0.11130995275363165,84.0,0.8730832511074187
TS,35,20250811,20250829,trim_r2_to_r1,TSAL20250811_0830_staticAndStaticFree001,TSAL20250829_0830_interferenceAndInterferenceFree001,0.3936041682084908,0.6352177320824233,30,65,0.7425456985709811,0.1073279664885578,42.0,0.8739512453184205
TS,35,20250811,20250829,trim_r2_to_r1,TSAL20250811_0830_staticAndStaticFree001,TSAL20250829_0830_interferenceAndInterferenceFree001,0.3936041682084908,0.6352177320824233,31,64,0.7387336088940298,0.10351587681160657,75.0,0.862626523394946
TS,35,20250811,20250829,trim_r2_to_r1,TSAL20250811_0830_staticAndStaticFree001,TSAL20250829_0830_interferenceAndInterferenceFree001,0.3936041682084908,0.6352177320824233,32,63,0.7350329060864593,0.09981517400403606,77.0,0.8534553959287179
TS,35,20250811,20250829,trim_r2_to_r1,TSAL20250811_0830_staticAndStaticFree001,TSAL20250829_0830_interferenceAndInterferenceFree001,0.3936041682084908,0.6352177320824233,33,62,0.7310924187625932,0.09587468668016996,60.0,0.8552177694643736
TS,35,20250811,20250829,trim_r2_to_r1,TSAL20250811_0830_staticAndStaticFree001,TSAL20250829_0830_interferenceAndInterferenceFree001,0.3936041682084908,0.6352177320824233,34,61,0.726947882782056,0.09173015069963275,53.0,0.8554284981787099
TS,35,20250811,20250829,trim_r2_to_r1,TSAL20250811_0830_staticAndStaticFree001,TSAL20250829_0830_interferenceAndInterferenceFree001,0.3936041682084908,0.6352177320824233,35,60,0.7225611156885683,0.08734338360614502,49.0,0.8563575120399414
TS,35,20250811,20250829,trim_r2_to_r1,TSAL20250811_0830_staticAndStaticFree001,TSAL20250829_0830_interferenceAndInterferenceFree001,0.3936041682084908,0.6352177320824233,36,59,0.7181695684635242,0.08295183638110093,51.0,0.8499159852148478
TS,35,20250811,20250829,trim_r2_to_r1,TSAL20250811_0830_staticAndStaticFree001,TSAL20250829_0830_interferenceAndInterferenceFree001,0.3936041682084908,0.6352177320824233,37,58,0.7133618688311901,0.07814413674876686,70.0,0.8551890079850426
TS,35,20250811,20250829,trim_r2_to_r1,TSAL20250811_0830_staticAndStaticFree001,TSAL20250829_0830_interferenceAndInterferenceFree001,0.3936041682084908,0.6352177320824233,38,57,0.7082223582493323,0.07300462616690906,67.0,0.8572681651232118
TS,35,20250811,20250829,trim_r2_to_r1,TSAL20250811_0830_staticAndStaticFree001,TSAL20250829_0830_interferenceAndInterferenceFree001,0.3936041682084908,0.6352177320824233,39,56,0.7030539472862577,0.06783621520383443,68.0,0.8503536597338835
TS,35,20250811,20250829,trim_r2_to_r1,TSAL20250811_0830_staticAndStaticFree001,TSAL20250829_0830_interferenceAndInterferenceFree001,0.3936041682084908,0.6352177320824233,40,55,0.6982425578159561,0.06302482573353285,46.0,0.8329614629844031
TS,35,20250811,20250829,trim_r2_to_r1,TSAL20250811_0830_staticAndStaticFree001,TSAL20250829_0830_interferenceAndInterferenceFree001,0.3936041682084908,0.6352177320824233,41,54,0.6931148541714216,0.05789712208899833,86.0,0.834126704396119
TS,35,20250811,20250829,trim_r2_to_r1,TSAL20250811_0830_staticAndStaticFree001,TSAL20250829_0830_interferenceAndInterferenceFree001,0.3936041682084908,0.6352177320824233,42,53,0.6883203731448867,0.05310264106246343,50.0,0.8177713608613284
TS,35,20250811,20250829,trim_r2_to_r1,TSAL20250811_0830_staticAndStaticFree001,TSAL20250829_0830_interferenceAndInterferenceFree001,0.3936041682084908,0.6352177320824233,43,52,0.6833462913014317,0.04812855921900838,71.0,0.8151594601529918
TS,35,20250811,20250829,trim_r2_to_r1,TSAL20250811_0830_staticAndStaticFree001,TSAL20250829_0830_interferenceAndInterferenceFree001,0.3936041682084908,0.6352177320824233,44,51,0.6785197094289619,0.04330197734653862,57.0,0.8040108381131732
TS,35,20250811,20250829,trim_r2_to_r1,TSAL20250811_0830_staticAndStaticFree001,TSAL20250829_0830_interferenceAndInterferenceFree001,0.3936041682084908,0.6352177320824233,45,50,0.6732769056491638,0.03805917356674049,88.0,0.8069684020340148
TS,35,20250811,20250829,trim_r2_to_r1,TSAL20250811_0830_staticAndStaticFree001,TSAL20250829_0830_interferenceAndInterferenceFree001,0.3936041682084908,0.6352177320824233,46,49,0.6675062025635176,0.03228847048109429,65.0,0.8117737797046728
TS,35,20250811,20250829,trim_r2_to_r1,TSAL20250811_0830_staticAndStaticFree001,TSAL20250829_0830_interferenceAndInterferenceFree001,0.3936041682084908,0.6352177320824233,47,48,0.6611243384415909,0.02590660635916764,73.0,0.8174800094287944
TS,35,20250811,20250829,trim_r2_to_r1,TSAL20250811_0830_staticAndStaticFree001,TSAL20250829_0830_interferenceAndInterferenceFree001,0.3936041682084908,0.6352177320824233,48,47,0.6552352912559138,0.020017559173490573,63.0,0.7965724237121689
TS,35,20250811,20250829,trim_r2_to_r1,TSAL20250811_0830_staticAndStaticFree001,TSAL20250829_0830_interferenceAndInterferenceFree001,0.3936041682084908,0.6352177320824233,49,46,0.6487841792803314,0.013566447197908116,64.0,0.8003853107065153
TS,35,20250811,20250829,trim_r2_to_r1,TSAL20250811_0830_staticAndStaticFree001,TSAL20250829_0830_interferenceAndInterferenceFree001,0.3936041682084908,0.6352177320824233,50,45,0.6420467344928763,0.006829002410453033,52.0,0.7970079646043425
TS,35,20250811,20250829,trim_r2_to_r1,TSAL20250811_0830_staticAndStaticFree001,TSAL20250829_0830_interferenceAndInterferenceFree001,0.3936041682084908,0.6352177320824233,51,44,0.6353052691969812,8.75371145578896e-05,61.0,0.7869882383546202
TS,35,20250811,20250829,trim_r2_to_r1,TSAL20250811_0830_staticAndStaticFree001,TSAL20250829_0830_interferenceAndInterferenceFree001,0.3936041682084908,0.6352177320824233,52,43,0.6288024117800991,0.0,58.0,0.7718652749515069
TS,35,20250811,20250829,trim_r1_to_r2,TSAL20250829_0830_interferenceAndInterferenceFree001,TSAL20250811_0830_staticAndStaticFree001,0.5900149820428311,1.1347634200369747,0,86,0.514410950145457,0.07560403189737408,,
TS,35,20250811,20250829,trim_r1_to_r2,TSAL20250829_0830_interferenceAndInterferenceFree001,TSAL20250811_0830_staticAndStaticFree001,0.5900149820428311,1.1347634200369747,1,85,0.5162600397639804,0.07375494227885071,37.0,0.43674918616747815
TS,35,20250811,20250829,trim_r1_to_r2,TSAL20250829_0830_interferenceAndInterferenceFree001,TSAL20250811_0830_staticAndStaticFree001,0.5900149820428311,1.1347634200369747,2,84,0.5181019569097431,0.07191302513308795,38.0,0.4398204782148239
TS,35,20250811,20250829,trim_r1_to_r2,TSAL20250829_0830_interferenceAndInterferenceFree001,TSAL20250811_0830_staticAndStaticFree001,0.5900149820428311,1.1347634200369747,3,83,0.5199477215589702,0.07006726048386092,17.0,0.44242560629143246
TS,35,20250811,20250829,trim_r1_to_r2,TSAL20250829_0830_interferenceAndInterferenceFree001,TSAL20250811_0830_staticAndStaticFree001,0.5900149820428311,1.1347634200369747,4,82,0.5217882779331374,0.06822670410969367,27.0,0.44540518840519794
TS,35,20250811,20250829,trim_r1_to_r2,TSAL20250829_0830_interferenceAndInterferenceFree001,TSAL20250811_0830_staticAndStaticFree001,0.5900149820428311,1.1347634200369747,5,81,0.5236371972783275,0.06637778476450362,54.0,0.44783150412553696
TS,35,20250811,20250829,trim_r1_to_r2,TSAL20250829_0830_interferenceAndInterferenceFree001,TSAL20250811_0830_staticAndStaticFree001,0.5900149820428311,1.1347634200369747,6,80,0.5255284551864353,0.06448652685639578,59.0,0.448932509908067
TS,35,20250811,20250829,trim_r1_to_r2,TSAL20250829_0830_interferenceAndInterferenceFree001,TSAL20250811_0830_staticAndStaticFree001,0.5900149820428311,1.1347634200369747,7,79,0.5274352033518986,0.06257977869093245,42.0,0.45116527673336543
TS,35,20250811,20250829,trim_r1_to_r2,TSAL20250829_0830_interferenceAndInterferenceFree001,TSAL20250811_0830_staticAndStaticFree001,0.5900149820428311,1.1347634200369747,8,78,0.529328817273351,0.06068616476948008,29.0,0.4545310673759816
TS,35,20250811,20250829,trim_r1_to_r2,TSAL20250829_0830_interferenceAndInterferenceFree001,TSAL20250811_0830_staticAndStaticFree001,0.5900149820428311,1.1347634200369747,9,77,0.5311724003571795,0.058842581685651596,13.0,0.4592726600878686
TS,35,20250811,20250829,trim_r1_to_r2,TSAL20250829_0830_interferenceAndInterferenceFree001,TSAL20250811_0830_staticAndStaticFree001,0.5900149820428311,1.1347634200369747,10,76,0.5330375833327119,0.0569773987101192,71.0,0.46122803877471846
TS,35,20250811,20250829,trim_r1_to_r2,TSAL20250829_0830_interferenceAndInterferenceFree001,TSAL20250811_0830_staticAndStaticFree001,0.5900149820428311,1.1347634200369747,11,75,0.534946781022054,0.05506820102077714,30.0,0.46239726882705146
TS,35,20250811,20250829,trim_r1_to_r2,TSAL20250829_0830_interferenceAndInterferenceFree001,TSAL20250811_0830_staticAndStaticFree001,0.5900149820428311,1.1347634200369747,12,74,0.5368708730136141,0.05314410902921696,16.0,0.46471742333010646
TS,35,20250811,20250829,trim_r1_to_r2,TSAL20250829_0830_interferenceAndInterferenceFree001,TSAL20250811_0830_staticAndStaticFree001,0.5900149820428311,1.1347634200369747,13,73,0.5387895056284732,0.05122547641435793,15.0,0.46780009887869006
TS,35,20250811,20250829,trim_r1_to_r2,TSAL20250829_0830_interferenceAndInterferenceFree001,TSAL20250811_0830_staticAndStaticFree001,0.5900149820428311,1.1347634200369747,14,72,0.5406476198181076,0.04936736222472349,40.0,0.4728264518964497
TS,35,20250811,20250829,trim_r1_to_r2,TSAL20250829_0830_interferenceAndInterferenceFree001,TSAL20250811_0830_staticAndStaticFree001,0.5900149820428311,1.1347634200369747,15,71,0.5425597947769415,0.0474551872658896,75.0,0.4737214962589242
TS,35,20250811,20250829,trim_r1_to_r2,TSAL20250829_0830_interferenceAndInterferenceFree001,TSAL20250811_0830_staticAndStaticFree001,0.5900149820428311,1.1347634200369747,16,70,0.5445212334303042,0.04549374861252686,60.0,0.4748901612359262
TS,35,20250811,20250829,trim_r1_to_r2,TSAL20250829_0830_interferenceAndInterferenceFree001,TSAL20250811_0830_staticAndStaticFree001,0.5900149820428311,1.1347634200369747,17,69,0.546423141178948,0.043591840863883125,74.0,0.47985636997641556
TS,35,20250811,20250829,trim_r1_to_r2,TSAL20250829_0830_interferenceAndInterferenceFree001,TSAL20250811_0830_staticAndStaticFree001,0.5900149820428311,1.1347634200369747,18,68,0.5483463684654746,0.04166861357735652,5.0,0.4819950270803074
TS,35,20250811,20250829,trim_r1_to_r2,TSAL20250829_0830_interferenceAndInterferenceFree001,TSAL20250811_0830_staticAndStaticFree001,0.5900149820428311,1.1347634200369747,19,67,0.550289952169363,0.03972502987346804,76.0,0.4842081062371527
TS,35,20250811,20250829,trim_r1_to_r2,TSAL20250829_0830_interferenceAndInterferenceFree001,TSAL20250811_0830_staticAndStaticFree001,0.5900149820428311,1.1347634200369747,20,66,0.5522387327962216,0.037776249246609495,6.0,0.4869545817964641
TS,35,20250811,20250829,trim_r1_to_r2,TSAL20250829_0830_interferenceAndInterferenceFree001,TSAL20250811_0830_staticAndStaticFree001,0.5900149820428311,1.1347634200369747,21,65,0.5541650308214129,0.03584995122141821,65.0,0.4905971959900961
TS,35,20250811,20250829,trim_r1_to_r2,TSAL20250829_0830_interferenceAndInterferenceFree001,TSAL20250811_0830_staticAndStaticFree001,0.5900149820428311,1.1347634200369747,22,64,0.5560916880781706,0.03392329396466054,43.0,0.4934753272335473
TS,35,20250811,20250829,trim_r1_to_r2,TSAL20250829_0830_interferenceAndInterferenceFree001,TSAL20250811_0830_staticAndStaticFree001,0.5900149820428311,1.1347634200369747,23,63,0.5580562815777913,0.03195870046503979,21.0,0.49518928958993014
TS,35,20250811,20250829,trim_r1_to_r2,TSAL20250829_0830_interferenceAndInterferenceFree001,TSAL20250811_0830_staticAndStaticFree001,0.5900149820428311,1.1347634200369747,24,62,0.559982445118828,0.030032536924003095,80.0,0.49930829357617396
TS,35,20250811,20250829,trim_r1_to_r2,TSAL20250829_0830_interferenceAndInterferenceFree001,TSAL20250811_0830_staticAndStaticFree001,0.5900149820428311,1.1347634200369747,25,61,0.5618627395435615,0.02815224249926962,33.0,0.503573612376821
TS,35,20250811,20250829,trim_r1_to_r2,TSAL20250829_0830_interferenceAndInterferenceFree001,TSAL20250811_0830_staticAndStaticFree001,0.5900149820428311,1.1347634200369747,26,60,0.5638612813854181,0.02615370065741296,70.0,0.5029057552087911
TS,35,20250811,20250829,trim_r1_to_r2,TSAL20250829_0830_interferenceAndInterferenceFree001,TSAL20250811_0830_staticAndStaticFree001,0.5900149820428311,1.1347634200369747,27,59,0.5658869687246444,0.024128013318186703,41.0,0.5051163485478536
TS,35,20250811,20250829,trim_r1_to_r2,TSAL20250829_0830_interferenceAndInterferenceFree001,TSAL20250811_0830_staticAndStaticFree001,0.5900149820428311,1.1347634200369747,28,58,0.5678443340841195,0.022170647958711598,84.0,0.5101020559796077
TS,35,20250811,20250829,trim_r1_to_r2,TSAL20250829_0830_interferenceAndInterferenceFree001,TSAL20250811_0830_staticAndStaticFree001,0.5900149820428311,1.1347634200369747,29,57,0.5698973186334686,0.020117663409362496,32.0,0.5103607667023448
TS,35,20250811,20250829,trim_r1_to_r2,TSAL20250829_0830_interferenceAndInterferenceFree001,TSAL20250811_0830_staticAndStaticFree001,0.5900149820428311,1.1347634200369747,30,56,0.5718866812079224,0.018128300834908684,4.0,0.515189847835987
TS,35,20250811,20250829,trim_r1_to_r2,TSAL20250829_0830_interferenceAndInterferenceFree001,TSAL20250811_0830_staticAndStaticFree001,0.5900149820428311,1.1347634200369747,31,55,0.5739290550238467,0.01608592701898437,20.0,0.5167425881779657
TS,35,20250811,20250829,trim_r1_to_r2,TSAL20250829_0830_interferenceAndInterferenceFree001,TSAL20250811_0830_staticAndStaticFree001,0.5900149820428311,1.1347634200369747,32,54,0.5760610225023105,0.013953959540520589,44.0,0.5174319168445572
TS,35,20250811,20250829,trim_r1_to_r2,TSAL20250829_0830_interferenceAndInterferenceFree001,TSAL20250811_0830_staticAndStaticFree001,0.5900149820428311,1.1347634200369747,33,53,0.5781632033886024,0.011851778654228706,57.0,0.5214043194587218
TS,35,20250811,20250829,trim_r1_to_r2,TSAL20250829_0830_interferenceAndInterferenceFree001,TSAL20250811_0830_staticAndStaticFree001,0.5900149820428311,1.1347634200369747,34,52,0.5802496490588285,0.009765332984002617,3.0,0.5249588387978374
TS,35,20250811,20250829,trim_r1_to_r2,TSAL20250829_0830_interferenceAndInterferenceFree001,TSAL20250811_0830_staticAndStaticFree001,0.5900149820428311,1.1347634200369747,35,51,0.5824445624485457,0.007570419594285394,73.0,0.5253768143158963
TS,35,20250811,20250829,trim_r1_to_r2,TSAL20250829_0830_interferenceAndInterferenceFree001,TSAL20250811_0830_staticAndStaticFree001,0.5900149820428311,1.1347634200369747,36,50,0.5845748765090967,0.005440105533734418,39.0,0.5302518679650462
TS,35,20250811,20250829,trim_r1_to_r2,TSAL20250829_0830_interferenceAndInterferenceFree001,TSAL20250811_0830_staticAndStaticFree001,0.5900149820428311,1.1347634200369747,37,49,0.5866855819374356,0.003329400105395508,31.0,0.5339179462289654
TS,35,20250811,20250829,trim_r1_to_r2,TSAL20250829_0830_interferenceAndInterferenceFree001,TSAL20250811_0830_staticAndStaticFree001,0.5900149820428311,1.1347634200369747,38,48,0.5888668280511221,0.0011481539917089778,63.0,0.5354262982658003
TS,35,20250811,20250829,trim_r1_to_r2,TSAL20250829_0830_interferenceAndInterferenceFree001,TSAL20250811_0830_staticAndStaticFree001,0.5900149820428311,1.1347634200369747,39,47,0.5910799352729017,0.0,58.0,0.5379653619501903
TS,36,20250811,20250830,trim_r2_to_r1,TSAL20250811_0830_staticAndStaticFree001,TSAL20250830_0830_interferenceAndInterferenceFree001,0.3936041682084908,0.6352177320824233,0,79,0.7607158166146287,0.12549808453220546,,
TS,36,20250811,20250830,trim_r2_to_r1,TSAL20250811_0830_staticAndStaticFree001,TSAL20250830_0830_interferenceAndInterferenceFree001,0.3936041682084908,0.6352177320824233,1,78,0.7532223286927949,0.11800459661037166,15.0,1.0492151016052262
TS,36,20250811,20250830,trim_r2_to_r1,TSAL20250811_0830_staticAndStaticFree001,TSAL20250830_0830_interferenceAndInterferenceFree001,0.3936041682084908,0.6352177320824233,2,77,0.7460769185030802,0.11085918642065695,25.0,1.0247479159019566
TS,36,20250811,20250830,trim_r2_to_r1,TSAL20250811_0830_staticAndStaticFree001,TSAL20250830_0830_interferenceAndInterferenceFree001,0.3936041682084908,0.6352177320824233,3,76,0.7403171660035083,0.105099433921085,40.0,0.9620676372370269
TS,36,20250811,20250830,trim_r2_to_r1,TSAL20250811_0830_staticAndStaticFree001,TSAL20250830_0830_interferenceAndInterferenceFree001,0.3936041682084908,0.6352177320824233,4,75,0.7352413130706484,0.10002358098822517,62.0,0.9281237245193258
TS,36,20250811,20250830,trim_r2_to_r1,TSAL20250811_0830_staticAndStaticFree001,TSAL20250830_0830_interferenceAndInterferenceFree001,0.3936041682084908,0.6352177320824233,5,74,0.730258068088972,0.09504033600654871,64.0,0.9171297549018407
TS,36,20250811,20250830,trim_r2_to_r1,TSAL20250811_0830_staticAndStaticFree001,TSAL20250830_0830_interferenceAndInterferenceFree001,0.3936041682084908,0.6352177320824233,6,73,0.72523164525366,0.09001391317123675,41.0,0.9112092901601999
TS,36,20250811,20250830,trim_r2_to_r1,TSAL20250811_0830_staticAndStaticFree001,TSAL20250830_0830_interferenceAndInterferenceFree001,0.3936041682084908,0.6352177320824233,7,72,0.7203990243517653,0.08518129226934201,65.0,0.8967896872709239
TS,36,20250811,20250830,trim_r2_to_r1,TSAL20250811_0830_staticAndStaticFree001,TSAL20250830_0830_interferenceAndInterferenceFree001,0.3936041682084908,0.6352177320824233,8,71,0.7156798964163366,0.08046216433391329,63.0,0.8855685020917664
TS,36,20250811,20250830,trim_r2_to_r1,TSAL20250811_0830_staticAndStaticFree001,TSAL20250830_0830_interferenceAndInterferenceFree001,0.3936041682084908,0.6352177320824233,9,70,0.7107760860815596,0.07555835399913635,67.0,0.8848613529661441
TS,36,20250811,20250830,trim_r2_to_r1,TSAL20250811_0830_staticAndStaticFree001,TSAL20250830_0830_interferenceAndInterferenceFree001,0.3936041682084908,0.6352177320824233,10,69,0.7057875242017544,0.07056979211933112,10.0,0.8803871899949374
TS,36,20250811,20250830,trim_r2_to_r1,TSAL20250811_0830_staticAndStaticFree001,TSAL20250830_0830_interferenceAndInterferenceFree001,0.3936041682084908,0.6352177320824233,11,68,0.7009617170816653,0.06574398499924206,66.0,0.8674520627247374
TS,36,20250811,20250830,trim_r2_to_r1,TSAL20250811_0830_staticAndStaticFree001,TSAL20250830_0830_interferenceAndInterferenceFree001,0.3936041682084908,0.6352177320824233,12,67,0.6960882343249117,0.06087050224248847,78.0,0.8617866480545344
TS,36,20250811,20250830,trim_r2_to_r1,TSAL20250811_0830_staticAndStaticFree001,TSAL20250830_0830_interferenceAndInterferenceFree001,0.3936041682084908,0.6352177320824233,13,66,0.6917449026788705,0.056527170596447185,71.0,0.8372465128212512
TS,36,20250811,20250830,trim_r2_to_r1,TSAL20250811_0830_staticAndStaticFree001,TSAL20250830_0830_interferenceAndInterferenceFree001,0.3936041682084908,0.6352177320824233,14,65,0.6871077489055665,0.051890016823143204,76.0,0.8401338234245985
TS,36,20250811,20250830,trim_r2_to_r1,TSAL20250811_0830_staticAndStaticFree001,TSAL20250830_0830_interferenceAndInterferenceFree001,0.3936041682084908,0.6352177320824233,15,64,0.6823638837826677,0.04714615170024439,58.0,0.8365395002768805
TS,36,20250811,20250830,trim_r2_to_r1,TSAL20250811_0830_staticAndStaticFree001,TSAL20250830_0830_interferenceAndInterferenceFree001,0.3936041682084908,0.6352177320824233,16,63,0.6779704060752362,0.042752673992812906,50.0,0.8185616927130437
TS,36,20250811,20250830,trim_r2_to_r1,TSAL20250811_0830_staticAndStaticFree001,TSAL20250830_0830_interferenceAndInterferenceFree001,0.3936041682084908,0.6352177320824233,17,62,0.6735563195237949,0.03833858744137164,54.0,0.8126000458941938
TS,36,20250811,20250830,trim_r2_to_r1,TSAL20250811_0830_staticAndStaticFree001,TSAL20250830_0830_interferenceAndInterferenceFree001,0.3936041682084908,0.6352177320824233,18,61,0.6690581027178631,0.033840370635439876,51.0,0.808502823701752
TS,36,20250811,20250830,trim_r2_to_r1,TSAL20250811_0830_staticAndStaticFree001,TSAL20250830_0830_interferenceAndInterferenceFree001,0.3936041682084908,0.6352177320824233,19,60,0.6644839411106535,0.029266209028230183,52.0,0.803995870130546
TS,36,20250811,20250830,trim_r2_to_r1,TSAL20250811_0830_staticAndStaticFree001,TSAL20250830_0830_interferenceAndInterferenceFree001,0.3936041682084908,0.6352177320824233,20,59,0.6599345780355929,0.024716845953169586,69.0,0.7964154702874082
TS,36,20250811,20250830,trim_r2_to_r1,TSAL20250811_0830_staticAndStaticFree001,TSAL20250830_0830_interferenceAndInterferenceFree001,0.3936041682084908,0.6352177320824233,21,58,0.6552670615078596,0.020049329425436357,70.0,0.7929587990759963
TS,36,20250811,20250830,trim_r2_to_r1,TSAL20250811_0830_staticAndStaticFree001,TSAL20250830_0830_interferenceAndInterferenceFree001,0.3936041682084908,0.6352177320824233,22,57,0.65027584363478,0.015058111552356701,75.0,0.7950211619540893
TS,36,20250811,20250830,trim_r2_to_r1,TSAL20250811_0830_staticAndStaticFree001,TSAL20250830_0830_interferenceAndInterferenceFree001,0.3936041682084908,0.6352177320824233,23,56,0.6453445825188038,0.010126850436380508,47.0,0.7858855243241208
TS,36,20250811,20250830,trim_r2_to_r1,TSAL20250811_0830_staticAndStaticFree001,TSAL20250830_0830_interferenceAndInterferenceFree001,0.3936041682084908,0.6352177320824233,24,55,0.6409062123019392,0.005688480219515957,74.0,0.7651805783741491
TS,36,20250811,20250830,trim_r2_to_r1,TSAL20250811_0830_staticAndStaticFree001,TSAL20250830_0830_interferenceAndInterferenceFree001,0.3936041682084908,0.6352177320824233,25,54,0.636272657248497,0.0010549251660737502,42.0,0.7636954212181557
TS,36,20250811,20250830,trim_r2_to_r1,TSAL20250811_0830_staticAndStaticFree001,TSAL20250830_0830_interferenceAndInterferenceFree001,0.3936041682084908,0.6352177320824233,26,53,0.632551646022283,0.0,13.0,0.7330189491300624
TS,36,20250811,20250830,trim_r1_to_r2,TSAL20250830_0830_interferenceAndInterferenceFree001,TSAL20250811_0830_staticAndStaticFree001,0.5679024532450075,0.9535291799842499,0,86,0.514410950145457,0.05349150309955053,,
TS,36,20250811,20250830,trim_r1_to_r2,TSAL20250830_0830_interferenceAndInterferenceFree001,TSAL20250811_0830_staticAndStaticFree001,0.5679024532450075,0.9535291799842499,1,85,0.5162600397639804,0.05164241348102716,37.0,0.43674918616747815
TS,36,20250811,20250830,trim_r1_to_r2,TSAL20250830_0830_interferenceAndInterferenceFree001,TSAL20250811_0830_staticAndStaticFree001,0.5679024532450075,0.9535291799842499,2,84,0.5181019569097431,0.0498004963352644,38.0,0.4398204782148239
TS,36,20250811,20250830,trim_r1_to_r2,TSAL20250830_0830_interferenceAndInterferenceFree001,TSAL20250811_0830_staticAndStaticFree001,0.5679024532450075,0.9535291799842499,3,83,0.5199477215589702,0.047954731686037366,17.0,0.44242560629143246
TS,36,20250811,20250830,trim_r1_to_r2,TSAL20250830_0830_interferenceAndInterferenceFree001,TSAL20250811_0830_staticAndStaticFree001,0.5679024532450075,0.9535291799842499,4,82,0.5217882779331374,0.04611417531187012,27.0,0.44540518840519794
TS,36,20250811,20250830,trim_r1_to_r2,TSAL20250830_0830_interferenceAndInterferenceFree001,TSAL20250811_0830_staticAndStaticFree001,0.5679024532450075,0.9535291799842499,5,81,0.5236371972783275,0.04426525596668007,54.0,0.44783150412553696
TS,36,20250811,20250830,trim_r1_to_r2,TSAL20250830_0830_interferenceAndInterferenceFree001,TSAL20250811_0830_staticAndStaticFree001,0.5679024532450075,0.9535291799842499,6,80,0.5255284551864353,0.042373998058572226,59.0,0.448932509908067
TS,36,20250811,20250830,trim_r1_to_r2,TSAL20250830_0830_interferenceAndInterferenceFree001,TSAL20250811_0830_staticAndStaticFree001,0.5679024532450075,0.9535291799842499,7,79,0.5274352033518986,0.0404672498931089,42.0,0.45116527673336543
TS,36,20250811,20250830,trim_r1_to_r2,TSAL20250830_0830_interferenceAndInterferenceFree001,TSAL20250811_0830_staticAndStaticFree001,0.5679024532450075,0.9535291799842499,8,78,0.529328817273351,0.03857363597165653,29.0,0.4545310673759816
TS,36,20250811,20250830,trim_r1_to_r2,TSAL20250830_0830_interferenceAndInterferenceFree001,TSAL20250811_0830_staticAndStaticFree001,0.5679024532450075,0.9535291799842499,9,77,0.5311724003571795,0.036730052887828046,13.0,0.4592726600878686
TS,36,20250811,20250830,trim_r1_to_r2,TSAL20250830_0830_interferenceAndInterferenceFree001,TSAL20250811_0830_staticAndStaticFree001,0.5679024532450075,0.9535291799842499,10,76,0.5330375833327119,0.03486486991229565,71.0,0.46122803877471846
TS,36,20250811,20250830,trim_r1_to_r2,TSAL20250830_0830_interferenceAndInterferenceFree001,TSAL20250811_0830_staticAndStaticFree001,0.5679024532450075,0.9535291799842499,11,75,0.534946781022054,0.03295567222295359,30.0,0.46239726882705146
TS,36,20250811,20250830,trim_r1_to_r2,TSAL20250830_0830_interferenceAndInterferenceFree001,TSAL20250811_0830_staticAndStaticFree001,0.5679024532450075,0.9535291799842499,12,74,0.5368708730136141,0.031031580231393407,16.0,0.46471742333010646
TS,36,20250811,20250830,trim_r1_to_r2,TSAL20250830_0830_interferenceAndInterferenceFree001,TSAL20250811_0830_staticAndStaticFree001,0.5679024532450075,0.9535291799842499,13,73,0.5387895056284732,0.02911294761653438,15.0,0.46780009887869006
TS,36,20250811,20250830,trim_r1_to_r2,TSAL20250830_0830_interferenceAndInterferenceFree001,TSAL20250811_0830_staticAndStaticFree001,0.5679024532450075,0.9535291799842499,14,72,0.5406476198181076,0.027254833426899938,40.0,0.4728264518964497
TS,36,20250811,20250830,trim_r1_to_r2,TSAL20250830_0830_interferenceAndInterferenceFree001,TSAL20250811_0830_staticAndStaticFree001,0.5679024532450075,0.9535291799842499,15,71,0.5425597947769415,0.02534265846806605,75.0,0.4737214962589242
TS,36,20250811,20250830,trim_r1_to_r2,TSAL20250830_0830_interferenceAndInterferenceFree001,TSAL20250811_0830_staticAndStaticFree001,0.5679024532450075,0.9535291799842499,16,70,0.5445212334303042,0.023381219814703313,60.0,0.4748901612359262
TS,36,20250811,20250830,trim_r1_to_r2,TSAL20250830_0830_interferenceAndInterferenceFree001,TSAL20250811_0830_staticAndStaticFree001,0.5679024532450075,0.9535291799842499,17,69,0.546423141178948,0.021479312066059575,74.0,0.47985636997641556
TS,36,20250811,20250830,trim_r1_to_r2,TSAL20250830_0830_interferenceAndInterferenceFree001,TSAL20250811_0830_staticAndStaticFree001,0.5679024532450075,0.9535291799842499,18,68,0.5483463684654746,0.019556084779532967,5.0,0.4819950270803074
TS,36,20250811,20250830,trim_r1_to_r2,TSAL20250830_0830_interferenceAndInterferenceFree001,TSAL20250811_0830_staticAndStaticFree001,0.5679024532450075,0.9535291799842499,19,67,0.550289952169363,0.017612501075644493,76.0,0.4842081062371527
TS,36,20250811,20250830,trim_r1_to_r2,TSAL20250830_0830_interferenceAndInterferenceFree001,TSAL20250811_0830_staticAndStaticFree001,0.5679024532450075,0.9535291799842499,20,66,0.5522387327962216,0.015663720448785945,6.0,0.4869545817964641
TS,36,20250811,20250830,trim_r1_to_r2,TSAL20250830_0830_interferenceAndInterferenceFree001,TSAL20250811_0830_staticAndStaticFree001,0.5679024532450075,0.9535291799842499,21,65,0.5541650308214129,0.013737422423594658,65.0,0.4905971959900961
TS,36,20250811,20250830,trim_r1_to_r2,TSAL20250830_0830_interferenceAndInterferenceFree001,TSAL20250811_0830_staticAndStaticFree001,0.5679024532450075,0.9535291799842499,22,64,0.5560916880781706,0.01181076516683699,43.0,0.4934753272335473
TS,36,20250811,20250830,trim_r1_to_r2,TSAL20250830_0830_interferenceAndInterferenceFree001,TSAL20250811_0830_staticAndStaticFree001,0.5679024532450075,0.9535291799842499,23,63,0.5580562815777913,0.009846171667216241,21.0,0.49518928958993014
TS,36,20250811,20250830,trim_r1_to_r2,TSAL20250830_0830_interferenceAndInterferenceFree001,TSAL20250811_0830_staticAndStaticFree001,0.5679024532450075,0.9535291799842499,24,62,0.559982445118828,0.007920008126179545,80.0,0.49930829357617396
TS,36,20250811,20250830,trim_r1_to_r2,TSAL20250830_0830_interferenceAndInterferenceFree001,TSAL20250811_0830_staticAndStaticFree001,0.5679024532450075,0.9535291799842499,25,61,0.5618627395435615,0.00603971370144607,33.0,0.503573612376821
TS,36,20250811,20250830,trim_r1_to_r2,TSAL20250830_0830_interferenceAndInterferenceFree001,TSAL20250811_0830_staticAndStaticFree001,0.5679024532450075,0.9535291799842499,26,60,0.5638612813854181,0.00404117185958941,70.0,0.5029057552087911
TS,36,20250811,20250830,trim_r1_to_r2,TSAL20250830_0830_interferenceAndInterferenceFree001,TSAL20250811_0830_staticAndStaticFree001,0.5679024532450075,0.9535291799842499,27,59,0.5658869687246444,0.0020154845203631533,41.0,0.5051163485478536
TS,36,20250811,20250830,trim_r1_to_r2,TSAL20250830_0830_interferenceAndInterferenceFree001,TSAL20250811_0830_staticAndStaticFree001,0.5679024532450075,0.9535291799842499,28,58,0.5678443340841195,5.811916088804825e-05,84.0,0.5101020559796077
TS,36,20250811,20250830,trim_r1_to_r2,TSAL20250830_0830_interferenceAndInterferenceFree001,TSAL20250811_0830_staticAndStaticFree001,0.5679024532450075,0.9535291799842499,29,57,0.5698973186334686,0.0,32.0,0.5103607667023448
TS,37,20250812,20250828,trim_r2_to_r1,TSAL20250812_0830_staticAndStaticFree001,TSAL20250828_0830_interferenceAndInterferenceFree001,0.3877272248956002,0.611519389667405,0,90,0.8688595485308579,0.25734015886345285,,
TS,37,20250812,20250828,trim_r2_to_r1,TSAL20250812_0830_staticAndStaticFree001,TSAL20250828_0830_interferenceAndInterferenceFree001,0.3877272248956002,0.611519389667405,1,89,0.8635199154685065,0.25200052580110144,27.0,1.1038034032743222
TS,37,20250812,20250828,trim_r2_to_r1,TSAL20250812_0830_staticAndStaticFree001,TSAL20250828_0830_interferenceAndInterferenceFree001,0.3877272248956002,0.611519389667405,2,88,0.8587557585731049,0.2472363689056999,75.0,1.070760740418474
TS,37,20250812,20250828,trim_r2_to_r1,TSAL20250812_0830_staticAndStaticFree001,TSAL20250828_0830_interferenceAndInterferenceFree001,0.3877272248956002,0.611519389667405,3,87,0.8549141812146666,0.2433947915472615,62.0,1.0239435849859566
TS,37,20250812,20250828,trim_r2_to_r1,TSAL20250812_0830_staticAndStaticFree001,TSAL20250828_0830_interferenceAndInterferenceFree001,0.3877272248956002,0.611519389667405,4,86,0.8511962011135393,0.23967681144613429,59.0,1.012928335512573
TS,37,20250812,20250828,trim_r2_to_r1,TSAL20250812_0830_staticAndStaticFree001,TSAL20250828_0830_interferenceAndInterferenceFree001,0.3877272248956002,0.611519389667405,5,85,0.8475493746935528,0.2360299850261478,76.0,1.0043629107529695
TS,37,20250812,20250828,trim_r2_to_r1,TSAL20250812_0830_staticAndStaticFree001,TSAL20250828_0830_interferenceAndInterferenceFree001,0.3877272248956002,0.611519389667405,6,84,0.8439012952649045,0.2323819055974995,83.0,0.9989446709824561
TS,37,20250812,20250828,trim_r2_to_r1,TSAL20250812_0830_staticAndStaticFree001,TSAL20250828_0830_interferenceAndInterferenceFree001,0.3877272248956002,0.611519389667405,7,83,0.8408570352072088,0.22933764553980374,10.0,0.9687159576304307
TS,37,20250812,20250828,trim_r2_to_r1,TSAL20250812_0830_staticAndStaticFree001,TSAL20250828_0830_interferenceAndInterferenceFree001,0.3877272248956002,0.611519389667405,8,82,0.8377617829681232,0.22624239330071816,11.0,0.9662147508901726
TS,37,20250812,20250828,trim_r2_to_r1,TSAL20250812_0830_staticAndStaticFree001,TSAL20250828_0830_interferenceAndInterferenceFree001,0.3877272248956002,0.611519389667405,9,81,0.8345607069272439,0.2230413172598389,79.0,0.965804824603299
TS,37,20250812,20250828,trim_r2_to_r1,TSAL20250812_0830_staticAndStaticFree001,TSAL20250828_0830_interferenceAndInterferenceFree001,0.3877272248956002,0.611519389667405,10,80,0.8313714197212871,0.2198520300538821,81.0,0.9605375515625395
TS,37,20250812,20250828,trim_r2_to_r1,TSAL20250812_0830_staticAndStaticFree001,TSAL20250828_0830_interferenceAndInterferenceFree001,0.3877272248956002,0.611519389667405,11,79,0.8280858279478184,0.21656643828041333,74.0,0.9595094988865672
TS,37,20250812,20250828,trim_r2_to_r1,TSAL20250812_0830_staticAndStaticFree001,TSAL20250828_0830_interferenceAndInterferenceFree001,0.3877272248956002,0.611519389667405,12,78,0.8249208281552428,0.21340143848783777,78.0,0.9499383199619792
TS,37,20250812,20250828,trim_r2_to_r1,TSAL20250812_0830_staticAndStaticFree001,TSAL20250828_0830_interferenceAndInterferenceFree001,0.3877272248956002,0.611519389667405,13,77,0.822079905723245,0.21056051605583992,0.0,0.9328758805711543
TS,37,20250812,20250828,trim_r2_to_r1,TSAL20250812_0830_staticAndStaticFree001,TSAL20250828_0830_interferenceAndInterferenceFree001,0.3877272248956002,0.611519389667405,14,76,0.8192646358761241,0.20774524620871904,67.0,0.9276525249902825
TS,37,20250812,20250828,trim_r2_to_r1,TSAL20250812_0830_staticAndStaticFree001,TSAL20250828_0830_interferenceAndInterferenceFree001,0.3877272248956002,0.611519389667405,15,75,0.8162065479171008,0.20468715824969574,84.0,0.9324138903599839
TS,37,20250812,20250828,trim_r2_to_r1,TSAL20250812_0830_staticAndStaticFree001,TSAL20250828_0830_interferenceAndInterferenceFree001,0.3877272248956002,0.611519389667405,16,74,0.8131478586689921,0.20162846900158704,9.0,0.9278487054730683
TS,37,20250812,20250828,trim_r2_to_r1,TSAL20250812_0830_staticAndStaticFree001,TSAL20250828_0830_interferenceAndInterferenceFree001,0.3877272248956002,0.611519389667405,17,73,0.8101973687494798,0.19867797908207474,5.0,0.9193654957714394
TS,37,20250812,20250828,trim_r2_to_r1,TSAL20250812_0830_staticAndStaticFree001,TSAL20250828_0830_interferenceAndInterferenceFree001,0.3877272248956002,0.611519389667405,18,72,0.8071827294104228,0.19566333974301775,77.0,0.9172170652860027
TS,37,20250812,20250828,trim_r2_to_r1,TSAL20250812_0830_staticAndStaticFree001,TSAL20250828_0830_interferenceAndInterferenceFree001,0.3877272248956002,0.611519389667405,19,71,0.8047817049171032,0.19326231524969817,12.0,0.8912185866766044
TS,37,20250812,20250828,trim_r2_to_r1,TSAL20250812_0830_staticAndStaticFree001,TSAL20250828_0830_interferenceAndInterferenceFree001,0.3877272248956002,0.611519389667405,20,70,0.8021921714254303,0.19067278175802527,18.0,0.8941206103798168
TS,37,20250812,20250828,trim_r2_to_r1,TSAL20250812_0830_staticAndStaticFree001,TSAL20250828_0830_interferenceAndInterferenceFree001,0.3877272248956002,0.611519389667405,21,69,0.7994267889114345,0.18790739924402944,14.0,0.8962151769012942
TS,37,20250812,20250828,trim_r2_to_r1,TSAL20250812_0830_staticAndStaticFree001,TSAL20250828_0830_interferenceAndInterferenceFree001,0.3877272248956002,0.611519389667405,22,68,0.7966357416727814,0.18511635200537635,8.0,0.8929268714063134
TS,37,20250812,20250828,trim_r2_to_r1,TSAL20250812_0830_staticAndStaticFree001,TSAL20250828_0830_interferenceAndInterferenceFree001,0.3877272248956002,0.611519389667405,23,67,0.7937559980710449,0.18223660840363987,2.0,0.8916672805300823
TS,37,20250812,20250828,trim_r2_to_r1,TSAL20250812_0830_staticAndStaticFree001,TSAL20250828_0830_interferenceAndInterferenceFree001,0.3877272248956002,0.611519389667405,24,66,0.7908452590881438,0.1793258694207388,85.0,0.888355015015328
TS,37,20250812,20250828,trim_r2_to_r1,TSAL20250812_0830_staticAndStaticFree001,TSAL20250828_0830_interferenceAndInterferenceFree001,0.3877272248956002,0.611519389667405,25,65,0.7878921180792433,0.17637272841183826,19.0,0.8853457713729647
TS,37,20250812,20250828,trim_r2_to_r1,TSAL20250812_0830_staticAndStaticFree001,TSAL20250828_0830_interferenceAndInterferenceFree001,0.3877272248956002,0.611519389667405,26,64,0.7849042266330847,0.17338483696567963,13.0,0.8820106986332331
TS,37,20250812,20250828,trim_r2_to_r1,TSAL20250812_0830_staticAndStaticFree001,TSAL20250828_0830_interferenceAndInterferenceFree001,0.3877272248956002,0.611519389667405,27,63,0.7818220377545875,0.17030264808718243,1.0,0.8804520818664984
TS,37,20250812,20250828,trim_r2_to_r1,TSAL20250812_0830_staticAndStaticFree001,TSAL20250828_0830_interferenceAndInterferenceFree001,0.3877272248956002,0.611519389667405,28,62,0.7786066278992173,0.16708723823181226,7.0,0.879892038343384
TS,37,20250812,20250828,trim_r2_to_r1,TSAL20250812_0830_staticAndStaticFree001,TSAL20250828_0830_interferenceAndInterferenceFree001,0.3877272248956002,0.611519389667405,29,61,0.775331417871477,0.16381202820407192,22.0,0.8768629287314258
TS,37,20250812,20250828,trim_r2_to_r1,TSAL20250812_0830_staticAndStaticFree001,TSAL20250828_0830_interferenceAndInterferenceFree001,0.3877272248956002,0.611519389667405,30,60,0.771808423606789,0.16028903393938398,15.0,0.8792597486797697
TS,37,20250812,20250828,trim_r2_to_r1,TSAL20250812_0830_staticAndStaticFree001,TSAL20250828_0830_interferenceAndInterferenceFree001,0.3877272248956002,0.611519389667405,31,59,0.768327268465665,0.15680787879825997,6.0,0.8727619226993827
TS,37,20250812,20250828,trim_r2_to_r1,TSAL20250812_0830_staticAndStaticFree001,TSAL20250828_0830_interferenceAndInterferenceFree001,0.3877272248956002,0.611519389667405,32,58,0.7644775440636136,0.15295815439620852,16.0,0.8780444139241316
TS,37,20250812,20250828,trim_r2_to_r1,TSAL20250812_0830_staticAndStaticFree001,TSAL20250828_0830_interferenceAndInterferenceFree001,0.3877272248956002,0.611519389667405,33,57,0.760387190277881,0.148867800610476,21.0,0.8790074500641246
TS,37,20250812,20250828,trim_r2_to_r1,TSAL20250812_0830_staticAndStaticFree001,TSAL20250828_0830_interferenceAndInterferenceFree001,0.3877272248956002,0.611519389667405,34,56,0.7564319298738156,0.14491254020641053,17.0,0.8691568513896865
TS,37,20250812,20250828,trim_r2_to_r1,TSAL20250812_0830_staticAndStaticFree001,TSAL20250828_0830_interferenceAndInterferenceFree001,0.3877272248956002,0.611519389667405,35,55,0.7524504468263689,0.1409310571589638,23.0,0.8639319721548765
TS,37,20250812,20250828,trim_r2_to_r1,TSAL20250812_0830_staticAndStaticFree001,TSAL20250828_0830_interferenceAndInterferenceFree001,0.3877272248956002,0.611519389667405,36,54,0.7485182054458804,0.1369988157784754,71.0,0.8566548434093106
TS,37,20250812,20250828,trim_r2_to_r1,TSAL20250812_0830_staticAndStaticFree001,TSAL20250828_0830_interferenceAndInterferenceFree001,0.3877272248956002,0.611519389667405,37,53,0.7443431151218046,0.13282372545439958,68.0,0.857070553871851
TS,37,20250812,20250828,trim_r2_to_r1,TSAL20250812_0830_staticAndStaticFree001,TSAL20250828_0830_interferenceAndInterferenceFree001,0.3877272248956002,0.611519389667405,38,52,0.7403135278579084,0.12879413819050334,72.0,0.8470975903511567
TS,37,20250812,20250828,trim_r2_to_r1,TSAL20250812_0830_staticAndStaticFree001,TSAL20250828_0830_interferenceAndInterferenceFree001,0.3877272248956002,0.611519389667405,39,51,0.7361188281798082,0.12459943851240318,47.0,0.8451810198104147
TS,37,20250812,20250828,trim_r2_to_r1,TSAL20250812_0830_staticAndStaticFree001,TSAL20250828_0830_interferenceAndInterferenceFree001,0.3877272248956002,0.611519389667405,40,50,0.7319019609011196,0.12038257123371454,87.0,0.8394320765076795
TS,37,20250812,20250828,trim_r2_to_r1,TSAL20250812_0830_staticAndStaticFree001,TSAL20250828_0830_interferenceAndInterferenceFree001,0.3877272248956002,0.611519389667405,41,49,0.7273187204093728,0.1157993307419678,60.0,0.8418997327030424
TS,37,20250812,20250828,trim_r2_to_r1,TSAL20250812_0830_staticAndStaticFree001,TSAL20250828_0830_interferenceAndInterferenceFree001,0.3877272248956002,0.611519389667405,42,48,0.7231086930675851,0.11158930340018003,86.0,0.8262543629413841
TS,37,20250812,20250828,trim_r2_to_r1,TSAL20250812_0830_staticAndStaticFree001,TSAL20250828_0830_interferenceAndInterferenceFree001,0.3877272248956002,0.611519389667405,43,47,0.7185571304900146,0.10703774082260953,69.0,0.8277946323517075
TS,37,20250812,20250828,trim_r2_to_r1,TSAL20250812_0830_staticAndStaticFree001,TSAL20250828_0830_interferenceAndInterferenceFree001,0.3877272248956002,0.611519389667405,44,46,0.7137721863030022,0.10225279663559717,3.0,0.8262183746977938
TS,37,20250812,20250828,trim_r2_to_r1,TSAL20250812_0830_staticAndStaticFree001,TSAL20250828_0830_interferenceAndInterferenceFree001,0.3877272248956002,0.611519389667405,45,45,0.7087561081279314,0.0972367184605264,73.0,0.8241259061545556
TS,37,20250812,20250828,trim_r2_to_r1,TSAL20250812_0830_staticAndStaticFree001,TSAL20250828_0830_interferenceAndInterferenceFree001,0.3877272248956002,0.611519389667405,46,44,0.7034314586676061,0.0919120690002011,20.0,0.823236071524928
TS,37,20250812,20250828,trim_r2_to_r1,TSAL20250812_0830_staticAndStaticFree001,TSAL20250828_0830_interferenceAndInterferenceFree001,0.3877272248956002,0.611519389667405,47,43,0.6973368655015837,0.08581747583417865,4.0,0.8314179151540733
TS,37,20250812,20250828,trim_r2_to_r1,TSAL20250812_0830_staticAndStaticFree001,TSAL20250828_0830_interferenceAndInterferenceFree001,0.3877272248956002,0.611519389667405,48,42,0.691543637167792,0.08002424750038695,70.0,0.8160980463443158
TS,37,20250812,20250828,trim_r2_to_r1,TSAL20250812_0830_staticAndStaticFree001,TSAL20250828_0830_interferenceAndInterferenceFree001,0.3877272248956002,0.611519389667405,49,41,0.6850235372621192,0.07350414759471413,88.0,0.8219456352812506
TS,37,20250812,20250828,trim_r2_to_r1,TSAL20250812_0830_staticAndStaticFree001,TSAL20250828_0830_interferenceAndInterferenceFree001,0.3877272248956002,0.611519389667405,50,40,0.6786289350743886,0.06710954540698355,80.0,0.8097182799228628
TS,37,20250812,20250828,trim_r2_to_r1,TSAL20250812_0830_staticAndStaticFree001,TSAL20250828_0830_interferenceAndInterferenceFree001,0.3877272248956002,0.611519389667405,51,39,0.6721615722765246,0.06064218260911958,82.0,0.8015088282338063
TS,37,20250812,20250828,trim_r2_to_r1,TSAL20250812_0830_staticAndStaticFree001,TSAL20250828_0830_interferenceAndInterferenceFree001,0.3877272248956002,0.611519389667405,52,38,0.665130161736084,0.053610772068678925,89.0,0.802242667274677
TS,37,20250812,20250828,trim_r2_to_r1,TSAL20250812_0830_staticAndStaticFree001,TSAL20250828_0830_interferenceAndInterferenceFree001,0.3877272248956002,0.611519389667405,53,37,0.6576281797644614,0.046108790097056374,38.0,0.8001658372252908
TS,37,20250812,20250828,trim_r2_to_r1,TSAL20250812_0830_staticAndStaticFree001,TSAL20250828_0830_interferenceAndInterferenceFree001,0.3877272248956002,0.611519389667405,54,36,0.6507836397659701,0.039264250098565046,24.0,0.7774076297380569
TS,37,20250812,20250828,trim_r2_to_r1,TSAL20250812_0830_staticAndStaticFree001,TSAL20250828_0830_interferenceAndInterferenceFree001,0.3877272248956002,0.611519389667405,55,35,0.6448348199345438,0.03331543026713879,31.0,0.7519135769002167
TS,37,20250812,20250828,trim_r2_to_r1,TSAL20250812_0830_staticAndStaticFree001,TSAL20250828_0830_interferenceAndInterferenceFree001,0.3877272248956002,0.611519389667405,56,34,0.6391653790737426,0.027645989406337557,54.0,0.7383805941377649
TS,37,20250812,20250828,trim_r2_to_r1,TSAL20250812_0830_staticAndStaticFree001,TSAL20250828_0830_interferenceAndInterferenceFree001,0.3877272248956002,0.611519389667405,57,33,0.6334852323895251,0.0219658427221201,52.0,0.730047726021223
TS,37,20250812,20250828,trim_r2_to_r1,TSAL20250812_0830_staticAndStaticFree001,TSAL20250828_0830_interferenceAndInterferenceFree001,0.3877272248956002,0.611519389667405,58,32,0.6275878563774792,0.016068466710074114,63.0,0.7248945605762349
TS,37,20250812,20250828,trim_r2_to_r1,TSAL20250812_0830_staticAndStaticFree001,TSAL20250828_0830_interferenceAndInterferenceFree001,0.3877272248956002,0.611519389667405,59,31,0.6217439544149108,0.010224564747505771,65.0,0.7152463858160074
TS,37,20250812,20250828,trim_r2_to_r1,TSAL20250812_0830_staticAndStaticFree001,TSAL20250828_0830_interferenceAndInterferenceFree001,0.3877272248956002,0.611519389667405,60,30,0.6149699570960323,0.0034505674286272603,64.0,0.7199669155386464
TS,37,20250812,20250828,trim_r2_to_r1,TSAL20250812_0830_staticAndStaticFree001,TSAL20250828_0830_interferenceAndInterferenceFree001,0.3877272248956002,0.611519389667405,61,29,0.6084233235981641,0.0,50.0,0.70662282606619
TS,37,20250812,20250828,trim_r1_to_r2,TSAL20250828_0830_interferenceAndInterferenceFree001,TSAL20250812_0830_staticAndStaticFree001,0.6396443499665845,1.0980747470951313,0,76,0.4996233072815026,0.14002104268508186,,
TS,37,20250812,20250828,trim_r1_to_r2,TSAL20250828_0830_interferenceAndInterferenceFree001,TSAL20250812_0830_staticAndStaticFree001,0.6396443499665845,1.0980747470951313,1,75,0.5015112518088094,0.13813309815777508,6.0,0.4297693597711523
TS,37,20250812,20250828,trim_r1_to_r2,TSAL20250828_0830_interferenceAndInterferenceFree001,TSAL20250812_0830_staticAndStaticFree001,0.6396443499665845,1.0980747470951313,2,74,0.5033118701701276,0.1363324797964569,53.0,0.435788681620699
TS,37,20250812,20250828,trim_r1_to_r2,TSAL20250828_0830_interferenceAndInterferenceFree001,TSAL20250812_0830_staticAndStaticFree001,0.6396443499665845,1.0980747470951313,3,73,0.5051215568172028,0.13452279314938165,24.0,0.43816315087542024
TS,37,20250812,20250828,trim_r1_to_r2,TSAL20250828_0830_interferenceAndInterferenceFree001,TSAL20250812_0830_staticAndStaticFree001,0.6396443499665845,1.0980747470951313,4,72,0.5069669313593753,0.13267741860720916,9.0,0.4396107605700769
TS,37,20250812,20250828,trim_r1_to_r2,TSAL20250828_0830_interferenceAndInterferenceFree001,TSAL20250812_0830_staticAndStaticFree001,0.6396443499665845,1.0980747470951313,5,71,0.5088235191472374,0.13082083081934703,48.0,0.44198635878420006
TS,37,20250812,20250828,trim_r1_to_r2,TSAL20250828_0830_interferenceAndInterferenceFree001,TSAL20250812_0830_staticAndStaticFree001,0.6396443499665845,1.0980747470951313,6,70,0.5106821760066425,0.12896217395994203,30.0,0.4446998574977647
TS,37,20250812,20250828,trim_r1_to_r2,TSAL20250828_0830_interferenceAndInterferenceFree001,TSAL20250812_0830_staticAndStaticFree001,0.6396443499665845,1.0980747470951313,7,69,0.5125739755548919,0.12707037441169255,32.0,0.4463609913661597
TS,37,20250812,20250828,trim_r1_to_r2,TSAL20250828_0830_interferenceAndInterferenceFree001,TSAL20250812_0830_staticAndStaticFree001,0.6396443499665845,1.0980747470951313,8,68,0.5143979990534487,0.12524635091313574,13.0,0.4514691883532372
TS,37,20250812,20250828,trim_r1_to_r2,TSAL20250828_0830_interferenceAndInterferenceFree001,TSAL20250812_0830_staticAndStaticFree001,0.6396443499665845,1.0980747470951313,9,67,0.5162457648495855,0.12339858511699897,74.0,0.45342172778093637
TS,37,20250812,20250828,trim_r1_to_r2,TSAL20250828_0830_interferenceAndInterferenceFree001,TSAL20250812_0830_staticAndStaticFree001,0.6396443499665845,1.0980747470951313,10,66,0.5180921396849575,0.121552210281627,12.0,0.4562385826999971
TS,37,20250812,20250828,trim_r1_to_r2,TSAL20250828_0830_interferenceAndInterferenceFree001,TSAL20250812_0830_staticAndStaticFree001,0.6396443499665845,1.0980747470951313,11,65,0.5199532206312942,0.11969112933529025,66.0,0.4585375494021849
TS,37,20250812,20250828,trim_r1_to_r2,TSAL20250828_0830_interferenceAndInterferenceFree001,TSAL20250812_0830_staticAndStaticFree001,0.6396443499665845,1.0980747470951313,12,64,0.521844951873635,0.11779939809294948,7.0,0.46036368649755693
TS,37,20250812,20250828,trim_r1_to_r2,TSAL20250828_0830_interferenceAndInterferenceFree001,TSAL20250812_0830_staticAndStaticFree001,0.6396443499665845,1.0980747470951313,13,63,0.5236666470473658,0.11597770291921872,3.0,0.46537240148798054
TS,37,20250812,20250828,trim_r1_to_r2,TSAL20250828_0830_interferenceAndInterferenceFree001,TSAL20250812_0830_staticAndStaticFree001,0.6396443499665845,1.0980747470951313,14,62,0.5254015920296364,0.11424275793694805,25.0,0.4707508250881088
TS,37,20250812,20250828,trim_r1_to_r2,TSAL20250828_0830_interferenceAndInterferenceFree001,TSAL20250812_0830_staticAndStaticFree001,0.6396443499665845,1.0980747470951313,15,61,0.5271745204565685,0.11246982951001594,20.0,0.4722137392216744
TS,37,20250812,20250828,trim_r1_to_r2,TSAL20250828_0830_interferenceAndInterferenceFree001,TSAL20250812_0830_staticAndStaticFree001,0.6396443499665845,1.0980747470951313,16,60,0.5289273712883846,0.11071697867819985,61.0,0.47546542091799543
TS,37,20250812,20250828,trim_r1_to_r2,TSAL20250828_0830_interferenceAndInterferenceFree001,TSAL20250812_0830_staticAndStaticFree001,0.6396443499665845,1.0980747470951313,17,59,0.5307084556978776,0.10893589426870687,58.0,0.47727592341308717
TS,37,20250812,20250828,trim_r1_to_r2,TSAL20250828_0830_interferenceAndInterferenceFree001,TSAL20250812_0830_staticAndStaticFree001,0.6396443499665845,1.0980747470951313,18,58,0.5325525949448341,0.10709175502175039,62.0,0.4781504871596171
TS,37,20250812,20250828,trim_r1_to_r2,TSAL20250828_0830_interferenceAndInterferenceFree001,TSAL20250812_0830_staticAndStaticFree001,0.6396443499665845,1.0980747470951313,19,57,0.5343416283684302,0.10530272159815424,35.0,0.48245965908414074
TS,37,20250812,20250828,trim_r1_to_r2,TSAL20250828_0830_interferenceAndInterferenceFree001,TSAL20250812_0830_staticAndStaticFree001,0.6396443499665845,1.0980747470951313,20,56,0.5361751883240522,0.10346916164253228,29.0,0.4839187295888264
TS,37,20250812,20250828,trim_r1_to_r2,TSAL20250828_0830_interferenceAndInterferenceFree001,TSAL20250812_0830_staticAndStaticFree001,0.6396443499665845,1.0980747470951313,21,55,0.538031845297465,0.10161250466911953,45.0,0.48604545004191096
TS,37,20250812,20250828,trim_r1_to_r2,TSAL20250828_0830_interferenceAndInterferenceFree001,TSAL20250812_0830_staticAndStaticFree001,0.6396443499665845,1.0980747470951313,22,54,0.5399934754828755,0.09965087448370902,21.0,0.4860486453840859
TS,37,20250812,20250828,trim_r1_to_r2,TSAL20250828_0830_interferenceAndInterferenceFree001,TSAL20250812_0830_staticAndStaticFree001,0.6396443499665845,1.0980747470951313,23,53,0.5419515687105807,0.09769278125600378,67.0,0.4890830515625394
TS,37,20250812,20250828,trim_r1_to_r2,TSAL20250828_0830_interferenceAndInterferenceFree001,TSAL20250812_0830_staticAndStaticFree001,0.6396443499665845,1.0980747470951313,24,52,0.5439417076805828,0.09570264228600167,2.0,0.491203024975528
TS,37,20250812,20250828,trim_r1_to_r2,TSAL20250828_0830_interferenceAndInterferenceFree001,TSAL20250812_0830_staticAndStaticFree001,0.6396443499665845,1.0980747470951313,25,51,0.5459729171156963,0.09367143285088819,49.0,0.4931614718027413
TS,37,20250812,20250828,trim_r1_to_r2,TSAL20250828_0830_interferenceAndInterferenceFree001,TSAL20250812_0830_staticAndStaticFree001,0.6396443499665845,1.0980747470951313,26,50,0.5480206114850527,0.09162373848153182,64.0,0.4958044050664685
TS,37,20250812,20250828,trim_r1_to_r2,TSAL20250828_0830_interferenceAndInterferenceFree001,TSAL20250812_0830_staticAndStaticFree001,0.6396443499665845,1.0980747470951313,27,49,0.5501117677808859,0.0895325821856986,51.0,0.4978328603850537
TS,37,20250812,20250828,trim_r1_to_r2,TSAL20250828_0830_interferenceAndInterferenceFree001,TSAL20250812_0830_staticAndStaticFree001,0.6396443499665845,1.0980747470951313,28,48,0.552260717593247,0.08738363237333746,40.0,0.4996114471904028
TS,37,20250812,20250828,trim_r1_to_r2,TSAL20250828_0830_interferenceAndInterferenceFree001,TSAL20250812_0830_staticAndStaticFree001,0.6396443499665845,1.0980747470951313,29,47,0.5545650471292216,0.08507930283736287,26.0,0.4992611382658277
TS,37,20250812,20250828,trim_r1_to_r2,TSAL20250828_0830_interferenceAndInterferenceFree001,TSAL20250812_0830_staticAndStaticFree001,0.6396443499665845,1.0980747470951313,30,46,0.5568702253532803,0.08277412461330413,0.0,0.502698537087901
TS,37,20250812,20250828,trim_r1_to_r2,TSAL20250828_0830_interferenceAndInterferenceFree001,TSAL20250812_0830_staticAndStaticFree001,0.6396443499665845,1.0980747470951313,31,45,0.5590900757990422,0.08055427416754224,28.0,0.5080335155465214
TS,37,20250812,20250828,trim_r1_to_r2,TSAL20250828_0830_interferenceAndInterferenceFree001,TSAL20250812_0830_staticAndStaticFree001,0.6396443499665845,1.0980747470951313,32,44,0.5612165898008403,0.07842776016574415,8.0,0.5133700247603801
TS,37,20250812,20250828,trim_r1_to_r2,TSAL20250828_0830_interferenceAndInterferenceFree001,TSAL20250812_0830_staticAndStaticFree001,0.6396443499665845,1.0980747470951313,33,43,0.5634662337840631,0.07617811618252135,75.0,0.5139740661531612
TS,37,20250812,20250828,trim_r1_to_r2,TSAL20250828_0830_interferenceAndInterferenceFree001,TSAL20250812_0830_staticAndStaticFree001,0.6396443499665845,1.0980747470951313,34,42,0.5657775082523465,0.07386684171423796,60.0,0.5160851071842546
TS,37,20250812,20250828,trim_r1_to_r2,TSAL20250828_0830_interferenceAndInterferenceFree001,TSAL20250812_0830_staticAndStaticFree001,0.6396443499665845,1.0980747470951313,35,41,0.5680758199285388,0.07156853003804564,43.0,0.5198112747284988
TS,37,20250812,20250828,trim_r1_to_r2,TSAL20250828_0830_interferenceAndInterferenceFree001,TSAL20250812_0830_staticAndStaticFree001,0.6396443499665845,1.0980747470951313,36,40,0.5704784743117421,0.06916587565484233,37.0,0.5212240594560754
TS,37,20250812,20250828,trim_r1_to_r2,TSAL20250828_0830_interferenceAndInterferenceFree001,TSAL20250812_0830_staticAndStaticFree001,0.6396443499665845,1.0980747470951313,37,39,0.572874571478913,0.06676977848767152,65.0,0.5249526281354951
TS,37,20250812,20250828,trim_r1_to_r2,TSAL20250828_0830_interferenceAndInterferenceFree001,TSAL20250812_0830_staticAndStaticFree001,0.6396443499665845,1.0980747470951313,38,38,0.5751889223061387,0.06445542766044576,59.0,0.5300590811752375
TS,37,20250812,20250828,trim_r1_to_r2,TSAL20250828_0830_interferenceAndInterferenceFree001,TSAL20250812_0830_staticAndStaticFree001,0.6396443499665845,1.0980747470951313,39,37,0.5775618900249198,0.062082459941664725,18.0,0.5324755033680798
TS,37,20250812,20250828,trim_r1_to_r2,TSAL20250828_0830_interferenceAndInterferenceFree001,TSAL20250812_0830_staticAndStaticFree001,0.6396443499665845,1.0980747470951313,40,36,0.5800389158940188,0.05960543407256569,52.0,0.5342139373156873
TS,37,20250812,20250828,trim_r1_to_r2,TSAL20250828_0830_interferenceAndInterferenceFree001,TSAL20250812_0830_staticAndStaticFree001,0.6396443499665845,1.0980747470951313,41,35,0.5826084922617204,0.05703585770486408,69.0,0.5363561176430913
TS,37,20250812,20250828,trim_r1_to_r2,TSAL20250828_0830_interferenceAndInterferenceFree001,TSAL20250812_0830_staticAndStaticFree001,0.6396443499665845,1.0980747470951313,42,34,0.5853236076000792,0.054320742366505304,4.0,0.5378090891787991
TS,37,20250812,20250828,trim_r1_to_r2,TSAL20250828_0830_interferenceAndInterferenceFree001,TSAL20250812_0830_staticAndStaticFree001,0.6396443499665845,1.0980747470951313,43,33,0.5882255718152349,0.05141877815134954,5.0,0.5388921801575873
TS,37,20250812,20250828,trim_r1_to_r2,TSAL20250828_0830_interferenceAndInterferenceFree001,TSAL20250812_0830_staticAndStaticFree001,0.6396443499665845,1.0980747470951313,44,32,0.5912815097114409,0.04836284025514359,57.0,0.5408585344240429
TS,37,20250812,20250828,trim_r1_to_r2,TSAL20250828_0830_interferenceAndInterferenceFree001,TSAL20250812_0830_staticAndStaticFree001,0.6396443499665845,1.0980747470951313,45,31,0.5945323904225993,0.04511195954398517,11.0,0.5425182990440655
TS,37,20250812,20250828,trim_r1_to_r2,TSAL20250828_0830_interferenceAndInterferenceFree001,TSAL20250812_0830_staticAndStaticFree001,0.6396443499665845,1.0980747470951313,46,30,0.597862909811505,0.04178144015507945,17.0,0.5462398592834646
TS,37,20250812,20250828,trim_r1_to_r2,TSAL20250828_0830_interferenceAndInterferenceFree001,TSAL20250812_0830_staticAndStaticFree001,0.6396443499665845,1.0980747470951313,47,29,0.6011770879046086,0.038467262061975926,47.0,0.5514644165080571
TS,37,20250812,20250828,trim_r1_to_r2,TSAL20250828_0830_interferenceAndInterferenceFree001,TSAL20250812_0830_staticAndStaticFree001,0.6396443499665845,1.0980747470951313,48,28,0.6047656838095711,0.034878666157013405,31.0,0.5527310431876149
TS,37,20250812,20250828,trim_r1_to_r2,TSAL20250828_0830_interferenceAndInterferenceFree001,TSAL20250812_0830_staticAndStaticFree001,0.6396443499665845,1.0980747470951313,49,27,0.6085245969232507,0.03111975304333381,22.0,0.5558998133317353
TS,37,20250812,20250828,trim_r1_to_r2,TSAL20250828_0830_interferenceAndInterferenceFree001,TSAL20250812_0830_staticAndStaticFree001,0.6396443499665845,1.0980747470951313,50,26,0.6124360812481872,0.02720826871839732,72.0,0.5596310428615461
TS,37,20250812,20250828,trim_r1_to_r2,TSAL20250828_0830_interferenceAndInterferenceFree001,TSAL20250812_0830_staticAndStaticFree001,0.6396443499665845,1.0980747470951313,51,25,0.6168920215010943,0.022752328465490135,46.0,0.5589647982133003
TS,37,20250812,20250828,trim_r1_to_r2,TSAL20250828_0830_interferenceAndInterferenceFree001,TSAL20250812_0830_staticAndStaticFree001,0.6396443499665845,1.0980747470951313,52,24,0.6210011804833802,0.018643169483204325,16.0,0.5696366932048078
TS,37,20250812,20250828,trim_r1_to_r2,TSAL20250828_0830_interferenceAndInterferenceFree001,TSAL20250812_0830_staticAndStaticFree001,0.6396443499665845,1.0980747470951313,53,23,0.62507326310425,0.014571086862334437,34.0,0.5762082716538123
TS,37,20250812,20250828,trim_r1_to_r2,TSAL20250828_0830_interferenceAndInterferenceFree001,TSAL20250812_0830_staticAndStaticFree001,0.6396443499665845,1.0980747470951313,54,22,0.6297203678469097,0.009923982119674823,68.0,0.5762786633063237
TS,37,20250812,20250828,trim_r1_to_r2,TSAL20250828_0830_interferenceAndInterferenceFree001,TSAL20250812_0830_staticAndStaticFree001,0.6396443499665845,1.0980747470951313,55,21,0.6344521378221998,0.0051922121443847,42.0,0.5824026680940065
TS,37,20250812,20250828,trim_r1_to_r2,TSAL20250828_0830_interferenceAndInterferenceFree001,TSAL20250812_0830_staticAndStaticFree001,0.6396443499665845,1.0980747470951313,56,20,0.6397948562982136,0.0,71.0,0.5836963123000696
TS,38,20250812,20250829,trim_r2_to_r1,TSAL20250812_0830_staticAndStaticFree001,TSAL20250829_0830_interferenceAndInterferenceFree001,0.3877272248956002,0.611519389667405,0,95,0.8623892010399029,0.25086981137249786,,
TS,38,20250812,20250829,trim_r2_to_r1,TSAL20250812_0830_staticAndStaticFree001,TSAL20250829_0830_interferenceAndInterferenceFree001,0.3877272248956002,0.611519389667405,1,94,0.8463517775985947,0.23483238793118966,44.0,1.6081293910607353
TS,38,20250812,20250829,trim_r2_to_r1,TSAL20250812_0830_staticAndStaticFree001,TSAL20250829_0830_interferenceAndInterferenceFree001,0.3877272248956002,0.611519389667405,2,93,0.835332684064129,0.22381329439672393,87.0,1.3532300801840176
TS,38,20250812,20250829,trim_r2_to_r1,TSAL20250812_0830_staticAndStaticFree001,TSAL20250829_0830_interferenceAndInterferenceFree001,0.3877272248956002,0.611519389667405,3,92,0.8274853947329665,0.2159660050655614,93.0,1.1923843486320234
TS,38,20250812,20250829,trim_r2_to_r1,TSAL20250812_0830_staticAndStaticFree001,TSAL20250829_0830_interferenceAndInterferenceFree001,0.3877272248956002,0.611519389667405,4,91,0.8227301756704767,0.21121078600307164,90.0,1.0414702525450104
TS,38,20250812,20250829,trim_r2_to_r1,TSAL20250812_0830_staticAndStaticFree001,TSAL20250829_0830_interferenceAndInterferenceFree001,0.3877272248956002,0.611519389667405,5,90,0.8195165976773744,0.20799720800996935,56.0,0.9657343963635234
TS,38,20250812,20250829,trim_r2_to_r1,TSAL20250812_0830_staticAndStaticFree001,TSAL20250829_0830_interferenceAndInterferenceFree001,0.3877272248956002,0.611519389667405,6,89,0.8167392763065305,0.2052198866391255,43.0,0.9417187379945096
TS,38,20250812,20250829,trim_r2_to_r1,TSAL20250812_0830_staticAndStaticFree001,TSAL20250829_0830_interferenceAndInterferenceFree001,0.3877272248956002,0.611519389667405,7,88,0.8138707266669979,0.20235133699959285,80.0,0.9415211856261998
TS,38,20250812,20250829,trim_r2_to_r1,TSAL20250812_0830_staticAndStaticFree001,TSAL20250829_0830_interferenceAndInterferenceFree001,0.3877272248956002,0.611519389667405,8,87,0.8109259834645415,0.19940659379713643,83.0,0.9404946843726187
TS,38,20250812,20250829,trim_r2_to_r1,TSAL20250812_0830_staticAndStaticFree001,TSAL20250829_0830_interferenceAndInterferenceFree001,0.3877272248956002,0.611519389667405,9,86,0.807766271052302,0.196246881384897,54.0,0.9452137609847254
TS,38,20250812,20250829,trim_r2_to_r1,TSAL20250812_0830_staticAndStaticFree001,TSAL20250829_0830_interferenceAndInterferenceFree001,0.3877272248956002,0.611519389667405,10,85,0.8047107806239325,0.1931913909565275,79.0,0.9360968690438147
TS,38,20250812,20250829,trim_r2_to_r1,TSAL20250812_0830_staticAndStaticFree001,TSAL20250829_0830_interferenceAndInterferenceFree001,0.3877272248956002,0.611519389667405,11,84,0.8015695640713117,0.1900501744039067,81.0,0.935071267557698
TS,38,20250812,20250829,trim_r2_to_r1,TSAL20250812_0830_staticAndStaticFree001,TSAL20250829_0830_interferenceAndInterferenceFree001,0.3877272248956002,0.611519389667405,12,83,0.7986429219509185,0.18712353228351342,92.0,0.92156189100744
TS,38,20250812,20250829,trim_r2_to_r1,TSAL20250812_0830_staticAndStaticFree001,TSAL20250829_0830_interferenceAndInterferenceFree001,0.3877272248956002,0.611519389667405,13,82,0.7958035791171044,0.18428418944969938,62.0,0.9136363067203823
TS,38,20250812,20250829,trim_r2_to_r1,TSAL20250812_0830_staticAndStaticFree001,TSAL20250829_0830_interferenceAndInterferenceFree001,0.3877272248956002,0.611519389667405,14,81,0.7930873976030884,0.1815680079356834,74.0,0.9044508396777416
TS,38,20250812,20250829,trim_r2_to_r1,TSAL20250812_0830_staticAndStaticFree001,TSAL20250829_0830_interferenceAndInterferenceFree001,0.3877272248956002,0.611519389667405,15,80,0.7903371307396826,0.17881774107227755,69.0,0.9017229387076201
TS,38,20250812,20250829,trim_r2_to_r1,TSAL20250812_0830_staticAndStaticFree001,TSAL20250829_0830_interferenceAndInterferenceFree001,0.3877272248956002,0.611519389667405,16,79,0.7875377044139552,0.17601831474655016,82.0,0.8995147574430503
TS,38,20250812,20250829,trim_r2_to_r1,TSAL20250812_0830_staticAndStaticFree001,TSAL20250829_0830_interferenceAndInterferenceFree001,0.3877272248956002,0.611519389667405,17,78,0.7848362109529485,0.1733168212855435,59.0,0.8915452026627136
TS,38,20250812,20250829,trim_r2_to_r1,TSAL20250812_0830_staticAndStaticFree001,TSAL20250829_0830_interferenceAndInterferenceFree001,0.3877272248956002,0.611519389667405,18,77,0.7821295200933498,0.17061013042594475,89.0,0.8876904636177033
TS,38,20250812,20250829,trim_r2_to_r1,TSAL20250812_0830_staticAndStaticFree001,TSAL20250829_0830_interferenceAndInterferenceFree001,0.3877272248956002,0.611519389667405,19,76,0.7793530026243749,0.16783361295696986,66.0,0.8862489251799076
TS,38,20250812,20250829,trim_r2_to_r1,TSAL20250812_0830_staticAndStaticFree001,TSAL20250829_0830_interferenceAndInterferenceFree001,0.3877272248956002,0.611519389667405,20,75,0.7763504867357351,0.1648310970683301,78.0,0.8904460905040421
TS,38,20250812,20250829,trim_r2_to_r1,TSAL20250812_0830_staticAndStaticFree001,TSAL20250829_0830_interferenceAndInterferenceFree001,0.3877272248956002,0.611519389667405,21,74,0.7733139617269001,0.1617945720594951,76.0,0.8871836495582134
TS,38,20250812,20250829,trim_r2_to_r1,TSAL20250812_0830_staticAndStaticFree001,TSAL20250829_0830_interferenceAndInterferenceFree001,0.3877272248956002,0.611519389667405,22,73,0.770186670512866,0.158667280845461,48.0,0.8858964454321321
TS,38,20250812,20250829,trim_r2_to_r1,TSAL20250812_0830_staticAndStaticFree001,TSAL20250829_0830_interferenceAndInterferenceFree001,0.3877272248956002,0.611519389667405,23,72,0.7670548064083125,0.15553541674090743,91.0,0.8813678462245156
TS,38,20250812,20250829,trim_r2_to_r1,TSAL20250812_0830_staticAndStaticFree001,TSAL20250829_0830_interferenceAndInterferenceFree001,0.3877272248956002,0.611519389667405,24,71,0.7639566229723977,0.1524372333049927,72.0,0.8754912266653292
TS,38,20250812,20250829,trim_r2_to_r1,TSAL20250812_0830_staticAndStaticFree001,TSAL20250829_0830_interferenceAndInterferenceFree001,0.3877272248956002,0.611519389667405,25,70,0.7607585514068785,0.1492391617394735,85.0,0.8742900919828056
TS,38,20250812,20250829,trim_r2_to_r1,TSAL20250812_0830_staticAndStaticFree001,TSAL20250829_0830_interferenceAndInterferenceFree001,0.3877272248956002,0.611519389667405,26,69,0.757395713440255,0.14587632377284998,45.0,0.8750950422720816
TS,38,20250812,20250829,trim_r2_to_r1,TSAL20250812_0830_staticAndStaticFree001,TSAL20250829_0830_interferenceAndInterferenceFree001,0.3877272248956002,0.611519389667405,27,68,0.7539145382816139,0.14239514861420888,94.0,0.8740150812547309
TS,38,20250812,20250829,trim_r2_to_r1,TSAL20250812_0830_staticAndStaticFree001,TSAL20250829_0830_interferenceAndInterferenceFree001,0.3877272248956002,0.611519389667405,28,67,0.7503054629337076,0.13878607326630255,55.0,0.8730140247625211
TS,38,20250812,20250829,trim_r2_to_r1,TSAL20250812_0830_staticAndStaticFree001,TSAL20250829_0830_interferenceAndInterferenceFree001,0.3877272248956002,0.611519389667405,29,66,0.7465276848360549,0.13500829516864987,84.0,0.8730832511074187
TS,38,20250812,20250829,trim_r2_to_r1,TSAL20250812_0830_staticAndStaticFree001,TSAL20250829_0830_interferenceAndInterferenceFree001,0.3877272248956002,0.611519389667405,30,65,0.7425456985709811,0.13102630890357603,42.0,0.8739512453184205
TS,38,20250812,20250829,trim_r2_to_r1,TSAL20250812_0830_staticAndStaticFree001,TSAL20250829_0830_interferenceAndInterferenceFree001,0.3877272248956002,0.611519389667405,31,64,0.7387336088940298,0.1272142192266248,75.0,0.862626523394946
TS,38,20250812,20250829,trim_r2_to_r1,TSAL20250812_0830_staticAndStaticFree001,TSAL20250829_0830_interferenceAndInterferenceFree001,0.3877272248956002,0.611519389667405,32,63,0.7350329060864593,0.12351351641905428,77.0,0.8534553959287179
TS,38,20250812,20250829,trim_r2_to_r1,TSAL20250812_0830_staticAndStaticFree001,TSAL20250829_0830_interferenceAndInterferenceFree001,0.3877272248956002,0.611519389667405,33,62,0.7310924187625932,0.11957302909518819,60.0,0.8552177694643736
TS,38,20250812,20250829,trim_r2_to_r1,TSAL20250812_0830_staticAndStaticFree001,TSAL20250829_0830_interferenceAndInterferenceFree001,0.3877272248956002,0.611519389667405,34,61,0.726947882782056,0.11542849311465098,53.0,0.8554284981787099
TS,38,20250812,20250829,trim_r2_to_r1,TSAL20250812_0830_staticAndStaticFree001,TSAL20250829_0830_interferenceAndInterferenceFree001,0.3877272248956002,0.611519389667405,35,60,0.7225611156885683,0.11104172602116325,49.0,0.8563575120399414
TS,38,20250812,20250829,trim_r2_to_r1,TSAL20250812_0830_staticAndStaticFree001,TSAL20250829_0830_interferenceAndInterferenceFree001,0.3877272248956002,0.611519389667405,36,59,0.7181695684635242,0.10665017879611915,51.0,0.8499159852148478
TS,38,20250812,20250829,trim_r2_to_r1,TSAL20250812_0830_staticAndStaticFree001,TSAL20250829_0830_interferenceAndInterferenceFree001,0.3877272248956002,0.611519389667405,37,58,0.7133618688311901,0.10184247916378508,70.0,0.8551890079850426
TS,38,20250812,20250829,trim_r2_to_r1,TSAL20250812_0830_staticAndStaticFree001,TSAL20250829_0830_interferenceAndInterferenceFree001,0.3877272248956002,0.611519389667405,38,57,0.7082223582493323,0.09670296858192728,67.0,0.8572681651232118
TS,38,20250812,20250829,trim_r2_to_r1,TSAL20250812_0830_staticAndStaticFree001,TSAL20250829_0830_interferenceAndInterferenceFree001,0.3877272248956002,0.611519389667405,39,56,0.7030539472862577,0.09153455761885265,68.0,0.8503536597338835
TS,38,20250812,20250829,trim_r2_to_r1,TSAL20250812_0830_staticAndStaticFree001,TSAL20250829_0830_interferenceAndInterferenceFree001,0.3877272248956002,0.611519389667405,40,55,0.6982425578159561,0.08672316814855108,46.0,0.8329614629844031
TS,38,20250812,20250829,trim_r2_to_r1,TSAL20250812_0830_staticAndStaticFree001,TSAL20250829_0830_interferenceAndInterferenceFree001,0.3877272248956002,0.611519389667405,41,54,0.6931148541714216,0.08159546450401656,86.0,0.834126704396119
TS,38,20250812,20250829,trim_r2_to_r1,TSAL20250812_0830_staticAndStaticFree001,TSAL20250829_0830_interferenceAndInterferenceFree001,0.3877272248956002,0.611519389667405,42,53,0.6883203731448867,0.07680098347748165,50.0,0.8177713608613284
TS,38,20250812,20250829,trim_r2_to_r1,TSAL20250812_0830_staticAndStaticFree001,TSAL20250829_0830_interferenceAndInterferenceFree001,0.3877272248956002,0.611519389667405,43,52,0.6833462913014317,0.07182690163402661,71.0,0.8151594601529918
TS,38,20250812,20250829,trim_r2_to_r1,TSAL20250812_0830_staticAndStaticFree001,TSAL20250829_0830_interferenceAndInterferenceFree001,0.3877272248956002,0.611519389667405,44,51,0.6785197094289619,0.06700031976155685,57.0,0.8040108381131732
TS,38,20250812,20250829,trim_r2_to_r1,TSAL20250812_0830_staticAndStaticFree001,TSAL20250829_0830_interferenceAndInterferenceFree001,0.3877272248956002,0.611519389667405,45,50,0.6732769056491638,0.061757515981758715,88.0,0.8069684020340148
TS,38,20250812,20250829,trim_r2_to_r1,TSAL20250812_0830_staticAndStaticFree001,TSAL20250829_0830_interferenceAndInterferenceFree001,0.3877272248956002,0.611519389667405,46,49,0.6675062025635176,0.055986812896112514,65.0,0.8117737797046728
TS,38,20250812,20250829,trim_r2_to_r1,TSAL20250812_0830_staticAndStaticFree001,TSAL20250829_0830_interferenceAndInterferenceFree001,0.3877272248956002,0.611519389667405,47,48,0.6611243384415909,0.049604948774185864,73.0,0.8174800094287944
TS,38,20250812,20250829,trim_r2_to_r1,TSAL20250812_0830_staticAndStaticFree001,TSAL20250829_0830_interferenceAndInterferenceFree001,0.3877272248956002,0.611519389667405,48,47,0.6552352912559138,0.0437159015885088,63.0,0.7965724237121689
TS,38,20250812,20250829,trim_r2_to_r1,TSAL20250812_0830_staticAndStaticFree001,TSAL20250829_0830_interferenceAndInterferenceFree001,0.3877272248956002,0.611519389667405,49,46,0.6487841792803314,0.03726478961292634,64.0,0.8003853107065153
TS,38,20250812,20250829,trim_r2_to_r1,TSAL20250812_0830_staticAndStaticFree001,TSAL20250829_0830_interferenceAndInterferenceFree001,0.3877272248956002,0.611519389667405,50,45,0.6420467344928763,0.03052734482547126,52.0,0.7970079646043425
TS,38,20250812,20250829,trim_r2_to_r1,TSAL20250812_0830_staticAndStaticFree001,TSAL20250829_0830_interferenceAndInterferenceFree001,0.3877272248956002,0.611519389667405,51,44,0.6353052691969812,0.023785879529576115,61.0,0.7869882383546202
TS,38,20250812,20250829,trim_r2_to_r1,TSAL20250812_0830_staticAndStaticFree001,TSAL20250829_0830_interferenceAndInterferenceFree001,0.3877272248956002,0.611519389667405,52,43,0.6288024117800991,0.017283022112694058,58.0,0.7718652749515069
TS,38,20250812,20250829,trim_r2_to_r1,TSAL20250812_0830_staticAndStaticFree001,TSAL20250829_0830_interferenceAndInterferenceFree001,0.3877272248956002,0.611519389667405,53,42,0.6222279594015852,0.010708569734180107,47.0,0.7635786855396322
TS,38,20250812,20250829,trim_r2_to_r1,TSAL20250812_0830_staticAndStaticFree001,TSAL20250829_0830_interferenceAndInterferenceFree001,0.3877272248956002,0.611519389667405,54,41,0.6171157354312674,0.005596345763862365,38.0,0.7244724388079428
TS,38,20250812,20250829,trim_r2_to_r1,TSAL20250812_0830_staticAndStaticFree001,TSAL20250829_0830_interferenceAndInterferenceFree001,0.3877272248956002,0.611519389667405,55,40,0.6122997163585372,0.0007803266911321494,39.0,0.7110281073495075
TS,38,20250812,20250829,trim_r2_to_r1,TSAL20250812_0830_staticAndStaticFree001,TSAL20250829_0830_interferenceAndInterferenceFree001,0.3877272248956002,0.611519389667405,56,39,0.6076213404306993,0.0,5.0,0.701188858987457
TS,38,20250812,20250829,trim_r1_to_r2,TSAL20250829_0830_interferenceAndInterferenceFree001,TSAL20250812_0830_staticAndStaticFree001,0.5900149820428311,1.1347634200369747,0,76,0.4996233072815026,0.09039167476132848,,
TS,38,20250812,20250829,trim_r1_to_r2,TSAL20250829_0830_interferenceAndInterferenceFree001,TSAL20250812_0830_staticAndStaticFree001,0.5900149820428311,1.1347634200369747,1,75,0.5015112518088094,0.0885037302340217,6.0,0.4297693597711523
TS,38,20250812,20250829,trim_r1_to_r2,TSAL20250829_0830_interferenceAndInterferenceFree001,TSAL20250812_0830_staticAndStaticFree001,0.5900149820428311,1.1347634200369747,2,74,0.5033118701701276,0.08670311187270352,53.0,0.435788681620699
TS,38,20250812,20250829,trim_r1_to_r2,TSAL20250829_0830_interferenceAndInterferenceFree001,TSAL20250812_0830_staticAndStaticFree001,0.5900149820428311,1.1347634200369747,3,73,0.5051215568172028,0.08489342522562826,24.0,0.43816315087542024
TS,38,20250812,20250829,trim_r1_to_r2,TSAL20250829_0830_interferenceAndInterferenceFree001,TSAL20250812_0830_staticAndStaticFree001,0.5900149820428311,1.1347634200369747,4,72,0.5069669313593753,0.08304805068345578,9.0,0.4396107605700769
TS,38,20250812,20250829,trim_r1_to_r2,TSAL20250829_0830_interferenceAndInterferenceFree001,TSAL20250812_0830_staticAndStaticFree001,0.5900149820428311,1.1347634200369747,5,71,0.5088235191472374,0.08119146289559365,48.0,0.44198635878420006
TS,38,20250812,20250829,trim_r1_to_r2,TSAL20250829_0830_interferenceAndInterferenceFree001,TSAL20250812_0830_staticAndStaticFree001,0.5900149820428311,1.1347634200369747,6,70,0.5106821760066425,0.07933280603618864,30.0,0.4446998574977647
TS,38,20250812,20250829,trim_r1_to_r2,TSAL20250829_0830_interferenceAndInterferenceFree001,TSAL20250812_0830_staticAndStaticFree001,0.5900149820428311,1.1347634200369747,7,69,0.5125739755548919,0.07744100648793917,32.0,0.4463609913661597
TS,38,20250812,20250829,trim_r1_to_r2,TSAL20250829_0830_interferenceAndInterferenceFree001,TSAL20250812_0830_staticAndStaticFree001,0.5900149820428311,1.1347634200369747,8,68,0.5143979990534487,0.07561698298938235,13.0,0.4514691883532372
TS,38,20250812,20250829,trim_r1_to_r2,TSAL20250829_0830_interferenceAndInterferenceFree001,TSAL20250812_0830_staticAndStaticFree001,0.5900149820428311,1.1347634200369747,9,67,0.5162457648495855,0.07376921719324558,74.0,0.45342172778093637
TS,38,20250812,20250829,trim_r1_to_r2,TSAL20250829_0830_interferenceAndInterferenceFree001,TSAL20250812_0830_staticAndStaticFree001,0.5900149820428311,1.1347634200369747,10,66,0.5180921396849575,0.0719228423578736,12.0,0.4562385826999971
TS,38,20250812,20250829,trim_r1_to_r2,TSAL20250829_0830_interferenceAndInterferenceFree001,TSAL20250812_0830_staticAndStaticFree001,0.5900149820428311,1.1347634200369747,11,65,0.5199532206312942,0.07006176141153686,66.0,0.4585375494021849
TS,38,20250812,20250829,trim_r1_to_r2,TSAL20250829_0830_interferenceAndInterferenceFree001,TSAL20250812_0830_staticAndStaticFree001,0.5900149820428311,1.1347634200369747,12,64,0.521844951873635,0.0681700301691961,7.0,0.46036368649755693
TS,38,20250812,20250829,trim_r1_to_r2,TSAL20250829_0830_interferenceAndInterferenceFree001,TSAL20250812_0830_staticAndStaticFree001,0.5900149820428311,1.1347634200369747,13,63,0.5236666470473658,0.06634833499546533,3.0,0.46537240148798054
TS,38,20250812,20250829,trim_r1_to_r2,TSAL20250829_0830_interferenceAndInterferenceFree001,TSAL20250812_0830_staticAndStaticFree001,0.5900149820428311,1.1347634200369747,14,62,0.5254015920296364,0.06461339001319466,25.0,0.4707508250881088
TS,38,20250812,20250829,trim_r1_to_r2,TSAL20250829_0830_interferenceAndInterferenceFree001,TSAL20250812_0830_staticAndStaticFree001,0.5900149820428311,1.1347634200369747,15,61,0.5271745204565685,0.06284046158626255,20.0,0.4722137392216744
TS,38,20250812,20250829,trim_r1_to_r2,TSAL20250829_0830_interferenceAndInterferenceFree001,TSAL20250812_0830_staticAndStaticFree001,0.5900149820428311,1.1347634200369747,16,60,0.5289273712883846,0.061087610754446464,61.0,0.47546542091799543
TS,38,20250812,20250829,trim_r1_to_r2,TSAL20250829_0830_interferenceAndInterferenceFree001,TSAL20250812_0830_staticAndStaticFree001,0.5900149820428311,1.1347634200369747,17,59,0.5307084556978776,0.05930652634495348,58.0,0.47727592341308717
TS,38,20250812,20250829,trim_r1_to_r2,TSAL20250829_0830_interferenceAndInterferenceFree001,TSAL20250812_0830_staticAndStaticFree001,0.5900149820428311,1.1347634200369747,18,58,0.5325525949448341,0.057462387097997,62.0,0.4781504871596171
TS,38,20250812,20250829,trim_r1_to_r2,TSAL20250829_0830_interferenceAndInterferenceFree001,TSAL20250812_0830_staticAndStaticFree001,0.5900149820428311,1.1347634200369747,19,57,0.5343416283684302,0.05567335367440085,35.0,0.48245965908414074
TS,38,20250812,20250829,trim_r1_to_r2,TSAL20250829_0830_interferenceAndInterferenceFree001,TSAL20250812_0830_staticAndStaticFree001,0.5900149820428311,1.1347634200369747,20,56,0.5361751883240522,0.053839793718778894,29.0,0.4839187295888264
TS,38,20250812,20250829,trim_r1_to_r2,TSAL20250829_0830_interferenceAndInterferenceFree001,TSAL20250812_0830_staticAndStaticFree001,0.5900149820428311,1.1347634200369747,21,55,0.538031845297465,0.05198313674536614,45.0,0.48604545004191096
TS,38,20250812,20250829,trim_r1_to_r2,TSAL20250829_0830_interferenceAndInterferenceFree001,TSAL20250812_0830_staticAndStaticFree001,0.5900149820428311,1.1347634200369747,22,54,0.5399934754828755,0.05002150655995563,21.0,0.4860486453840859
TS,38,20250812,20250829,trim_r1_to_r2,TSAL20250829_0830_interferenceAndInterferenceFree001,TSAL20250812_0830_staticAndStaticFree001,0.5900149820428311,1.1347634200369747,23,53,0.5419515687105807,0.04806341333225039,67.0,0.4890830515625394
TS,38,20250812,20250829,trim_r1_to_r2,TSAL20250829_0830_interferenceAndInterferenceFree001,TSAL20250812_0830_staticAndStaticFree001,0.5900149820428311,1.1347634200369747,24,52,0.5439417076805828,0.046073274362248284,2.0,0.491203024975528
TS,38,20250812,20250829,trim_r1_to_r2,TSAL20250829_0830_interferenceAndInterferenceFree001,TSAL20250812_0830_staticAndStaticFree001,0.5900149820428311,1.1347634200369747,25,51,0.5459729171156963,0.044042064927134805,49.0,0.4931614718027413
TS,38,20250812,20250829,trim_r1_to_r2,TSAL20250829_0830_interferenceAndInterferenceFree001,TSAL20250812_0830_staticAndStaticFree001,0.5900149820428311,1.1347634200369747,26,50,0.5480206114850527,0.04199437055777844,64.0,0.4958044050664685
TS,38,20250812,20250829,trim_r1_to_r2,TSAL20250829_0830_interferenceAndInterferenceFree001,TSAL20250812_0830_staticAndStaticFree001,0.5900149820428311,1.1347634200369747,27,49,0.5501117677808859,0.03990321426194521,51.0,0.4978328603850537
TS,38,20250812,20250829,trim_r1_to_r2,TSAL20250829_0830_interferenceAndInterferenceFree001,TSAL20250812_0830_staticAndStaticFree001,0.5900149820428311,1.1347634200369747,28,48,0.552260717593247,0.037754264449584074,40.0,0.4996114471904028
TS,38,20250812,20250829,trim_r1_to_r2,TSAL20250829_0830_interferenceAndInterferenceFree001,TSAL20250812_0830_staticAndStaticFree001,0.5900149820428311,1.1347634200369747,29,47,0.5545650471292216,0.03544993491360948,26.0,0.4992611382658277
TS,38,20250812,20250829,trim_r1_to_r2,TSAL20250829_0830_interferenceAndInterferenceFree001,TSAL20250812_0830_staticAndStaticFree001,0.5900149820428311,1.1347634200369747,30,46,0.5568702253532803,0.03314475668955075,0.0,0.502698537087901
TS,38,20250812,20250829,trim_r1_to_r2,TSAL20250829_0830_interferenceAndInterferenceFree001,TSAL20250812_0830_staticAndStaticFree001,0.5900149820428311,1.1347634200369747,31,45,0.5590900757990422,0.030924906243788852,28.0,0.5080335155465214
TS,38,20250812,20250829,trim_r1_to_r2,TSAL20250829_0830_interferenceAndInterferenceFree001,TSAL20250812_0830_staticAndStaticFree001,0.5900149820428311,1.1347634200369747,32,44,0.5612165898008403,0.028798392241990767,8.0,0.5133700247603801
TS,38,20250812,20250829,trim_r1_to_r2,TSAL20250829_0830_interferenceAndInterferenceFree001,TSAL20250812_0830_staticAndStaticFree001,0.5900149820428311,1.1347634200369747,33,43,0.5634662337840631,0.026548748258767962,75.0,0.5139740661531612
TS,38,20250812,20250829,trim_r1_to_r2,TSAL20250829_0830_interferenceAndInterferenceFree001,TSAL20250812_0830_staticAndStaticFree001,0.5900149820428311,1.1347634200369747,34,42,0.5657775082523465,0.024237473790484576,60.0,0.5160851071842546
TS,38,20250812,20250829,trim_r1_to_r2,TSAL20250829_0830_interferenceAndInterferenceFree001,TSAL20250812_0830_staticAndStaticFree001,0.5900149820428311,1.1347634200369747,35,41,0.5680758199285388,0.021939162114292254,43.0,0.5198112747284988
TS,38,20250812,20250829,trim_r1_to_r2,TSAL20250829_0830_interferenceAndInterferenceFree001,TSAL20250812_0830_staticAndStaticFree001,0.5900149820428311,1.1347634200369747,36,40,0.5704784743117421,0.019536507731088948,37.0,0.5212240594560754
TS,38,20250812,20250829,trim_r1_to_r2,TSAL20250829_0830_interferenceAndInterferenceFree001,TSAL20250812_0830_staticAndStaticFree001,0.5900149820428311,1.1347634200369747,37,39,0.572874571478913,0.01714041056391813,65.0,0.5249526281354951
TS,38,20250812,20250829,trim_r1_to_r2,TSAL20250829_0830_interferenceAndInterferenceFree001,TSAL20250812_0830_staticAndStaticFree001,0.5900149820428311,1.1347634200369747,38,38,0.5751889223061387,0.014826059736692376,59.0,0.5300590811752375
TS,38,20250812,20250829,trim_r1_to_r2,TSAL20250829_0830_interferenceAndInterferenceFree001,TSAL20250812_0830_staticAndStaticFree001,0.5900149820428311,1.1347634200369747,39,37,0.5775618900249198,0.012453092017911338,18.0,0.5324755033680798
TS,38,20250812,20250829,trim_r1_to_r2,TSAL20250829_0830_interferenceAndInterferenceFree001,TSAL20250812_0830_staticAndStaticFree001,0.5900149820428311,1.1347634200369747,40,36,0.5800389158940188,0.009976066148812301,52.0,0.5342139373156873
TS,38,20250812,20250829,trim_r1_to_r2,TSAL20250829_0830_interferenceAndInterferenceFree001,TSAL20250812_0830_staticAndStaticFree001,0.5900149820428311,1.1347634200369747,41,35,0.5826084922617204,0.007406489781110692,69.0,0.5363561176430913
TS,38,20250812,20250829,trim_r1_to_r2,TSAL20250829_0830_interferenceAndInterferenceFree001,TSAL20250812_0830_staticAndStaticFree001,0.5900149820428311,1.1347634200369747,42,34,0.5853236076000792,0.004691374442751917,4.0,0.5378090891787991
TS,38,20250812,20250829,trim_r1_to_r2,TSAL20250829_0830_interferenceAndInterferenceFree001,TSAL20250812_0830_staticAndStaticFree001,0.5900149820428311,1.1347634200369747,43,33,0.5882255718152349,0.0017894102275961554,5.0,0.5388921801575873
TS,38,20250812,20250829,trim_r1_to_r2,TSAL20250829_0830_interferenceAndInterferenceFree001,TSAL20250812_0830_staticAndStaticFree001,0.5900149820428311,1.1347634200369747,44,32,0.5912815097114409,0.0,57.0,0.5408585344240429
TS,39,20250812,20250830,trim_r2_to_r1,TSAL20250812_0830_staticAndStaticFree001,TSAL20250830_0830_interferenceAndInterferenceFree001,0.3877272248956002,0.611519389667405,0,79,0.7607158166146287,0.14919642694722368,,
TS,39,20250812,20250830,trim_r2_to_r1,TSAL20250812_0830_staticAndStaticFree001,TSAL20250830_0830_interferenceAndInterferenceFree001,0.3877272248956002,0.611519389667405,1,78,0.7532223286927949,0.14170293902538988,15.0,1.0492151016052262
TS,39,20250812,20250830,trim_r2_to_r1,TSAL20250812_0830_staticAndStaticFree001,TSAL20250830_0830_interferenceAndInterferenceFree001,0.3877272248956002,0.611519389667405,2,77,0.7460769185030802,0.13455752883567518,25.0,1.0247479159019566
TS,39,20250812,20250830,trim_r2_to_r1,TSAL20250812_0830_staticAndStaticFree001,TSAL20250830_0830_interferenceAndInterferenceFree001,0.3877272248956002,0.611519389667405,3,76,0.7403171660035083,0.12879777633610323,40.0,0.9620676372370269
TS,39,20250812,20250830,trim_r2_to_r1,TSAL20250812_0830_staticAndStaticFree001,TSAL20250830_0830_interferenceAndInterferenceFree001,0.3877272248956002,0.611519389667405,4,75,0.7352413130706484,0.1237219234032434,62.0,0.9281237245193258
TS,39,20250812,20250830,trim_r2_to_r1,TSAL20250812_0830_staticAndStaticFree001,TSAL20250830_0830_interferenceAndInterferenceFree001,0.3877272248956002,0.611519389667405,5,74,0.730258068088972,0.11873867842156693,64.0,0.9171297549018407
TS,39,20250812,20250830,trim_r2_to_r1,TSAL20250812_0830_staticAndStaticFree001,TSAL20250830_0830_interferenceAndInterferenceFree001,0.3877272248956002,0.611519389667405,6,73,0.72523164525366,0.11371225558625497,41.0,0.9112092901601999
TS,39,20250812,20250830,trim_r2_to_r1,TSAL20250812_0830_staticAndStaticFree001,TSAL20250830_0830_interferenceAndInterferenceFree001,0.3877272248956002,0.611519389667405,7,72,0.7203990243517653,0.10887963468436024,65.0,0.8967896872709239
TS,39,20250812,20250830,trim_r2_to_r1,TSAL20250812_0830_staticAndStaticFree001,TSAL20250830_0830_interferenceAndInterferenceFree001,0.3877272248956002,0.611519389667405,8,71,0.7156798964163366,0.10416050674893151,63.0,0.8855685020917664
TS,39,20250812,20250830,trim_r2_to_r1,TSAL20250812_0830_staticAndStaticFree001,TSAL20250830_0830_interferenceAndInterferenceFree001,0.3877272248956002,0.611519389667405,9,70,0.7107760860815596,0.09925669641415458,67.0,0.8848613529661441
TS,39,20250812,20250830,trim_r2_to_r1,TSAL20250812_0830_staticAndStaticFree001,TSAL20250830_0830_interferenceAndInterferenceFree001,0.3877272248956002,0.611519389667405,10,69,0.7057875242017544,0.09426813453434935,10.0,0.8803871899949374
TS,39,20250812,20250830,trim_r2_to_r1,TSAL20250812_0830_staticAndStaticFree001,TSAL20250830_0830_interferenceAndInterferenceFree001,0.3877272248956002,0.611519389667405,11,68,0.7009617170816653,0.08944232741426028,66.0,0.8674520627247374
TS,39,20250812,20250830,trim_r2_to_r1,TSAL20250812_0830_staticAndStaticFree001,TSAL20250830_0830_interferenceAndInterferenceFree001,0.3877272248956002,0.611519389667405,12,67,0.6960882343249117,0.08456884465750669,78.0,0.8617866480545344
TS,39,20250812,20250830,trim_r2_to_r1,TSAL20250812_0830_staticAndStaticFree001,TSAL20250830_0830_interferenceAndInterferenceFree001,0.3877272248956002,0.611519389667405,13,66,0.6917449026788705,0.08022551301146541,71.0,0.8372465128212512
TS,39,20250812,20250830,trim_r2_to_r1,TSAL20250812_0830_staticAndStaticFree001,TSAL20250830_0830_interferenceAndInterferenceFree001,0.3877272248956002,0.611519389667405,14,65,0.6871077489055665,0.07558835923816143,76.0,0.8401338234245985
TS,39,20250812,20250830,trim_r2_to_r1,TSAL20250812_0830_staticAndStaticFree001,TSAL20250830_0830_interferenceAndInterferenceFree001,0.3877272248956002,0.611519389667405,15,64,0.6823638837826677,0.07084449411526261,58.0,0.8365395002768805
TS,39,20250812,20250830,trim_r2_to_r1,TSAL20250812_0830_staticAndStaticFree001,TSAL20250830_0830_interferenceAndInterferenceFree001,0.3877272248956002,0.611519389667405,16,63,0.6779704060752362,0.06645101640783113,50.0,0.8185616927130437
TS,39,20250812,20250830,trim_r2_to_r1,TSAL20250812_0830_staticAndStaticFree001,TSAL20250830_0830_interferenceAndInterferenceFree001,0.3877272248956002,0.611519389667405,17,62,0.6735563195237949,0.062036929856389866,54.0,0.8126000458941938
TS,39,20250812,20250830,trim_r2_to_r1,TSAL20250812_0830_staticAndStaticFree001,TSAL20250830_0830_interferenceAndInterferenceFree001,0.3877272248956002,0.611519389667405,18,61,0.6690581027178631,0.0575387130504581,51.0,0.808502823701752
TS,39,20250812,20250830,trim_r2_to_r1,TSAL20250812_0830_staticAndStaticFree001,TSAL20250830_0830_interferenceAndInterferenceFree001,0.3877272248956002,0.611519389667405,19,60,0.6644839411106535,0.05296455144324841,52.0,0.803995870130546
TS,39,20250812,20250830,trim_r2_to_r1,TSAL20250812_0830_staticAndStaticFree001,TSAL20250830_0830_interferenceAndInterferenceFree001,0.3877272248956002,0.611519389667405,20,59,0.6599345780355929,0.04841518836818781,69.0,0.7964154702874082
TS,39,20250812,20250830,trim_r2_to_r1,TSAL20250812_0830_staticAndStaticFree001,TSAL20250830_0830_interferenceAndInterferenceFree001,0.3877272248956002,0.611519389667405,21,58,0.6552670615078596,0.04374767184045458,70.0,0.7929587990759963
TS,39,20250812,20250830,trim_r2_to_r1,TSAL20250812_0830_staticAndStaticFree001,TSAL20250830_0830_interferenceAndInterferenceFree001,0.3877272248956002,0.611519389667405,22,57,0.65027584363478,0.038756453967374926,75.0,0.7950211619540893
TS,39,20250812,20250830,trim_r2_to_r1,TSAL20250812_0830_staticAndStaticFree001,TSAL20250830_0830_interferenceAndInterferenceFree001,0.3877272248956002,0.611519389667405,23,56,0.6453445825188038,0.03382519285139873,47.0,0.7858855243241208
TS,39,20250812,20250830,trim_r2_to_r1,TSAL20250812_0830_staticAndStaticFree001,TSAL20250830_0830_interferenceAndInterferenceFree001,0.3877272248956002,0.611519389667405,24,55,0.6409062123019392,0.029386822634534182,74.0,0.7651805783741491
TS,39,20250812,20250830,trim_r2_to_r1,TSAL20250812_0830_staticAndStaticFree001,TSAL20250830_0830_interferenceAndInterferenceFree001,0.3877272248956002,0.611519389667405,25,54,0.636272657248497,0.024753267581091976,42.0,0.7636954212181557
TS,39,20250812,20250830,trim_r2_to_r1,TSAL20250812_0830_staticAndStaticFree001,TSAL20250830_0830_interferenceAndInterferenceFree001,0.3877272248956002,0.611519389667405,26,53,0.632551646022283,0.021032256354877932,13.0,0.7330189491300624
TS,39,20250812,20250830,trim_r2_to_r1,TSAL20250812_0830_staticAndStaticFree001,TSAL20250830_0830_interferenceAndInterferenceFree001,0.3877272248956002,0.611519389667405,27,52,0.6288401796291824,0.017320789961777328,37.0,0.727194039046351
TS,39,20250812,20250830,trim_r2_to_r1,TSAL20250812_0830_staticAndStaticFree001,TSAL20250830_0830_interferenceAndInterferenceFree001,0.3877272248956002,0.611519389667405,28,51,0.6254257516180678,0.013906361950662749,18.0,0.7142008799070457
TS,39,20250812,20250830,trim_r2_to_r1,TSAL20250812_0830_staticAndStaticFree001,TSAL20250830_0830_interferenceAndInterferenceFree001,0.3877272248956002,0.611519389667405,29,50,0.6224908689647212,0.010971479297316122,20.0,0.6973303766250575
TS,39,20250812,20250830,trim_r2_to_r1,TSAL20250812_0830_staticAndStaticFree001,TSAL20250830_0830_interferenceAndInterferenceFree001,0.3877272248956002,0.611519389667405,30,49,0.6196659791560883,0.008146589488683298,35.0,0.6902882243719108
TS,39,20250812,20250830,trim_r2_to_r1,TSAL20250812_0830_staticAndStaticFree001,TSAL20250830_0830_interferenceAndInterferenceFree001,0.3877272248956002,0.611519389667405,31,48,0.6171202645530779,0.005600874885672846,60.0,0.6794902723268347
TS,39,20250812,20250830,trim_r2_to_r1,TSAL20250812_0830_staticAndStaticFree001,TSAL20250830_0830_interferenceAndInterferenceFree001,0.3877272248956002,0.611519389667405,32,47,0.6143797519139456,0.0028603622465405154,38.0,0.6801520552531221
TS,39,20250812,20250830,trim_r2_to_r1,TSAL20250812_0830_staticAndStaticFree001,TSAL20250830_0830_interferenceAndInterferenceFree001,0.3877272248956002,0.611519389667405,33,46,0.6116165870957057,9.719742830061051e-05,33.0,0.676550960324344
TS,39,20250812,20250830,trim_r2_to_r1,TSAL20250812_0830_staticAndStaticFree001,TSAL20250830_0830_interferenceAndInterferenceFree001,0.3877272248956002,0.611519389667405,34,45,0.6086380151294983,0.0,48.0,0.6771451703522674
TS,39,20250812,20250830,trim_r1_to_r2,TSAL20250830_0830_interferenceAndInterferenceFree001,TSAL20250812_0830_staticAndStaticFree001,0.5679024532450075,0.9535291799842499,0,76,0.4996233072815026,0.06827914596350493,,
TS,39,20250812,20250830,trim_r1_to_r2,TSAL20250830_0830_interferenceAndInterferenceFree001,TSAL20250812_0830_staticAndStaticFree001,0.5679024532450075,0.9535291799842499,1,75,0.5015112518088094,0.06639120143619814,6.0,0.4297693597711523
TS,39,20250812,20250830,trim_r1_to_r2,TSAL20250830_0830_interferenceAndInterferenceFree001,TSAL20250812_0830_staticAndStaticFree001,0.5679024532450075,0.9535291799842499,2,74,0.5033118701701276,0.06459058307487997,53.0,0.435788681620699
TS,39,20250812,20250830,trim_r1_to_r2,TSAL20250830_0830_interferenceAndInterferenceFree001,TSAL20250812_0830_staticAndStaticFree001,0.5679024532450075,0.9535291799842499,3,73,0.5051215568172028,0.06278089642780471,24.0,0.43816315087542024
TS,39,20250812,20250830,trim_r1_to_r2,TSAL20250830_0830_interferenceAndInterferenceFree001,TSAL20250812_0830_staticAndStaticFree001,0.5679024532450075,0.9535291799842499,4,72,0.5069669313593753,0.06093552188563223,9.0,0.4396107605700769
TS,39,20250812,20250830,trim_r1_to_r2,TSAL20250830_0830_interferenceAndInterferenceFree001,TSAL20250812_0830_staticAndStaticFree001,0.5679024532450075,0.9535291799842499,5,71,0.5088235191472374,0.0590789340977701,48.0,0.44198635878420006
TS,39,20250812,20250830,trim_r1_to_r2,TSAL20250830_0830_interferenceAndInterferenceFree001,TSAL20250812_0830_staticAndStaticFree001,0.5679024532450075,0.9535291799842499,6,70,0.5106821760066425,0.05722027723836509,30.0,0.4446998574977647
TS,39,20250812,20250830,trim_r1_to_r2,TSAL20250830_0830_interferenceAndInterferenceFree001,TSAL20250812_0830_staticAndStaticFree001,0.5679024532450075,0.9535291799842499,7,69,0.5125739755548919,0.05532847769011562,32.0,0.4463609913661597
TS,39,20250812,20250830,trim_r1_to_r2,TSAL20250830_0830_interferenceAndInterferenceFree001,TSAL20250812_0830_staticAndStaticFree001,0.5679024532450075,0.9535291799842499,8,68,0.5143979990534487,0.0535044541915588,13.0,0.4514691883532372
TS,39,20250812,20250830,trim_r1_to_r2,TSAL20250830_0830_interferenceAndInterferenceFree001,TSAL20250812_0830_staticAndStaticFree001,0.5679024532450075,0.9535291799842499,9,67,0.5162457648495855,0.051656688395422035,74.0,0.45342172778093637
TS,39,20250812,20250830,trim_r1_to_r2,TSAL20250830_0830_interferenceAndInterferenceFree001,TSAL20250812_0830_staticAndStaticFree001,0.5679024532450075,0.9535291799842499,10,66,0.5180921396849575,0.04981031356005006,12.0,0.4562385826999971
TS,39,20250812,20250830,trim_r1_to_r2,TSAL20250830_0830_interferenceAndInterferenceFree001,TSAL20250812_0830_staticAndStaticFree001,0.5679024532450075,0.9535291799842499,11,65,0.5199532206312942,0.04794923261371331,66.0,0.4585375494021849
TS,39,20250812,20250830,trim_r1_to_r2,TSAL20250830_0830_interferenceAndInterferenceFree001,TSAL20250812_0830_staticAndStaticFree001,0.5679024532450075,0.9535291799842499,12,64,0.521844951873635,0.046057501371372545,7.0,0.46036368649755693
TS,39,20250812,20250830,trim_r1_to_r2,TSAL20250830_0830_interferenceAndInterferenceFree001,TSAL20250812_0830_staticAndStaticFree001,0.5679024532450075,0.9535291799842499,13,63,0.5236666470473658,0.04423580619764178,3.0,0.46537240148798054
TS,39,20250812,20250830,trim_r1_to_r2,TSAL20250830_0830_interferenceAndInterferenceFree001,TSAL20250812_0830_staticAndStaticFree001,0.5679024532450075,0.9535291799842499,14,62,0.5254015920296364,0.04250086121537111,25.0,0.4707508250881088
TS,39,20250812,20250830,trim_r1_to_r2,TSAL20250830_0830_interferenceAndInterferenceFree001,TSAL20250812_0830_staticAndStaticFree001,0.5679024532450075,0.9535291799842499,15,61,0.5271745204565685,0.040727932788439,20.0,0.4722137392216744
TS,39,20250812,20250830,trim_r1_to_r2,TSAL20250830_0830_interferenceAndInterferenceFree001,TSAL20250812_0830_staticAndStaticFree001,0.5679024532450075,0.9535291799842499,16,60,0.5289273712883846,0.038975081956622915,61.0,0.47546542091799543
TS,39,20250812,20250830,trim_r1_to_r2,TSAL20250830_0830_interferenceAndInterferenceFree001,TSAL20250812_0830_staticAndStaticFree001,0.5679024532450075,0.9535291799842499,17,59,0.5307084556978776,0.03719399754712993,58.0,0.47727592341308717
TS,39,20250812,20250830,trim_r1_to_r2,TSAL20250830_0830_interferenceAndInterferenceFree001,TSAL20250812_0830_staticAndStaticFree001,0.5679024532450075,0.9535291799842499,18,58,0.5325525949448341,0.03534985830017345,62.0,0.4781504871596171
TS,39,20250812,20250830,trim_r1_to_r2,TSAL20250830_0830_interferenceAndInterferenceFree001,TSAL20250812_0830_staticAndStaticFree001,0.5679024532450075,0.9535291799842499,19,57,0.5343416283684302,0.0335608248765773,35.0,0.48245965908414074
TS,39,20250812,20250830,trim_r1_to_r2,TSAL20250830_0830_interferenceAndInterferenceFree001,TSAL20250812_0830_staticAndStaticFree001,0.5679024532450075,0.9535291799842499,20,56,0.5361751883240522,0.031727264920955345,29.0,0.4839187295888264
TS,39,20250812,20250830,trim_r1_to_r2,TSAL20250830_0830_interferenceAndInterferenceFree001,TSAL20250812_0830_staticAndStaticFree001,0.5679024532450075,0.9535291799842499,21,55,0.538031845297465,0.029870607947542593,45.0,0.48604545004191096
TS,39,20250812,20250830,trim_r1_to_r2,TSAL20250830_0830_interferenceAndInterferenceFree001,TSAL20250812_0830_staticAndStaticFree001,0.5679024532450075,0.9535291799842499,22,54,0.5399934754828755,0.02790897776213208,21.0,0.4860486453840859
TS,39,20250812,20250830,trim_r1_to_r2,TSAL20250830_0830_interferenceAndInterferenceFree001,TSAL20250812_0830_staticAndStaticFree001,0.5679024532450075,0.9535291799842499,23,53,0.5419515687105807,0.025950884534426844,67.0,0.4890830515625394
TS,39,20250812,20250830,trim_r1_to_r2,TSAL20250830_0830_interferenceAndInterferenceFree001,TSAL20250812_0830_staticAndStaticFree001,0.5679024532450075,0.9535291799842499,24,52,0.5439417076805828,0.023960745564424735,2.0,0.491203024975528
TS,39,20250812,20250830,trim_r1_to_r2,TSAL20250830_0830_interferenceAndInterferenceFree001,TSAL20250812_0830_staticAndStaticFree001,0.5679024532450075,0.9535291799842499,25,51,0.5459729171156963,0.021929536129311256,49.0,0.4931614718027413
TS,39,20250812,20250830,trim_r1_to_r2,TSAL20250830_0830_interferenceAndInterferenceFree001,TSAL20250812_0830_staticAndStaticFree001,0.5679024532450075,0.9535291799842499,26,50,0.5480206114850527,0.019881841759954888,64.0,0.4958044050664685
TS,39,20250812,20250830,trim_r1_to_r2,TSAL20250830_0830_interferenceAndInterferenceFree001,TSAL20250812_0830_staticAndStaticFree001,0.5679024532450075,0.9535291799842499,27,49,0.5501117677808859,0.01779068546412166,51.0,0.4978328603850537
TS,39,20250812,20250830,trim_r1_to_r2,TSAL20250830_0830_interferenceAndInterferenceFree001,TSAL20250812_0830_staticAndStaticFree001,0.5679024532450075,0.9535291799842499,28,48,0.552260717593247,0.015641735651760524,40.0,0.4996114471904028
TS,39,20250812,20250830,trim_r1_to_r2,TSAL20250830_0830_interferenceAndInterferenceFree001,TSAL20250812_0830_staticAndStaticFree001,0.5679024532450075,0.9535291799842499,29,47,0.5545650471292216,0.013337406115785932,26.0,0.4992611382658277
TS,39,20250812,20250830,trim_r1_to_r2,TSAL20250830_0830_interferenceAndInterferenceFree001,TSAL20250812_0830_staticAndStaticFree001,0.5679024532450075,0.9535291799842499,30,46,0.5568702253532803,0.011032227891727198,0.0,0.502698537087901
TS,39,20250812,20250830,trim_r1_to_r2,TSAL20250830_0830_interferenceAndInterferenceFree001,TSAL20250812_0830_staticAndStaticFree001,0.5679024532450075,0.9535291799842499,31,45,0.5590900757990422,0.008812377445965303,28.0,0.5080335155465214
TS,39,20250812,20250830,trim_r1_to_r2,TSAL20250830_0830_interferenceAndInterferenceFree001,TSAL20250812_0830_staticAndStaticFree001,0.5679024532450075,0.9535291799842499,32,44,0.5612165898008403,0.006685863444167217,8.0,0.5133700247603801
TS,39,20250812,20250830,trim_r1_to_r2,TSAL20250830_0830_interferenceAndInterferenceFree001,TSAL20250812_0830_staticAndStaticFree001,0.5679024532450075,0.9535291799842499,33,43,0.5634662337840631,0.004436219460944413,75.0,0.5139740661531612
TS,39,20250812,20250830,trim_r1_to_r2,TSAL20250830_0830_interferenceAndInterferenceFree001,TSAL20250812_0830_staticAndStaticFree001,0.5679024532450075,0.9535291799842499,34,42,0.5657775082523465,0.0021249449926610264,60.0,0.5160851071842546
TS,39,20250812,20250830,trim_r1_to_r2,TSAL20250830_0830_interferenceAndInterferenceFree001,TSAL20250812_0830_staticAndStaticFree001,0.5679024532450075,0.9535291799842499,35,41,0.5680758199285388,0.0,43.0,0.5198112747284988
TS,40,20250813,20250828,trim_r2_to_r1,TSAL20250813_0830_staticAndStaticFree001,TSAL20250828_0830_interferenceAndInterferenceFree001,0.4982500774913239,0.8320418874216082,0,90,0.8688595485308579,0.036817661109249666,,
TS,40,20250813,20250828,trim_r2_to_r1,TSAL20250813_0830_staticAndStaticFree001,TSAL20250828_0830_interferenceAndInterferenceFree001,0.4982500774913239,0.8320418874216082,1,89,0.8635199154685065,0.031478028046898254,27.0,1.1038034032743222
TS,40,20250813,20250828,trim_r2_to_r1,TSAL20250813_0830_staticAndStaticFree001,TSAL20250828_0830_interferenceAndInterferenceFree001,0.4982500774913239,0.8320418874216082,2,88,0.8587557585731049,0.026713871151496704,75.0,1.070760740418474
TS,40,20250813,20250828,trim_r2_to_r1,TSAL20250813_0830_staticAndStaticFree001,TSAL20250828_0830_interferenceAndInterferenceFree001,0.4982500774913239,0.8320418874216082,3,87,0.8549141812146666,0.02287229379305833,62.0,1.0239435849859566
TS,40,20250813,20250828,trim_r2_to_r1,TSAL20250813_0830_staticAndStaticFree001,TSAL20250828_0830_interferenceAndInterferenceFree001,0.4982500774913239,0.8320418874216082,4,86,0.8511962011135393,0.019154313691931102,59.0,1.012928335512573
TS,40,20250813,20250828,trim_r2_to_r1,TSAL20250813_0830_staticAndStaticFree001,TSAL20250828_0830_interferenceAndInterferenceFree001,0.4982500774913239,0.8320418874216082,5,85,0.8475493746935528,0.01550748727194462,76.0,1.0043629107529695
TS,40,20250813,20250828,trim_r2_to_r1,TSAL20250813_0830_staticAndStaticFree001,TSAL20250828_0830_interferenceAndInterferenceFree001,0.4982500774913239,0.8320418874216082,6,84,0.8439012952649045,0.01185940784329631,83.0,0.9989446709824561
TS,40,20250813,20250828,trim_r2_to_r1,TSAL20250813_0830_staticAndStaticFree001,TSAL20250828_0830_interferenceAndInterferenceFree001,0.4982500774913239,0.8320418874216082,7,83,0.8408570352072088,0.008815147785600552,10.0,0.9687159576304307
TS,40,20250813,20250828,trim_r2_to_r1,TSAL20250813_0830_staticAndStaticFree001,TSAL20250828_0830_interferenceAndInterferenceFree001,0.4982500774913239,0.8320418874216082,8,82,0.8377617829681232,0.005719895546514975,11.0,0.9662147508901726
TS,40,20250813,20250828,trim_r2_to_r1,TSAL20250813_0830_staticAndStaticFree001,TSAL20250828_0830_interferenceAndInterferenceFree001,0.4982500774913239,0.8320418874216082,9,81,0.8345607069272439,0.0025188195056357054,79.0,0.965804824603299
TS,40,20250813,20250828,trim_r2_to_r1,TSAL20250813_0830_staticAndStaticFree001,TSAL20250828_0830_interferenceAndInterferenceFree001,0.4982500774913239,0.8320418874216082,10,80,0.8313714197212871,0.0,81.0,0.9605375515625395
TS,40,20250813,20250828,trim_r1_to_r2,TSAL20250828_0830_interferenceAndInterferenceFree001,TSAL20250813_0830_staticAndStaticFree001,0.6396443499665845,1.0980747470951313,0,58,0.6651459824564661,0.0,,
TS,41,20250813,20250829,trim_r2_to_r1,TSAL20250813_0830_staticAndStaticFree001,TSAL20250829_0830_interferenceAndInterferenceFree001,0.4982500774913239,0.8320418874216082,0,95,0.8623892010399029,0.03034731361829468,,
TS,41,20250813,20250829,trim_r2_to_r1,TSAL20250813_0830_staticAndStaticFree001,TSAL20250829_0830_interferenceAndInterferenceFree001,0.4982500774913239,0.8320418874216082,1,94,0.8463517775985947,0.014309890176986473,44.0,1.6081293910607353
TS,41,20250813,20250829,trim_r2_to_r1,TSAL20250813_0830_staticAndStaticFree001,TSAL20250829_0830_interferenceAndInterferenceFree001,0.4982500774913239,0.8320418874216082,2,93,0.835332684064129,0.0032907966425207436,87.0,1.3532300801840176
TS,41,20250813,20250829,trim_r2_to_r1,TSAL20250813_0830_staticAndStaticFree001,TSAL20250829_0830_interferenceAndInterferenceFree001,0.4982500774913239,0.8320418874216082,3,92,0.8274853947329665,0.0,93.0,1.1923843486320234
TS,41,20250813,20250829,trim_r1_to_r2,TSAL20250829_0830_interferenceAndInterferenceFree001,TSAL20250813_0830_staticAndStaticFree001,0.5900149820428311,1.1347634200369747,0,58,0.6651459824564661,0.0,,
TS,42,20250813,20250830,trim_r2_to_r1,TSAL20250813_0830_staticAndStaticFree001,TSAL20250830_0830_interferenceAndInterferenceFree001,0.4982500774913239,0.8320418874216082,0,79,0.7607158166146287,0.0,,
TS,42,20250813,20250830,trim_r1_to_r2,TSAL20250830_0830_interferenceAndInterferenceFree001,TSAL20250813_0830_staticAndStaticFree001,0.5679024532450075,0.9535291799842499,0,58,0.6651459824564661,0.0,,
