pair_id,target_mode,match_direction,decoder_direction,r1_session,r2_session,r1_date,r2_date,train_session,test_session,n_trials_r1,n_trials_r2,n_trials_train,n_trials_test,anchor_pair_mean,anchor_pair_sd,selected_pair_mean,selected_anchor_z,baseline_corr,matched_corr,delta_corr
1,relative_position,trim_r2_to_r1,R1->R2,TSAL20250731_0830_staticAndStaticFree,TSAL20250828_0830_interferenceAndInterferenceFree001,20250731,20250828,TSAL20250731_0830_staticAndStaticFree,TSAL20250828_0830_interferenceAndInterferenceFree001,43,54,43,54,0.5759955122674215,0.1745984551573519,0.7485182054458804,0.9881112236816628,0.2620183330244693,0.25340765777200214,-0.00861067525246717
1,relative_position,trim_r2_to_r1,R2->R1,TSAL20250731_0830_staticAndStaticFree,TSAL20250828_0830_interferenceAndInterferenceFree001,20250731,20250828,TSAL20250828_0830_interferenceAndInterferenceFree001,TSAL20250731_0830_staticAndStaticFree,43,54,54,43,0.5759955122674215,0.1745984551573519,0.7485182054458804,0.9881112236816628,0.5311800143304759,0.5881276443334387,0.05694763000296277
1,relative_position,trim_r1_to_r2,R1->R2,TSAL20250731_0830_staticAndStaticFree,TSAL20250828_0830_interferenceAndInterferenceFree001,20250731,20250828,TSAL20250731_0830_staticAndStaticFree,TSAL20250828_0830_interferenceAndInterferenceFree001,29,90,29,90,0.8688595485308579,0.2292151985642734,0.6430073912842404,-0.9853280177810158,0.2620183330244693,0.1705444893629173,-0.091473843661552
1,relative_position,trim_r1_to_r2,R2->R1,TSAL20250731_0830_staticAndStaticFree,TSAL20250828_0830_interferenceAndInterferenceFree001,20250731,20250828,TSAL20250828_0830_interferenceAndInterferenceFree001,TSAL20250731_0830_staticAndStaticFree,29,90,90,29,0.8688595485308579,0.2292151985642734,0.6430073912842404,-0.9853280177810158,0.5311800143304759,0.5232938263970709,-0.007886187933405009
2,relative_position,trim_r2_to_r1,R1->R2,TSAL20250731_0830_staticAndStaticFree,TSAL20250829_0830_interferenceAndInterferenceFree001,20250731,20250829,TSAL20250731_0830_staticAndStaticFree,TSAL20250829_0830_interferenceAndInterferenceFree001,43,67,43,67,0.5759955122674215,0.1745984551573519,0.7503054629337076,0.998347611433298,0.1529209329133686,0.16763909153506829,0.014718158621699673
2,relative_position,trim_r2_to_r1,R2->R1,TSAL20250731_0830_staticAndStaticFree,TSAL20250829_0830_interferenceAndInterferenceFree001,20250731,20250829,TSAL20250829_0830_interferenceAndInterferenceFree001,TSAL20250731_0830_staticAndStaticFree,43,67,67,43,0.5759955122674215,0.1745984551573519,0.7503054629337076,0.998347611433298,0.5183066830901308,0.43100842348604046,-0.08729825960409038
2,relative_position,trim_r1_to_r2,R1->R2,TSAL20250731_0830_staticAndStaticFree,TSAL20250829_0830_interferenceAndInterferenceFree001,20250731,20250829,TSAL20250731_0830_staticAndStaticFree,TSAL20250829_0830_interferenceAndInterferenceFree001,40,95,40,95,0.8623892010399029,0.2723742189970717,0.5906564465520266,-0.9976449147369472,0.1529209329133686,0.18375397191889392,0.03083303900552531
2,relative_position,trim_r1_to_r2,R2->R1,TSAL20250731_0830_staticAndStaticFree,TSAL20250829_0830_interferenceAndInterferenceFree001,20250731,20250829,TSAL20250829_0830_interferenceAndInterferenceFree001,TSAL20250731_0830_staticAndStaticFree,40,95,95,40,0.8623892010399029,0.2723742189970717,0.5906564465520266,-0.9976449147369472,0.5183066830901308,0.5653991289060971,0.04709244581596628
3,relative_position,trim_r2_to_r1,R1->R2,TSAL20250731_0830_staticAndStaticFree,TSAL20250830_0830_interferenceAndInterferenceFree001,20250731,20250830,TSAL20250731_0830_staticAndStaticFree,TSAL20250830_0830_interferenceAndInterferenceFree001,43,77,43,77,0.5759955122674215,0.1745984551573519,0.7460769185030802,0.9741289296195528,0.2719677504932341,0.10674848408589299,-0.16521926640734108
3,relative_position,trim_r2_to_r1,R2->R1,TSAL20250731_0830_staticAndStaticFree,TSAL20250830_0830_interferenceAndInterferenceFree001,20250731,20250830,TSAL20250830_0830_interferenceAndInterferenceFree001,TSAL20250731_0830_staticAndStaticFree,43,77,77,43,0.5759955122674215,0.1745984551573519,0.7460769185030802,0.9741289296195528,0.328566111424137,0.39519550717486085,0.06662939575072385
3,relative_position,trim_r1_to_r2,R1->R2,TSAL20250731_0830_staticAndStaticFree,TSAL20250830_0830_interferenceAndInterferenceFree001,20250731,20250830,TSAL20250731_0830_staticAndStaticFree,TSAL20250830_0830_interferenceAndInterferenceFree001,43,79,43,79,0.7607158166146287,0.1928133633696211,0.5759955122674215,-0.9580264620616588,0.2719677504932341,0.2719677504932341,0.0
3,relative_position,trim_r1_to_r2,R2->R1,TSAL20250731_0830_staticAndStaticFree,TSAL20250830_0830_interferenceAndInterferenceFree001,20250731,20250830,TSAL20250830_0830_interferenceAndInterferenceFree001,TSAL20250731_0830_staticAndStaticFree,43,79,79,43,0.7607158166146287,0.1928133633696211,0.5759955122674215,-0.9580264620616588,0.328566111424137,0.328566111424137,0.0
4,relative_position,trim_r2_to_r1,R1->R2,TSAL20250801_0830_staticAndStaticFree,TSAL20250828_0830_interferenceAndInterferenceFree001,20250801,20250828,TSAL20250801_0830_staticAndStaticFree,TSAL20250828_0830_interferenceAndInterferenceFree001,91,25,91,25,0.4763180550971735,0.1020649689390335,0.5757818531519279,0.9745145576262024,0.323586401167742,0.611432085333749,0.28784568416600703
4,relative_position,trim_r2_to_r1,R2->R1,TSAL20250801_0830_staticAndStaticFree,TSAL20250828_0830_interferenceAndInterferenceFree001,20250801,20250828,TSAL20250828_0830_interferenceAndInterferenceFree001,TSAL20250801_0830_staticAndStaticFree,91,25,25,91,0.4763180550971735,0.1020649689390335,0.5757818531519279,0.9745145576262024,0.5163413651412946,0.6086916184901184,0.09235025334882385
4,relative_position,trim_r1_to_r2,R1->R2,TSAL20250801_0830_staticAndStaticFree,TSAL20250828_0830_interferenceAndInterferenceFree001,20250801,20250828,TSAL20250801_0830_staticAndStaticFree,TSAL20250828_0830_interferenceAndInterferenceFree001,22,90,22,90,0.8688595485308579,0.2292151985642734,0.6435925862878025,-0.9827749802545886,0.323586401167742,0.12797740662472862,-0.1956089945430134
4,relative_position,trim_r1_to_r2,R2->R1,TSAL20250801_0830_staticAndStaticFree,TSAL20250828_0830_interferenceAndInterferenceFree001,20250801,20250828,TSAL20250828_0830_interferenceAndInterferenceFree001,TSAL20250801_0830_staticAndStaticFree,22,90,90,22,0.8688595485308579,0.2292151985642734,0.6435925862878025,-0.9827749802545886,0.5163413651412946,0.3626072053326277,-0.1537341598086669
5,relative_position,trim_r2_to_r1,R1->R2,TSAL20250801_0830_staticAndStaticFree,TSAL20250829_0830_interferenceAndInterferenceFree001,20250801,20250829,TSAL20250801_0830_staticAndStaticFree,TSAL20250829_0830_interferenceAndInterferenceFree001,91,32,91,32,0.4763180550971735,0.1020649689390335,0.5754127494349223,0.9708981971761632,0.2897759627235042,0.28097215219603877,-0.008803810527465428
5,relative_position,trim_r2_to_r1,R2->R1,TSAL20250801_0830_staticAndStaticFree,TSAL20250829_0830_interferenceAndInterferenceFree001,20250801,20250829,TSAL20250829_0830_interferenceAndInterferenceFree001,TSAL20250801_0830_staticAndStaticFree,91,32,32,91,0.4763180550971735,0.1020649689390335,0.5754127494349223,0.9708981971761632,0.628827283312907,0.5251530054969406,-0.1036742778159665
5,relative_position,trim_r1_to_r2,R1->R2,TSAL20250801_0830_staticAndStaticFree,TSAL20250829_0830_interferenceAndInterferenceFree001,20250801,20250829,TSAL20250801_0830_staticAndStaticFree,TSAL20250829_0830_interferenceAndInterferenceFree001,36,95,36,95,0.8623892010399029,0.2723742189970717,0.592010223431343,-0.9926746319976292,0.2897759627235042,0.172434588487468,-0.11734137423603619
5,relative_position,trim_r1_to_r2,R2->R1,TSAL20250801_0830_staticAndStaticFree,TSAL20250829_0830_interferenceAndInterferenceFree001,20250801,20250829,TSAL20250829_0830_interferenceAndInterferenceFree001,TSAL20250801_0830_staticAndStaticFree,36,95,95,36,0.8623892010399029,0.2723742189970717,0.592010223431343,-0.9926746319976292,0.628827283312907,0.3760609653812554,-0.25276631793165166
6,relative_position,trim_r2_to_r1,R1->R2,TSAL20250801_0830_staticAndStaticFree,TSAL20250830_0830_interferenceAndInterferenceFree001,20250801,20250830,TSAL20250801_0830_staticAndStaticFree,TSAL20250830_0830_interferenceAndInterferenceFree001,91,35,91,35,0.4763180550971735,0.1020649689390335,0.5771366874363097,0.987788791660322,0.3452437757590118,0.3449845443388383,-0.000259231420173478
6,relative_position,trim_r2_to_r1,R2->R1,TSAL20250801_0830_staticAndStaticFree,TSAL20250830_0830_interferenceAndInterferenceFree001,20250801,20250830,TSAL20250830_0830_interferenceAndInterferenceFree001,TSAL20250801_0830_staticAndStaticFree,91,35,35,91,0.4763180550971735,0.1020649689390335,0.5771366874363097,0.987788791660322,0.4736422377931756,0.3705977058841576,-0.10304453190901802
6,relative_position,trim_r1_to_r2,R1->R2,TSAL20250801_0830_staticAndStaticFree,TSAL20250830_0830_interferenceAndInterferenceFree001,20250801,20250830,TSAL20250801_0830_staticAndStaticFree,TSAL20250830_0830_interferenceAndInterferenceFree001,44,79,44,79,0.7607158166146287,0.1928133633696211,0.5691438739391887,-0.9935615422474562,0.3452437757590118,0.2074739017212642,-0.13776987403774757
6,relative_position,trim_r1_to_r2,R2->R1,TSAL20250801_0830_staticAndStaticFree,TSAL20250830_0830_interferenceAndInterferenceFree001,20250801,20250830,TSAL20250830_0830_interferenceAndInterferenceFree001,TSAL20250801_0830_staticAndStaticFree,44,79,79,44,0.7607158166146287,0.1928133633696211,0.5691438739391887,-0.9935615422474562,0.4736422377931756,0.5206635396399697,0.047021301846794095
7,relative_position,trim_r2_to_r1,R1->R2,TSAL20250802_0830_staticAndStaticFree001,TSAL20250828_0830_interferenceAndInterferenceFree001,20250802,20250828,TSAL20250802_0830_staticAndStaticFree001,TSAL20250828_0830_interferenceAndInterferenceFree001,75,49,75,49,0.6077533228298377,0.121740863948737,0.7273187204093728,0.9821303521378164,0.3810611238041329,0.3293512584972523,-0.0517098653068806
7,relative_position,trim_r2_to_r1,R2->R1,TSAL20250802_0830_staticAndStaticFree001,TSAL20250828_0830_interferenceAndInterferenceFree001,20250802,20250828,TSAL20250828_0830_interferenceAndInterferenceFree001,TSAL20250802_0830_staticAndStaticFree001,75,49,49,75,0.6077533228298377,0.121740863948737,0.7273187204093728,0.9821303521378164,0.3650361483540571,0.5284076835482907,0.16337153519423359
7,relative_position,trim_r1_to_r2,R1->R2,TSAL20250802_0830_staticAndStaticFree001,TSAL20250828_0830_interferenceAndInterferenceFree001,20250802,20250828,TSAL20250802_0830_staticAndStaticFree001,TSAL20250828_0830_interferenceAndInterferenceFree001,60,90,60,90,0.8688595485308579,0.2292151985642734,0.6401194624658479,-0.9979272207853608,0.3810611238041329,0.32618302215021083,-0.05487810165392204
7,relative_position,trim_r1_to_r2,R2->R1,TSAL20250802_0830_staticAndStaticFree001,TSAL20250828_0830_interferenceAndInterferenceFree001,20250802,20250828,TSAL20250828_0830_interferenceAndInterferenceFree001,TSAL20250802_0830_staticAndStaticFree001,60,90,90,60,0.8688595485308579,0.2292151985642734,0.6401194624658479,-0.9979272207853608,0.3650361483540571,0.5364353460361304,0.1713991976820733
8,relative_position,trim_r2_to_r1,R1->R2,TSAL20250802_0830_staticAndStaticFree001,TSAL20250829_0830_interferenceAndInterferenceFree001,20250802,20250829,TSAL20250802_0830_staticAndStaticFree001,TSAL20250829_0830_interferenceAndInterferenceFree001,75,61,75,61,0.6077533228298377,0.121740863948737,0.726947882782056,0.979084229288935,0.5167469251895925,0.4390793119841192,-0.07766761320547333
8,relative_position,trim_r2_to_r1,R2->R1,TSAL20250802_0830_staticAndStaticFree001,TSAL20250829_0830_interferenceAndInterferenceFree001,20250802,20250829,TSAL20250829_0830_interferenceAndInterferenceFree001,TSAL20250802_0830_staticAndStaticFree001,75,61,61,75,0.6077533228298377,0.121740863948737,0.726947882782056,0.979084229288935,0.4752120981605562,0.4940908046589541,0.0188787064983979
8,relative_position,trim_r1_to_r2,R1->R2,TSAL20250802_0830_staticAndStaticFree001,TSAL20250829_0830_interferenceAndInterferenceFree001,20250802,20250829,TSAL20250802_0830_staticAndStaticFree001,TSAL20250829_0830_interferenceAndInterferenceFree001,75,95,75,95,0.8623892010399029,0.2723742189970717,0.6077533228298377,-0.9348751109693048,0.5167469251895925,0.5167469251895925,0.0
8,relative_position,trim_r1_to_r2,R2->R1,TSAL20250802_0830_staticAndStaticFree001,TSAL20250829_0830_interferenceAndInterferenceFree001,20250802,20250829,TSAL20250829_0830_interferenceAndInterferenceFree001,TSAL20250802_0830_staticAndStaticFree001,75,95,95,75,0.8623892010399029,0.2723742189970717,0.6077533228298377,-0.9348751109693048,0.4752120981605562,0.47521209816055626,5.551115123125783e-17
9,relative_position,trim_r2_to_r1,R1->R2,TSAL20250802_0830_staticAndStaticFree001,TSAL20250830_0830_interferenceAndInterferenceFree001,20250802,20250830,TSAL20250802_0830_staticAndStaticFree001,TSAL20250830_0830_interferenceAndInterferenceFree001,75,73,75,73,0.6077533228298377,0.121740863948737,0.72523164525366,0.9649867646190712,0.5219515167822435,0.4154105837930899,-0.10654093298915357
9,relative_position,trim_r2_to_r1,R2->R1,TSAL20250802_0830_staticAndStaticFree001,TSAL20250830_0830_interferenceAndInterferenceFree001,20250802,20250830,TSAL20250830_0830_interferenceAndInterferenceFree001,TSAL20250802_0830_staticAndStaticFree001,75,73,73,75,0.6077533228298377,0.121740863948737,0.72523164525366,0.9649867646190712,0.3224964809689251,0.45473649501361024,0.13224001404468516
9,relative_position,trim_r1_to_r2,R1->R2,TSAL20250802_0830_staticAndStaticFree001,TSAL20250830_0830_interferenceAndInterferenceFree001,20250802,20250830,TSAL20250802_0830_staticAndStaticFree001,TSAL20250830_0830_interferenceAndInterferenceFree001,75,79,75,79,0.7607158166146287,0.1928133633696211,0.6077533228298377,-0.793318943830483,0.5219515167822435,0.5219515167822435,0.0
9,relative_position,trim_r1_to_r2,R2->R1,TSAL20250802_0830_staticAndStaticFree001,TSAL20250830_0830_interferenceAndInterferenceFree001,20250802,20250830,TSAL20250830_0830_interferenceAndInterferenceFree001,TSAL20250802_0830_staticAndStaticFree001,75,79,79,75,0.7607158166146287,0.1928133633696211,0.6077533228298377,-0.793318943830483,0.3224964809689251,0.32249648096892514,5.551115123125783e-17
10,relative_position,trim_r2_to_r1,R1->R2,TSAL20250803_1400_staticAndStaticFree001,TSAL20250828_0830_interferenceAndInterferenceFree001,20250803,20250828,TSAL20250803_1400_staticAndStaticFree001,TSAL20250828_0830_interferenceAndInterferenceFree001,75,32,75,32,0.5198903125972558,0.1103656915924912,0.6275878563774792,0.9758244815597258,0.2910786903312962,0.2018295367138315,-0.08924915361746469
10,relative_position,trim_r2_to_r1,R2->R1,TSAL20250803_1400_staticAndStaticFree001,TSAL20250828_0830_interferenceAndInterferenceFree001,20250803,20250828,TSAL20250828_0830_interferenceAndInterferenceFree001,TSAL20250803_1400_staticAndStaticFree001,75,32,32,75,0.5198903125972558,0.1103656915924912,0.6275878563774792,0.9758244815597258,0.5543433331476221,0.46684659635867054,-0.08749673678895153
10,relative_position,trim_r1_to_r2,R1->R2,TSAL20250803_1400_staticAndStaticFree001,TSAL20250828_0830_interferenceAndInterferenceFree001,20250803,20250828,TSAL20250803_1400_staticAndStaticFree001,TSAL20250828_0830_interferenceAndInterferenceFree001,26,90,26,90,0.8688595485308579,0.2292151985642734,0.6423997942272334,-0.9879787890248636,0.2910786903312962,0.11874384683904977,-0.17233484349224643
10,relative_position,trim_r1_to_r2,R2->R1,TSAL20250803_1400_staticAndStaticFree001,TSAL20250828_0830_interferenceAndInterferenceFree001,20250803,20250828,TSAL20250828_0830_interferenceAndInterferenceFree001,TSAL20250803_1400_staticAndStaticFree001,26,90,90,26,0.8688595485308579,0.2292151985642734,0.6423997942272334,-0.9879787890248636,0.5543433331476221,0.612627008388153,0.05828367524053091
11,relative_position,trim_r2_to_r1,R1->R2,TSAL20250803_1400_staticAndStaticFree001,TSAL20250829_0830_interferenceAndInterferenceFree001,20250803,20250829,TSAL20250803_1400_staticAndStaticFree001,TSAL20250829_0830_interferenceAndInterferenceFree001,75,43,75,43,0.5198903125972558,0.1103656915924912,0.6288024117800991,0.9868293091025504,0.2694132557873148,0.27127299147751666,0.0018597356902018691
11,relative_position,trim_r2_to_r1,R2->R1,TSAL20250803_1400_staticAndStaticFree001,TSAL20250829_0830_interferenceAndInterferenceFree001,20250803,20250829,TSAL20250829_0830_interferenceAndInterferenceFree001,TSAL20250803_1400_staticAndStaticFree001,75,43,43,75,0.5198903125972558,0.1103656915924912,0.6288024117800991,0.9868293091025504,0.5790025207904078,0.5627888724076666,-0.016213648382741197
11,relative_position,trim_r1_to_r2,R1->R2,TSAL20250803_1400_staticAndStaticFree001,TSAL20250829_0830_interferenceAndInterferenceFree001,20250803,20250829,TSAL20250803_1400_staticAndStaticFree001,TSAL20250829_0830_interferenceAndInterferenceFree001,43,95,43,95,0.8623892010399029,0.2723742189970717,0.5916741700460931,-0.9939084249259296,0.2694132557873148,0.31451938706928556,0.045106131281970774
11,relative_position,trim_r1_to_r2,R2->R1,TSAL20250803_1400_staticAndStaticFree001,TSAL20250829_0830_interferenceAndInterferenceFree001,20250803,20250829,TSAL20250829_0830_interferenceAndInterferenceFree001,TSAL20250803_1400_staticAndStaticFree001,43,95,95,43,0.8623892010399029,0.2723742189970717,0.5916741700460931,-0.9939084249259296,0.5790025207904078,0.5142549360088533,-0.06474758478155451
12,relative_position,trim_r2_to_r1,R1->R2,TSAL20250803_1400_staticAndStaticFree001,TSAL20250830_0830_interferenceAndInterferenceFree001,20250803,20250830,TSAL20250803_1400_staticAndStaticFree001,TSAL20250830_0830_interferenceAndInterferenceFree001,75,52,75,52,0.5198903125972558,0.1103656915924912,0.6288401796291824,0.9871715155304568,0.191698027394859,0.2455397613655458,0.05384173397068681
12,relative_position,trim_r2_to_r1,R2->R1,TSAL20250803_1400_staticAndStaticFree001,TSAL20250830_0830_interferenceAndInterferenceFree001,20250803,20250830,TSAL20250830_0830_interferenceAndInterferenceFree001,TSAL20250803_1400_staticAndStaticFree001,75,52,52,75,0.5198903125972558,0.1103656915924912,0.6288401796291824,0.9871715155304568,0.3077190105006544,0.4373441714767363,0.1296251609760819
12,relative_position,trim_r1_to_r2,R1->R2,TSAL20250803_1400_staticAndStaticFree001,TSAL20250830_0830_interferenceAndInterferenceFree001,20250803,20250830,TSAL20250803_1400_staticAndStaticFree001,TSAL20250830_0830_interferenceAndInterferenceFree001,52,79,52,79,0.7607158166146287,0.1928133633696211,0.5689553328934115,-0.9945393844596468,0.191698027394859,0.14953459182959514,-0.04216343556526386
12,relative_position,trim_r1_to_r2,R2->R1,TSAL20250803_1400_staticAndStaticFree001,TSAL20250830_0830_interferenceAndInterferenceFree001,20250803,20250830,TSAL20250830_0830_interferenceAndInterferenceFree001,TSAL20250803_1400_staticAndStaticFree001,52,79,79,52,0.7607158166146287,0.1928133633696211,0.5689553328934115,-0.9945393844596468,0.3077190105006544,0.4641338279543825,0.1564148174537281
13,relative_position,trim_r2_to_r1,R1->R2,TSAL20250804_0830_staticAndStaticFree001,TSAL20250828_0830_interferenceAndInterferenceFree001,20250804,20250828,TSAL20250804_0830_staticAndStaticFree001,TSAL20250828_0830_interferenceAndInterferenceFree001,70,41,70,41,0.5705521891726922,0.1191069450858308,0.6850235372621192,0.9610803803836678,0.3523813629450191,0.4641441079304817,0.11176274498546263
13,relative_position,trim_r2_to_r1,R2->R1,TSAL20250804_0830_staticAndStaticFree001,TSAL20250828_0830_interferenceAndInterferenceFree001,20250804,20250828,TSAL20250828_0830_interferenceAndInterferenceFree001,TSAL20250804_0830_staticAndStaticFree001,70,41,41,70,0.5705521891726922,0.1191069450858308,0.6850235372621192,0.9610803803836678,0.2214272234500103,0.49730722791413184,0.27588000446412153
13,relative_position,trim_r1_to_r2,R1->R2,TSAL20250804_0830_staticAndStaticFree001,TSAL20250828_0830_interferenceAndInterferenceFree001,20250804,20250828,TSAL20250804_0830_staticAndStaticFree001,TSAL20250828_0830_interferenceAndInterferenceFree001,42,90,42,90,0.8688595485308579,0.2292151985642734,0.6424707885751187,-0.9876690610996212,0.3523813629450191,0.31053124113904385,-0.04185012180597525
13,relative_position,trim_r1_to_r2,R2->R1,TSAL20250804_0830_staticAndStaticFree001,TSAL20250828_0830_interferenceAndInterferenceFree001,20250804,20250828,TSAL20250828_0830_interferenceAndInterferenceFree001,TSAL20250804_0830_staticAndStaticFree001,42,90,90,42,0.8688595485308579,0.2292151985642734,0.6424707885751187,-0.9876690610996212,0.2214272234500103,0.5172021228713899,0.2957748994213796
14,relative_position,trim_r2_to_r1,R1->R2,TSAL20250804_0830_staticAndStaticFree001,TSAL20250829_0830_interferenceAndInterferenceFree001,20250804,20250829,TSAL20250804_0830_staticAndStaticFree001,TSAL20250829_0830_interferenceAndInterferenceFree001,70,53,70,53,0.5705521891726922,0.1191069450858308,0.6883203731448867,0.9887600079687072,0.3223185595720496,0.36388776098391884,0.04156920141186926
14,relative_position,trim_r2_to_r1,R2->R1,TSAL20250804_0830_staticAndStaticFree001,TSAL20250829_0830_interferenceAndInterferenceFree001,20250804,20250829,TSAL20250829_0830_interferenceAndInterferenceFree001,TSAL20250804_0830_staticAndStaticFree001,70,53,53,70,0.5705521891726922,0.1191069450858308,0.6883203731448867,0.9887600079687072,0.500059900165977,0.41341382934572707,-0.08664607082024994
14,relative_position,trim_r1_to_r2,R1->R2,TSAL20250804_0830_staticAndStaticFree001,TSAL20250829_0830_interferenceAndInterferenceFree001,20250804,20250829,TSAL20250804_0830_staticAndStaticFree001,TSAL20250829_0830_interferenceAndInterferenceFree001,62,95,62,95,0.8623892010399029,0.2723742189970717,0.5908659932193189,-0.9968755810310488,0.3223185595720496,0.30951783591543847,-0.012800723656611113
14,relative_position,trim_r1_to_r2,R2->R1,TSAL20250804_0830_staticAndStaticFree001,TSAL20250829_0830_interferenceAndInterferenceFree001,20250804,20250829,TSAL20250829_0830_interferenceAndInterferenceFree001,TSAL20250804_0830_staticAndStaticFree001,62,95,95,62,0.8623892010399029,0.2723742189970717,0.5908659932193189,-0.9968755810310488,0.500059900165977,0.5852997195766245,0.08523981941064751
15,relative_position,trim_r2_to_r1,R1->R2,TSAL20250804_0830_staticAndStaticFree001,TSAL20250830_0830_interferenceAndInterferenceFree001,20250804,20250830,TSAL20250804_0830_staticAndStaticFree001,TSAL20250830_0830_interferenceAndInterferenceFree001,70,65,70,65,0.5705521891726922,0.1191069450858308,0.6871077489055665,0.9785790379300048,0.1957116061235301,0.42698703675912764,0.23127543063559752
15,relative_position,trim_r2_to_r1,R2->R1,TSAL20250804_0830_staticAndStaticFree001,TSAL20250830_0830_interferenceAndInterferenceFree001,20250804,20250830,TSAL20250830_0830_interferenceAndInterferenceFree001,TSAL20250804_0830_staticAndStaticFree001,70,65,65,70,0.5705521891726922,0.1191069450858308,0.6871077489055665,0.9785790379300048,0.489320928500592,0.575377316383066,0.086056387882474
15,relative_position,trim_r1_to_r2,R1->R2,TSAL20250804_0830_staticAndStaticFree001,TSAL20250830_0830_interferenceAndInterferenceFree001,20250804,20250830,TSAL20250804_0830_staticAndStaticFree001,TSAL20250830_0830_interferenceAndInterferenceFree001,70,79,70,79,0.7607158166146287,0.1928133633696211,0.5705521891726922,-0.9862575089123612,0.1957116061235301,0.1957116061235301,0.0
15,relative_position,trim_r1_to_r2,R2->R1,TSAL20250804_0830_staticAndStaticFree001,TSAL20250830_0830_interferenceAndInterferenceFree001,20250804,20250830,TSAL20250830_0830_interferenceAndInterferenceFree001,TSAL20250804_0830_staticAndStaticFree001,70,79,79,70,0.7607158166146287,0.1928133633696211,0.5705521891726922,-0.9862575089123612,0.489320928500592,0.48932092850059206,5.551115123125783e-17
16,relative_position,trim_r2_to_r1,R1->R2,TSAL20250805_0830_staticAndStaticFree001,TSAL20250828_0830_interferenceAndInterferenceFree001,20250805,20250828,TSAL20250805_0830_staticAndStaticFree001,TSAL20250828_0830_interferenceAndInterferenceFree001,78,70,78,70,0.6305229829874469,0.1729832889514481,0.8021921714254303,0.9924033094674618,0.4528358103191494,0.3965844900966863,-0.0562513202224631
16,relative_position,trim_r2_to_r1,R2->R1,TSAL20250805_0830_staticAndStaticFree001,TSAL20250828_0830_interferenceAndInterferenceFree001,20250805,20250828,TSAL20250828_0830_interferenceAndInterferenceFree001,TSAL20250805_0830_staticAndStaticFree001,78,70,70,78,0.6305229829874469,0.1729832889514481,0.8021921714254303,0.9924033094674618,0.559722075785693,0.3444677224907491,-0.2152543532949439
16,relative_position,trim_r1_to_r2,R1->R2,TSAL20250805_0830_staticAndStaticFree001,TSAL20250828_0830_interferenceAndInterferenceFree001,20250805,20250828,TSAL20250805_0830_staticAndStaticFree001,TSAL20250828_0830_interferenceAndInterferenceFree001,75,90,75,90,0.8688595485308579,0.2292151985642734,0.6404068684317205,-0.9966733512004784,0.4528358103191494,0.3554360884677565,-0.0973997218513929
16,relative_position,trim_r1_to_r2,R2->R1,TSAL20250805_0830_staticAndStaticFree001,TSAL20250828_0830_interferenceAndInterferenceFree001,20250805,20250828,TSAL20250828_0830_interferenceAndInterferenceFree001,TSAL20250805_0830_staticAndStaticFree001,75,90,90,75,0.8688595485308579,0.2292151985642734,0.6404068684317205,-0.9966733512004784,0.559722075785693,0.5419862421285182,-0.017735833657174793
17,relative_position,trim_r2_to_r1,R1->R2,TSAL20250805_0830_staticAndStaticFree001,TSAL20250829_0830_interferenceAndInterferenceFree001,20250805,20250829,TSAL20250805_0830_staticAndStaticFree001,TSAL20250829_0830_interferenceAndInterferenceFree001,78,84,78,84,0.6305229829874469,0.1729832889514481,0.8015695640713117,0.9888040753570888,0.2172137498707001,0.3602142211982177,0.14300047132751761
17,relative_position,trim_r2_to_r1,R2->R1,TSAL20250805_0830_staticAndStaticFree001,TSAL20250829_0830_interferenceAndInterferenceFree001,20250805,20250829,TSAL20250829_0830_interferenceAndInterferenceFree001,TSAL20250805_0830_staticAndStaticFree001,78,84,84,78,0.6305229829874469,0.1729832889514481,0.8015695640713117,0.9888040753570888,0.6630218735264818,0.6171819107815021,-0.0458399627449797
17,relative_position,trim_r1_to_r2,R1->R2,TSAL20250805_0830_staticAndStaticFree001,TSAL20250829_0830_interferenceAndInterferenceFree001,20250805,20250829,TSAL20250805_0830_staticAndStaticFree001,TSAL20250829_0830_interferenceAndInterferenceFree001,78,95,78,95,0.8623892010399029,0.2723742189970717,0.6305229829874469,-0.8512781382402008,0.2172137498707001,0.2172137498707001,0.0
17,relative_position,trim_r1_to_r2,R2->R1,TSAL20250805_0830_staticAndStaticFree001,TSAL20250829_0830_interferenceAndInterferenceFree001,20250805,20250829,TSAL20250829_0830_interferenceAndInterferenceFree001,TSAL20250805_0830_staticAndStaticFree001,78,95,95,78,0.8623892010399029,0.2723742189970717,0.6305229829874469,-0.8512781382402008,0.6630218735264818,0.6630218735264818,0.0
18,relative_position,trim_r2_to_r1,R1->R2,TSAL20250805_0830_staticAndStaticFree001,TSAL20250830_0830_interferenceAndInterferenceFree001,20250805,20250830,TSAL20250805_0830_staticAndStaticFree001,TSAL20250830_0830_interferenceAndInterferenceFree001,78,79,78,79,0.6305229829874469,0.1729832889514481,0.7607158166146287,0.7526324329728954,0.5074644050602943,0.5074644050602943,0.0
18,relative_position,trim_r2_to_r1,R2->R1,TSAL20250805_0830_staticAndStaticFree001,TSAL20250830_0830_interferenceAndInterferenceFree001,20250805,20250830,TSAL20250830_0830_interferenceAndInterferenceFree001,TSAL20250805_0830_staticAndStaticFree001,78,79,79,78,0.6305229829874469,0.1729832889514481,0.7607158166146287,0.7526324329728954,0.4627298835207589,0.46272988352075894,5.551115123125783e-17
18,relative_position,trim_r1_to_r2,R1->R2,TSAL20250805_0830_staticAndStaticFree001,TSAL20250830_0830_interferenceAndInterferenceFree001,20250805,20250830,TSAL20250805_0830_staticAndStaticFree001,TSAL20250830_0830_interferenceAndInterferenceFree001,78,79,78,79,0.7607158166146287,0.1928133633696211,0.6305229829874469,-0.6752272319299962,0.5074644050602943,0.5074644050602943,0.0
18,relative_position,trim_r1_to_r2,R2->R1,TSAL20250805_0830_staticAndStaticFree001,TSAL20250830_0830_interferenceAndInterferenceFree001,20250805,20250830,TSAL20250830_0830_interferenceAndInterferenceFree001,TSAL20250805_0830_staticAndStaticFree001,78,79,79,78,0.7607158166146287,0.1928133633696211,0.6305229829874469,-0.6752272319299962,0.4627298835207589,0.46272988352075894,5.551115123125783e-17
19,relative_position,trim_r2_to_r1,R1->R2,TSAL20250806_0830_staticAndStaticFree001,TSAL20250828_0830_interferenceAndInterferenceFree001,20250806,20250828,TSAL20250806_0830_staticAndStaticFree001,TSAL20250828_0830_interferenceAndInterferenceFree001,100,46,100,46,0.583121467462783,0.1319137606864828,0.7137721863030022,0.9904252457083264,0.2856437540704043,0.40506065736702185,0.11941690329661753
19,relative_position,trim_r2_to_r1,R2->R1,TSAL20250806_0830_staticAndStaticFree001,TSAL20250828_0830_interferenceAndInterferenceFree001,20250806,20250828,TSAL20250828_0830_interferenceAndInterferenceFree001,TSAL20250806_0830_staticAndStaticFree001,100,46,46,100,0.583121467462783,0.1319137606864828,0.7137721863030022,0.9904252457083264,0.6164195760930852,0.5508315027367574,-0.06558807335632777
19,relative_position,trim_r1_to_r2,R1->R2,TSAL20250806_0830_staticAndStaticFree001,TSAL20250828_0830_interferenceAndInterferenceFree001,20250806,20250828,TSAL20250806_0830_staticAndStaticFree001,TSAL20250828_0830_interferenceAndInterferenceFree001,65,90,65,90,0.8688595485308579,0.2292151985642734,0.6406760252710708,-0.9954990973070356,0.2856437540704043,0.3731106797061377,0.08746692563573338
19,relative_position,trim_r1_to_r2,R2->R1,TSAL20250806_0830_staticAndStaticFree001,TSAL20250828_0830_interferenceAndInterferenceFree001,20250806,20250828,TSAL20250828_0830_interferenceAndInterferenceFree001,TSAL20250806_0830_staticAndStaticFree001,65,90,90,65,0.8688595485308579,0.2292151985642734,0.6406760252710708,-0.9954990973070356,0.6164195760930852,0.4290990916789851,-0.1873204844141001
20,relative_position,trim_r2_to_r1,R1->R2,TSAL20250806_0830_staticAndStaticFree001,TSAL20250829_0830_interferenceAndInterferenceFree001,20250806,20250829,TSAL20250806_0830_staticAndStaticFree001,TSAL20250829_0830_interferenceAndInterferenceFree001,100,58,100,58,0.583121467462783,0.1319137606864828,0.7133618688311901,0.9873147478370145,0.3586553005945952,0.34797157700789777,-0.010683723586697447
20,relative_position,trim_r2_to_r1,R2->R1,TSAL20250806_0830_staticAndStaticFree001,TSAL20250829_0830_interferenceAndInterferenceFree001,20250806,20250829,TSAL20250829_0830_interferenceAndInterferenceFree001,TSAL20250806_0830_staticAndStaticFree001,100,58,58,100,0.583121467462783,0.1319137606864828,0.7133618688311901,0.9873147478370145,0.6159377210840364,0.5834751271718672,-0.03246259391216921
20,relative_position,trim_r1_to_r2,R1->R2,TSAL20250806_0830_staticAndStaticFree001,TSAL20250829_0830_interferenceAndInterferenceFree001,20250806,20250829,TSAL20250806_0830_staticAndStaticFree001,TSAL20250829_0830_interferenceAndInterferenceFree001,96,95,96,95,0.8623892010399029,0.2723742189970717,0.5905493489390495,-0.9980381149941944,0.3586553005945952,0.3065697472903436,-0.05208555330425163
20,relative_position,trim_r1_to_r2,R2->R1,TSAL20250806_0830_staticAndStaticFree001,TSAL20250829_0830_interferenceAndInterferenceFree001,20250806,20250829,TSAL20250829_0830_interferenceAndInterferenceFree001,TSAL20250806_0830_staticAndStaticFree001,96,95,95,96,0.8623892010399029,0.2723742189970717,0.5905493489390495,-0.9980381149941944,0.6159377210840364,0.5749053422831647,-0.04103237880087174
21,relative_position,trim_r2_to_r1,R1->R2,TSAL20250806_0830_staticAndStaticFree001,TSAL20250830_0830_interferenceAndInterferenceFree001,20250806,20250830,TSAL20250806_0830_staticAndStaticFree001,TSAL20250830_0830_interferenceAndInterferenceFree001,100,70,100,70,0.583121467462783,0.1319137606864828,0.7107760860815596,0.9677126779985532,0.3968883237895965,0.5009563129278145,0.10406798913821802
21,relative_position,trim_r2_to_r1,R2->R1,TSAL20250806_0830_staticAndStaticFree001,TSAL20250830_0830_interferenceAndInterferenceFree001,20250806,20250830,TSAL20250830_0830_interferenceAndInterferenceFree001,TSAL20250806_0830_staticAndStaticFree001,100,70,70,100,0.583121467462783,0.1319137606864828,0.7107760860815596,0.9677126779985532,0.3200054464526172,0.5629378737474711,0.24293242729485387
21,relative_position,trim_r1_to_r2,R1->R2,TSAL20250806_0830_staticAndStaticFree001,TSAL20250830_0830_interferenceAndInterferenceFree001,20250806,20250830,TSAL20250806_0830_staticAndStaticFree001,TSAL20250830_0830_interferenceAndInterferenceFree001,100,79,100,79,0.7607158166146287,0.1928133633696211,0.583121467462783,-0.9210686751591964,0.3968883237895965,0.39688832378959654,5.551115123125783e-17
21,relative_position,trim_r1_to_r2,R2->R1,TSAL20250806_0830_staticAndStaticFree001,TSAL20250830_0830_interferenceAndInterferenceFree001,20250806,20250830,TSAL20250830_0830_interferenceAndInterferenceFree001,TSAL20250806_0830_staticAndStaticFree001,100,79,79,100,0.7607158166146287,0.1928133633696211,0.583121467462783,-0.9210686751591964,0.3200054464526172,0.3200054464526172,0.0
22,relative_position,trim_r2_to_r1,R1->R2,TSAL20250807_0830_staticAndStaticFree001,TSAL20250828_0830_interferenceAndInterferenceFree001,20250807,20250828,TSAL20250807_0830_staticAndStaticFree001,TSAL20250828_0830_interferenceAndInterferenceFree001,96,41,96,41,0.5640571957575141,0.127232447875474,0.6850235372621192,0.950750720625907,0.3232756594821661,0.467217438079551,0.14394177859738494
22,relative_position,trim_r2_to_r1,R2->R1,TSAL20250807_0830_staticAndStaticFree001,TSAL20250828_0830_interferenceAndInterferenceFree001,20250807,20250828,TSAL20250828_0830_interferenceAndInterferenceFree001,TSAL20250807_0830_staticAndStaticFree001,96,41,41,96,0.5640571957575141,0.127232447875474,0.6850235372621192,0.950750720625907,0.4766033024316159,0.4087910922787265,-0.06781221015288941
22,relative_position,trim_r1_to_r2,R1->R2,TSAL20250807_0830_staticAndStaticFree001,TSAL20250828_0830_interferenceAndInterferenceFree001,20250807,20250828,TSAL20250807_0830_staticAndStaticFree001,TSAL20250828_0830_interferenceAndInterferenceFree001,54,90,54,90,0.8688595485308579,0.2292151985642734,0.6399294172716885,-0.9987563333195636,0.3232756594821661,0.45277040539810215,0.12949474591593607
22,relative_position,trim_r1_to_r2,R2->R1,TSAL20250807_0830_staticAndStaticFree001,TSAL20250828_0830_interferenceAndInterferenceFree001,20250807,20250828,TSAL20250828_0830_interferenceAndInterferenceFree001,TSAL20250807_0830_staticAndStaticFree001,54,90,90,54,0.8688595485308579,0.2292151985642734,0.6399294172716885,-0.9987563333195636,0.4766033024316159,0.4769152288787903,0.000311926447174371
23,relative_position,trim_r2_to_r1,R1->R2,TSAL20250807_0830_staticAndStaticFree001,TSAL20250829_0830_interferenceAndInterferenceFree001,20250807,20250829,TSAL20250807_0830_staticAndStaticFree001,TSAL20250829_0830_interferenceAndInterferenceFree001,96,53,96,53,0.5640571957575141,0.127232447875474,0.6883203731448867,0.9766626317603548,0.4395862722672752,0.40896252431755226,-0.030623747949722946
23,relative_position,trim_r2_to_r1,R2->R1,TSAL20250807_0830_staticAndStaticFree001,TSAL20250829_0830_interferenceAndInterferenceFree001,20250807,20250829,TSAL20250829_0830_interferenceAndInterferenceFree001,TSAL20250807_0830_staticAndStaticFree001,96,53,53,96,0.5640571957575141,0.127232447875474,0.6883203731448867,0.9766626317603548,0.5781580964477678,0.5721320555899262,-0.006026040857841641
23,relative_position,trim_r1_to_r2,R1->R2,TSAL20250807_0830_staticAndStaticFree001,TSAL20250829_0830_interferenceAndInterferenceFree001,20250807,20250829,TSAL20250807_0830_staticAndStaticFree001,TSAL20250829_0830_interferenceAndInterferenceFree001,81,95,81,95,0.8623892010399029,0.2723742189970717,0.5917248831278312,-0.9937222359322544,0.4395862722672752,0.3247432877659508,-0.11484298450132441
23,relative_position,trim_r1_to_r2,R2->R1,TSAL20250807_0830_staticAndStaticFree001,TSAL20250829_0830_interferenceAndInterferenceFree001,20250807,20250829,TSAL20250829_0830_interferenceAndInterferenceFree001,TSAL20250807_0830_staticAndStaticFree001,81,95,95,81,0.8623892010399029,0.2723742189970717,0.5917248831278312,-0.9937222359322544,0.5781580964477678,0.5551217358007694,-0.023036360646998433
24,relative_position,trim_r2_to_r1,R1->R2,TSAL20250807_0830_staticAndStaticFree001,TSAL20250830_0830_interferenceAndInterferenceFree001,20250807,20250830,TSAL20250807_0830_staticAndStaticFree001,TSAL20250830_0830_interferenceAndInterferenceFree001,96,65,96,65,0.5640571957575141,0.127232447875474,0.6871077489055665,0.9671318535699748,0.340795597517358,0.32575959870164123,-0.015035998815716767
24,relative_position,trim_r2_to_r1,R2->R1,TSAL20250807_0830_staticAndStaticFree001,TSAL20250830_0830_interferenceAndInterferenceFree001,20250807,20250830,TSAL20250830_0830_interferenceAndInterferenceFree001,TSAL20250807_0830_staticAndStaticFree001,96,65,65,96,0.5640571957575141,0.127232447875474,0.6871077489055665,0.9671318535699748,0.3487756197985504,0.5214809888718974,0.17270536907334705
24,relative_position,trim_r1_to_r2,R1->R2,TSAL20250807_0830_staticAndStaticFree001,TSAL20250830_0830_interferenceAndInterferenceFree001,20250807,20250830,TSAL20250807_0830_staticAndStaticFree001,TSAL20250830_0830_interferenceAndInterferenceFree001,94,79,94,79,0.7607158166146287,0.1928133633696211,0.5682312779002842,-0.9982945961341578,0.340795597517358,0.3541352916809816,0.013339694163623628
24,relative_position,trim_r1_to_r2,R2->R1,TSAL20250807_0830_staticAndStaticFree001,TSAL20250830_0830_interferenceAndInterferenceFree001,20250807,20250830,TSAL20250830_0830_interferenceAndInterferenceFree001,TSAL20250807_0830_staticAndStaticFree001,94,79,79,94,0.7607158166146287,0.1928133633696211,0.5682312779002842,-0.9982945961341578,0.3487756197985504,0.4164026934486816,0.06762707365013121
25,relative_position,trim_r2_to_r1,R1->R2,TSAL20250808_0830_staticAndStaticFree001,TSAL20250828_0830_interferenceAndInterferenceFree001,20250808,20250828,TSAL20250808_0830_staticAndStaticFree001,TSAL20250828_0830_interferenceAndInterferenceFree001,62,29,62,29,0.5034286108365894,0.1091998336662776,0.6084233235981641,0.961491508150515,0.4250161968219347,0.46707438944264595,0.042058192620711254
25,relative_position,trim_r2_to_r1,R2->R1,TSAL20250808_0830_staticAndStaticFree001,TSAL20250828_0830_interferenceAndInterferenceFree001,20250808,20250828,TSAL20250828_0830_interferenceAndInterferenceFree001,TSAL20250808_0830_staticAndStaticFree001,62,29,29,62,0.5034286108365894,0.1091998336662776,0.6084233235981641,0.961491508150515,0.5060567404315983,0.48940976507226785,-0.016646975359330463
25,relative_position,trim_r1_to_r2,R1->R2,TSAL20250808_0830_staticAndStaticFree001,TSAL20250828_0830_interferenceAndInterferenceFree001,20250808,20250828,TSAL20250808_0830_staticAndStaticFree001,TSAL20250828_0830_interferenceAndInterferenceFree001,12,90,12,90,0.8688595485308579,0.2292151985642734,0.639833812231954,-0.999173430616485,0.4250161968219347,0.29220707589338435,-0.13280912092855035
25,relative_position,trim_r1_to_r2,R2->R1,TSAL20250808_0830_staticAndStaticFree001,TSAL20250828_0830_interferenceAndInterferenceFree001,20250808,20250828,TSAL20250828_0830_interferenceAndInterferenceFree001,TSAL20250808_0830_staticAndStaticFree001,12,90,90,12,0.8688595485308579,0.2292151985642734,0.639833812231954,-0.999173430616485,0.5060567404315983,0.4934106268581173,-0.012646113573481
26,relative_position,trim_r2_to_r1,R1->R2,TSAL20250808_0830_staticAndStaticFree001,TSAL20250829_0830_interferenceAndInterferenceFree001,20250808,20250829,TSAL20250808_0830_staticAndStaticFree001,TSAL20250829_0830_interferenceAndInterferenceFree001,62,40,62,40,0.5034286108365894,0.1091998336662776,0.6122997163585372,0.9969896644226172,0.5114041765940534,0.5021833041583901,-0.009220872435663274
26,relative_position,trim_r2_to_r1,R2->R1,TSAL20250808_0830_staticAndStaticFree001,TSAL20250829_0830_interferenceAndInterferenceFree001,20250808,20250829,TSAL20250829_0830_interferenceAndInterferenceFree001,TSAL20250808_0830_staticAndStaticFree001,62,40,40,62,0.5034286108365894,0.1091998336662776,0.6122997163585372,0.9969896644226172,0.5620788060230935,0.5587522860609788,-0.003326519962114638
26,relative_position,trim_r1_to_r2,R1->R2,TSAL20250808_0830_staticAndStaticFree001,TSAL20250829_0830_interferenceAndInterferenceFree001,20250808,20250829,TSAL20250808_0830_staticAndStaticFree001,TSAL20250829_0830_interferenceAndInterferenceFree001,24,95,24,95,0.8623892010399029,0.2723742189970717,0.5914845418863784,-0.9946046294360807,0.5114041765940534,0.5024678898144909,-0.008936286779562486
26,relative_position,trim_r1_to_r2,R2->R1,TSAL20250808_0830_staticAndStaticFree001,TSAL20250829_0830_interferenceAndInterferenceFree001,20250808,20250829,TSAL20250829_0830_interferenceAndInterferenceFree001,TSAL20250808_0830_staticAndStaticFree001,24,95,95,24,0.8623892010399029,0.2723742189970717,0.5914845418863784,-0.9946046294360807,0.5620788060230935,0.575057210446584,0.01297840442349052
27,relative_position,trim_r2_to_r1,R1->R2,TSAL20250808_0830_staticAndStaticFree001,TSAL20250830_0830_interferenceAndInterferenceFree001,20250808,20250830,TSAL20250808_0830_staticAndStaticFree001,TSAL20250830_0830_interferenceAndInterferenceFree001,62,46,62,46,0.5034286108365894,0.1091998336662776,0.6116165870957057,0.9907338924136668,0.4515499453805927,0.3866484134805254,-0.06490153190006726
27,relative_position,trim_r2_to_r1,R2->R1,TSAL20250808_0830_staticAndStaticFree001,TSAL20250830_0830_interferenceAndInterferenceFree001,20250808,20250830,TSAL20250830_0830_interferenceAndInterferenceFree001,TSAL20250808_0830_staticAndStaticFree001,62,46,46,62,0.5034286108365894,0.1091998336662776,0.6116165870957057,0.9907338924136668,0.4521308297676585,0.6132170656019235,0.16108623583426496
27,relative_position,trim_r1_to_r2,R1->R2,TSAL20250808_0830_staticAndStaticFree001,TSAL20250830_0830_interferenceAndInterferenceFree001,20250808,20250830,TSAL20250808_0830_staticAndStaticFree001,TSAL20250830_0830_interferenceAndInterferenceFree001,33,79,33,79,0.7607158166146287,0.1928133633696211,0.5685748590489724,-0.9965126597440456,0.4515499453805927,0.2366886526922901,-0.21486129268830256
27,relative_position,trim_r1_to_r2,R2->R1,TSAL20250808_0830_staticAndStaticFree001,TSAL20250830_0830_interferenceAndInterferenceFree001,20250808,20250830,TSAL20250830_0830_interferenceAndInterferenceFree001,TSAL20250808_0830_staticAndStaticFree001,33,79,79,33,0.7607158166146287,0.1928133633696211,0.5685748590489724,-0.9965126597440456,0.4521308297676585,0.5463959828244233,0.09426515305676475
28,relative_position,trim_r2_to_r1,R1->R2,TSAL20250809_0830_staticAndStaticFree001,TSAL20250828_0830_interferenceAndInterferenceFree001,20250809,20250828,TSAL20250809_0830_staticAndStaticFree001,TSAL20250828_0830_interferenceAndInterferenceFree001,61,32,61,32,0.5157905404120591,0.1131347668511083,0.6275878563774792,0.9881782503918678,0.3767451061638033,0.3892643710603875,0.012519264896584226
28,relative_position,trim_r2_to_r1,R2->R1,TSAL20250809_0830_staticAndStaticFree001,TSAL20250828_0830_interferenceAndInterferenceFree001,20250809,20250828,TSAL20250828_0830_interferenceAndInterferenceFree001,TSAL20250809_0830_staticAndStaticFree001,61,32,32,61,0.5157905404120591,0.1131347668511083,0.6275878563774792,0.9881782503918678,0.4002239035600216,0.4946566019822524,0.09443269842223084
28,relative_position,trim_r1_to_r2,R1->R2,TSAL20250809_0830_staticAndStaticFree001,TSAL20250828_0830_interferenceAndInterferenceFree001,20250809,20250828,TSAL20250809_0830_staticAndStaticFree001,TSAL20250828_0830_interferenceAndInterferenceFree001,19,90,19,90,0.8688595485308579,0.2292151985642734,0.6415585360551013,-0.9916489565242332,0.3767451061638033,0.2950658528406029,-0.08167925332320042
28,relative_position,trim_r1_to_r2,R2->R1,TSAL20250809_0830_staticAndStaticFree001,TSAL20250828_0830_interferenceAndInterferenceFree001,20250809,20250828,TSAL20250828_0830_interferenceAndInterferenceFree001,TSAL20250809_0830_staticAndStaticFree001,19,90,90,19,0.8688595485308579,0.2292151985642734,0.6415585360551013,-0.9916489565242332,0.4002239035600216,0.6320443690591643,0.2318204654991427
29,relative_position,trim_r2_to_r1,R1->R2,TSAL20250809_0830_staticAndStaticFree001,TSAL20250829_0830_interferenceAndInterferenceFree001,20250809,20250829,TSAL20250809_0830_staticAndStaticFree001,TSAL20250829_0830_interferenceAndInterferenceFree001,61,43,61,43,0.5157905404120591,0.1131347668511083,0.6288024117800991,0.9989137248744232,0.4142041246200627,0.43722595488345223,0.023021830263389553
29,relative_position,trim_r2_to_r1,R2->R1,TSAL20250809_0830_staticAndStaticFree001,TSAL20250829_0830_interferenceAndInterferenceFree001,20250809,20250829,TSAL20250829_0830_interferenceAndInterferenceFree001,TSAL20250809_0830_staticAndStaticFree001,61,43,43,61,0.5157905404120591,0.1131347668511083,0.6288024117800991,0.9989137248744232,0.6933638180460813,0.49106257345419657,-0.2023012445918847
29,relative_position,trim_r1_to_r2,R1->R2,TSAL20250809_0830_staticAndStaticFree001,TSAL20250829_0830_interferenceAndInterferenceFree001,20250809,20250829,TSAL20250809_0830_staticAndStaticFree001,TSAL20250829_0830_interferenceAndInterferenceFree001,32,95,32,95,0.8623892010399029,0.2723742189970717,0.591150531936231,-0.9958309200570408,0.4142041246200627,0.3505751271645922,-0.06362899745547046
29,relative_position,trim_r1_to_r2,R2->R1,TSAL20250809_0830_staticAndStaticFree001,TSAL20250829_0830_interferenceAndInterferenceFree001,20250809,20250829,TSAL20250829_0830_interferenceAndInterferenceFree001,TSAL20250809_0830_staticAndStaticFree001,32,95,95,32,0.8623892010399029,0.2723742189970717,0.591150531936231,-0.9958309200570408,0.6933638180460813,0.6470781216887569,-0.04628569635732438
30,relative_position,trim_r2_to_r1,R1->R2,TSAL20250809_0830_staticAndStaticFree001,TSAL20250830_0830_interferenceAndInterferenceFree001,20250809,20250830,TSAL20250809_0830_staticAndStaticFree001,TSAL20250830_0830_interferenceAndInterferenceFree001,61,52,61,52,0.5157905404120591,0.1131347668511083,0.6288401796291824,0.9992475554919644,0.4160977039563749,0.5302736172684447,0.11417591331206978
30,relative_position,trim_r2_to_r1,R2->R1,TSAL20250809_0830_staticAndStaticFree001,TSAL20250830_0830_interferenceAndInterferenceFree001,20250809,20250830,TSAL20250830_0830_interferenceAndInterferenceFree001,TSAL20250809_0830_staticAndStaticFree001,61,52,52,61,0.5157905404120591,0.1131347668511083,0.6288401796291824,0.9992475554919644,0.476202494022545,0.566135367247002,0.08993287322445698
30,relative_position,trim_r1_to_r2,R1->R2,TSAL20250809_0830_staticAndStaticFree001,TSAL20250830_0830_interferenceAndInterferenceFree001,20250809,20250830,TSAL20250809_0830_staticAndStaticFree001,TSAL20250830_0830_interferenceAndInterferenceFree001,39,79,39,79,0.7607158166146287,0.1928133633696211,0.5694844184097673,-0.9917953551708598,0.4160977039563749,0.21050655651837122,-0.2055911474380037
30,relative_position,trim_r1_to_r2,R2->R1,TSAL20250809_0830_staticAndStaticFree001,TSAL20250830_0830_interferenceAndInterferenceFree001,20250809,20250830,TSAL20250830_0830_interferenceAndInterferenceFree001,TSAL20250809_0830_staticAndStaticFree001,39,79,79,39,0.7607158166146287,0.1928133633696211,0.5694844184097673,-0.9917953551708598,0.476202494022545,0.43476356813298445,-0.04143892588956055
31,relative_position,trim_r2_to_r1,R1->R2,TSAL20250810_0830_staticAndStaticFree001,TSAL20250828_0830_interferenceAndInterferenceFree001,20250810,20250828,TSAL20250810_0830_staticAndStaticFree001,TSAL20250828_0830_interferenceAndInterferenceFree001,84,30,84,30,0.5115709960497056,0.1092449225177697,0.6149699570960323,0.9464875681476902,0.2939688866191878,0.5664163515292532,0.2724474649100654
31,relative_position,trim_r2_to_r1,R2->R1,TSAL20250810_0830_staticAndStaticFree001,TSAL20250828_0830_interferenceAndInterferenceFree001,20250810,20250828,TSAL20250828_0830_interferenceAndInterferenceFree001,TSAL20250810_0830_staticAndStaticFree001,84,30,30,84,0.5115709960497056,0.1092449225177697,0.6149699570960323,0.9464875681476902,0.5369357654475492,0.540890464450306,0.003954699002756801
31,relative_position,trim_r1_to_r2,R1->R2,TSAL20250810_0830_staticAndStaticFree001,TSAL20250828_0830_interferenceAndInterferenceFree001,20250810,20250828,TSAL20250810_0830_staticAndStaticFree001,TSAL20250828_0830_interferenceAndInterferenceFree001,16,90,16,90,0.8688595485308579,0.2292151985642734,0.6422453752378389,-0.988652474672071,0.2939688866191878,0.2588190834616194,-0.03514980315756838
31,relative_position,trim_r1_to_r2,R2->R1,TSAL20250810_0830_staticAndStaticFree001,TSAL20250828_0830_interferenceAndInterferenceFree001,20250810,20250828,TSAL20250828_0830_interferenceAndInterferenceFree001,TSAL20250810_0830_staticAndStaticFree001,16,90,90,16,0.8688595485308579,0.2292151985642734,0.6422453752378389,-0.988652474672071,0.5369357654475492,0.4446191761326737,-0.09231658931487546
32,relative_position,trim_r2_to_r1,R1->R2,TSAL20250810_0830_staticAndStaticFree001,TSAL20250829_0830_interferenceAndInterferenceFree001,20250810,20250829,TSAL20250810_0830_staticAndStaticFree001,TSAL20250829_0830_interferenceAndInterferenceFree001,84,41,84,41,0.5115709960497056,0.1092449225177697,0.6171157354312674,0.9661294726479756,0.4545918331896126,0.545045145620952,0.09045331243133936
32,relative_position,trim_r2_to_r1,R2->R1,TSAL20250810_0830_staticAndStaticFree001,TSAL20250829_0830_interferenceAndInterferenceFree001,20250810,20250829,TSAL20250829_0830_interferenceAndInterferenceFree001,TSAL20250810_0830_staticAndStaticFree001,84,41,41,84,0.5115709960497056,0.1092449225177697,0.6171157354312674,0.9661294726479756,0.6243378955314558,0.5398164722517007,-0.08452142327975509
32,relative_position,trim_r1_to_r2,R1->R2,TSAL20250810_0830_staticAndStaticFree001,TSAL20250829_0830_interferenceAndInterferenceFree001,20250810,20250829,TSAL20250810_0830_staticAndStaticFree001,TSAL20250829_0830_interferenceAndInterferenceFree001,37,95,37,95,0.8623892010399029,0.2723742189970717,0.5913368809854086,-0.9951467545370304,0.4545918331896126,0.1275351481203753,-0.3270566850692373
32,relative_position,trim_r1_to_r2,R2->R1,TSAL20250810_0830_staticAndStaticFree001,TSAL20250829_0830_interferenceAndInterferenceFree001,20250810,20250829,TSAL20250829_0830_interferenceAndInterferenceFree001,TSAL20250810_0830_staticAndStaticFree001,37,95,95,37,0.8623892010399029,0.2723742189970717,0.5913368809854086,-0.9951467545370304,0.6243378955314558,0.3660559634278033,-0.2582819321036525
33,relative_position,trim_r2_to_r1,R1->R2,TSAL20250810_0830_staticAndStaticFree001,TSAL20250830_0830_interferenceAndInterferenceFree001,20250810,20250830,TSAL20250810_0830_staticAndStaticFree001,TSAL20250830_0830_interferenceAndInterferenceFree001,84,49,84,49,0.5115709960497056,0.1092449225177697,0.6196659791560883,0.98947374958136,0.4513788703648755,0.447062989060467,-0.00431588130440852
33,relative_position,trim_r2_to_r1,R2->R1,TSAL20250810_0830_staticAndStaticFree001,TSAL20250830_0830_interferenceAndInterferenceFree001,20250810,20250830,TSAL20250830_0830_interferenceAndInterferenceFree001,TSAL20250810_0830_staticAndStaticFree001,84,49,49,84,0.5115709960497056,0.1092449225177697,0.6196659791560883,0.98947374958136,0.3901013210053162,0.642520974290108,0.2524196532847918
33,relative_position,trim_r1_to_r2,R1->R2,TSAL20250810_0830_staticAndStaticFree001,TSAL20250830_0830_interferenceAndInterferenceFree001,20250810,20250830,TSAL20250810_0830_staticAndStaticFree001,TSAL20250830_0830_interferenceAndInterferenceFree001,50,79,50,79,0.7607158166146287,0.1928133633696211,0.5691005707983849,-0.9937861280336644,0.4513788703648755,0.1924221697394927,-0.2589567006253828
33,relative_position,trim_r1_to_r2,R2->R1,TSAL20250810_0830_staticAndStaticFree001,TSAL20250830_0830_interferenceAndInterferenceFree001,20250810,20250830,TSAL20250830_0830_interferenceAndInterferenceFree001,TSAL20250810_0830_staticAndStaticFree001,50,79,79,50,0.7607158166146287,0.1928133633696211,0.5691005707983849,-0.9937861280336644,0.3901013210053162,0.5843030852885871,0.1942017642832709
34,relative_position,trim_r2_to_r1,R1->R2,TSAL20250811_0830_staticAndStaticFree001,TSAL20250828_0830_interferenceAndInterferenceFree001,20250811,20250828,TSAL20250811_0830_staticAndStaticFree001,TSAL20250828_0830_interferenceAndInterferenceFree001,86,33,86,33,0.514410950145457,0.1208067819369662,0.6334852323895251,0.98565892025994,0.4842069184943408,0.4807785572027862,-0.003428361291554549
34,relative_position,trim_r2_to_r1,R2->R1,TSAL20250811_0830_staticAndStaticFree001,TSAL20250828_0830_interferenceAndInterferenceFree001,20250811,20250828,TSAL20250828_0830_interferenceAndInterferenceFree001,TSAL20250811_0830_staticAndStaticFree001,86,33,33,86,0.514410950145457,0.1208067819369662,0.6334852323895251,0.98565892025994,0.572986142989006,0.5862811228367798,0.013294979847773836
34,relative_position,trim_r1_to_r2,R1->R2,TSAL20250811_0830_staticAndStaticFree001,TSAL20250828_0830_interferenceAndInterferenceFree001,20250811,20250828,TSAL20250811_0830_staticAndStaticFree001,TSAL20250828_0830_interferenceAndInterferenceFree001,27,90,27,90,0.8688595485308579,0.2292151985642734,0.6416760998424346,-0.9911360595258244,0.4842069184943408,0.3727117498812358,-0.11149516861310499
34,relative_position,trim_r1_to_r2,R2->R1,TSAL20250811_0830_staticAndStaticFree001,TSAL20250828_0830_interferenceAndInterferenceFree001,20250811,20250828,TSAL20250828_0830_interferenceAndInterferenceFree001,TSAL20250811_0830_staticAndStaticFree001,27,90,90,27,0.8688595485308579,0.2292151985642734,0.6416760998424346,-0.9911360595258244,0.572986142989006,0.5947712984509937,0.021785155461987782
35,relative_position,trim_r2_to_r1,R1->R2,TSAL20250811_0830_staticAndStaticFree001,TSAL20250829_0830_interferenceAndInterferenceFree001,20250811,20250829,TSAL20250811_0830_staticAndStaticFree001,TSAL20250829_0830_interferenceAndInterferenceFree001,86,43,86,43,0.514410950145457,0.1208067819369662,0.6288024117800991,0.946896025210973,0.3173987482468914,0.4857981447525489,0.1683993965056575
35,relative_position,trim_r2_to_r1,R2->R1,TSAL20250811_0830_staticAndStaticFree001,TSAL20250829_0830_interferenceAndInterferenceFree001,20250811,20250829,TSAL20250829_0830_interferenceAndInterferenceFree001,TSAL20250811_0830_staticAndStaticFree001,86,43,43,86,0.514410950145457,0.1208067819369662,0.6288024117800991,0.946896025210973,0.3878572708222896,0.5087869843753862,0.12092971355309656
35,relative_position,trim_r1_to_r2,R1->R2,TSAL20250811_0830_staticAndStaticFree001,TSAL20250829_0830_interferenceAndInterferenceFree001,20250811,20250829,TSAL20250811_0830_staticAndStaticFree001,TSAL20250829_0830_interferenceAndInterferenceFree001,47,95,47,95,0.8623892010399029,0.2723742189970717,0.5910799352729017,-0.9960901100185184,0.3173987482468914,0.3714033042772456,0.0540045560303542
35,relative_position,trim_r1_to_r2,R2->R1,TSAL20250811_0830_staticAndStaticFree001,TSAL20250829_0830_interferenceAndInterferenceFree001,20250811,20250829,TSAL20250829_0830_interferenceAndInterferenceFree001,TSAL20250811_0830_staticAndStaticFree001,47,95,95,47,0.8623892010399029,0.2723742189970717,0.5910799352729017,-0.9960901100185184,0.3878572708222896,0.5156110317032557,0.12775376088096613
36,relative_position,trim_r2_to_r1,R1->R2,TSAL20250811_0830_staticAndStaticFree001,TSAL20250830_0830_interferenceAndInterferenceFree001,20250811,20250830,TSAL20250811_0830_staticAndStaticFree001,TSAL20250830_0830_interferenceAndInterferenceFree001,86,53,86,53,0.514410950145457,0.1208067819369662,0.632551646022283,0.9779309901530914,0.5559034613029286,0.41046266104370266,-0.1454408002592259
36,relative_position,trim_r2_to_r1,R2->R1,TSAL20250811_0830_staticAndStaticFree001,TSAL20250830_0830_interferenceAndInterferenceFree001,20250811,20250830,TSAL20250830_0830_interferenceAndInterferenceFree001,TSAL20250811_0830_staticAndStaticFree001,86,53,53,86,0.514410950145457,0.1208067819369662,0.632551646022283,0.9779309901530914,0.393255618234805,0.48010488375379123,0.08684926551898625
36,relative_position,trim_r1_to_r2,R1->R2,TSAL20250811_0830_staticAndStaticFree001,TSAL20250830_0830_interferenceAndInterferenceFree001,20250811,20250830,TSAL20250811_0830_staticAndStaticFree001,TSAL20250830_0830_interferenceAndInterferenceFree001,57,79,57,79,0.7607158166146287,0.1928133633696211,0.5698973186334686,-0.9896539049285868,0.5559034613029286,0.4166935715606404,-0.13920988974228815
36,relative_position,trim_r1_to_r2,R2->R1,TSAL20250811_0830_staticAndStaticFree001,TSAL20250830_0830_interferenceAndInterferenceFree001,20250811,20250830,TSAL20250830_0830_interferenceAndInterferenceFree001,TSAL20250811_0830_staticAndStaticFree001,57,79,79,57,0.7607158166146287,0.1928133633696211,0.5698973186334686,-0.9896539049285868,0.393255618234805,0.4657298124628501,0.07247419422804513
37,relative_position,trim_r2_to_r1,R1->R2,TSAL20250812_0830_staticAndStaticFree001,TSAL20250828_0830_interferenceAndInterferenceFree001,20250812,20250828,TSAL20250812_0830_staticAndStaticFree001,TSAL20250828_0830_interferenceAndInterferenceFree001,76,29,76,29,0.4996233072815026,0.1118960823859024,0.6084233235981641,0.9723308805525168,0.4866335483841918,0.5323670600484923,0.04573351166430051
37,relative_position,trim_r2_to_r1,R2->R1,TSAL20250812_0830_staticAndStaticFree001,TSAL20250828_0830_interferenceAndInterferenceFree001,20250812,20250828,TSAL20250828_0830_interferenceAndInterferenceFree001,TSAL20250812_0830_staticAndStaticFree001,76,29,29,76,0.4996233072815026,0.1118960823859024,0.6084233235981641,0.9723308805525168,0.4897670112048637,0.49531806343029844,0.005551052225434727
37,relative_position,trim_r1_to_r2,R1->R2,TSAL20250812_0830_staticAndStaticFree001,TSAL20250828_0830_interferenceAndInterferenceFree001,20250812,20250828,TSAL20250812_0830_staticAndStaticFree001,TSAL20250828_0830_interferenceAndInterferenceFree001,20,90,20,90,0.8688595485308579,0.2292151985642734,0.6397948562982136,-0.9993433841535296,0.4866335483841918,0.25825983674865494,-0.22837371163553688
37,relative_position,trim_r1_to_r2,R2->R1,TSAL20250812_0830_staticAndStaticFree001,TSAL20250828_0830_interferenceAndInterferenceFree001,20250812,20250828,TSAL20250828_0830_interferenceAndInterferenceFree001,TSAL20250812_0830_staticAndStaticFree001,20,90,90,20,0.8688595485308579,0.2292151985642734,0.6397948562982136,-0.9993433841535296,0.4897670112048637,0.5985539448919022,0.10878693368703846
38,relative_position,trim_r2_to_r1,R1->R2,TSAL20250812_0830_staticAndStaticFree001,TSAL20250829_0830_interferenceAndInterferenceFree001,20250812,20250829,TSAL20250812_0830_staticAndStaticFree001,TSAL20250829_0830_interferenceAndInterferenceFree001,76,39,76,39,0.4996233072815026,0.1118960823859024,0.6076213404306993,0.965163666559278,0.3831458129686703,0.5161846709712874,0.1330388580026171
38,relative_position,trim_r2_to_r1,R2->R1,TSAL20250812_0830_staticAndStaticFree001,TSAL20250829_0830_interferenceAndInterferenceFree001,20250812,20250829,TSAL20250829_0830_interferenceAndInterferenceFree001,TSAL20250812_0830_staticAndStaticFree001,76,39,39,76,0.4996233072815026,0.1118960823859024,0.6076213404306993,0.965163666559278,0.576555652103907,0.5539176401374839,-0.02263801196642312
38,relative_position,trim_r1_to_r2,R1->R2,TSAL20250812_0830_staticAndStaticFree001,TSAL20250829_0830_interferenceAndInterferenceFree001,20250812,20250829,TSAL20250812_0830_staticAndStaticFree001,TSAL20250829_0830_interferenceAndInterferenceFree001,32,95,32,95,0.8623892010399029,0.2723742189970717,0.5912815097114409,-0.9953500457081684,0.3831458129686703,0.3913924216152583,0.008246608646587994
38,relative_position,trim_r1_to_r2,R2->R1,TSAL20250812_0830_staticAndStaticFree001,TSAL20250829_0830_interferenceAndInterferenceFree001,20250812,20250829,TSAL20250829_0830_interferenceAndInterferenceFree001,TSAL20250812_0830_staticAndStaticFree001,32,95,95,32,0.8623892010399029,0.2723742189970717,0.5912815097114409,-0.9953500457081684,0.576555652103907,0.6743329372297647,0.0977772851258577
39,relative_position,trim_r2_to_r1,R1->R2,TSAL20250812_0830_staticAndStaticFree001,TSAL20250830_0830_interferenceAndInterferenceFree001,20250812,20250830,TSAL20250812_0830_staticAndStaticFree001,TSAL20250830_0830_interferenceAndInterferenceFree001,76,45,76,45,0.4996233072815026,0.1118960823859024,0.6086380151294983,0.9742495494348984,0.4921715057673056,0.38980735663907695,-0.10236414912822867
39,relative_position,trim_r2_to_r1,R2->R1,TSAL20250812_0830_staticAndStaticFree001,TSAL20250830_0830_interferenceAndInterferenceFree001,20250812,20250830,TSAL20250830_0830_interferenceAndInterferenceFree001,TSAL20250812_0830_staticAndStaticFree001,76,45,45,76,0.4996233072815026,0.1118960823859024,0.6086380151294983,0.9742495494348984,0.242043872565884,0.5466670134658157,0.3046231408999317
39,relative_position,trim_r1_to_r2,R1->R2,TSAL20250812_0830_staticAndStaticFree001,TSAL20250830_0830_interferenceAndInterferenceFree001,20250812,20250830,TSAL20250812_0830_staticAndStaticFree001,TSAL20250830_0830_interferenceAndInterferenceFree001,41,79,41,79,0.7607158166146287,0.1928133633696211,0.5680758199285388,-0.9991008575313376,0.4921715057673056,0.4248035825549894,-0.06736792321231622
39,relative_position,trim_r1_to_r2,R2->R1,TSAL20250812_0830_staticAndStaticFree001,TSAL20250830_0830_interferenceAndInterferenceFree001,20250812,20250830,TSAL20250830_0830_interferenceAndInterferenceFree001,TSAL20250812_0830_staticAndStaticFree001,41,79,79,41,0.7607158166146287,0.1928133633696211,0.5680758199285388,-0.9991008575313376,0.242043872565884,0.4442557720064959,0.2022118994406119
40,relative_position,trim_r2_to_r1,R1->R2,TSAL20250813_0830_staticAndStaticFree001,TSAL20250828_0830_interferenceAndInterferenceFree001,20250813,20250828,TSAL20250813_0830_staticAndStaticFree001,TSAL20250828_0830_interferenceAndInterferenceFree001,58,80,58,80,0.6651459824564661,0.1668959049651421,0.8313714197212871,0.9959827192856462,0.4442348886347542,0.47171890415316947,0.027484015518415283
40,relative_position,trim_r2_to_r1,R2->R1,TSAL20250813_0830_staticAndStaticFree001,TSAL20250828_0830_interferenceAndInterferenceFree001,20250813,20250828,TSAL20250828_0830_interferenceAndInterferenceFree001,TSAL20250813_0830_staticAndStaticFree001,58,80,80,58,0.6651459824564661,0.1668959049651421,0.8313714197212871,0.9959827192856462,0.5201304820173397,0.4449612440898955,-0.07516923792744418
40,relative_position,trim_r1_to_r2,R1->R2,TSAL20250813_0830_staticAndStaticFree001,TSAL20250828_0830_interferenceAndInterferenceFree001,20250813,20250828,TSAL20250813_0830_staticAndStaticFree001,TSAL20250828_0830_interferenceAndInterferenceFree001,58,90,58,90,0.8688595485308579,0.2292151985642734,0.6651459824564661,-0.8887437104973178,0.4442348886347542,0.4442348886347542,0.0
40,relative_position,trim_r1_to_r2,R2->R1,TSAL20250813_0830_staticAndStaticFree001,TSAL20250828_0830_interferenceAndInterferenceFree001,20250813,20250828,TSAL20250828_0830_interferenceAndInterferenceFree001,TSAL20250813_0830_staticAndStaticFree001,58,90,90,58,0.8688595485308579,0.2292151985642734,0.6651459824564661,-0.8887437104973178,0.5201304820173397,0.5201304820173397,0.0
41,relative_position,trim_r2_to_r1,R1->R2,TSAL20250813_0830_staticAndStaticFree001,TSAL20250829_0830_interferenceAndInterferenceFree001,20250813,20250829,TSAL20250813_0830_staticAndStaticFree001,TSAL20250829_0830_interferenceAndInterferenceFree001,58,92,58,92,0.6651459824564661,0.1668959049651421,0.8274853947329665,0.972698595033872,0.4922166859111386,0.45752877591186525,-0.03468790999927335
41,relative_position,trim_r2_to_r1,R2->R1,TSAL20250813_0830_staticAndStaticFree001,TSAL20250829_0830_interferenceAndInterferenceFree001,20250813,20250829,TSAL20250829_0830_interferenceAndInterferenceFree001,TSAL20250813_0830_staticAndStaticFree001,58,92,92,58,0.6651459824564661,0.1668959049651421,0.8274853947329665,0.972698595033872,0.5052481534154207,0.43549812223721374,-0.069750031178207
41,relative_position,trim_r1_to_r2,R1->R2,TSAL20250813_0830_staticAndStaticFree001,TSAL20250829_0830_interferenceAndInterferenceFree001,20250813,20250829,TSAL20250813_0830_staticAndStaticFree001,TSAL20250829_0830_interferenceAndInterferenceFree001,58,95,58,95,0.8623892010399029,0.2723742189970717,0.6651459824564661,-0.7241625852465772,0.4922166859111386,0.4922166859111386,0.0
41,relative_position,trim_r1_to_r2,R2->R1,TSAL20250813_0830_staticAndStaticFree001,TSAL20250829_0830_interferenceAndInterferenceFree001,20250813,20250829,TSAL20250829_0830_interferenceAndInterferenceFree001,TSAL20250813_0830_staticAndStaticFree001,58,95,95,58,0.8623892010399029,0.2723742189970717,0.6651459824564661,-0.7241625852465772,0.5052481534154207,0.5052481534154207,0.0
42,relative_position,trim_r2_to_r1,R1->R2,TSAL20250813_0830_staticAndStaticFree001,TSAL20250830_0830_interferenceAndInterferenceFree001,20250813,20250830,TSAL20250813_0830_staticAndStaticFree001,TSAL20250830_0830_interferenceAndInterferenceFree001,58,79,58,79,0.6651459824564661,0.1668959049651421,0.7607158166146287,0.572631390675064,0.4482569277669474,0.4482569277669474,0.0
42,relative_position,trim_r2_to_r1,R2->R1,TSAL20250813_0830_staticAndStaticFree001,TSAL20250830_0830_interferenceAndInterferenceFree001,20250813,20250830,TSAL20250830_0830_interferenceAndInterferenceFree001,TSAL20250813_0830_staticAndStaticFree001,58,79,79,58,0.6651459824564661,0.1668959049651421,0.7607158166146287,0.572631390675064,0.212969850086503,0.21296985008650304,5.551115123125783e-17
42,relative_position,trim_r1_to_r2,R1->R2,TSAL20250813_0830_staticAndStaticFree001,TSAL20250830_0830_interferenceAndInterferenceFree001,20250813,20250830,TSAL20250813_0830_staticAndStaticFree001,TSAL20250830_0830_interferenceAndInterferenceFree001,58,79,58,79,0.7607158166146287,0.1928133633696211,0.6651459824564661,-0.4956598053577662,0.4482569277669474,0.4482569277669474,0.0
42,relative_position,trim_r1_to_r2,R2->R1,TSAL20250813_0830_staticAndStaticFree001,TSAL20250830_0830_interferenceAndInterferenceFree001,20250813,20250830,TSAL20250830_0830_interferenceAndInterferenceFree001,TSAL20250813_0830_staticAndStaticFree001,58,79,79,58,0.7607158166146287,0.1928133633696211,0.6651459824564661,-0.4956598053577662,0.212969850086503,0.21296985008650304,5.551115123125783e-17
1,relative_velocity,trim_r2_to_r1,R1->R2,TSAL20250731_0830_staticAndStaticFree,TSAL20250828_0830_interferenceAndInterferenceFree001,20250731,20250828,TSAL20250731_0830_staticAndStaticFree,TSAL20250828_0830_interferenceAndInterferenceFree001,43,54,43,54,0.5759955122674215,0.1745984551573519,0.7485182054458804,0.9881112236816628,0.1950878823640336,0.2081419836176429,0.013054101253609313
1,relative_velocity,trim_r2_to_r1,R2->R1,TSAL20250731_0830_staticAndStaticFree,TSAL20250828_0830_interferenceAndInterferenceFree001,20250731,20250828,TSAL20250828_0830_interferenceAndInterferenceFree001,TSAL20250731_0830_staticAndStaticFree,43,54,54,43,0.5759955122674215,0.1745984551573519,0.7485182054458804,0.9881112236816628,0.4261784341600825,0.3376802225758457,-0.08849821158423682
1,relative_velocity,trim_r1_to_r2,R1->R2,TSAL20250731_0830_staticAndStaticFree,TSAL20250828_0830_interferenceAndInterferenceFree001,20250731,20250828,TSAL20250731_0830_staticAndStaticFree,TSAL20250828_0830_interferenceAndInterferenceFree001,29,90,29,90,0.8688595485308579,0.2292151985642734,0.6430073912842404,-0.9853280177810158,0.1950878823640336,0.14447138167931914,-0.05061650068471446
1,relative_velocity,trim_r1_to_r2,R2->R1,TSAL20250731_0830_staticAndStaticFree,TSAL20250828_0830_interferenceAndInterferenceFree001,20250731,20250828,TSAL20250828_0830_interferenceAndInterferenceFree001,TSAL20250731_0830_staticAndStaticFree,29,90,90,29,0.8688595485308579,0.2292151985642734,0.6430073912842404,-0.9853280177810158,0.4261784341600825,0.4104195692811322,-0.015758864878950285
2,relative_velocity,trim_r2_to_r1,R1->R2,TSAL20250731_0830_staticAndStaticFree,TSAL20250829_0830_interferenceAndInterferenceFree001,20250731,20250829,TSAL20250731_0830_staticAndStaticFree,TSAL20250829_0830_interferenceAndInterferenceFree001,43,67,43,67,0.5759955122674215,0.1745984551573519,0.7503054629337076,0.998347611433298,0.1734096813232632,0.16461789946113703,-0.008791781862126175
2,relative_velocity,trim_r2_to_r1,R2->R1,TSAL20250731_0830_staticAndStaticFree,TSAL20250829_0830_interferenceAndInterferenceFree001,20250731,20250829,TSAL20250829_0830_interferenceAndInterferenceFree001,TSAL20250731_0830_staticAndStaticFree,43,67,67,43,0.5759955122674215,0.1745984551573519,0.7503054629337076,0.998347611433298,0.4315519154122282,0.38122226498872247,-0.050329650423505734
2,relative_velocity,trim_r1_to_r2,R1->R2,TSAL20250731_0830_staticAndStaticFree,TSAL20250829_0830_interferenceAndInterferenceFree001,20250731,20250829,TSAL20250731_0830_staticAndStaticFree,TSAL20250829_0830_interferenceAndInterferenceFree001,40,95,40,95,0.8623892010399029,0.2723742189970717,0.5906564465520266,-0.9976449147369472,0.1734096813232632,0.1859044287272984,0.012494747404035195
2,relative_velocity,trim_r1_to_r2,R2->R1,TSAL20250731_0830_staticAndStaticFree,TSAL20250829_0830_interferenceAndInterferenceFree001,20250731,20250829,TSAL20250829_0830_interferenceAndInterferenceFree001,TSAL20250731_0830_staticAndStaticFree,40,95,95,40,0.8623892010399029,0.2723742189970717,0.5906564465520266,-0.9976449147369472,0.4315519154122282,0.3548184836527747,-0.07673343175945352
3,relative_velocity,trim_r2_to_r1,R1->R2,TSAL20250731_0830_staticAndStaticFree,TSAL20250830_0830_interferenceAndInterferenceFree001,20250731,20250830,TSAL20250731_0830_staticAndStaticFree,TSAL20250830_0830_interferenceAndInterferenceFree001,43,77,43,77,0.5759955122674215,0.1745984551573519,0.7460769185030802,0.9741289296195528,0.1022400743032152,0.10697520759971345,0.004735133296498245
3,relative_velocity,trim_r2_to_r1,R2->R1,TSAL20250731_0830_staticAndStaticFree,TSAL20250830_0830_interferenceAndInterferenceFree001,20250731,20250830,TSAL20250830_0830_interferenceAndInterferenceFree001,TSAL20250731_0830_staticAndStaticFree,43,77,77,43,0.5759955122674215,0.1745984551573519,0.7460769185030802,0.9741289296195528,0.2059267487618199,0.23734106616672335,0.03141431740490344
3,relative_velocity,trim_r1_to_r2,R1->R2,TSAL20250731_0830_staticAndStaticFree,TSAL20250830_0830_interferenceAndInterferenceFree001,20250731,20250830,TSAL20250731_0830_staticAndStaticFree,TSAL20250830_0830_interferenceAndInterferenceFree001,43,79,43,79,0.7607158166146287,0.1928133633696211,0.5759955122674215,-0.9580264620616588,0.1022400743032152,0.10224007430321529,8.326672684688674e-17
3,relative_velocity,trim_r1_to_r2,R2->R1,TSAL20250731_0830_staticAndStaticFree,TSAL20250830_0830_interferenceAndInterferenceFree001,20250731,20250830,TSAL20250830_0830_interferenceAndInterferenceFree001,TSAL20250731_0830_staticAndStaticFree,43,79,79,43,0.7607158166146287,0.1928133633696211,0.5759955122674215,-0.9580264620616588,0.2059267487618199,0.20592674876181993,2.7755575615628914e-17
4,relative_velocity,trim_r2_to_r1,R1->R2,TSAL20250801_0830_staticAndStaticFree,TSAL20250828_0830_interferenceAndInterferenceFree001,20250801,20250828,TSAL20250801_0830_staticAndStaticFree,TSAL20250828_0830_interferenceAndInterferenceFree001,91,25,91,25,0.4763180550971735,0.1020649689390335,0.5757818531519279,0.9745145576262024,0.1468643892900432,0.28640423662783177,0.13953984733778857
4,relative_velocity,trim_r2_to_r1,R2->R1,TSAL20250801_0830_staticAndStaticFree,TSAL20250828_0830_interferenceAndInterferenceFree001,20250801,20250828,TSAL20250828_0830_interferenceAndInterferenceFree001,TSAL20250801_0830_staticAndStaticFree,91,25,25,91,0.4763180550971735,0.1020649689390335,0.5757818531519279,0.9745145576262024,0.3572729442971471,0.2765764808563554,-0.08069646344079173
4,relative_velocity,trim_r1_to_r2,R1->R2,TSAL20250801_0830_staticAndStaticFree,TSAL20250828_0830_interferenceAndInterferenceFree001,20250801,20250828,TSAL20250801_0830_staticAndStaticFree,TSAL20250828_0830_interferenceAndInterferenceFree001,22,90,22,90,0.8688595485308579,0.2292151985642734,0.6435925862878025,-0.9827749802545886,0.1468643892900432,0.07521371944953811,-0.07165066984050508
4,relative_velocity,trim_r1_to_r2,R2->R1,TSAL20250801_0830_staticAndStaticFree,TSAL20250828_0830_interferenceAndInterferenceFree001,20250801,20250828,TSAL20250828_0830_interferenceAndInterferenceFree001,TSAL20250801_0830_staticAndStaticFree,22,90,90,22,0.8688595485308579,0.2292151985642734,0.6435925862878025,-0.9827749802545886,0.3572729442971471,0.16926099830087896,-0.18801194599626816
5,relative_velocity,trim_r2_to_r1,R1->R2,TSAL20250801_0830_staticAndStaticFree,TSAL20250829_0830_interferenceAndInterferenceFree001,20250801,20250829,TSAL20250801_0830_staticAndStaticFree,TSAL20250829_0830_interferenceAndInterferenceFree001,91,32,91,32,0.4763180550971735,0.1020649689390335,0.5754127494349223,0.9708981971761632,0.2325846250763474,0.3474412517754475,0.1148566266991001
5,relative_velocity,trim_r2_to_r1,R2->R1,TSAL20250801_0830_staticAndStaticFree,TSAL20250829_0830_interferenceAndInterferenceFree001,20250801,20250829,TSAL20250829_0830_interferenceAndInterferenceFree001,TSAL20250801_0830_staticAndStaticFree,91,32,32,91,0.4763180550971735,0.1020649689390335,0.5754127494349223,0.9708981971761632,0.3770099364658514,0.2178362939530237,-0.1591736425128277
5,relative_velocity,trim_r1_to_r2,R1->R2,TSAL20250801_0830_staticAndStaticFree,TSAL20250829_0830_interferenceAndInterferenceFree001,20250801,20250829,TSAL20250801_0830_staticAndStaticFree,TSAL20250829_0830_interferenceAndInterferenceFree001,36,95,36,95,0.8623892010399029,0.2723742189970717,0.592010223431343,-0.9926746319976292,0.2325846250763474,0.17777760773775023,-0.054807017338597164
5,relative_velocity,trim_r1_to_r2,R2->R1,TSAL20250801_0830_staticAndStaticFree,TSAL20250829_0830_interferenceAndInterferenceFree001,20250801,20250829,TSAL20250829_0830_interferenceAndInterferenceFree001,TSAL20250801_0830_staticAndStaticFree,36,95,95,36,0.8623892010399029,0.2723742189970717,0.592010223431343,-0.9926746319976292,0.3770099364658514,0.24977197606814686,-0.12723796039770455
6,relative_velocity,trim_r2_to_r1,R1->R2,TSAL20250801_0830_staticAndStaticFree,TSAL20250830_0830_interferenceAndInterferenceFree001,20250801,20250830,TSAL20250801_0830_staticAndStaticFree,TSAL20250830_0830_interferenceAndInterferenceFree001,91,35,91,35,0.4763180550971735,0.1020649689390335,0.5771366874363097,0.987788791660322,0.3122486630252957,0.4289285153959933,0.11667985237069761
6,relative_velocity,trim_r2_to_r1,R2->R1,TSAL20250801_0830_staticAndStaticFree,TSAL20250830_0830_interferenceAndInterferenceFree001,20250801,20250830,TSAL20250830_0830_interferenceAndInterferenceFree001,TSAL20250801_0830_staticAndStaticFree,91,35,35,91,0.4763180550971735,0.1020649689390335,0.5771366874363097,0.987788791660322,0.3664025769214758,0.31330149120556205,-0.053101085715913765
6,relative_velocity,trim_r1_to_r2,R1->R2,TSAL20250801_0830_staticAndStaticFree,TSAL20250830_0830_interferenceAndInterferenceFree001,20250801,20250830,TSAL20250801_0830_staticAndStaticFree,TSAL20250830_0830_interferenceAndInterferenceFree001,44,79,44,79,0.7607158166146287,0.1928133633696211,0.5691438739391887,-0.9935615422474562,0.3122486630252957,0.13095979454882548,-0.18128886847647022
6,relative_velocity,trim_r1_to_r2,R2->R1,TSAL20250801_0830_staticAndStaticFree,TSAL20250830_0830_interferenceAndInterferenceFree001,20250801,20250830,TSAL20250830_0830_interferenceAndInterferenceFree001,TSAL20250801_0830_staticAndStaticFree,44,79,79,44,0.7607158166146287,0.1928133633696211,0.5691438739391887,-0.9935615422474562,0.3664025769214758,0.31026984523060286,-0.05613273169087296
7,relative_velocity,trim_r2_to_r1,R1->R2,TSAL20250802_0830_staticAndStaticFree001,TSAL20250828_0830_interferenceAndInterferenceFree001,20250802,20250828,TSAL20250802_0830_staticAndStaticFree001,TSAL20250828_0830_interferenceAndInterferenceFree001,75,49,75,49,0.6077533228298377,0.121740863948737,0.7273187204093728,0.9821303521378164,0.2377317964945426,0.2841594922089523,0.04642769571440972
7,relative_velocity,trim_r2_to_r1,R2->R1,TSAL20250802_0830_staticAndStaticFree001,TSAL20250828_0830_interferenceAndInterferenceFree001,20250802,20250828,TSAL20250828_0830_interferenceAndInterferenceFree001,TSAL20250802_0830_staticAndStaticFree001,75,49,49,75,0.6077533228298377,0.121740863948737,0.7273187204093728,0.9821303521378164,0.3380877697278736,0.3760237888810299,0.03793601915315631
7,relative_velocity,trim_r1_to_r2,R1->R2,TSAL20250802_0830_staticAndStaticFree001,TSAL20250828_0830_interferenceAndInterferenceFree001,20250802,20250828,TSAL20250802_0830_staticAndStaticFree001,TSAL20250828_0830_interferenceAndInterferenceFree001,60,90,60,90,0.8688595485308579,0.2292151985642734,0.6401194624658479,-0.9979272207853608,0.2377317964945426,0.18209047829873698,-0.05564131819580562
7,relative_velocity,trim_r1_to_r2,R2->R1,TSAL20250802_0830_staticAndStaticFree001,TSAL20250828_0830_interferenceAndInterferenceFree001,20250802,20250828,TSAL20250828_0830_interferenceAndInterferenceFree001,TSAL20250802_0830_staticAndStaticFree001,60,90,90,60,0.8688595485308579,0.2292151985642734,0.6401194624658479,-0.9979272207853608,0.3380877697278736,0.35501927490783647,0.01693150517996289
8,relative_velocity,trim_r2_to_r1,R1->R2,TSAL20250802_0830_staticAndStaticFree001,TSAL20250829_0830_interferenceAndInterferenceFree001,20250802,20250829,TSAL20250802_0830_staticAndStaticFree001,TSAL20250829_0830_interferenceAndInterferenceFree001,75,61,75,61,0.6077533228298377,0.121740863948737,0.726947882782056,0.979084229288935,0.3107304127148234,0.3046758336378973,-0.006054579076926081
8,relative_velocity,trim_r2_to_r1,R2->R1,TSAL20250802_0830_staticAndStaticFree001,TSAL20250829_0830_interferenceAndInterferenceFree001,20250802,20250829,TSAL20250829_0830_interferenceAndInterferenceFree001,TSAL20250802_0830_staticAndStaticFree001,75,61,61,75,0.6077533228298377,0.121740863948737,0.726947882782056,0.979084229288935,0.3665810883938283,0.37524258478930095,0.008661496395472645
8,relative_velocity,trim_r1_to_r2,R1->R2,TSAL20250802_0830_staticAndStaticFree001,TSAL20250829_0830_interferenceAndInterferenceFree001,20250802,20250829,TSAL20250802_0830_staticAndStaticFree001,TSAL20250829_0830_interferenceAndInterferenceFree001,75,95,75,95,0.8623892010399029,0.2723742189970717,0.6077533228298377,-0.9348751109693048,0.3107304127148234,0.31073041271482343,5.551115123125783e-17
8,relative_velocity,trim_r1_to_r2,R2->R1,TSAL20250802_0830_staticAndStaticFree001,TSAL20250829_0830_interferenceAndInterferenceFree001,20250802,20250829,TSAL20250829_0830_interferenceAndInterferenceFree001,TSAL20250802_0830_staticAndStaticFree001,75,95,95,75,0.8623892010399029,0.2723742189970717,0.6077533228298377,-0.9348751109693048,0.3665810883938283,0.36658108839382836,5.551115123125783e-17
9,relative_velocity,trim_r2_to_r1,R1->R2,TSAL20250802_0830_staticAndStaticFree001,TSAL20250830_0830_interferenceAndInterferenceFree001,20250802,20250830,TSAL20250802_0830_staticAndStaticFree001,TSAL20250830_0830_interferenceAndInterferenceFree001,75,73,75,73,0.6077533228298377,0.121740863948737,0.72523164525366,0.9649867646190712,0.3142210784094174,0.2170720152226369,-0.09714906318678049
9,relative_velocity,trim_r2_to_r1,R2->R1,TSAL20250802_0830_staticAndStaticFree001,TSAL20250830_0830_interferenceAndInterferenceFree001,20250802,20250830,TSAL20250830_0830_interferenceAndInterferenceFree001,TSAL20250802_0830_staticAndStaticFree001,75,73,73,75,0.6077533228298377,0.121740863948737,0.72523164525366,0.9649867646190712,0.2712470479193732,0.2874030191402278,0.016155971220854604
9,relative_velocity,trim_r1_to_r2,R1->R2,TSAL20250802_0830_staticAndStaticFree001,TSAL20250830_0830_interferenceAndInterferenceFree001,20250802,20250830,TSAL20250802_0830_staticAndStaticFree001,TSAL20250830_0830_interferenceAndInterferenceFree001,75,79,75,79,0.7607158166146287,0.1928133633696211,0.6077533228298377,-0.793318943830483,0.3142210784094174,0.31422107840941743,5.551115123125783e-17
9,relative_velocity,trim_r1_to_r2,R2->R1,TSAL20250802_0830_staticAndStaticFree001,TSAL20250830_0830_interferenceAndInterferenceFree001,20250802,20250830,TSAL20250830_0830_interferenceAndInterferenceFree001,TSAL20250802_0830_staticAndStaticFree001,75,79,79,75,0.7607158166146287,0.1928133633696211,0.6077533228298377,-0.793318943830483,0.2712470479193732,0.2712470479193732,0.0
10,relative_velocity,trim_r2_to_r1,R1->R2,TSAL20250803_1400_staticAndStaticFree001,TSAL20250828_0830_interferenceAndInterferenceFree001,20250803,20250828,TSAL20250803_1400_staticAndStaticFree001,TSAL20250828_0830_interferenceAndInterferenceFree001,75,32,75,32,0.5198903125972558,0.1103656915924912,0.6275878563774792,0.9758244815597258,0.1571293034360958,0.2532080525311562,0.0960787490950604
10,relative_velocity,trim_r2_to_r1,R2->R1,TSAL20250803_1400_staticAndStaticFree001,TSAL20250828_0830_interferenceAndInterferenceFree001,20250803,20250828,TSAL20250828_0830_interferenceAndInterferenceFree001,TSAL20250803_1400_staticAndStaticFree001,75,32,32,75,0.5198903125972558,0.1103656915924912,0.6275878563774792,0.9758244815597258,0.3181704928960826,0.3319415414642306,0.013771048568147981
10,relative_velocity,trim_r1_to_r2,R1->R2,TSAL20250803_1400_staticAndStaticFree001,TSAL20250828_0830_interferenceAndInterferenceFree001,20250803,20250828,TSAL20250803_1400_staticAndStaticFree001,TSAL20250828_0830_interferenceAndInterferenceFree001,26,90,26,90,0.8688595485308579,0.2292151985642734,0.6423997942272334,-0.9879787890248636,0.1571293034360958,0.09352324607739997,-0.06360605735869583
10,relative_velocity,trim_r1_to_r2,R2->R1,TSAL20250803_1400_staticAndStaticFree001,TSAL20250828_0830_interferenceAndInterferenceFree001,20250803,20250828,TSAL20250828_0830_interferenceAndInterferenceFree001,TSAL20250803_1400_staticAndStaticFree001,26,90,90,26,0.8688595485308579,0.2292151985642734,0.6423997942272334,-0.9879787890248636,0.3181704928960826,0.34133335826120487,0.023162865365122243
11,relative_velocity,trim_r2_to_r1,R1->R2,TSAL20250803_1400_staticAndStaticFree001,TSAL20250829_0830_interferenceAndInterferenceFree001,20250803,20250829,TSAL20250803_1400_staticAndStaticFree001,TSAL20250829_0830_interferenceAndInterferenceFree001,75,43,75,43,0.5198903125972558,0.1103656915924912,0.6288024117800991,0.9868293091025504,0.3219245526485051,0.19634596286017125,-0.12557858978833386
11,relative_velocity,trim_r2_to_r1,R2->R1,TSAL20250803_1400_staticAndStaticFree001,TSAL20250829_0830_interferenceAndInterferenceFree001,20250803,20250829,TSAL20250829_0830_interferenceAndInterferenceFree001,TSAL20250803_1400_staticAndStaticFree001,75,43,43,75,0.5198903125972558,0.1103656915924912,0.6288024117800991,0.9868293091025504,0.348160232698844,0.3350460827585163,-0.013114149940327724
11,relative_velocity,trim_r1_to_r2,R1->R2,TSAL20250803_1400_staticAndStaticFree001,TSAL20250829_0830_interferenceAndInterferenceFree001,20250803,20250829,TSAL20250803_1400_staticAndStaticFree001,TSAL20250829_0830_interferenceAndInterferenceFree001,43,95,43,95,0.8623892010399029,0.2723742189970717,0.5916741700460931,-0.9939084249259296,0.3219245526485051,0.19750188410395894,-0.12442266854454617
11,relative_velocity,trim_r1_to_r2,R2->R1,TSAL20250803_1400_staticAndStaticFree001,TSAL20250829_0830_interferenceAndInterferenceFree001,20250803,20250829,TSAL20250829_0830_interferenceAndInterferenceFree001,TSAL20250803_1400_staticAndStaticFree001,43,95,95,43,0.8623892010399029,0.2723742189970717,0.5916741700460931,-0.9939084249259296,0.348160232698844,0.29313515524467476,-0.055025077454169236
12,relative_velocity,trim_r2_to_r1,R1->R2,TSAL20250803_1400_staticAndStaticFree001,TSAL20250830_0830_interferenceAndInterferenceFree001,20250803,20250830,TSAL20250803_1400_staticAndStaticFree001,TSAL20250830_0830_interferenceAndInterferenceFree001,75,52,75,52,0.5198903125972558,0.1103656915924912,0.6288401796291824,0.9871715155304568,0.0981088837242027,0.1273580466573377,0.02924916293313498
12,relative_velocity,trim_r2_to_r1,R2->R1,TSAL20250803_1400_staticAndStaticFree001,TSAL20250830_0830_interferenceAndInterferenceFree001,20250803,20250830,TSAL20250830_0830_interferenceAndInterferenceFree001,TSAL20250803_1400_staticAndStaticFree001,75,52,52,75,0.5198903125972558,0.1103656915924912,0.6288401796291824,0.9871715155304568,0.2311198155945074,0.19514537731765005,-0.03597443827685734
12,relative_velocity,trim_r1_to_r2,R1->R2,TSAL20250803_1400_staticAndStaticFree001,TSAL20250830_0830_interferenceAndInterferenceFree001,20250803,20250830,TSAL20250803_1400_staticAndStaticFree001,TSAL20250830_0830_interferenceAndInterferenceFree001,52,79,52,79,0.7607158166146287,0.1928133633696211,0.5689553328934115,-0.9945393844596468,0.0981088837242027,0.10937667265551021,0.011267788931307504
12,relative_velocity,trim_r1_to_r2,R2->R1,TSAL20250803_1400_staticAndStaticFree001,TSAL20250830_0830_interferenceAndInterferenceFree001,20250803,20250830,TSAL20250830_0830_interferenceAndInterferenceFree001,TSAL20250803_1400_staticAndStaticFree001,52,79,79,52,0.7607158166146287,0.1928133633696211,0.5689553328934115,-0.9945393844596468,0.2311198155945074,0.2688888451824503,0.037769029587942926
13,relative_velocity,trim_r2_to_r1,R1->R2,TSAL20250804_0830_staticAndStaticFree001,TSAL20250828_0830_interferenceAndInterferenceFree001,20250804,20250828,TSAL20250804_0830_staticAndStaticFree001,TSAL20250828_0830_interferenceAndInterferenceFree001,70,41,70,41,0.5705521891726922,0.1191069450858308,0.6850235372621192,0.9610803803836678,0.1981015159699997,0.22351411230287827,0.025412596332878568
13,relative_velocity,trim_r2_to_r1,R2->R1,TSAL20250804_0830_staticAndStaticFree001,TSAL20250828_0830_interferenceAndInterferenceFree001,20250804,20250828,TSAL20250828_0830_interferenceAndInterferenceFree001,TSAL20250804_0830_staticAndStaticFree001,70,41,41,70,0.5705521891726922,0.1191069450858308,0.6850235372621192,0.9610803803836678,0.2877945978730636,0.2367816104935532,-0.051012987379510405
13,relative_velocity,trim_r1_to_r2,R1->R2,TSAL20250804_0830_staticAndStaticFree001,TSAL20250828_0830_interferenceAndInterferenceFree001,20250804,20250828,TSAL20250804_0830_staticAndStaticFree001,TSAL20250828_0830_interferenceAndInterferenceFree001,42,90,42,90,0.8688595485308579,0.2292151985642734,0.6424707885751187,-0.9876690610996212,0.1981015159699997,0.0871682911657154,-0.1109332248042843
13,relative_velocity,trim_r1_to_r2,R2->R1,TSAL20250804_0830_staticAndStaticFree001,TSAL20250828_0830_interferenceAndInterferenceFree001,20250804,20250828,TSAL20250828_0830_interferenceAndInterferenceFree001,TSAL20250804_0830_staticAndStaticFree001,42,90,90,42,0.8688595485308579,0.2292151985642734,0.6424707885751187,-0.9876690610996212,0.2877945978730636,0.26610021562536756,-0.021694382247696042
14,relative_velocity,trim_r2_to_r1,R1->R2,TSAL20250804_0830_staticAndStaticFree001,TSAL20250829_0830_interferenceAndInterferenceFree001,20250804,20250829,TSAL20250804_0830_staticAndStaticFree001,TSAL20250829_0830_interferenceAndInterferenceFree001,70,53,70,53,0.5705521891726922,0.1191069450858308,0.6883203731448867,0.9887600079687072,0.3129456884871392,0.22791474871111203,-0.08503093977602719
14,relative_velocity,trim_r2_to_r1,R2->R1,TSAL20250804_0830_staticAndStaticFree001,TSAL20250829_0830_interferenceAndInterferenceFree001,20250804,20250829,TSAL20250829_0830_interferenceAndInterferenceFree001,TSAL20250804_0830_staticAndStaticFree001,70,53,53,70,0.5705521891726922,0.1191069450858308,0.6883203731448867,0.9887600079687072,0.3291079032896824,0.16947292185881074,-0.15963498143087168
14,relative_velocity,trim_r1_to_r2,R1->R2,TSAL20250804_0830_staticAndStaticFree001,TSAL20250829_0830_interferenceAndInterferenceFree001,20250804,20250829,TSAL20250804_0830_staticAndStaticFree001,TSAL20250829_0830_interferenceAndInterferenceFree001,62,95,62,95,0.8623892010399029,0.2723742189970717,0.5908659932193189,-0.9968755810310488,0.3129456884871392,0.3061141044353164,-0.0068315840518228255
14,relative_velocity,trim_r1_to_r2,R2->R1,TSAL20250804_0830_staticAndStaticFree001,TSAL20250829_0830_interferenceAndInterferenceFree001,20250804,20250829,TSAL20250829_0830_interferenceAndInterferenceFree001,TSAL20250804_0830_staticAndStaticFree001,62,95,95,62,0.8623892010399029,0.2723742189970717,0.5908659932193189,-0.9968755810310488,0.3291079032896824,0.1970913686246706,-0.13201653466501181
15,relative_velocity,trim_r2_to_r1,R1->R2,TSAL20250804_0830_staticAndStaticFree001,TSAL20250830_0830_interferenceAndInterferenceFree001,20250804,20250830,TSAL20250804_0830_staticAndStaticFree001,TSAL20250830_0830_interferenceAndInterferenceFree001,70,65,70,65,0.5705521891726922,0.1191069450858308,0.6871077489055665,0.9785790379300048,0.2263027471614085,0.13034048237332552,-0.09596226478808298
15,relative_velocity,trim_r2_to_r1,R2->R1,TSAL20250804_0830_staticAndStaticFree001,TSAL20250830_0830_interferenceAndInterferenceFree001,20250804,20250830,TSAL20250830_0830_interferenceAndInterferenceFree001,TSAL20250804_0830_staticAndStaticFree001,70,65,65,70,0.5705521891726922,0.1191069450858308,0.6871077489055665,0.9785790379300048,0.2869755282504009,0.28894289506619286,0.00196736681579196
15,relative_velocity,trim_r1_to_r2,R1->R2,TSAL20250804_0830_staticAndStaticFree001,TSAL20250830_0830_interferenceAndInterferenceFree001,20250804,20250830,TSAL20250804_0830_staticAndStaticFree001,TSAL20250830_0830_interferenceAndInterferenceFree001,70,79,70,79,0.7607158166146287,0.1928133633696211,0.5705521891726922,-0.9862575089123612,0.2263027471614085,0.2263027471614085,0.0
15,relative_velocity,trim_r1_to_r2,R2->R1,TSAL20250804_0830_staticAndStaticFree001,TSAL20250830_0830_interferenceAndInterferenceFree001,20250804,20250830,TSAL20250830_0830_interferenceAndInterferenceFree001,TSAL20250804_0830_staticAndStaticFree001,70,79,79,70,0.7607158166146287,0.1928133633696211,0.5705521891726922,-0.9862575089123612,0.2869755282504009,0.28697552825040096,5.551115123125783e-17
16,relative_velocity,trim_r2_to_r1,R1->R2,TSAL20250805_0830_staticAndStaticFree001,TSAL20250828_0830_interferenceAndInterferenceFree001,20250805,20250828,TSAL20250805_0830_staticAndStaticFree001,TSAL20250828_0830_interferenceAndInterferenceFree001,78,70,78,70,0.6305229829874469,0.1729832889514481,0.8021921714254303,0.9924033094674618,0.1908349165760325,0.16583816647145358,-0.024996750104578913
16,relative_velocity,trim_r2_to_r1,R2->R1,TSAL20250805_0830_staticAndStaticFree001,TSAL20250828_0830_interferenceAndInterferenceFree001,20250805,20250828,TSAL20250828_0830_interferenceAndInterferenceFree001,TSAL20250805_0830_staticAndStaticFree001,78,70,70,78,0.6305229829874469,0.1729832889514481,0.8021921714254303,0.9924033094674618,0.3632686135050388,0.35591441410770497,-0.007354199397333838
16,relative_velocity,trim_r1_to_r2,R1->R2,TSAL20250805_0830_staticAndStaticFree001,TSAL20250828_0830_interferenceAndInterferenceFree001,20250805,20250828,TSAL20250805_0830_staticAndStaticFree001,TSAL20250828_0830_interferenceAndInterferenceFree001,75,90,75,90,0.8688595485308579,0.2292151985642734,0.6404068684317205,-0.9966733512004784,0.1908349165760325,0.19549112054567166,0.004656203969639172
16,relative_velocity,trim_r1_to_r2,R2->R1,TSAL20250805_0830_staticAndStaticFree001,TSAL20250828_0830_interferenceAndInterferenceFree001,20250805,20250828,TSAL20250828_0830_interferenceAndInterferenceFree001,TSAL20250805_0830_staticAndStaticFree001,75,90,90,75,0.8688595485308579,0.2292151985642734,0.6404068684317205,-0.9966733512004784,0.3632686135050388,0.3140935592020766,-0.04917505430296221
17,relative_velocity,trim_r2_to_r1,R1->R2,TSAL20250805_0830_staticAndStaticFree001,TSAL20250829_0830_interferenceAndInterferenceFree001,20250805,20250829,TSAL20250805_0830_staticAndStaticFree001,TSAL20250829_0830_interferenceAndInterferenceFree001,78,84,78,84,0.6305229829874469,0.1729832889514481,0.8015695640713117,0.9888040753570888,0.2110220627580658,0.16543524139240595,-0.045586821365659835
17,relative_velocity,trim_r2_to_r1,R2->R1,TSAL20250805_0830_staticAndStaticFree001,TSAL20250829_0830_interferenceAndInterferenceFree001,20250805,20250829,TSAL20250829_0830_interferenceAndInterferenceFree001,TSAL20250805_0830_staticAndStaticFree001,78,84,84,78,0.6305229829874469,0.1729832889514481,0.8015695640713117,0.9888040753570888,0.344783629721334,0.35209580474476865,0.007312175023434675
17,relative_velocity,trim_r1_to_r2,R1->R2,TSAL20250805_0830_staticAndStaticFree001,TSAL20250829_0830_interferenceAndInterferenceFree001,20250805,20250829,TSAL20250805_0830_staticAndStaticFree001,TSAL20250829_0830_interferenceAndInterferenceFree001,78,95,78,95,0.8623892010399029,0.2723742189970717,0.6305229829874469,-0.8512781382402008,0.2110220627580658,0.21102206275806581,2.7755575615628914e-17
17,relative_velocity,trim_r1_to_r2,R2->R1,TSAL20250805_0830_staticAndStaticFree001,TSAL20250829_0830_interferenceAndInterferenceFree001,20250805,20250829,TSAL20250829_0830_interferenceAndInterferenceFree001,TSAL20250805_0830_staticAndStaticFree001,78,95,95,78,0.8623892010399029,0.2723742189970717,0.6305229829874469,-0.8512781382402008,0.344783629721334,0.344783629721334,0.0
18,relative_velocity,trim_r2_to_r1,R1->R2,TSAL20250805_0830_staticAndStaticFree001,TSAL20250830_0830_interferenceAndInterferenceFree001,20250805,20250830,TSAL20250805_0830_staticAndStaticFree001,TSAL20250830_0830_interferenceAndInterferenceFree001,78,79,78,79,0.6305229829874469,0.1729832889514481,0.7607158166146287,0.7526324329728954,0.11798453872143,0.11798453872143,0.0
18,relative_velocity,trim_r2_to_r1,R2->R1,TSAL20250805_0830_staticAndStaticFree001,TSAL20250830_0830_interferenceAndInterferenceFree001,20250805,20250830,TSAL20250830_0830_interferenceAndInterferenceFree001,TSAL20250805_0830_staticAndStaticFree001,78,79,79,78,0.6305229829874469,0.1729832889514481,0.7607158166146287,0.7526324329728954,0.3608204364742952,0.3608204364742952,0.0
18,relative_velocity,trim_r1_to_r2,R1->R2,TSAL20250805_0830_staticAndStaticFree001,TSAL20250830_0830_interferenceAndInterferenceFree001,20250805,20250830,TSAL20250805_0830_staticAndStaticFree001,TSAL20250830_0830_interferenceAndInterferenceFree001,78,79,78,79,0.7607158166146287,0.1928133633696211,0.6305229829874469,-0.6752272319299962,0.11798453872143,0.11798453872143,0.0
18,relative_velocity,trim_r1_to_r2,R2->R1,TSAL20250805_0830_staticAndStaticFree001,TSAL20250830_0830_interferenceAndInterferenceFree001,20250805,20250830,TSAL20250830_0830_interferenceAndInterferenceFree001,TSAL20250805_0830_staticAndStaticFree001,78,79,79,78,0.7607158166146287,0.1928133633696211,0.6305229829874469,-0.6752272319299962,0.3608204364742952,0.3608204364742952,0.0
19,relative_velocity,trim_r2_to_r1,R1->R2,TSAL20250806_0830_staticAndStaticFree001,TSAL20250828_0830_interferenceAndInterferenceFree001,20250806,20250828,TSAL20250806_0830_staticAndStaticFree001,TSAL20250828_0830_interferenceAndInterferenceFree001,100,46,100,46,0.583121467462783,0.1319137606864828,0.7137721863030022,0.9904252457083264,0.2776831228312322,0.2383055471682225,-0.0393775756630097
19,relative_velocity,trim_r2_to_r1,R2->R1,TSAL20250806_0830_staticAndStaticFree001,TSAL20250828_0830_interferenceAndInterferenceFree001,20250806,20250828,TSAL20250828_0830_interferenceAndInterferenceFree001,TSAL20250806_0830_staticAndStaticFree001,100,46,46,100,0.583121467462783,0.1319137606864828,0.7137721863030022,0.9904252457083264,0.4135554838552554,0.3583949041976382,-0.055160579657617226
19,relative_velocity,trim_r1_to_r2,R1->R2,TSAL20250806_0830_staticAndStaticFree001,TSAL20250828_0830_interferenceAndInterferenceFree001,20250806,20250828,TSAL20250806_0830_staticAndStaticFree001,TSAL20250828_0830_interferenceAndInterferenceFree001,65,90,65,90,0.8688595485308579,0.2292151985642734,0.6406760252710708,-0.9954990973070356,0.2776831228312322,0.2534955483925733,-0.024187574438658876
19,relative_velocity,trim_r1_to_r2,R2->R1,TSAL20250806_0830_staticAndStaticFree001,TSAL20250828_0830_interferenceAndInterferenceFree001,20250806,20250828,TSAL20250828_0830_interferenceAndInterferenceFree001,TSAL20250806_0830_staticAndStaticFree001,65,90,90,65,0.8688595485308579,0.2292151985642734,0.6406760252710708,-0.9954990973070356,0.4135554838552554,0.36759407327567467,-0.04596141057958075
20,relative_velocity,trim_r2_to_r1,R1->R2,TSAL20250806_0830_staticAndStaticFree001,TSAL20250829_0830_interferenceAndInterferenceFree001,20250806,20250829,TSAL20250806_0830_staticAndStaticFree001,TSAL20250829_0830_interferenceAndInterferenceFree001,100,58,100,58,0.583121467462783,0.1319137606864828,0.7133618688311901,0.9873147478370145,0.3248839278835953,0.3117728150950882,-0.013111112788507129
20,relative_velocity,trim_r2_to_r1,R2->R1,TSAL20250806_0830_staticAndStaticFree001,TSAL20250829_0830_interferenceAndInterferenceFree001,20250806,20250829,TSAL20250829_0830_interferenceAndInterferenceFree001,TSAL20250806_0830_staticAndStaticFree001,100,58,58,100,0.583121467462783,0.1319137606864828,0.7133618688311901,0.9873147478370145,0.4234292307475005,0.31119339913728133,-0.11223583161021916
20,relative_velocity,trim_r1_to_r2,R1->R2,TSAL20250806_0830_staticAndStaticFree001,TSAL20250829_0830_interferenceAndInterferenceFree001,20250806,20250829,TSAL20250806_0830_staticAndStaticFree001,TSAL20250829_0830_interferenceAndInterferenceFree001,96,95,96,95,0.8623892010399029,0.2723742189970717,0.5905493489390495,-0.9980381149941944,0.3248839278835953,0.3260517376813063,0.0011678097977109725
20,relative_velocity,trim_r1_to_r2,R2->R1,TSAL20250806_0830_staticAndStaticFree001,TSAL20250829_0830_interferenceAndInterferenceFree001,20250806,20250829,TSAL20250829_0830_interferenceAndInterferenceFree001,TSAL20250806_0830_staticAndStaticFree001,96,95,95,96,0.8623892010399029,0.2723742189970717,0.5905493489390495,-0.9980381149941944,0.4234292307475005,0.41889555170640147,-0.004533679041099026
21,relative_velocity,trim_r2_to_r1,R1->R2,TSAL20250806_0830_staticAndStaticFree001,TSAL20250830_0830_interferenceAndInterferenceFree001,20250806,20250830,TSAL20250806_0830_staticAndStaticFree001,TSAL20250830_0830_interferenceAndInterferenceFree001,100,70,100,70,0.583121467462783,0.1319137606864828,0.7107760860815596,0.9677126779985532,0.1833964274417713,0.25148749796524694,0.06809107052347566
21,relative_velocity,trim_r2_to_r1,R2->R1,TSAL20250806_0830_staticAndStaticFree001,TSAL20250830_0830_interferenceAndInterferenceFree001,20250806,20250830,TSAL20250830_0830_interferenceAndInterferenceFree001,TSAL20250806_0830_staticAndStaticFree001,100,70,70,100,0.583121467462783,0.1319137606864828,0.7107760860815596,0.9677126779985532,0.238730671990319,0.39785433401099424,0.15912366202067524
21,relative_velocity,trim_r1_to_r2,R1->R2,TSAL20250806_0830_staticAndStaticFree001,TSAL20250830_0830_interferenceAndInterferenceFree001,20250806,20250830,TSAL20250806_0830_staticAndStaticFree001,TSAL20250830_0830_interferenceAndInterferenceFree001,100,79,100,79,0.7607158166146287,0.1928133633696211,0.583121467462783,-0.9210686751591964,0.1833964274417713,0.18339642744177134,5.551115123125783e-17
21,relative_velocity,trim_r1_to_r2,R2->R1,TSAL20250806_0830_staticAndStaticFree001,TSAL20250830_0830_interferenceAndInterferenceFree001,20250806,20250830,TSAL20250830_0830_interferenceAndInterferenceFree001,TSAL20250806_0830_staticAndStaticFree001,100,79,79,100,0.7607158166146287,0.1928133633696211,0.583121467462783,-0.9210686751591964,0.238730671990319,0.23873067199031903,2.7755575615628914e-17
22,relative_velocity,trim_r2_to_r1,R1->R2,TSAL20250807_0830_staticAndStaticFree001,TSAL20250828_0830_interferenceAndInterferenceFree001,20250807,20250828,TSAL20250807_0830_staticAndStaticFree001,TSAL20250828_0830_interferenceAndInterferenceFree001,96,41,96,41,0.5640571957575141,0.127232447875474,0.6850235372621192,0.950750720625907,0.3091186776035666,0.24313554327845516,-0.06598313432511144
22,relative_velocity,trim_r2_to_r1,R2->R1,TSAL20250807_0830_staticAndStaticFree001,TSAL20250828_0830_interferenceAndInterferenceFree001,20250807,20250828,TSAL20250828_0830_interferenceAndInterferenceFree001,TSAL20250807_0830_staticAndStaticFree001,96,41,41,96,0.5640571957575141,0.127232447875474,0.6850235372621192,0.950750720625907,0.3311106815030926,0.355656981682797,0.02454630017970444
22,relative_velocity,trim_r1_to_r2,R1->R2,TSAL20250807_0830_staticAndStaticFree001,TSAL20250828_0830_interferenceAndInterferenceFree001,20250807,20250828,TSAL20250807_0830_staticAndStaticFree001,TSAL20250828_0830_interferenceAndInterferenceFree001,54,90,54,90,0.8688595485308579,0.2292151985642734,0.6399294172716885,-0.9987563333195636,0.3091186776035666,0.28733292166591,-0.02178575593765658
22,relative_velocity,trim_r1_to_r2,R2->R1,TSAL20250807_0830_staticAndStaticFree001,TSAL20250828_0830_interferenceAndInterferenceFree001,20250807,20250828,TSAL20250828_0830_interferenceAndInterferenceFree001,TSAL20250807_0830_staticAndStaticFree001,54,90,90,54,0.8688595485308579,0.2292151985642734,0.6399294172716885,-0.9987563333195636,0.3311106815030926,0.3517603474264095,0.020649665923316907
23,relative_velocity,trim_r2_to_r1,R1->R2,TSAL20250807_0830_staticAndStaticFree001,TSAL20250829_0830_interferenceAndInterferenceFree001,20250807,20250829,TSAL20250807_0830_staticAndStaticFree001,TSAL20250829_0830_interferenceAndInterferenceFree001,96,53,96,53,0.5640571957575141,0.127232447875474,0.6883203731448867,0.9766626317603548,0.2054072005103386,0.3122782858846197,0.10687108537428111
23,relative_velocity,trim_r2_to_r1,R2->R1,TSAL20250807_0830_staticAndStaticFree001,TSAL20250829_0830_interferenceAndInterferenceFree001,20250807,20250829,TSAL20250829_0830_interferenceAndInterferenceFree001,TSAL20250807_0830_staticAndStaticFree001,96,53,53,96,0.5640571957575141,0.127232447875474,0.6883203731448867,0.9766626317603548,0.4164263782934163,0.3089897152659933,-0.107436663027423
23,relative_velocity,trim_r1_to_r2,R1->R2,TSAL20250807_0830_staticAndStaticFree001,TSAL20250829_0830_interferenceAndInterferenceFree001,20250807,20250829,TSAL20250807_0830_staticAndStaticFree001,TSAL20250829_0830_interferenceAndInterferenceFree001,81,95,81,95,0.8623892010399029,0.2723742189970717,0.5917248831278312,-0.9937222359322544,0.2054072005103386,0.2488714952711434,0.04346429476080482
23,relative_velocity,trim_r1_to_r2,R2->R1,TSAL20250807_0830_staticAndStaticFree001,TSAL20250829_0830_interferenceAndInterferenceFree001,20250807,20250829,TSAL20250829_0830_interferenceAndInterferenceFree001,TSAL20250807_0830_staticAndStaticFree001,81,95,95,81,0.8623892010399029,0.2723742189970717,0.5917248831278312,-0.9937222359322544,0.4164263782934163,0.4229966142207914,0.006570235927375101
24,relative_velocity,trim_r2_to_r1,R1->R2,TSAL20250807_0830_staticAndStaticFree001,TSAL20250830_0830_interferenceAndInterferenceFree001,20250807,20250830,TSAL20250807_0830_staticAndStaticFree001,TSAL20250830_0830_interferenceAndInterferenceFree001,96,65,96,65,0.5640571957575141,0.127232447875474,0.6871077489055665,0.9671318535699748,0.2284458702956684,0.22425544603145528,-0.004190424264213122
24,relative_velocity,trim_r2_to_r1,R2->R1,TSAL20250807_0830_staticAndStaticFree001,TSAL20250830_0830_interferenceAndInterferenceFree001,20250807,20250830,TSAL20250830_0830_interferenceAndInterferenceFree001,TSAL20250807_0830_staticAndStaticFree001,96,65,65,96,0.5640571957575141,0.127232447875474,0.6871077489055665,0.9671318535699748,0.318776240454911,0.26334528697047566,-0.05543095348443533
24,relative_velocity,trim_r1_to_r2,R1->R2,TSAL20250807_0830_staticAndStaticFree001,TSAL20250830_0830_interferenceAndInterferenceFree001,20250807,20250830,TSAL20250807_0830_staticAndStaticFree001,TSAL20250830_0830_interferenceAndInterferenceFree001,94,79,94,79,0.7607158166146287,0.1928133633696211,0.5682312779002842,-0.9982945961341578,0.2284458702956684,0.24855462640094675,0.020108756105278347
24,relative_velocity,trim_r1_to_r2,R2->R1,TSAL20250807_0830_staticAndStaticFree001,TSAL20250830_0830_interferenceAndInterferenceFree001,20250807,20250830,TSAL20250830_0830_interferenceAndInterferenceFree001,TSAL20250807_0830_staticAndStaticFree001,94,79,79,94,0.7607158166146287,0.1928133633696211,0.5682312779002842,-0.9982945961341578,0.318776240454911,0.33582780362891285,0.01705156317400186
25,relative_velocity,trim_r2_to_r1,R1->R2,TSAL20250808_0830_staticAndStaticFree001,TSAL20250828_0830_interferenceAndInterferenceFree001,20250808,20250828,TSAL20250808_0830_staticAndStaticFree001,TSAL20250828_0830_interferenceAndInterferenceFree001,62,29,62,29,0.5034286108365894,0.1091998336662776,0.6084233235981641,0.961491508150515,0.2217452197168146,0.21780953702534075,-0.003935682691473846
25,relative_velocity,trim_r2_to_r1,R2->R1,TSAL20250808_0830_staticAndStaticFree001,TSAL20250828_0830_interferenceAndInterferenceFree001,20250808,20250828,TSAL20250828_0830_interferenceAndInterferenceFree001,TSAL20250808_0830_staticAndStaticFree001,62,29,29,62,0.5034286108365894,0.1091998336662776,0.6084233235981641,0.961491508150515,0.2963845289591725,0.40091704523923394,0.10453251628006144
25,relative_velocity,trim_r1_to_r2,R1->R2,TSAL20250808_0830_staticAndStaticFree001,TSAL20250828_0830_interferenceAndInterferenceFree001,20250808,20250828,TSAL20250808_0830_staticAndStaticFree001,TSAL20250828_0830_interferenceAndInterferenceFree001,12,90,12,90,0.8688595485308579,0.2292151985642734,0.639833812231954,-0.999173430616485,0.2217452197168146,0.21243931349370954,-0.009305906223105065
25,relative_velocity,trim_r1_to_r2,R2->R1,TSAL20250808_0830_staticAndStaticFree001,TSAL20250828_0830_interferenceAndInterferenceFree001,20250808,20250828,TSAL20250828_0830_interferenceAndInterferenceFree001,TSAL20250808_0830_staticAndStaticFree001,12,90,90,12,0.8688595485308579,0.2292151985642734,0.639833812231954,-0.999173430616485,0.2963845289591725,0.3363157318156953,0.039931202856522796
26,relative_velocity,trim_r2_to_r1,R1->R2,TSAL20250808_0830_staticAndStaticFree001,TSAL20250829_0830_interferenceAndInterferenceFree001,20250808,20250829,TSAL20250808_0830_staticAndStaticFree001,TSAL20250829_0830_interferenceAndInterferenceFree001,62,40,62,40,0.5034286108365894,0.1091998336662776,0.6122997163585372,0.9969896644226172,0.2467464565355191,0.3957673903522216,0.14902093381670248
26,relative_velocity,trim_r2_to_r1,R2->R1,TSAL20250808_0830_staticAndStaticFree001,TSAL20250829_0830_interferenceAndInterferenceFree001,20250808,20250829,TSAL20250829_0830_interferenceAndInterferenceFree001,TSAL20250808_0830_staticAndStaticFree001,62,40,40,62,0.5034286108365894,0.1091998336662776,0.6122997163585372,0.9969896644226172,0.3473862869049561,0.29962563012289734,-0.047760656782058764
26,relative_velocity,trim_r1_to_r2,R1->R2,TSAL20250808_0830_staticAndStaticFree001,TSAL20250829_0830_interferenceAndInterferenceFree001,20250808,20250829,TSAL20250808_0830_staticAndStaticFree001,TSAL20250829_0830_interferenceAndInterferenceFree001,24,95,24,95,0.8623892010399029,0.2723742189970717,0.5914845418863784,-0.9946046294360807,0.2467464565355191,0.33504614712624875,0.08829969059072965
26,relative_velocity,trim_r1_to_r2,R2->R1,TSAL20250808_0830_staticAndStaticFree001,TSAL20250829_0830_interferenceAndInterferenceFree001,20250808,20250829,TSAL20250829_0830_interferenceAndInterferenceFree001,TSAL20250808_0830_staticAndStaticFree001,24,95,95,24,0.8623892010399029,0.2723742189970717,0.5914845418863784,-0.9946046294360807,0.3473862869049561,0.3554623334705202,0.008076046565564099
27,relative_velocity,trim_r2_to_r1,R1->R2,TSAL20250808_0830_staticAndStaticFree001,TSAL20250830_0830_interferenceAndInterferenceFree001,20250808,20250830,TSAL20250808_0830_staticAndStaticFree001,TSAL20250830_0830_interferenceAndInterferenceFree001,62,46,62,46,0.5034286108365894,0.1091998336662776,0.6116165870957057,0.9907338924136668,0.1910895784208929,0.36771999340847317,0.17663041498758025
27,relative_velocity,trim_r2_to_r1,R2->R1,TSAL20250808_0830_staticAndStaticFree001,TSAL20250830_0830_interferenceAndInterferenceFree001,20250808,20250830,TSAL20250830_0830_interferenceAndInterferenceFree001,TSAL20250808_0830_staticAndStaticFree001,62,46,46,62,0.5034286108365894,0.1091998336662776,0.6116165870957057,0.9907338924136668,0.3413872034472198,0.3325999117720674,-0.008787291675152409
27,relative_velocity,trim_r1_to_r2,R1->R2,TSAL20250808_0830_staticAndStaticFree001,TSAL20250830_0830_interferenceAndInterferenceFree001,20250808,20250830,TSAL20250808_0830_staticAndStaticFree001,TSAL20250830_0830_interferenceAndInterferenceFree001,33,79,33,79,0.7607158166146287,0.1928133633696211,0.5685748590489724,-0.9965126597440456,0.1910895784208929,0.18781372591527074,-0.0032758525056221788
27,relative_velocity,trim_r1_to_r2,R2->R1,TSAL20250808_0830_staticAndStaticFree001,TSAL20250830_0830_interferenceAndInterferenceFree001,20250808,20250830,TSAL20250830_0830_interferenceAndInterferenceFree001,TSAL20250808_0830_staticAndStaticFree001,33,79,79,33,0.7607158166146287,0.1928133633696211,0.5685748590489724,-0.9965126597440456,0.3413872034472198,0.34515557892629106,0.003768375479071273
28,relative_velocity,trim_r2_to_r1,R1->R2,TSAL20250809_0830_staticAndStaticFree001,TSAL20250828_0830_interferenceAndInterferenceFree001,20250809,20250828,TSAL20250809_0830_staticAndStaticFree001,TSAL20250828_0830_interferenceAndInterferenceFree001,61,32,61,32,0.5157905404120591,0.1131347668511083,0.6275878563774792,0.9881782503918678,0.2248105870118275,0.23016104450610095,0.005350457494273458
28,relative_velocity,trim_r2_to_r1,R2->R1,TSAL20250809_0830_staticAndStaticFree001,TSAL20250828_0830_interferenceAndInterferenceFree001,20250809,20250828,TSAL20250828_0830_interferenceAndInterferenceFree001,TSAL20250809_0830_staticAndStaticFree001,61,32,32,61,0.5157905404120591,0.1131347668511083,0.6275878563774792,0.9881782503918678,0.356157817708354,0.26706772369517023,-0.08909009401318374
28,relative_velocity,trim_r1_to_r2,R1->R2,TSAL20250809_0830_staticAndStaticFree001,TSAL20250828_0830_interferenceAndInterferenceFree001,20250809,20250828,TSAL20250809_0830_staticAndStaticFree001,TSAL20250828_0830_interferenceAndInterferenceFree001,19,90,19,90,0.8688595485308579,0.2292151985642734,0.6415585360551013,-0.9916489565242332,0.2248105870118275,0.11920487138259658,-0.1056057156292309
28,relative_velocity,trim_r1_to_r2,R2->R1,TSAL20250809_0830_staticAndStaticFree001,TSAL20250828_0830_interferenceAndInterferenceFree001,20250809,20250828,TSAL20250828_0830_interferenceAndInterferenceFree001,TSAL20250809_0830_staticAndStaticFree001,19,90,90,19,0.8688595485308579,0.2292151985642734,0.6415585360551013,-0.9916489565242332,0.356157817708354,0.21582239312343846,-0.14033542458491552
29,relative_velocity,trim_r2_to_r1,R1->R2,TSAL20250809_0830_staticAndStaticFree001,TSAL20250829_0830_interferenceAndInterferenceFree001,20250809,20250829,TSAL20250809_0830_staticAndStaticFree001,TSAL20250829_0830_interferenceAndInterferenceFree001,61,43,61,43,0.5157905404120591,0.1131347668511083,0.6288024117800991,0.9989137248744232,0.322242444124877,0.2823809443906494,-0.03986149973422759
29,relative_velocity,trim_r2_to_r1,R2->R1,TSAL20250809_0830_staticAndStaticFree001,TSAL20250829_0830_interferenceAndInterferenceFree001,20250809,20250829,TSAL20250829_0830_interferenceAndInterferenceFree001,TSAL20250809_0830_staticAndStaticFree001,61,43,43,61,0.5157905404120591,0.1131347668511083,0.6288024117800991,0.9989137248744232,0.3461485653814364,0.2763999567187597,-0.06974860866267668
29,relative_velocity,trim_r1_to_r2,R1->R2,TSAL20250809_0830_staticAndStaticFree001,TSAL20250829_0830_interferenceAndInterferenceFree001,20250809,20250829,TSAL20250809_0830_staticAndStaticFree001,TSAL20250829_0830_interferenceAndInterferenceFree001,32,95,32,95,0.8623892010399029,0.2723742189970717,0.591150531936231,-0.9958309200570408,0.322242444124877,0.28495572543117303,-0.03728671869370398
29,relative_velocity,trim_r1_to_r2,R2->R1,TSAL20250809_0830_staticAndStaticFree001,TSAL20250829_0830_interferenceAndInterferenceFree001,20250809,20250829,TSAL20250829_0830_interferenceAndInterferenceFree001,TSAL20250809_0830_staticAndStaticFree001,32,95,95,32,0.8623892010399029,0.2723742189970717,0.591150531936231,-0.9958309200570408,0.3461485653814364,0.2395920325688435,-0.10655653281259289
30,relative_velocity,trim_r2_to_r1,R1->R2,TSAL20250809_0830_staticAndStaticFree001,TSAL20250830_0830_interferenceAndInterferenceFree001,20250809,20250830,TSAL20250809_0830_staticAndStaticFree001,TSAL20250830_0830_interferenceAndInterferenceFree001,61,52,61,52,0.5157905404120591,0.1131347668511083,0.6288401796291824,0.9992475554919644,0.1823794070774105,0.20801434078497932,0.025634933707568835
30,relative_velocity,trim_r2_to_r1,R2->R1,TSAL20250809_0830_staticAndStaticFree001,TSAL20250830_0830_interferenceAndInterferenceFree001,20250809,20250830,TSAL20250830_0830_interferenceAndInterferenceFree001,TSAL20250809_0830_staticAndStaticFree001,61,52,52,61,0.5157905404120591,0.1131347668511083,0.6288401796291824,0.9992475554919644,0.2422939911418924,0.2599988332155495,0.017704842073657107
30,relative_velocity,trim_r1_to_r2,R1->R2,TSAL20250809_0830_staticAndStaticFree001,TSAL20250830_0830_interferenceAndInterferenceFree001,20250809,20250830,TSAL20250809_0830_staticAndStaticFree001,TSAL20250830_0830_interferenceAndInterferenceFree001,39,79,39,79,0.7607158166146287,0.1928133633696211,0.5694844184097673,-0.9917953551708598,0.1823794070774105,0.26710692919327733,0.08472752211586684
30,relative_velocity,trim_r1_to_r2,R2->R1,TSAL20250809_0830_staticAndStaticFree001,TSAL20250830_0830_interferenceAndInterferenceFree001,20250809,20250830,TSAL20250830_0830_interferenceAndInterferenceFree001,TSAL20250809_0830_staticAndStaticFree001,39,79,79,39,0.7607158166146287,0.1928133633696211,0.5694844184097673,-0.9917953551708598,0.2422939911418924,0.22662684340599953,-0.015667147735892867
31,relative_velocity,trim_r2_to_r1,R1->R2,TSAL20250810_0830_staticAndStaticFree001,TSAL20250828_0830_interferenceAndInterferenceFree001,20250810,20250828,TSAL20250810_0830_staticAndStaticFree001,TSAL20250828_0830_interferenceAndInterferenceFree001,83,30,83,30,0.5115709960497056,0.1092449225177697,0.6149699570960323,0.9464875681476902,0.2978904833262064,0.28885790253937205,-0.009032580786834332
31,relative_velocity,trim_r2_to_r1,R2->R1,TSAL20250810_0830_staticAndStaticFree001,TSAL20250828_0830_interferenceAndInterferenceFree001,20250810,20250828,TSAL20250828_0830_interferenceAndInterferenceFree001,TSAL20250810_0830_staticAndStaticFree001,83,30,30,83,0.5115709960497056,0.1092449225177697,0.6149699570960323,0.9464875681476902,0.3888198912808828,0.3335806843706973,-0.05523920691018547
31,relative_velocity,trim_r1_to_r2,R1->R2,TSAL20250810_0830_staticAndStaticFree001,TSAL20250828_0830_interferenceAndInterferenceFree001,20250810,20250828,TSAL20250810_0830_staticAndStaticFree001,TSAL20250828_0830_interferenceAndInterferenceFree001,16,90,16,90,0.8688595485308579,0.2292151985642734,0.6422453752378389,-0.988652474672071,0.2978904833262064,0.12601654702881682,-0.17187393629738956
31,relative_velocity,trim_r1_to_r2,R2->R1,TSAL20250810_0830_staticAndStaticFree001,TSAL20250828_0830_interferenceAndInterferenceFree001,20250810,20250828,TSAL20250828_0830_interferenceAndInterferenceFree001,TSAL20250810_0830_staticAndStaticFree001,16,90,90,16,0.8688595485308579,0.2292151985642734,0.6422453752378389,-0.988652474672071,0.3888198912808828,0.22983556885716858,-0.1589843224237142
32,relative_velocity,trim_r2_to_r1,R1->R2,TSAL20250810_0830_staticAndStaticFree001,TSAL20250829_0830_interferenceAndInterferenceFree001,20250810,20250829,TSAL20250810_0830_staticAndStaticFree001,TSAL20250829_0830_interferenceAndInterferenceFree001,83,41,83,41,0.5115709960497056,0.1092449225177697,0.6171157354312674,0.9661294726479756,0.3026307764544704,0.30972225367745093,0.007091477222980536
32,relative_velocity,trim_r2_to_r1,R2->R1,TSAL20250810_0830_staticAndStaticFree001,TSAL20250829_0830_interferenceAndInterferenceFree001,20250810,20250829,TSAL20250829_0830_interferenceAndInterferenceFree001,TSAL20250810_0830_staticAndStaticFree001,83,41,41,83,0.5115709960497056,0.1092449225177697,0.6171157354312674,0.9661294726479756,0.3219149903904534,0.13330657055893033,-0.18860841983152307
32,relative_velocity,trim_r1_to_r2,R1->R2,TSAL20250810_0830_staticAndStaticFree001,TSAL20250829_0830_interferenceAndInterferenceFree001,20250810,20250829,TSAL20250810_0830_staticAndStaticFree001,TSAL20250829_0830_interferenceAndInterferenceFree001,37,95,37,95,0.8623892010399029,0.2723742189970717,0.5913368809854086,-0.9951467545370304,0.3026307764544704,0.24740598365271596,-0.055224792801754435
32,relative_velocity,trim_r1_to_r2,R2->R1,TSAL20250810_0830_staticAndStaticFree001,TSAL20250829_0830_interferenceAndInterferenceFree001,20250810,20250829,TSAL20250829_0830_interferenceAndInterferenceFree001,TSAL20250810_0830_staticAndStaticFree001,37,95,95,37,0.8623892010399029,0.2723742189970717,0.5913368809854086,-0.9951467545370304,0.3219149903904534,0.0009358350136070936,-0.3209791553768463
33,relative_velocity,trim_r2_to_r1,R1->R2,TSAL20250810_0830_staticAndStaticFree001,TSAL20250830_0830_interferenceAndInterferenceFree001,20250810,20250830,TSAL20250810_0830_staticAndStaticFree001,TSAL20250830_0830_interferenceAndInterferenceFree001,83,49,83,49,0.5115709960497056,0.1092449225177697,0.6196659791560883,0.98947374958136,0.2185930441879265,0.3166160865909063,0.0980230424029798
33,relative_velocity,trim_r2_to_r1,R2->R1,TSAL20250810_0830_staticAndStaticFree001,TSAL20250830_0830_interferenceAndInterferenceFree001,20250810,20250830,TSAL20250830_0830_interferenceAndInterferenceFree001,TSAL20250810_0830_staticAndStaticFree001,83,49,49,83,0.5115709960497056,0.1092449225177697,0.6196659791560883,0.98947374958136,0.2883432881304568,0.27991198206775214,-0.008431306062704647
33,relative_velocity,trim_r1_to_r2,R1->R2,TSAL20250810_0830_staticAndStaticFree001,TSAL20250830_0830_interferenceAndInterferenceFree001,20250810,20250830,TSAL20250810_0830_staticAndStaticFree001,TSAL20250830_0830_interferenceAndInterferenceFree001,50,79,50,79,0.7607158166146287,0.1928133633696211,0.5691005707983849,-0.9937861280336644,0.2185930441879265,0.17282986604366693,-0.045763178144259564
33,relative_velocity,trim_r1_to_r2,R2->R1,TSAL20250810_0830_staticAndStaticFree001,TSAL20250830_0830_interferenceAndInterferenceFree001,20250810,20250830,TSAL20250830_0830_interferenceAndInterferenceFree001,TSAL20250810_0830_staticAndStaticFree001,50,79,79,50,0.7607158166146287,0.1928133633696211,0.5691005707983849,-0.9937861280336644,0.2883432881304568,0.2634665462574607,-0.0248767418729961
34,relative_velocity,trim_r2_to_r1,R1->R2,TSAL20250811_0830_staticAndStaticFree001,TSAL20250828_0830_interferenceAndInterferenceFree001,20250811,20250828,TSAL20250811_0830_staticAndStaticFree001,TSAL20250828_0830_interferenceAndInterferenceFree001,86,33,86,33,0.514410950145457,0.1208067819369662,0.6334852323895251,0.98565892025994,0.3098787692804841,0.25734951378172605,-0.05252925549875803
34,relative_velocity,trim_r2_to_r1,R2->R1,TSAL20250811_0830_staticAndStaticFree001,TSAL20250828_0830_interferenceAndInterferenceFree001,20250811,20250828,TSAL20250828_0830_interferenceAndInterferenceFree001,TSAL20250811_0830_staticAndStaticFree001,86,33,33,86,0.514410950145457,0.1208067819369662,0.6334852323895251,0.98565892025994,0.3365360228934944,0.3308357757985493,-0.005700247094945099
34,relative_velocity,trim_r1_to_r2,R1->R2,TSAL20250811_0830_staticAndStaticFree001,TSAL20250828_0830_interferenceAndInterferenceFree001,20250811,20250828,TSAL20250811_0830_staticAndStaticFree001,TSAL20250828_0830_interferenceAndInterferenceFree001,27,90,27,90,0.8688595485308579,0.2292151985642734,0.6416760998424346,-0.9911360595258244,0.3098787692804841,0.12671175324981646,-0.18316701603066762
34,relative_velocity,trim_r1_to_r2,R2->R1,TSAL20250811_0830_staticAndStaticFree001,TSAL20250828_0830_interferenceAndInterferenceFree001,20250811,20250828,TSAL20250828_0830_interferenceAndInterferenceFree001,TSAL20250811_0830_staticAndStaticFree001,27,90,90,27,0.8688595485308579,0.2292151985642734,0.6416760998424346,-0.9911360595258244,0.3365360228934944,0.3482577156048419,0.011721692711347542
35,relative_velocity,trim_r2_to_r1,R1->R2,TSAL20250811_0830_staticAndStaticFree001,TSAL20250829_0830_interferenceAndInterferenceFree001,20250811,20250829,TSAL20250811_0830_staticAndStaticFree001,TSAL20250829_0830_interferenceAndInterferenceFree001,86,43,86,43,0.514410950145457,0.1208067819369662,0.6288024117800991,0.946896025210973,0.3585937512105721,0.29787961147467035,-0.06071413973590173
35,relative_velocity,trim_r2_to_r1,R2->R1,TSAL20250811_0830_staticAndStaticFree001,TSAL20250829_0830_interferenceAndInterferenceFree001,20250811,20250829,TSAL20250829_0830_interferenceAndInterferenceFree001,TSAL20250811_0830_staticAndStaticFree001,86,43,43,86,0.514410950145457,0.1208067819369662,0.6288024117800991,0.946896025210973,0.310758484355529,0.2422805398899238,-0.0684779444656052
35,relative_velocity,trim_r1_to_r2,R1->R2,TSAL20250811_0830_staticAndStaticFree001,TSAL20250829_0830_interferenceAndInterferenceFree001,20250811,20250829,TSAL20250811_0830_staticAndStaticFree001,TSAL20250829_0830_interferenceAndInterferenceFree001,47,95,47,95,0.8623892010399029,0.2723742189970717,0.5910799352729017,-0.9960901100185184,0.3585937512105721,0.33292885494721763,-0.025664896263354442
35,relative_velocity,trim_r1_to_r2,R2->R1,TSAL20250811_0830_staticAndStaticFree001,TSAL20250829_0830_interferenceAndInterferenceFree001,20250811,20250829,TSAL20250829_0830_interferenceAndInterferenceFree001,TSAL20250811_0830_staticAndStaticFree001,47,95,95,47,0.8623892010399029,0.2723742189970717,0.5910799352729017,-0.9960901100185184,0.310758484355529,0.3717118453911732,0.060953361035644193
36,relative_velocity,trim_r2_to_r1,R1->R2,TSAL20250811_0830_staticAndStaticFree001,TSAL20250830_0830_interferenceAndInterferenceFree001,20250811,20250830,TSAL20250811_0830_staticAndStaticFree001,TSAL20250830_0830_interferenceAndInterferenceFree001,86,53,86,53,0.514410950145457,0.1208067819369662,0.632551646022283,0.9779309901530914,0.3544830762172047,0.3481996608425161,-0.006283415374688628
36,relative_velocity,trim_r2_to_r1,R2->R1,TSAL20250811_0830_staticAndStaticFree001,TSAL20250830_0830_interferenceAndInterferenceFree001,20250811,20250830,TSAL20250830_0830_interferenceAndInterferenceFree001,TSAL20250811_0830_staticAndStaticFree001,86,53,53,86,0.514410950145457,0.1208067819369662,0.632551646022283,0.9779309901530914,0.321776583852888,0.2974235648804991,-0.024353018972388896
36,relative_velocity,trim_r1_to_r2,R1->R2,TSAL20250811_0830_staticAndStaticFree001,TSAL20250830_0830_interferenceAndInterferenceFree001,20250811,20250830,TSAL20250811_0830_staticAndStaticFree001,TSAL20250830_0830_interferenceAndInterferenceFree001,57,79,57,79,0.7607158166146287,0.1928133633696211,0.5698973186334686,-0.9896539049285868,0.3544830762172047,0.35735605415135074,0.002872977934146037
36,relative_velocity,trim_r1_to_r2,R2->R1,TSAL20250811_0830_staticAndStaticFree001,TSAL20250830_0830_interferenceAndInterferenceFree001,20250811,20250830,TSAL20250830_0830_interferenceAndInterferenceFree001,TSAL20250811_0830_staticAndStaticFree001,57,79,79,57,0.7607158166146287,0.1928133633696211,0.5698973186334686,-0.9896539049285868,0.321776583852888,0.3931114219842147,0.07133483813132674
37,relative_velocity,trim_r2_to_r1,R1->R2,TSAL20250812_0830_staticAndStaticFree001,TSAL20250828_0830_interferenceAndInterferenceFree001,20250812,20250828,TSAL20250812_0830_staticAndStaticFree001,TSAL20250828_0830_interferenceAndInterferenceFree001,76,29,76,29,0.4996233072815026,0.1118960823859024,0.6084233235981641,0.9723308805525168,0.2179273343624996,0.2757432040007253,0.057815869638225686
37,relative_velocity,trim_r2_to_r1,R2->R1,TSAL20250812_0830_staticAndStaticFree001,TSAL20250828_0830_interferenceAndInterferenceFree001,20250812,20250828,TSAL20250828_0830_interferenceAndInterferenceFree001,TSAL20250812_0830_staticAndStaticFree001,76,29,29,76,0.4996233072815026,0.1118960823859024,0.6084233235981641,0.9723308805525168,0.2874494679286168,0.30046448280248994,0.013015014873873132
37,relative_velocity,trim_r1_to_r2,R1->R2,TSAL20250812_0830_staticAndStaticFree001,TSAL20250828_0830_interferenceAndInterferenceFree001,20250812,20250828,TSAL20250812_0830_staticAndStaticFree001,TSAL20250828_0830_interferenceAndInterferenceFree001,20,90,20,90,0.8688595485308579,0.2292151985642734,0.6397948562982136,-0.9993433841535296,0.2179273343624996,0.23258805464430246,0.014660720281802875
37,relative_velocity,trim_r1_to_r2,R2->R1,TSAL20250812_0830_staticAndStaticFree001,TSAL20250828_0830_interferenceAndInterferenceFree001,20250812,20250828,TSAL20250828_0830_interferenceAndInterferenceFree001,TSAL20250812_0830_staticAndStaticFree001,20,90,90,20,0.8688595485308579,0.2292151985642734,0.6397948562982136,-0.9993433841535296,0.2874494679286168,0.15774640761109618,-0.12970306031752063
38,relative_velocity,trim_r2_to_r1,R1->R2,TSAL20250812_0830_staticAndStaticFree001,TSAL20250829_0830_interferenceAndInterferenceFree001,20250812,20250829,TSAL20250812_0830_staticAndStaticFree001,TSAL20250829_0830_interferenceAndInterferenceFree001,76,39,76,39,0.4996233072815026,0.1118960823859024,0.6076213404306993,0.965163666559278,0.3081182917069367,0.2709626537342499,-0.03715563797268684
38,relative_velocity,trim_r2_to_r1,R2->R1,TSAL20250812_0830_staticAndStaticFree001,TSAL20250829_0830_interferenceAndInterferenceFree001,20250812,20250829,TSAL20250829_0830_interferenceAndInterferenceFree001,TSAL20250812_0830_staticAndStaticFree001,76,39,39,76,0.4996233072815026,0.1118960823859024,0.6076213404306993,0.965163666559278,0.3552026026453571,0.11209831892041884,-0.24310428372493825
38,relative_velocity,trim_r1_to_r2,R1->R2,TSAL20250812_0830_staticAndStaticFree001,TSAL20250829_0830_interferenceAndInterferenceFree001,20250812,20250829,TSAL20250812_0830_staticAndStaticFree001,TSAL20250829_0830_interferenceAndInterferenceFree001,32,95,32,95,0.8623892010399029,0.2723742189970717,0.5912815097114409,-0.9953500457081684,0.3081182917069367,0.31507467618998897,0.006956384483052247
38,relative_velocity,trim_r1_to_r2,R2->R1,TSAL20250812_0830_staticAndStaticFree001,TSAL20250829_0830_interferenceAndInterferenceFree001,20250812,20250829,TSAL20250829_0830_interferenceAndInterferenceFree001,TSAL20250812_0830_staticAndStaticFree001,32,95,95,32,0.8623892010399029,0.2723742189970717,0.5912815097114409,-0.9953500457081684,0.3552026026453571,0.32413759486871074,-0.031065007776646336
39,relative_velocity,trim_r2_to_r1,R1->R2,TSAL20250812_0830_staticAndStaticFree001,TSAL20250830_0830_interferenceAndInterferenceFree001,20250812,20250830,TSAL20250812_0830_staticAndStaticFree001,TSAL20250830_0830_interferenceAndInterferenceFree001,76,45,76,45,0.4996233072815026,0.1118960823859024,0.6086380151294983,0.9742495494348984,0.1404306312788073,0.23282362222826228,0.09239299094945497
39,relative_velocity,trim_r2_to_r1,R2->R1,TSAL20250812_0830_staticAndStaticFree001,TSAL20250830_0830_interferenceAndInterferenceFree001,20250812,20250830,TSAL20250830_0830_interferenceAndInterferenceFree001,TSAL20250812_0830_staticAndStaticFree001,76,45,45,76,0.4996233072815026,0.1118960823859024,0.6086380151294983,0.9742495494348984,0.2838244470333048,0.28329742768712035,-0.0005270193461844319
39,relative_velocity,trim_r1_to_r2,R1->R2,TSAL20250812_0830_staticAndStaticFree001,TSAL20250830_0830_interferenceAndInterferenceFree001,20250812,20250830,TSAL20250812_0830_staticAndStaticFree001,TSAL20250830_0830_interferenceAndInterferenceFree001,41,79,41,79,0.7607158166146287,0.1928133633696211,0.5680758199285388,-0.9991008575313376,0.1404306312788073,0.18203164958100138,0.041601018302194065
39,relative_velocity,trim_r1_to_r2,R2->R1,TSAL20250812_0830_staticAndStaticFree001,TSAL20250830_0830_interferenceAndInterferenceFree001,20250812,20250830,TSAL20250830_0830_interferenceAndInterferenceFree001,TSAL20250812_0830_staticAndStaticFree001,41,79,79,41,0.7607158166146287,0.1928133633696211,0.5680758199285388,-0.9991008575313376,0.2838244470333048,0.2923937922720723,0.008569345238767512
40,relative_velocity,trim_r2_to_r1,R1->R2,TSAL20250813_0830_staticAndStaticFree001,TSAL20250828_0830_interferenceAndInterferenceFree001,20250813,20250828,TSAL20250813_0830_staticAndStaticFree001,TSAL20250828_0830_interferenceAndInterferenceFree001,58,80,58,80,0.6651459824564661,0.1668959049651421,0.8313714197212871,0.9959827192856462,0.2739216762279663,0.22001776438290613,-0.05390391184506019
40,relative_velocity,trim_r2_to_r1,R2->R1,TSAL20250813_0830_staticAndStaticFree001,TSAL20250828_0830_interferenceAndInterferenceFree001,20250813,20250828,TSAL20250828_0830_interferenceAndInterferenceFree001,TSAL20250813_0830_staticAndStaticFree001,58,80,80,58,0.6651459824564661,0.1668959049651421,0.8313714197212871,0.9959827192856462,0.3128379338283006,0.3293840635376966,0.016546129709396007
40,relative_velocity,trim_r1_to_r2,R1->R2,TSAL20250813_0830_staticAndStaticFree001,TSAL20250828_0830_interferenceAndInterferenceFree001,20250813,20250828,TSAL20250813_0830_staticAndStaticFree001,TSAL20250828_0830_interferenceAndInterferenceFree001,58,90,58,90,0.8688595485308579,0.2292151985642734,0.6651459824564661,-0.8887437104973178,0.2739216762279663,0.27392167622796637,5.551115123125783e-17
40,relative_velocity,trim_r1_to_r2,R2->R1,TSAL20250813_0830_staticAndStaticFree001,TSAL20250828_0830_interferenceAndInterferenceFree001,20250813,20250828,TSAL20250828_0830_interferenceAndInterferenceFree001,TSAL20250813_0830_staticAndStaticFree001,58,90,90,58,0.8688595485308579,0.2292151985642734,0.6651459824564661,-0.8887437104973178,0.3128379338283006,0.31283793382830066,5.551115123125783e-17
41,relative_velocity,trim_r2_to_r1,R1->R2,TSAL20250813_0830_staticAndStaticFree001,TSAL20250829_0830_interferenceAndInterferenceFree001,20250813,20250829,TSAL20250813_0830_staticAndStaticFree001,TSAL20250829_0830_interferenceAndInterferenceFree001,58,92,58,92,0.6651459824564661,0.1668959049651421,0.8274853947329665,0.972698595033872,0.1551764525263693,0.07033141118368466,-0.08484504134268464
41,relative_velocity,trim_r2_to_r1,R2->R1,TSAL20250813_0830_staticAndStaticFree001,TSAL20250829_0830_interferenceAndInterferenceFree001,20250813,20250829,TSAL20250829_0830_interferenceAndInterferenceFree001,TSAL20250813_0830_staticAndStaticFree001,58,92,92,58,0.6651459824564661,0.1668959049651421,0.8274853947329665,0.972698595033872,0.2563983198186709,0.23527749033467382,-0.021120829483997072
41,relative_velocity,trim_r1_to_r2,R1->R2,TSAL20250813_0830_staticAndStaticFree001,TSAL20250829_0830_interferenceAndInterferenceFree001,20250813,20250829,TSAL20250813_0830_staticAndStaticFree001,TSAL20250829_0830_interferenceAndInterferenceFree001,58,95,58,95,0.8623892010399029,0.2723742189970717,0.6651459824564661,-0.7241625852465772,0.1551764525263693,0.15517645252636933,2.7755575615628914e-17
41,relative_velocity,trim_r1_to_r2,R2->R1,TSAL20250813_0830_staticAndStaticFree001,TSAL20250829_0830_interferenceAndInterferenceFree001,20250813,20250829,TSAL20250829_0830_interferenceAndInterferenceFree001,TSAL20250813_0830_staticAndStaticFree001,58,95,95,58,0.8623892010399029,0.2723742189970717,0.6651459824564661,-0.7241625852465772,0.2563983198186709,0.2563983198186709,0.0
42,relative_velocity,trim_r2_to_r1,R1->R2,TSAL20250813_0830_staticAndStaticFree001,TSAL20250830_0830_interferenceAndInterferenceFree001,20250813,20250830,TSAL20250813_0830_staticAndStaticFree001,TSAL20250830_0830_interferenceAndInterferenceFree001,58,79,58,79,0.6651459824564661,0.1668959049651421,0.7607158166146287,0.572631390675064,0.2175855100467012,0.21758551004670124,2.7755575615628914e-17
42,relative_velocity,trim_r2_to_r1,R2->R1,TSAL20250813_0830_staticAndStaticFree001,TSAL20250830_0830_interferenceAndInterferenceFree001,20250813,20250830,TSAL20250830_0830_interferenceAndInterferenceFree001,TSAL20250813_0830_staticAndStaticFree001,58,79,79,58,0.6651459824564661,0.1668959049651421,0.7607158166146287,0.572631390675064,0.1943111608772411,0.19431116087724112,2.7755575615628914e-17
42,relative_velocity,trim_r1_to_r2,R1->R2,TSAL20250813_0830_staticAndStaticFree001,TSAL20250830_0830_interferenceAndInterferenceFree001,20250813,20250830,TSAL20250813_0830_staticAndStaticFree001,TSAL20250830_0830_interferenceAndInterferenceFree001,58,79,58,79,0.7607158166146287,0.1928133633696211,0.6651459824564661,-0.4956598053577662,0.2175855100467012,0.21758551004670124,2.7755575615628914e-17
42,relative_velocity,trim_r1_to_r2,R2->R1,TSAL20250813_0830_staticAndStaticFree001,TSAL20250830_0830_interferenceAndInterferenceFree001,20250813,20250830,TSAL20250830_0830_interferenceAndInterferenceFree001,TSAL20250813_0830_staticAndStaticFree001,58,79,79,58,0.7607158166146287,0.1928133633696211,0.6651459824564661,-0.4956598053577662,0.1943111608772411,0.19431116087724112,2.7755575615628914e-17
